#	Behavior	Trigger	In/Out	Plan line	Spec action/invariant	Verdict	Classification	Disposition gap ID	Review basis
1	lexical hit not semantically classified: deadline = time.time() + 10	examples/distributed_history/ecommerce_backend/service.py:58	out-of-scope	ticket_plan.yaml:648-658	none mapped	unrepresented	out_of_scope_lexical_inventory		INFERRED exact-path scope; source not read
2	lexical hit not semantically classified: with urllib.request.urlopen(request, timeout=5) as response:	examples/distributed_history/ecommerce_backend/service.py:61	out-of-scope	ticket_plan.yaml:648-658	none mapped	unrepresented	out_of_scope_lexical_inventory		INFERRED exact-path scope; source not read
3	lexical hit not semantically classified: except (OSError, TimeoutError, urllib.error.URLError):	examples/distributed_history/ecommerce_backend/service.py:65	out-of-scope	ticket_plan.yaml:648-658	none mapped	unrepresented	out_of_scope_lexical_inventory		INFERRED exact-path scope; source not read
4	lexical hit not semantically classified: if time.time() >= deadline:	examples/distributed_history/ecommerce_backend/service.py:66	out-of-scope	ticket_plan.yaml:648-658	none mapped	unrepresented	out_of_scope_lexical_inventory		INFERRED exact-path scope; source not read
5	"lexical hit not semantically classified: kubectl -n ecommerce-history rollout status ""deployment/$deployment"" --timeout=90s"	examples/distributed_history/scripts/k8s-deploy.sh:32	out-of-scope	ticket_plan.yaml:648-658	none mapped	unrepresented	out_of_scope_lexical_inventory		INFERRED exact-path scope; source not read
6	lexical hit not semantically classified: deadline = time.time() + 20	examples/distributed_history/specs/program_model/adapters.py:95	out-of-scope	ticket_plan.yaml:648-658	none mapped	unrepresented	out_of_scope_lexical_inventory		INFERRED exact-path scope; source not read
7	lexical hit not semantically classified: while time.time() < deadline:	examples/distributed_history/specs/program_model/adapters.py:97	out-of-scope	ticket_plan.yaml:648-658	none mapped	unrepresented	out_of_scope_lexical_inventory		INFERRED exact-path scope; source not read
8	lexical hit not semantically classified: with urllib.request.urlopen(base_url + path, timeout=5) as response:	examples/distributed_history/specs/program_model/adapters.py:107	out-of-scope	ticket_plan.yaml:648-658	none mapped	unrepresented	out_of_scope_lexical_inventory		INFERRED exact-path scope; source not read
9	lexical hit not semantically classified: with urllib.request.urlopen(request, timeout=5) as response:	examples/distributed_history/specs/program_model/adapters.py:119	out-of-scope	ticket_plan.yaml:648-658	none mapped	unrepresented	out_of_scope_lexical_inventory		INFERRED exact-path scope; source not read
10	"lexical hit not semantically classified: with urllib.request.urlopen(base_url.rstrip(""/"") + ""/debug/state"", timeout=5) as response:"	examples/distributed_history/specs/program_model/adapters.py:159	out-of-scope	ticket_plan.yaml:648-658	none mapped	unrepresented	out_of_scope_lexical_inventory		INFERRED exact-path scope; source not read
11	lexical hit not semantically classified: process.wait(timeout=10)	examples/distributed_history/specs/program_model/tests/test_ecommerce_adapters.py:68	out-of-scope	ticket_plan.yaml:648-658	none mapped	unrepresented	out_of_scope_lexical_inventory		INFERRED exact-path scope; source not read
12	lexical hit not semantically classified: deadline = time.time() + 10	examples/distributed_history/specs/program_model/tests/test_ecommerce_adapters.py:87	out-of-scope	ticket_plan.yaml:648-658	none mapped	unrepresented	out_of_scope_lexical_inventory		INFERRED exact-path scope; source not read
13	lexical hit not semantically classified: while time.time() < deadline:	examples/distributed_history/specs/program_model/tests/test_ecommerce_adapters.py:88	out-of-scope	ticket_plan.yaml:648-658	none mapped	unrepresented	out_of_scope_lexical_inventory		INFERRED exact-path scope; source not read
14	"lexical hit not semantically classified: with urlopen(base_url + ""/health"", timeout=1) as response:"	examples/distributed_history/specs/program_model/tests/test_ecommerce_adapters.py:90	out-of-scope	ticket_plan.yaml:648-658	none mapped	unrepresented	out_of_scope_lexical_inventory		INFERRED exact-path scope; source not read
15	lexical hit not semantically classified: *     dependsOn/tags/timeout/etc on top of what the script self-declared).	examples/distributed_history/test_graph/build-logic/src/main/kotlin/com/hayden/testgraphsdk/GraphAssembler.kt:9	out-of-scope	ticket_plan.yaml:648-658	none mapped	unrepresented	out_of_scope_lexical_inventory		INFERRED exact-path scope; source not read
16	"lexical hit not semantically classified: timeout = MiniJson.str(root[""timeout""]) ?: ""60s"","	examples/distributed_history/test_graph/build-logic/src/main/kotlin/com/hayden/testgraphsdk/NodeDescribeLoader.kt:87	out-of-scope	ticket_plan.yaml:648-658	none mapped	unrepresented	out_of_scope_lexical_inventory		INFERRED exact-path scope; source not read
17	lexical hit not semantically classified: *   - Scalars (timeout, cacheable) — OVERRIDE if set here; otherwise keep script's.	examples/distributed_history/test_graph/build-logic/src/main/kotlin/com/hayden/testgraphsdk/TestGraphSpec.kt:13	out-of-scope	ticket_plan.yaml:648-658	none mapped	unrepresented	out_of_scope_lexical_inventory		INFERRED exact-path scope; source not read
18	lexical hit not semantically classified: fun timeout(v: String): NodeOverlay { timeoutOverride = v; return this }	examples/distributed_history/test_graph/build-logic/src/main/kotlin/com/hayden/testgraphsdk/TestGraphSpec.kt:30	out-of-scope	ticket_plan.yaml:648-658	none mapped	unrepresented	out_of_scope_lexical_inventory		INFERRED exact-path scope; source not read
19	lexical hit not semantically classified: timeout = timeoutOverride ?: spec.timeout,	examples/distributed_history/test_graph/build-logic/src/main/kotlin/com/hayden/testgraphsdk/TestGraphSpec.kt:39	out-of-scope	ticket_plan.yaml:648-658	none mapped	unrepresented	out_of_scope_lexical_inventory		INFERRED exact-path scope; source not read
20	lexical hit not semantically classified: *    deps/tags/timeout on top of what the script self-declares)	examples/distributed_history/test_graph/build-logic/src/main/kotlin/com/hayden/testgraphsdk/TestGraphSpec.kt:51	out-of-scope	ticket_plan.yaml:648-658	none mapped	unrepresented	out_of_scope_lexical_inventory		INFERRED exact-path scope; source not read
21	lexical hit not semantically classified: * `.dependsOn(...)`, `.tags(...)`, `.timeout(...)`, etc. on.	examples/distributed_history/test_graph/build-logic/src/main/kotlin/com/hayden/testgraphsdk/TestGraphSpec.kt:65	out-of-scope	ticket_plan.yaml:648-658	none mapped	unrepresented	out_of_scope_lexical_inventory		INFERRED exact-path scope; source not read
22	"lexical hit not semantically classified: val timeout: String = ""60s"","	examples/distributed_history/test_graph/build-logic/src/main/kotlin/com/hayden/testgraphsdk/ValidationNodeSpec.kt:16	out-of-scope	ticket_plan.yaml:648-658	none mapped	unrepresented	out_of_scope_lexical_inventory		INFERRED exact-path scope; source not read
23	"lexical hit not semantically classified: * exceeds its [timeout]. Default 0 means ""fail fast on first timeout""."	examples/distributed_history/test_graph/build-logic/src/main/kotlin/com/hayden/testgraphsdk/ValidationNodeSpec.kt:19	out-of-scope	ticket_plan.yaml:648-658	none mapped	unrepresented	out_of_scope_lexical_inventory		INFERRED exact-path scope; source not read
24	lexical hit not semantically classified: * Retries trigger ONLY on a timeout outcome — a body-returned	examples/distributed_history/test_graph/build-logic/src/main/kotlin/com/hayden/testgraphsdk/ValidationNodeSpec.kt:20	out-of-scope	ticket_plan.yaml:648-658	none mapped	unrepresented	out_of_scope_lexical_inventory		INFERRED exact-path scope; source not read
25	lexical hit not semantically classified: * timeout [retries], which are automatic executor attempts.	examples/distributed_history/test_graph/build-logic/src/main/kotlin/com/hayden/testgraphsdk/ValidationNodeSpec.kt:29	out-of-scope	ticket_plan.yaml:648-658	none mapped	unrepresented	out_of_scope_lexical_inventory		INFERRED exact-path scope; source not read
26	lexical hit not semantically classified: * [ValidationNodeSpec.timeout] by `PlanExecutor`. Executors enforce	examples/distributed_history/test_graph/build-logic/src/main/kotlin/com/hayden/testgraphsdk/exec/Executors.kt:41	out-of-scope	ticket_plan.yaml:648-658	none mapped	unrepresented	out_of_scope_lexical_inventory		INFERRED exact-path scope; source not read
27	lexical hit not semantically classified: * timeout is.	examples/distributed_history/test_graph/build-logic/src/main/kotlin/com/hayden/testgraphsdk/exec/Executors.kt:54	out-of-scope	ticket_plan.yaml:648-658	none mapped	unrepresented	out_of_scope_lexical_inventory		INFERRED exact-path scope; source not read
28	lexical hit not semantically classified: * by every concrete [ValidationExecutor] so the timeout-enforcement	examples/distributed_history/test_graph/build-logic/src/main/kotlin/com/hayden/testgraphsdk/exec/Executors.kt:91	out-of-scope	ticket_plan.yaml:648-658	none mapped	unrepresented	out_of_scope_lexical_inventory		INFERRED exact-path scope; source not read
29	lexical hit not semantically classified: val timeoutMillis = TimeoutParser.parseMillis(spec.timeout)	examples/distributed_history/test_graph/build-logic/src/main/kotlin/com/hayden/testgraphsdk/exec/PlanExecutor.kt:134	out-of-scope	ticket_plan.yaml:648-658	none mapped	unrepresented	out_of_scope_lexical_inventory		INFERRED exact-path scope; source not read
30	"lexical hit not semantically classified: ""    retry ${attempt - 1}/${spec.retries} after timeout — "" +"	examples/distributed_history/test_graph/build-logic/src/main/kotlin/com/hayden/testgraphsdk/exec/PlanExecutor.kt:143	out-of-scope	ticket_plan.yaml:648-658	none mapped	unrepresented	out_of_scope_lexical_inventory		INFERRED exact-path scope; source not read
31	"lexical hit not semantically classified: ""previous attempt exceeded ${spec.timeout}"""	examples/distributed_history/test_graph/build-logic/src/main/kotlin/com/hayden/testgraphsdk/exec/PlanExecutor.kt:144	out-of-scope	ticket_plan.yaml:648-658	none mapped	unrepresented	out_of_scope_lexical_inventory		INFERRED exact-path scope; source not read
32	"lexical hit not semantically classified: *   0. executor reported a timeout → synthesize an ""errored"""	examples/distributed_history/test_graph/build-logic/src/main/kotlin/com/hayden/testgraphsdk/exec/PlanExecutor.kt:308	out-of-scope	ticket_plan.yaml:648-658	none mapped	unrepresented	out_of_scope_lexical_inventory		INFERRED exact-path scope; source not read
33	"lexical hit not semantically classified: ""node timed out after ${spec.timeout}$attemptsClause; "" +"	examples/distributed_history/test_graph/build-logic/src/main/kotlin/com/hayden/testgraphsdk/exec/PlanExecutor.kt:341	out-of-scope	ticket_plan.yaml:648-658	none mapped	unrepresented	out_of_scope_lexical_inventory		INFERRED exact-path scope; source not read
34	lexical hit not semantically classified: * Parses the `NodeSpec.timeout(...)` string into milliseconds.	examples/distributed_history/test_graph/build-logic/src/main/kotlin/com/hayden/testgraphsdk/exec/TimeoutParser.kt:4	out-of-scope	ticket_plan.yaml:648-658	none mapped	unrepresented	out_of_scope_lexical_inventory		INFERRED exact-path scope; source not read
35	"lexical hit not semantically classified: private String timeout = ""60s"";"	examples/distributed_history/test_graph/sdk/java/src/main/java/com/hayden/testgraphsdk/sdk/NodeSpec.java:30	out-of-scope	ticket_plan.yaml:648-658	none mapped	unrepresented	out_of_scope_lexical_inventory		INFERRED exact-path scope; source not read
36	lexical hit not semantically classified: public NodeSpec timeout(String v)                { this.timeout = v; return this; }	examples/distributed_history/test_graph/sdk/java/src/main/java/com/hayden/testgraphsdk/sdk/NodeSpec.java:48	out-of-scope	ticket_plan.yaml:648-658	none mapped	unrepresented	out_of_scope_lexical_inventory		INFERRED exact-path scope; source not read
37	lexical hit not semantically classified: * spawned node-process exceeds {@link #timeout(String)}. Default 0 —	examples/distributed_history/test_graph/sdk/java/src/main/java/com/hayden/testgraphsdk/sdk/NodeSpec.java:51	out-of-scope	ticket_plan.yaml:648-658	none mapped	unrepresented	out_of_scope_lexical_inventory		INFERRED exact-path scope; source not read
38	lexical hit not semantically classified: * fail fast on the first timeout. Anything {@code > 0} only kicks in	examples/distributed_history/test_graph/sdk/java/src/main/java/com/hayden/testgraphsdk/sdk/NodeSpec.java:52	out-of-scope	ticket_plan.yaml:648-658	none mapped	unrepresented	out_of_scope_lexical_inventory		INFERRED exact-path scope; source not read
39	lexical hit not semantically classified: * <p>Retries trigger only on a timeout outcome from the executor;	examples/distributed_history/test_graph/sdk/java/src/main/java/com/hayden/testgraphsdk/sdk/NodeSpec.java:57	out-of-scope	ticket_plan.yaml:648-658	none mapped	unrepresented	out_of_scope_lexical_inventory		INFERRED exact-path scope; source not read
40	lexical hit not semantically classified: * non-timeout exit code) is final on the first attempt.	examples/distributed_history/test_graph/sdk/java/src/main/java/com/hayden/testgraphsdk/sdk/NodeSpec.java:59	out-of-scope	ticket_plan.yaml:648-658	none mapped	unrepresented	out_of_scope_lexical_inventory		INFERRED exact-path scope; source not read
41	"lexical hit not semantically classified: out.put(""timeout"", timeout);"	examples/distributed_history/test_graph/sdk/java/src/main/java/com/hayden/testgraphsdk/sdk/NodeSpec.java:101	out-of-scope	ticket_plan.yaml:648-658	none mapped	unrepresented	out_of_scope_lexical_inventory		INFERRED exact-path scope; source not read
42	"lexical hit not semantically classified: def timeout(self, v: str) -> ""NodeSpec"":"	examples/distributed_history/test_graph/sdk/python/src/testgraphsdk/node_spec.py:48	out-of-scope	ticket_plan.yaml:648-658	none mapped	unrepresented	out_of_scope_lexical_inventory		INFERRED exact-path scope; source not read
43	"lexical hit not semantically classified: """"""Extra attempts the executor makes on a timeout outcome."	examples/distributed_history/test_graph/sdk/python/src/testgraphsdk/node_spec.py:53	out-of-scope	ticket_plan.yaml:648-658	none mapped	unrepresented	out_of_scope_lexical_inventory		INFERRED exact-path scope; source not read
44	lexical hit not semantically classified: Default 0 — fail fast on the first timeout. Only set ``> 0`` for	examples/distributed_history/test_graph/sdk/python/src/testgraphsdk/node_spec.py:55	out-of-scope	ticket_plan.yaml:648-658	none mapped	unrepresented	out_of_scope_lexical_inventory		INFERRED exact-path scope; source not read
45	lexical hit not semantically classified: orphaned state on retry. Triggers only on timeout, never on a	examples/distributed_history/test_graph/sdk/python/src/testgraphsdk/node_spec.py:58	out-of-scope	ticket_plan.yaml:648-658	none mapped	unrepresented	out_of_scope_lexical_inventory		INFERRED exact-path scope; source not read
46	"lexical hit not semantically classified: ""timeout"": self._timeout,"	examples/distributed_history/test_graph/sdk/python/src/testgraphsdk/node_spec.py:110	out-of-scope	ticket_plan.yaml:648-658	none mapped	unrepresented	out_of_scope_lexical_inventory		INFERRED exact-path scope; source not read
47	"lexical hit not semantically classified: .timeout(""60s"")"	examples/distributed_history/test_graph/sources/cleanup_ecommerce.py:25	out-of-scope	ticket_plan.yaml:648-658	none mapped	unrepresented	out_of_scope_lexical_inventory		INFERRED exact-path scope; source not read
48	lexical hit not semantically classified: deadline = time.time() + 45	examples/distributed_history/test_graph/sources/cleanup_ecommerce.py:69	out-of-scope	ticket_plan.yaml:648-658	none mapped	unrepresented	out_of_scope_lexical_inventory		INFERRED exact-path scope; source not read
49	lexical hit not semantically classified: while time.time() < deadline:	examples/distributed_history/test_graph/sources/cleanup_ecommerce.py:71	out-of-scope	ticket_plan.yaml:648-658	none mapped	unrepresented	out_of_scope_lexical_inventory		INFERRED exact-path scope; source not read
50	"lexical hit not semantically classified: .timeout(""30s"")"	examples/distributed_history/test_graph/sources/collect_evidence.py:54	out-of-scope	ticket_plan.yaml:648-658	none mapped	unrepresented	out_of_scope_lexical_inventory		INFERRED exact-path scope; source not read
51	"lexical hit not semantically classified: with urlopen(base_url + ""/debug/state"", timeout=5) as response:"	examples/distributed_history/test_graph/sources/collect_evidence.py:64	out-of-scope	ticket_plan.yaml:648-658	none mapped	unrepresented	out_of_scope_lexical_inventory		INFERRED exact-path scope; source not read
52	"lexical hit not semantically classified: with urlopen(base_url + ""/debug/traffic"", timeout=10) as response:"	examples/distributed_history/test_graph/sources/collect_evidence.py:69	out-of-scope	ticket_plan.yaml:648-658	none mapped	unrepresented	out_of_scope_lexical_inventory		INFERRED exact-path scope; source not read
53	"lexical hit not semantically classified: .timeout(""180s"")"	examples/distributed_history/test_graph/sources/deploy_ecommerce.py:38	out-of-scope	ticket_plan.yaml:648-658	none mapped	unrepresented	out_of_scope_lexical_inventory		INFERRED exact-path scope; source not read
54	lexical hit not semantically classified: deadline = time.time() + 30	examples/distributed_history/test_graph/sources/deploy_ecommerce.py:159	out-of-scope	ticket_plan.yaml:648-658	none mapped	unrepresented	out_of_scope_lexical_inventory		INFERRED exact-path scope; source not read
55	lexical hit not semantically classified: while time.time() < deadline:	examples/distributed_history/test_graph/sources/deploy_ecommerce.py:160	out-of-scope	ticket_plan.yaml:648-658	none mapped	unrepresented	out_of_scope_lexical_inventory		INFERRED exact-path scope; source not read
56	"lexical hit not semantically classified: with urlopen(base_url + ""/health"", timeout=1) as response:"	examples/distributed_history/test_graph/sources/deploy_ecommerce.py:162	out-of-scope	ticket_plan.yaml:648-658	none mapped	unrepresented	out_of_scope_lexical_inventory		INFERRED exact-path scope; source not read
57	lexical hit not semantically classified: deadline = time.time() + 30	examples/distributed_history/test_graph/sources/deploy_ecommerce.py:171	out-of-scope	ticket_plan.yaml:648-658	none mapped	unrepresented	out_of_scope_lexical_inventory		INFERRED exact-path scope; source not read
58	lexical hit not semantically classified: while time.time() < deadline:	examples/distributed_history/test_graph/sources/deploy_ecommerce.py:172	out-of-scope	ticket_plan.yaml:648-658	none mapped	unrepresented	out_of_scope_lexical_inventory		INFERRED exact-path scope; source not read
59	"lexical hit not semantically classified: with urlopen(base_url + ""/debug/state"", timeout=3) as response:"	examples/distributed_history/test_graph/sources/deploy_ecommerce.py:174	out-of-scope	ticket_plan.yaml:648-658	none mapped	unrepresented	out_of_scope_lexical_inventory		INFERRED exact-path scope; source not read
60	"lexical hit not semantically classified: .timeout(""900s"")"	examples/distributed_history/test_graph/sources/run_external_cases.py:23	out-of-scope	ticket_plan.yaml:648-658	none mapped	unrepresented	out_of_scope_lexical_inventory		INFERRED exact-path scope; source not read
61	lexical hit not semantically classified: timeout=10,	examples/effect_providers/atomic_publisher/external_adapter.py:44	out-of-scope	ticket_plan.yaml:648-658	none mapped	unrepresented	out_of_scope_lexical_inventory		INFERRED exact-path scope; source not read
62	lexical hit not semantically classified: timeout=120,	examples/effect_providers/atomic_publisher/regenerate.py:84	out-of-scope	ticket_plan.yaml:648-658	none mapped	unrepresented	out_of_scope_lexical_inventory		INFERRED exact-path scope; source not read
63	lexical hit not semantically classified: def run(command: list[str], *, timeout: int = 30) -> subprocess.CompletedProcess[str]:	examples/effect_providers/atomic_publisher/regenerate.py:136	out-of-scope	ticket_plan.yaml:648-658	none mapped	unrepresented	out_of_scope_lexical_inventory		INFERRED exact-path scope; source not read
64	lexical hit not semantically classified: timeout=timeout,	examples/effect_providers/atomic_publisher/regenerate.py:146	out-of-scope	ticket_plan.yaml:648-658	none mapped	unrepresented	out_of_scope_lexical_inventory		INFERRED exact-path scope; source not read
65	"lexical hit not semantically classified: run_checked([sys.executable, str(PROJECT_ROOT / ""regenerate.py"")], timeout=120)"	examples/effect_providers/atomic_publisher/run_experiment.py:61	out-of-scope	ticket_plan.yaml:648-658	none mapped	unrepresented	out_of_scope_lexical_inventory		INFERRED exact-path scope; source not read
66	lexical hit not semantically classified: timeout=120,	examples/effect_providers/atomic_publisher/run_experiment.py:247	out-of-scope	ticket_plan.yaml:648-658	none mapped	unrepresented	out_of_scope_lexical_inventory		INFERRED exact-path scope; source not read
67	lexical hit not semantically classified: timeout=30,	examples/effect_providers/atomic_publisher/run_experiment.py:276	out-of-scope	ticket_plan.yaml:648-658	none mapped	unrepresented	out_of_scope_lexical_inventory		INFERRED exact-path scope; source not read
68	lexical hit not semantically classified: timeout=10,	examples/effect_providers/atomic_publisher/run_experiment.py:531	out-of-scope	ticket_plan.yaml:648-658	none mapped	unrepresented	out_of_scope_lexical_inventory		INFERRED exact-path scope; source not read
69	lexical hit not semantically classified: timeout=10,	examples/effect_providers/atomic_publisher/run_experiment.py:539	out-of-scope	ticket_plan.yaml:648-658	none mapped	unrepresented	out_of_scope_lexical_inventory		INFERRED exact-path scope; source not read
70	lexical hit not semantically classified: def run_checked(command: list[str], *, timeout: int) -> None:	examples/effect_providers/atomic_publisher/run_experiment.py:619	out-of-scope	ticket_plan.yaml:648-658	none mapped	unrepresented	out_of_scope_lexical_inventory		INFERRED exact-path scope; source not read
71	lexical hit not semantically classified: completed = subprocess.run(command, cwd=PROJECT_ROOT, check=False, timeout=timeout)	examples/effect_providers/atomic_publisher/run_experiment.py:620	out-of-scope	ticket_plan.yaml:648-658	none mapped	unrepresented	out_of_scope_lexical_inventory		INFERRED exact-path scope; source not read
72	lexical hit not semantically classified: timeout=60,	examples/effect_providers/atomic_publisher/test_atomic_publisher.py:141	out-of-scope	ticket_plan.yaml:648-658	none mapped	unrepresented	out_of_scope_lexical_inventory		INFERRED exact-path scope; source not read
73	HTTP timeout configuration/classification	examples/effect_providers/legacy_payment_http/legacy_payment_http_app/application.py:19	in-scope	ticket_plan.yaml:566-573,621-633	timeout outcomes	partial	semantic_behavior	CH-02	READ
74	HTTP timeout configuration/classification	examples/effect_providers/legacy_payment_http/legacy_payment_http_app/application.py:80	in-scope	ticket_plan.yaml:566-573,621-633	timeout outcomes	partial	semantic_behavior	CH-02	READ
75	HTTP timeout configuration/classification	examples/effect_providers/legacy_payment_http/legacy_payment_http_app/application.py:81	in-scope	ticket_plan.yaml:566-573,621-633	timeout outcomes	partial	semantic_behavior	CH-02	READ
76	"lexical hit not semantically classified: ""timeout"": kwargs.get(""timeout""),"	examples/effect_providers/legacy_payment_http/payment_effects/baseline.py:145	out-of-scope	ticket_plan.yaml:648-658	none mapped	unrepresented	out_of_scope_lexical_inventory		INFERRED exact-path scope; source not read
77	"lexical hit not semantically classified: assert record[""timeout""] == (0.25, 0.75)"	examples/effect_providers/legacy_payment_http/payment_effects/baseline.py:152	out-of-scope	ticket_plan.yaml:648-658	none mapped	unrepresented	out_of_scope_lexical_inventory		INFERRED exact-path scope; source not read
78	lexical hit not semantically classified: timeout=15,	examples/effect_providers/legacy_payment_http/payment_effects/external.py:51	out-of-scope	ticket_plan.yaml:648-658	none mapped	unrepresented	out_of_scope_lexical_inventory		INFERRED exact-path scope; source not read
79	lexical hit not semantically classified: thread.join(timeout=2)	examples/effect_providers/legacy_payment_http/payment_effects/external.py:56	out-of-scope	ticket_plan.yaml:648-658	none mapped	unrepresented	out_of_scope_lexical_inventory		INFERRED exact-path scope; source not read
80	"lexical hit not semantically classified: urlopen(""http://127.0.0.1:9/probe"", timeout=0.1)"	examples/effect_providers/legacy_payment_http/payment_effects/probes.py:37	out-of-scope	ticket_plan.yaml:648-658	none mapped	unrepresented	out_of_scope_lexical_inventory		INFERRED exact-path scope; source not read
81	lexical hit not semantically classified: self.timeout_type = rng.choice([requests.ConnectTimeout, requests.ReadTimeout])	examples/effect_providers/legacy_payment_http/payment_effects/provider.py:74	out-of-scope	ticket_plan.yaml:648-658	none mapped	unrepresented	out_of_scope_lexical_inventory		INFERRED exact-path scope; source not read
82	"lexical hit not semantically classified: ""timeout_present"": ""timeout"" in kwargs,"	examples/effect_providers/legacy_payment_http/payment_effects/provider.py:245	out-of-scope	ticket_plan.yaml:648-658	none mapped	unrepresented	out_of_scope_lexical_inventory		INFERRED exact-path scope; source not read
83	"lexical hit not semantically classified: ""timeout"": _plain(kwargs.get(""timeout"")),"	examples/effect_providers/legacy_payment_http/payment_effects/provider.py:246	out-of-scope	ticket_plan.yaml:648-658	none mapped	unrepresented	out_of_scope_lexical_inventory		INFERRED exact-path scope; source not read
84	"lexical hit not semantically classified: if not record[""timeout_present""] or record[""timeout""] != [0.25, 0.75]:"	examples/effect_providers/legacy_payment_http/payment_effects/provider.py:267	out-of-scope	ticket_plan.yaml:648-658	none mapped	unrepresented	out_of_scope_lexical_inventory		INFERRED exact-path scope; source not read
85	"lexical hit not semantically classified: f""attempt {attempt} timeout must be [0.25, 0.75], observed {record['timeout']!r}"""	examples/effect_providers/legacy_payment_http/payment_effects/provider.py:269	out-of-scope	ticket_plan.yaml:648-658	none mapped	unrepresented	out_of_scope_lexical_inventory		INFERRED exact-path scope; source not read
86	lexical hit not semantically classified: timeout=120,	examples/effect_providers/legacy_payment_http/scripts/regenerate.py:55	out-of-scope	ticket_plan.yaml:648-658	none mapped	unrepresented	out_of_scope_lexical_inventory		INFERRED exact-path scope; source not read
87	lexical hit not semantically classified: completed = _run(command, timeout=120, capture=True)	examples/effect_providers/legacy_payment_http/scripts/regenerate.py:92	out-of-scope	ticket_plan.yaml:648-658	none mapped	unrepresented	out_of_scope_lexical_inventory		INFERRED exact-path scope; source not read
88	lexical hit not semantically classified: timeout: int,	examples/effect_providers/legacy_payment_http/scripts/regenerate.py:156	out-of-scope	ticket_plan.yaml:648-658	none mapped	unrepresented	out_of_scope_lexical_inventory		INFERRED exact-path scope; source not read
89	lexical hit not semantically classified: timeout=timeout,	examples/effect_providers/legacy_payment_http/scripts/regenerate.py:165	out-of-scope	ticket_plan.yaml:648-658	none mapped	unrepresented	out_of_scope_lexical_inventory		INFERRED exact-path scope; source not read
90	"lexical hit not semantically classified: {""id"": ""PH-06"", ""expected_detector"": ""provider_local_assertion"", ""patch"": ""omit connect/read timeout from Session.send""},"	examples/effect_providers/legacy_payment_http/scripts/run_experiment.py:50	out-of-scope	ticket_plan.yaml:648-658	none mapped	unrepresented	out_of_scope_lexical_inventory		INFERRED exact-path scope; source not read
91	"lexical hit not semantically classified: {""id"": ""PH-07"", ""expected_detector"": ""provider_local_assertion"", ""patch"": ""perform no retry after timeout or unavailable response""},"	examples/effect_providers/legacy_payment_http/scripts/run_experiment.py:51	out-of-scope	ticket_plan.yaml:648-658	none mapped	unrepresented	out_of_scope_lexical_inventory		INFERRED exact-path scope; source not read
92	lexical hit not semantically classified: timeout=120,	examples/effect_providers/legacy_payment_http/scripts/run_experiment.py:159	out-of-scope	ticket_plan.yaml:648-658	none mapped	unrepresented	out_of_scope_lexical_inventory		INFERRED exact-path scope; source not read
93	"lexical hit not semantically classified: ""ConnectTimeout versus ReadTimeout"","	examples/effect_providers/legacy_payment_http/scripts/run_experiment.py:236	out-of-scope	ticket_plan.yaml:648-658	none mapped	unrepresented	out_of_scope_lexical_inventory		INFERRED exact-path scope; source not read
94	lexical hit not semantically classified: timeout=120,	examples/effect_providers/legacy_payment_http/scripts/run_experiment.py:468	out-of-scope	ticket_plan.yaml:648-658	none mapped	unrepresented	out_of_scope_lexical_inventory		INFERRED exact-path scope; source not read
95	lexical hit not semantically classified: timeout=120,	examples/effect_providers/legacy_payment_http/scripts/run_experiment.py:646	out-of-scope	ticket_plan.yaml:648-658	none mapped	unrepresented	out_of_scope_lexical_inventory		INFERRED exact-path scope; source not read
96	lexical hit not semantically classified: def _checked_run(command: list[str], *, timeout: int) -> None:	examples/effect_providers/legacy_payment_http/scripts/run_experiment.py:860	out-of-scope	ticket_plan.yaml:648-658	none mapped	unrepresented	out_of_scope_lexical_inventory		INFERRED exact-path scope; source not read
97	lexical hit not semantically classified: timeout=timeout,	examples/effect_providers/legacy_payment_http/scripts/run_experiment.py:867	out-of-scope	ticket_plan.yaml:648-658	none mapped	unrepresented	out_of_scope_lexical_inventory		INFERRED exact-path scope; source not read
98	lexical hit not semantically classified: timeout=30,	examples/effect_providers/legacy_payment_http/scripts/run_experiment.py:984	out-of-scope	ticket_plan.yaml:648-658	none mapped	unrepresented	out_of_scope_lexical_inventory		INFERRED exact-path scope; source not read
99	lexical hit not semantically classified: timeout=10,	examples/effect_providers/reminder_worker/external_adapter.py:45	out-of-scope	ticket_plan.yaml:648-658	none mapped	unrepresented	out_of_scope_lexical_inventory		INFERRED exact-path scope; source not read
100	lexical hit not semantically classified: timeout: int | None = None,	examples/effect_providers/reminder_worker/regenerate.py:25	out-of-scope	ticket_plan.yaml:648-658	none mapped	unrepresented	out_of_scope_lexical_inventory		INFERRED exact-path scope; source not read
101	lexical hit not semantically classified: subprocess.run(command, cwd=PROJECT_ROOT, env=env, check=True, timeout=timeout)	examples/effect_providers/reminder_worker/regenerate.py:30	out-of-scope	ticket_plan.yaml:648-658	none mapped	unrepresented	out_of_scope_lexical_inventory		INFERRED exact-path scope; source not read
102	lexical hit not semantically classified: timeout=120,	examples/effect_providers/reminder_worker/regenerate.py:90	out-of-scope	ticket_plan.yaml:648-658	none mapped	unrepresented	out_of_scope_lexical_inventory		INFERRED exact-path scope; source not read
103	lexical hit not semantically classified: timeout=120,	examples/effect_providers/reminder_worker/regenerate.py:110	out-of-scope	ticket_plan.yaml:648-658	none mapped	unrepresented	out_of_scope_lexical_inventory		INFERRED exact-path scope; source not read
104	lexical hit not semantically classified: timeout=120,	examples/effect_providers/reminder_worker/run_experiment.py:202	out-of-scope	ticket_plan.yaml:648-658	none mapped	unrepresented	out_of_scope_lexical_inventory		INFERRED exact-path scope; source not read
105	lexical hit not semantically classified: timeout=30,	examples/effect_providers/reminder_worker/run_experiment.py:268	out-of-scope	ticket_plan.yaml:648-658	none mapped	unrepresented	out_of_scope_lexical_inventory		INFERRED exact-path scope; source not read
106	lexical hit not semantically classified: timeout=260,	examples/effect_providers/reminder_worker/run_experiment.py:557	out-of-scope	ticket_plan.yaml:648-658	none mapped	unrepresented	out_of_scope_lexical_inventory		INFERRED exact-path scope; source not read
107	lexical hit not semantically classified: timeout=30,	examples/effect_providers/reminder_worker/test_reminder_worker.py:75	out-of-scope	ticket_plan.yaml:648-658	none mapped	unrepresented	out_of_scope_lexical_inventory		INFERRED exact-path scope; source not read
108	lexical hit not semantically classified: timeout=30,	examples/effect_providers/reminder_worker/test_reminder_worker.py:112	out-of-scope	ticket_plan.yaml:648-658	none mapped	unrepresented	out_of_scope_lexical_inventory		INFERRED exact-path scope; source not read
109	lexical hit not semantically classified: process.wait(timeout=10)	examples/run_distributed_history_validation.py:281	out-of-scope	ticket_plan.yaml:648-658	none mapped	unrepresented	out_of_scope_lexical_inventory		INFERRED exact-path scope; source not read
110	lexical hit not semantically classified: deadline = time.time() + 10	examples/run_distributed_history_validation.py:420	out-of-scope	ticket_plan.yaml:648-658	none mapped	unrepresented	out_of_scope_lexical_inventory		INFERRED exact-path scope; source not read
111	lexical hit not semantically classified: while time.time() < deadline:	examples/run_distributed_history_validation.py:421	out-of-scope	ticket_plan.yaml:648-658	none mapped	unrepresented	out_of_scope_lexical_inventory		INFERRED exact-path scope; source not read
112	"lexical hit not semantically classified: with urlopen(base_url + ""/health"", timeout=1) as response:"	examples/run_distributed_history_validation.py:423	out-of-scope	ticket_plan.yaml:648-658	none mapped	unrepresented	out_of_scope_lexical_inventory		INFERRED exact-path scope; source not read
113	"lexical hit not semantically classified: ""tlc_seconds"": ""hard external timeout per TLC run"","	scripts/budgets.py:41	out-of-scope	ticket_plan.yaml:648-658	none mapped	unrepresented	out_of_scope_lexical_inventory		INFERRED exact-path scope; source not read
114	lexical hit not semantically classified: timeout: int = 600,	scripts/kill_test.py:592	out-of-scope	ticket_plan.yaml:648-658	none mapped	unrepresented	out_of_scope_lexical_inventory		INFERRED exact-path scope; source not read
115	lexical hit not semantically classified: timeout=timeout,	scripts/kill_test.py:614	out-of-scope	ticket_plan.yaml:648-658	none mapped	unrepresented	out_of_scope_lexical_inventory		INFERRED exact-path scope; source not read
116	"lexical hit not semantically classified: parser.add_argument(""--timeout"", type=int, default=600, help=""Per-mutant corpus timeout in seconds."")"	scripts/run_kill_test.py:104	out-of-scope	ticket_plan.yaml:648-658	none mapped	unrepresented	out_of_scope_lexical_inventory		INFERRED exact-path scope; source not read
117	lexical hit not semantically classified: runner = subprocess_case_runner(command, root=root, timeout=args.timeout)	scripts/run_kill_test.py:198	out-of-scope	ticket_plan.yaml:648-658	none mapped	unrepresented	out_of_scope_lexical_inventory		INFERRED exact-path scope; source not read
118	lexical hit not semantically classified: timeout=180,	specs/.history/effect-provider-epic/ticket-000-EP-01/snapshots/current/production_adapters.py:1338	out-of-scope	ticket_plan.yaml:648-658	none mapped	unrepresented	out_of_scope_lexical_inventory		INFERRED exact-path scope; source not read
119	lexical hit not semantically classified: cwd=target_repo, text=True, capture_output=True, check=False, timeout=180,	specs/.history/effect-provider-epic/ticket-000-EP-01/snapshots/current/production_adapters.py:1487	out-of-scope	ticket_plan.yaml:648-658	none mapped	unrepresented	out_of_scope_lexical_inventory		INFERRED exact-path scope; source not read
120	lexical hit not semantically classified: cwd=target_repo, text=True, capture_output=True, check=False, timeout=180,	specs/.history/effect-provider-epic/ticket-000-EP-01/snapshots/current/production_adapters.py:1608	out-of-scope	ticket_plan.yaml:648-658	none mapped	unrepresented	out_of_scope_lexical_inventory		INFERRED exact-path scope; source not read
121	lexical hit not semantically classified: timeout=180,	specs/.history/effect-provider-epic/ticket-000-EP-01/snapshots/current/production_adapters.py:1742	out-of-scope	ticket_plan.yaml:648-658	none mapped	unrepresented	out_of_scope_lexical_inventory		INFERRED exact-path scope; source not read
122	lexical hit not semantically classified: timeout=180,	specs/.history/effect-provider-epic/ticket-000-EP-01/ticket/current/production_adapters.py:1338	out-of-scope	ticket_plan.yaml:648-658	none mapped	unrepresented	out_of_scope_lexical_inventory		INFERRED exact-path scope; source not read
123	lexical hit not semantically classified: cwd=target_repo, text=True, capture_output=True, check=False, timeout=180,	specs/.history/effect-provider-epic/ticket-000-EP-01/ticket/current/production_adapters.py:1487	out-of-scope	ticket_plan.yaml:648-658	none mapped	unrepresented	out_of_scope_lexical_inventory		INFERRED exact-path scope; source not read
124	lexical hit not semantically classified: cwd=target_repo, text=True, capture_output=True, check=False, timeout=180,	specs/.history/effect-provider-epic/ticket-000-EP-01/ticket/current/production_adapters.py:1608	out-of-scope	ticket_plan.yaml:648-658	none mapped	unrepresented	out_of_scope_lexical_inventory		INFERRED exact-path scope; source not read
125	lexical hit not semantically classified: timeout=180,	specs/.history/effect-provider-epic/ticket-000-EP-01/ticket/current/production_adapters.py:1742	out-of-scope	ticket_plan.yaml:648-658	none mapped	unrepresented	out_of_scope_lexical_inventory		INFERRED exact-path scope; source not read
126	lexical hit not semantically classified: timeout=180,	specs/.history/effect-provider-epic/ticket-000-EP-01/ticket/desired/production_adapters.py:1338	out-of-scope	ticket_plan.yaml:648-658	none mapped	unrepresented	out_of_scope_lexical_inventory		INFERRED exact-path scope; source not read
127	lexical hit not semantically classified: cwd=target_repo, text=True, capture_output=True, check=False, timeout=180,	specs/.history/effect-provider-epic/ticket-000-EP-01/ticket/desired/production_adapters.py:1487	out-of-scope	ticket_plan.yaml:648-658	none mapped	unrepresented	out_of_scope_lexical_inventory		INFERRED exact-path scope; source not read
128	lexical hit not semantically classified: cwd=target_repo, text=True, capture_output=True, check=False, timeout=180,	specs/.history/effect-provider-epic/ticket-000-EP-01/ticket/desired/production_adapters.py:1608	out-of-scope	ticket_plan.yaml:648-658	none mapped	unrepresented	out_of_scope_lexical_inventory		INFERRED exact-path scope; source not read
129	lexical hit not semantically classified: timeout=180,	specs/.history/effect-provider-epic/ticket-000-EP-01/ticket/desired/production_adapters.py:1742	out-of-scope	ticket_plan.yaml:648-658	none mapped	unrepresented	out_of_scope_lexical_inventory		INFERRED exact-path scope; source not read
130	lexical hit not semantically classified: timeout=180,	specs/.history/effect-provider-epic/ticket-001-EP-02/snapshots/current/production_adapters.py:1338	out-of-scope	ticket_plan.yaml:648-658	none mapped	unrepresented	out_of_scope_lexical_inventory		INFERRED exact-path scope; source not read
131	lexical hit not semantically classified: cwd=target_repo, text=True, capture_output=True, check=False, timeout=180,	specs/.history/effect-provider-epic/ticket-001-EP-02/snapshots/current/production_adapters.py:1487	out-of-scope	ticket_plan.yaml:648-658	none mapped	unrepresented	out_of_scope_lexical_inventory		INFERRED exact-path scope; source not read
132	lexical hit not semantically classified: cwd=target_repo, text=True, capture_output=True, check=False, timeout=180,	specs/.history/effect-provider-epic/ticket-001-EP-02/snapshots/current/production_adapters.py:1608	out-of-scope	ticket_plan.yaml:648-658	none mapped	unrepresented	out_of_scope_lexical_inventory		INFERRED exact-path scope; source not read
133	lexical hit not semantically classified: timeout=180,	specs/.history/effect-provider-epic/ticket-001-EP-02/snapshots/current/production_adapters.py:1742	out-of-scope	ticket_plan.yaml:648-658	none mapped	unrepresented	out_of_scope_lexical_inventory		INFERRED exact-path scope; source not read
134	lexical hit not semantically classified: timeout=180,	specs/.history/effect-provider-epic/ticket-001-EP-02/ticket/current/production_adapters.py:1338	out-of-scope	ticket_plan.yaml:648-658	none mapped	unrepresented	out_of_scope_lexical_inventory		INFERRED exact-path scope; source not read
135	lexical hit not semantically classified: cwd=target_repo, text=True, capture_output=True, check=False, timeout=180,	specs/.history/effect-provider-epic/ticket-001-EP-02/ticket/current/production_adapters.py:1487	out-of-scope	ticket_plan.yaml:648-658	none mapped	unrepresented	out_of_scope_lexical_inventory		INFERRED exact-path scope; source not read
136	lexical hit not semantically classified: cwd=target_repo, text=True, capture_output=True, check=False, timeout=180,	specs/.history/effect-provider-epic/ticket-001-EP-02/ticket/current/production_adapters.py:1608	out-of-scope	ticket_plan.yaml:648-658	none mapped	unrepresented	out_of_scope_lexical_inventory		INFERRED exact-path scope; source not read
137	lexical hit not semantically classified: timeout=180,	specs/.history/effect-provider-epic/ticket-001-EP-02/ticket/current/production_adapters.py:1742	out-of-scope	ticket_plan.yaml:648-658	none mapped	unrepresented	out_of_scope_lexical_inventory		INFERRED exact-path scope; source not read
138	lexical hit not semantically classified: timeout=180,	specs/.history/effect-provider-epic/ticket-001-EP-02/ticket/desired/production_adapters.py:1338	out-of-scope	ticket_plan.yaml:648-658	none mapped	unrepresented	out_of_scope_lexical_inventory		INFERRED exact-path scope; source not read
139	lexical hit not semantically classified: cwd=target_repo, text=True, capture_output=True, check=False, timeout=180,	specs/.history/effect-provider-epic/ticket-001-EP-02/ticket/desired/production_adapters.py:1487	out-of-scope	ticket_plan.yaml:648-658	none mapped	unrepresented	out_of_scope_lexical_inventory		INFERRED exact-path scope; source not read
140	lexical hit not semantically classified: cwd=target_repo, text=True, capture_output=True, check=False, timeout=180,	specs/.history/effect-provider-epic/ticket-001-EP-02/ticket/desired/production_adapters.py:1608	out-of-scope	ticket_plan.yaml:648-658	none mapped	unrepresented	out_of_scope_lexical_inventory		INFERRED exact-path scope; source not read
141	lexical hit not semantically classified: timeout=180,	specs/.history/effect-provider-epic/ticket-001-EP-02/ticket/desired/production_adapters.py:1742	out-of-scope	ticket_plan.yaml:648-658	none mapped	unrepresented	out_of_scope_lexical_inventory		INFERRED exact-path scope; source not read
142	lexical hit not semantically classified: timeout=180,	specs/.history/effect-provider-epic/ticket-002-EP-03/snapshots/current/production_adapters.py:1338	out-of-scope	ticket_plan.yaml:648-658	none mapped	unrepresented	out_of_scope_lexical_inventory		INFERRED exact-path scope; source not read
143	lexical hit not semantically classified: cwd=target_repo, text=True, capture_output=True, check=False, timeout=180,	specs/.history/effect-provider-epic/ticket-002-EP-03/snapshots/current/production_adapters.py:1487	out-of-scope	ticket_plan.yaml:648-658	none mapped	unrepresented	out_of_scope_lexical_inventory		INFERRED exact-path scope; source not read
144	lexical hit not semantically classified: cwd=target_repo, text=True, capture_output=True, check=False, timeout=180,	specs/.history/effect-provider-epic/ticket-002-EP-03/snapshots/current/production_adapters.py:1608	out-of-scope	ticket_plan.yaml:648-658	none mapped	unrepresented	out_of_scope_lexical_inventory		INFERRED exact-path scope; source not read
145	lexical hit not semantically classified: timeout=180,	specs/.history/effect-provider-epic/ticket-002-EP-03/snapshots/current/production_adapters.py:1742	out-of-scope	ticket_plan.yaml:648-658	none mapped	unrepresented	out_of_scope_lexical_inventory		INFERRED exact-path scope; source not read
146	lexical hit not semantically classified: timeout=180,	specs/.history/effect-provider-epic/ticket-002-EP-03/ticket/current/production_adapters.py:1338	out-of-scope	ticket_plan.yaml:648-658	none mapped	unrepresented	out_of_scope_lexical_inventory		INFERRED exact-path scope; source not read
147	lexical hit not semantically classified: cwd=target_repo, text=True, capture_output=True, check=False, timeout=180,	specs/.history/effect-provider-epic/ticket-002-EP-03/ticket/current/production_adapters.py:1487	out-of-scope	ticket_plan.yaml:648-658	none mapped	unrepresented	out_of_scope_lexical_inventory		INFERRED exact-path scope; source not read
148	lexical hit not semantically classified: cwd=target_repo, text=True, capture_output=True, check=False, timeout=180,	specs/.history/effect-provider-epic/ticket-002-EP-03/ticket/current/production_adapters.py:1608	out-of-scope	ticket_plan.yaml:648-658	none mapped	unrepresented	out_of_scope_lexical_inventory		INFERRED exact-path scope; source not read
149	lexical hit not semantically classified: timeout=180,	specs/.history/effect-provider-epic/ticket-002-EP-03/ticket/current/production_adapters.py:1742	out-of-scope	ticket_plan.yaml:648-658	none mapped	unrepresented	out_of_scope_lexical_inventory		INFERRED exact-path scope; source not read
150	lexical hit not semantically classified: timeout=180,	specs/.history/effect-provider-epic/ticket-002-EP-03/ticket/desired/production_adapters.py:1338	out-of-scope	ticket_plan.yaml:648-658	none mapped	unrepresented	out_of_scope_lexical_inventory		INFERRED exact-path scope; source not read
151	lexical hit not semantically classified: cwd=target_repo, text=True, capture_output=True, check=False, timeout=180,	specs/.history/effect-provider-epic/ticket-002-EP-03/ticket/desired/production_adapters.py:1487	out-of-scope	ticket_plan.yaml:648-658	none mapped	unrepresented	out_of_scope_lexical_inventory		INFERRED exact-path scope; source not read
152	lexical hit not semantically classified: cwd=target_repo, text=True, capture_output=True, check=False, timeout=180,	specs/.history/effect-provider-epic/ticket-002-EP-03/ticket/desired/production_adapters.py:1608	out-of-scope	ticket_plan.yaml:648-658	none mapped	unrepresented	out_of_scope_lexical_inventory		INFERRED exact-path scope; source not read
153	lexical hit not semantically classified: timeout=180,	specs/.history/effect-provider-epic/ticket-002-EP-03/ticket/desired/production_adapters.py:1742	out-of-scope	ticket_plan.yaml:648-658	none mapped	unrepresented	out_of_scope_lexical_inventory		INFERRED exact-path scope; source not read
154	lexical hit not semantically classified: *     dependsOn/tags/timeout/etc on top of what the script self-declared).	specs/.history/modular-fuzzing-epic/ticket-000-MF-012/results/specWorkflow-20260718-153853-c3144c6b/cleanup-failure-probe-test-graph/build-logic/src/main/kotlin/com/hayden/testgraphsdk/GraphAssembler.kt:9	out-of-scope	ticket_plan.yaml:648-658	none mapped	unrepresented	out_of_scope_lexical_inventory		INFERRED exact-path scope; source not read
155	"lexical hit not semantically classified: timeout = MiniJson.str(root[""timeout""]) ?: ""60s"","	specs/.history/modular-fuzzing-epic/ticket-000-MF-012/results/specWorkflow-20260718-153853-c3144c6b/cleanup-failure-probe-test-graph/build-logic/src/main/kotlin/com/hayden/testgraphsdk/NodeDescribeLoader.kt:87	out-of-scope	ticket_plan.yaml:648-658	none mapped	unrepresented	out_of_scope_lexical_inventory		INFERRED exact-path scope; source not read
156	lexical hit not semantically classified: *   - Scalars (timeout, cacheable) — OVERRIDE if set here; otherwise keep script's.	specs/.history/modular-fuzzing-epic/ticket-000-MF-012/results/specWorkflow-20260718-153853-c3144c6b/cleanup-failure-probe-test-graph/build-logic/src/main/kotlin/com/hayden/testgraphsdk/TestGraphSpec.kt:13	out-of-scope	ticket_plan.yaml:648-658	none mapped	unrepresented	out_of_scope_lexical_inventory		INFERRED exact-path scope; source not read
157	lexical hit not semantically classified: fun timeout(v: String): NodeOverlay { timeoutOverride = v; return this }	specs/.history/modular-fuzzing-epic/ticket-000-MF-012/results/specWorkflow-20260718-153853-c3144c6b/cleanup-failure-probe-test-graph/build-logic/src/main/kotlin/com/hayden/testgraphsdk/TestGraphSpec.kt:30	out-of-scope	ticket_plan.yaml:648-658	none mapped	unrepresented	out_of_scope_lexical_inventory		INFERRED exact-path scope; source not read
158	lexical hit not semantically classified: timeout = timeoutOverride ?: spec.timeout,	specs/.history/modular-fuzzing-epic/ticket-000-MF-012/results/specWorkflow-20260718-153853-c3144c6b/cleanup-failure-probe-test-graph/build-logic/src/main/kotlin/com/hayden/testgraphsdk/TestGraphSpec.kt:39	out-of-scope	ticket_plan.yaml:648-658	none mapped	unrepresented	out_of_scope_lexical_inventory		INFERRED exact-path scope; source not read
159	lexical hit not semantically classified: *    deps/tags/timeout on top of what the script self-declares)	specs/.history/modular-fuzzing-epic/ticket-000-MF-012/results/specWorkflow-20260718-153853-c3144c6b/cleanup-failure-probe-test-graph/build-logic/src/main/kotlin/com/hayden/testgraphsdk/TestGraphSpec.kt:51	out-of-scope	ticket_plan.yaml:648-658	none mapped	unrepresented	out_of_scope_lexical_inventory		INFERRED exact-path scope; source not read
160	lexical hit not semantically classified: * `.dependsOn(...)`, `.tags(...)`, `.timeout(...)`, etc. on.	specs/.history/modular-fuzzing-epic/ticket-000-MF-012/results/specWorkflow-20260718-153853-c3144c6b/cleanup-failure-probe-test-graph/build-logic/src/main/kotlin/com/hayden/testgraphsdk/TestGraphSpec.kt:65	out-of-scope	ticket_plan.yaml:648-658	none mapped	unrepresented	out_of_scope_lexical_inventory		INFERRED exact-path scope; source not read
161	"lexical hit not semantically classified: val timeout: String = ""60s"","	specs/.history/modular-fuzzing-epic/ticket-000-MF-012/results/specWorkflow-20260718-153853-c3144c6b/cleanup-failure-probe-test-graph/build-logic/src/main/kotlin/com/hayden/testgraphsdk/ValidationNodeSpec.kt:16	out-of-scope	ticket_plan.yaml:648-658	none mapped	unrepresented	out_of_scope_lexical_inventory		INFERRED exact-path scope; source not read
162	"lexical hit not semantically classified: * exceeds its [timeout]. Default 0 means ""fail fast on first timeout""."	specs/.history/modular-fuzzing-epic/ticket-000-MF-012/results/specWorkflow-20260718-153853-c3144c6b/cleanup-failure-probe-test-graph/build-logic/src/main/kotlin/com/hayden/testgraphsdk/ValidationNodeSpec.kt:19	out-of-scope	ticket_plan.yaml:648-658	none mapped	unrepresented	out_of_scope_lexical_inventory		INFERRED exact-path scope; source not read
163	lexical hit not semantically classified: * Retries trigger ONLY on a timeout outcome — a body-returned	specs/.history/modular-fuzzing-epic/ticket-000-MF-012/results/specWorkflow-20260718-153853-c3144c6b/cleanup-failure-probe-test-graph/build-logic/src/main/kotlin/com/hayden/testgraphsdk/ValidationNodeSpec.kt:20	out-of-scope	ticket_plan.yaml:648-658	none mapped	unrepresented	out_of_scope_lexical_inventory		INFERRED exact-path scope; source not read
164	lexical hit not semantically classified: * timeout [retries], which are automatic executor attempts.	specs/.history/modular-fuzzing-epic/ticket-000-MF-012/results/specWorkflow-20260718-153853-c3144c6b/cleanup-failure-probe-test-graph/build-logic/src/main/kotlin/com/hayden/testgraphsdk/ValidationNodeSpec.kt:29	out-of-scope	ticket_plan.yaml:648-658	none mapped	unrepresented	out_of_scope_lexical_inventory		INFERRED exact-path scope; source not read
165	lexical hit not semantically classified: * [ValidationNodeSpec.timeout] by `PlanExecutor`. Executors enforce	specs/.history/modular-fuzzing-epic/ticket-000-MF-012/results/specWorkflow-20260718-153853-c3144c6b/cleanup-failure-probe-test-graph/build-logic/src/main/kotlin/com/hayden/testgraphsdk/exec/Executors.kt:41	out-of-scope	ticket_plan.yaml:648-658	none mapped	unrepresented	out_of_scope_lexical_inventory		INFERRED exact-path scope; source not read
166	lexical hit not semantically classified: * timeout is.	specs/.history/modular-fuzzing-epic/ticket-000-MF-012/results/specWorkflow-20260718-153853-c3144c6b/cleanup-failure-probe-test-graph/build-logic/src/main/kotlin/com/hayden/testgraphsdk/exec/Executors.kt:54	out-of-scope	ticket_plan.yaml:648-658	none mapped	unrepresented	out_of_scope_lexical_inventory		INFERRED exact-path scope; source not read
167	lexical hit not semantically classified: * by every concrete [ValidationExecutor] so the timeout-enforcement	specs/.history/modular-fuzzing-epic/ticket-000-MF-012/results/specWorkflow-20260718-153853-c3144c6b/cleanup-failure-probe-test-graph/build-logic/src/main/kotlin/com/hayden/testgraphsdk/exec/Executors.kt:91	out-of-scope	ticket_plan.yaml:648-658	none mapped	unrepresented	out_of_scope_lexical_inventory		INFERRED exact-path scope; source not read
168	lexical hit not semantically classified: val timeoutMillis = TimeoutParser.parseMillis(spec.timeout)	specs/.history/modular-fuzzing-epic/ticket-000-MF-012/results/specWorkflow-20260718-153853-c3144c6b/cleanup-failure-probe-test-graph/build-logic/src/main/kotlin/com/hayden/testgraphsdk/exec/PlanExecutor.kt:134	out-of-scope	ticket_plan.yaml:648-658	none mapped	unrepresented	out_of_scope_lexical_inventory		INFERRED exact-path scope; source not read
169	"lexical hit not semantically classified: ""    retry ${attempt - 1}/${spec.retries} after timeout — "" +"	specs/.history/modular-fuzzing-epic/ticket-000-MF-012/results/specWorkflow-20260718-153853-c3144c6b/cleanup-failure-probe-test-graph/build-logic/src/main/kotlin/com/hayden/testgraphsdk/exec/PlanExecutor.kt:143	out-of-scope	ticket_plan.yaml:648-658	none mapped	unrepresented	out_of_scope_lexical_inventory		INFERRED exact-path scope; source not read
170	"lexical hit not semantically classified: ""previous attempt exceeded ${spec.timeout}"""	specs/.history/modular-fuzzing-epic/ticket-000-MF-012/results/specWorkflow-20260718-153853-c3144c6b/cleanup-failure-probe-test-graph/build-logic/src/main/kotlin/com/hayden/testgraphsdk/exec/PlanExecutor.kt:144	out-of-scope	ticket_plan.yaml:648-658	none mapped	unrepresented	out_of_scope_lexical_inventory		INFERRED exact-path scope; source not read
171	"lexical hit not semantically classified: *   0. executor reported a timeout → synthesize an ""errored"""	specs/.history/modular-fuzzing-epic/ticket-000-MF-012/results/specWorkflow-20260718-153853-c3144c6b/cleanup-failure-probe-test-graph/build-logic/src/main/kotlin/com/hayden/testgraphsdk/exec/PlanExecutor.kt:308	out-of-scope	ticket_plan.yaml:648-658	none mapped	unrepresented	out_of_scope_lexical_inventory		INFERRED exact-path scope; source not read
172	"lexical hit not semantically classified: ""node timed out after ${spec.timeout}$attemptsClause; "" +"	specs/.history/modular-fuzzing-epic/ticket-000-MF-012/results/specWorkflow-20260718-153853-c3144c6b/cleanup-failure-probe-test-graph/build-logic/src/main/kotlin/com/hayden/testgraphsdk/exec/PlanExecutor.kt:341	out-of-scope	ticket_plan.yaml:648-658	none mapped	unrepresented	out_of_scope_lexical_inventory		INFERRED exact-path scope; source not read
173	lexical hit not semantically classified: * Parses the `NodeSpec.timeout(...)` string into milliseconds.	specs/.history/modular-fuzzing-epic/ticket-000-MF-012/results/specWorkflow-20260718-153853-c3144c6b/cleanup-failure-probe-test-graph/build-logic/src/main/kotlin/com/hayden/testgraphsdk/exec/TimeoutParser.kt:4	out-of-scope	ticket_plan.yaml:648-658	none mapped	unrepresented	out_of_scope_lexical_inventory		INFERRED exact-path scope; source not read
174	"lexical hit not semantically classified: private String timeout = ""60s"";"	specs/.history/modular-fuzzing-epic/ticket-000-MF-012/results/specWorkflow-20260718-153853-c3144c6b/cleanup-failure-probe-test-graph/sdk/java/src/main/java/com/hayden/testgraphsdk/sdk/NodeSpec.java:30	out-of-scope	ticket_plan.yaml:648-658	none mapped	unrepresented	out_of_scope_lexical_inventory		INFERRED exact-path scope; source not read
175	lexical hit not semantically classified: public NodeSpec timeout(String v)                { this.timeout = v; return this; }	specs/.history/modular-fuzzing-epic/ticket-000-MF-012/results/specWorkflow-20260718-153853-c3144c6b/cleanup-failure-probe-test-graph/sdk/java/src/main/java/com/hayden/testgraphsdk/sdk/NodeSpec.java:48	out-of-scope	ticket_plan.yaml:648-658	none mapped	unrepresented	out_of_scope_lexical_inventory		INFERRED exact-path scope; source not read
176	lexical hit not semantically classified: * spawned node-process exceeds {@link #timeout(String)}. Default 0 —	specs/.history/modular-fuzzing-epic/ticket-000-MF-012/results/specWorkflow-20260718-153853-c3144c6b/cleanup-failure-probe-test-graph/sdk/java/src/main/java/com/hayden/testgraphsdk/sdk/NodeSpec.java:51	out-of-scope	ticket_plan.yaml:648-658	none mapped	unrepresented	out_of_scope_lexical_inventory		INFERRED exact-path scope; source not read
177	lexical hit not semantically classified: * fail fast on the first timeout. Anything {@code > 0} only kicks in	specs/.history/modular-fuzzing-epic/ticket-000-MF-012/results/specWorkflow-20260718-153853-c3144c6b/cleanup-failure-probe-test-graph/sdk/java/src/main/java/com/hayden/testgraphsdk/sdk/NodeSpec.java:52	out-of-scope	ticket_plan.yaml:648-658	none mapped	unrepresented	out_of_scope_lexical_inventory		INFERRED exact-path scope; source not read
178	lexical hit not semantically classified: * <p>Retries trigger only on a timeout outcome from the executor;	specs/.history/modular-fuzzing-epic/ticket-000-MF-012/results/specWorkflow-20260718-153853-c3144c6b/cleanup-failure-probe-test-graph/sdk/java/src/main/java/com/hayden/testgraphsdk/sdk/NodeSpec.java:57	out-of-scope	ticket_plan.yaml:648-658	none mapped	unrepresented	out_of_scope_lexical_inventory		INFERRED exact-path scope; source not read
179	lexical hit not semantically classified: * non-timeout exit code) is final on the first attempt.	specs/.history/modular-fuzzing-epic/ticket-000-MF-012/results/specWorkflow-20260718-153853-c3144c6b/cleanup-failure-probe-test-graph/sdk/java/src/main/java/com/hayden/testgraphsdk/sdk/NodeSpec.java:59	out-of-scope	ticket_plan.yaml:648-658	none mapped	unrepresented	out_of_scope_lexical_inventory		INFERRED exact-path scope; source not read
180	"lexical hit not semantically classified: out.put(""timeout"", timeout);"	specs/.history/modular-fuzzing-epic/ticket-000-MF-012/results/specWorkflow-20260718-153853-c3144c6b/cleanup-failure-probe-test-graph/sdk/java/src/main/java/com/hayden/testgraphsdk/sdk/NodeSpec.java:101	out-of-scope	ticket_plan.yaml:648-658	none mapped	unrepresented	out_of_scope_lexical_inventory		INFERRED exact-path scope; source not read
181	"lexical hit not semantically classified: def timeout(self, v: str) -> ""NodeSpec"":"	specs/.history/modular-fuzzing-epic/ticket-000-MF-012/results/specWorkflow-20260718-153853-c3144c6b/cleanup-failure-probe-test-graph/sdk/python/src/testgraphsdk/node_spec.py:48	out-of-scope	ticket_plan.yaml:648-658	none mapped	unrepresented	out_of_scope_lexical_inventory		INFERRED exact-path scope; source not read
182	"lexical hit not semantically classified: """"""Extra attempts the executor makes on a timeout outcome."	specs/.history/modular-fuzzing-epic/ticket-000-MF-012/results/specWorkflow-20260718-153853-c3144c6b/cleanup-failure-probe-test-graph/sdk/python/src/testgraphsdk/node_spec.py:53	out-of-scope	ticket_plan.yaml:648-658	none mapped	unrepresented	out_of_scope_lexical_inventory		INFERRED exact-path scope; source not read
183	lexical hit not semantically classified: Default 0 — fail fast on the first timeout. Only set ``> 0`` for	specs/.history/modular-fuzzing-epic/ticket-000-MF-012/results/specWorkflow-20260718-153853-c3144c6b/cleanup-failure-probe-test-graph/sdk/python/src/testgraphsdk/node_spec.py:55	out-of-scope	ticket_plan.yaml:648-658	none mapped	unrepresented	out_of_scope_lexical_inventory		INFERRED exact-path scope; source not read
184	lexical hit not semantically classified: orphaned state on retry. Triggers only on timeout, never on a	specs/.history/modular-fuzzing-epic/ticket-000-MF-012/results/specWorkflow-20260718-153853-c3144c6b/cleanup-failure-probe-test-graph/sdk/python/src/testgraphsdk/node_spec.py:58	out-of-scope	ticket_plan.yaml:648-658	none mapped	unrepresented	out_of_scope_lexical_inventory		INFERRED exact-path scope; source not read
185	"lexical hit not semantically classified: ""timeout"": self._timeout,"	specs/.history/modular-fuzzing-epic/ticket-000-MF-012/results/specWorkflow-20260718-153853-c3144c6b/cleanup-failure-probe-test-graph/sdk/python/src/testgraphsdk/node_spec.py:110	out-of-scope	ticket_plan.yaml:648-658	none mapped	unrepresented	out_of_scope_lexical_inventory		INFERRED exact-path scope; source not read
186	"lexical hit not semantically classified: .timeout(""30s"")"	specs/.history/modular-fuzzing-epic/ticket-000-MF-012/results/specWorkflow-20260718-153853-c3144c6b/cleanup-failure-probe-test-graph/sources/spec_workflow_cleanup.py:21	out-of-scope	ticket_plan.yaml:648-658	none mapped	unrepresented	out_of_scope_lexical_inventory		INFERRED exact-path scope; source not read
187	"lexical hit not semantically classified: .timeout(""60s"")"	specs/.history/modular-fuzzing-epic/ticket-000-MF-012/results/specWorkflow-20260718-153853-c3144c6b/cleanup-failure-probe-test-graph/sources/spec_workflow_close_ticket.py:23	out-of-scope	ticket_plan.yaml:648-658	none mapped	unrepresented	out_of_scope_lexical_inventory		INFERRED exact-path scope; source not read
188	"lexical hit not semantically classified: .timeout(""60s"")"	specs/.history/modular-fuzzing-epic/ticket-000-MF-012/results/specWorkflow-20260718-153853-c3144c6b/cleanup-failure-probe-test-graph/sources/spec_workflow_complete_ticket.py:20	out-of-scope	ticket_plan.yaml:648-658	none mapped	unrepresented	out_of_scope_lexical_inventory		INFERRED exact-path scope; source not read
189	"lexical hit not semantically classified: .timeout(""60s"")"	specs/.history/modular-fuzzing-epic/ticket-000-MF-012/results/specWorkflow-20260718-153853-c3144c6b/cleanup-failure-probe-test-graph/sources/spec_workflow_create_repo.py:21	out-of-scope	ticket_plan.yaml:648-658	none mapped	unrepresented	out_of_scope_lexical_inventory		INFERRED exact-path scope; source not read
190	"lexical hit not semantically classified: .timeout(""180s"")"	specs/.history/modular-fuzzing-epic/ticket-000-MF-012/results/specWorkflow-20260718-153853-c3144c6b/cleanup-failure-probe-test-graph/sources/spec_workflow_failure_cleanup_probe.py:23	out-of-scope	ticket_plan.yaml:648-658	none mapped	unrepresented	out_of_scope_lexical_inventory		INFERRED exact-path scope; source not read
191	"lexical hit not semantically classified: .timeout(""30s"")"	specs/.history/modular-fuzzing-epic/ticket-000-MF-012/results/specWorkflow-20260718-153853-c3144c6b/cleanup-failure-probe-test-graph/sources/spec_workflow_force_failure.py:20	out-of-scope	ticket_plan.yaml:648-658	none mapped	unrepresented	out_of_scope_lexical_inventory		INFERRED exact-path scope; source not read
192	"lexical hit not semantically classified: .timeout(""60s"")"	specs/.history/modular-fuzzing-epic/ticket-000-MF-012/results/specWorkflow-20260718-153853-c3144c6b/cleanup-failure-probe-test-graph/sources/spec_workflow_spec_units.py:20	out-of-scope	ticket_plan.yaml:648-658	none mapped	unrepresented	out_of_scope_lexical_inventory		INFERRED exact-path scope; source not read
193	"lexical hit not semantically classified: .timeout(""60s"")"	specs/.history/modular-fuzzing-epic/ticket-000-MF-012/results/specWorkflow-20260718-153853-c3144c6b/cleanup-failure-probe-test-graph/sources/spec_workflow_start_ticket.py:19	out-of-scope	ticket_plan.yaml:648-658	none mapped	unrepresented	out_of_scope_lexical_inventory		INFERRED exact-path scope; source not read
194	"lexical hit not semantically classified: .timeout(""60s"")"	specs/.history/modular-fuzzing-epic/ticket-000-MF-012/results/specWorkflow-20260718-153853-c3144c6b/cleanup-failure-probe-test-graph/sources/tla_spec_dev_cli_help.py:20	out-of-scope	ticket_plan.yaml:648-658	none mapped	unrepresented	out_of_scope_lexical_inventory		INFERRED exact-path scope; source not read
195	"lexical hit not semantically classified: .timeout(""60s"")"	specs/.history/modular-fuzzing-epic/ticket-000-MF-012/results/specWorkflow-20260718-153853-c3144c6b/cleanup-failure-probe-test-graph/sources/tla_spec_dev_cli_install.py:20	out-of-scope	ticket_plan.yaml:648-658	none mapped	unrepresented	out_of_scope_lexical_inventory		INFERRED exact-path scope; source not read
196	lexical hit not semantically classified: *     dependsOn/tags/timeout/etc on top of what the script self-declared).	specs/.history/modular-fuzzing-epic/ticket-000-MF-012/ticket/results/graph-reports/specWorkflow-20260718-153853-c3144c6b/cleanup-failure-probe-test-graph/build-logic/src/main/kotlin/com/hayden/testgraphsdk/GraphAssembler.kt:9	out-of-scope	ticket_plan.yaml:648-658	none mapped	unrepresented	out_of_scope_lexical_inventory		INFERRED exact-path scope; source not read
197	"lexical hit not semantically classified: timeout = MiniJson.str(root[""timeout""]) ?: ""60s"","	specs/.history/modular-fuzzing-epic/ticket-000-MF-012/ticket/results/graph-reports/specWorkflow-20260718-153853-c3144c6b/cleanup-failure-probe-test-graph/build-logic/src/main/kotlin/com/hayden/testgraphsdk/NodeDescribeLoader.kt:87	out-of-scope	ticket_plan.yaml:648-658	none mapped	unrepresented	out_of_scope_lexical_inventory		INFERRED exact-path scope; source not read
198	lexical hit not semantically classified: *   - Scalars (timeout, cacheable) — OVERRIDE if set here; otherwise keep script's.	specs/.history/modular-fuzzing-epic/ticket-000-MF-012/ticket/results/graph-reports/specWorkflow-20260718-153853-c3144c6b/cleanup-failure-probe-test-graph/build-logic/src/main/kotlin/com/hayden/testgraphsdk/TestGraphSpec.kt:13	out-of-scope	ticket_plan.yaml:648-658	none mapped	unrepresented	out_of_scope_lexical_inventory		INFERRED exact-path scope; source not read
199	lexical hit not semantically classified: fun timeout(v: String): NodeOverlay { timeoutOverride = v; return this }	specs/.history/modular-fuzzing-epic/ticket-000-MF-012/ticket/results/graph-reports/specWorkflow-20260718-153853-c3144c6b/cleanup-failure-probe-test-graph/build-logic/src/main/kotlin/com/hayden/testgraphsdk/TestGraphSpec.kt:30	out-of-scope	ticket_plan.yaml:648-658	none mapped	unrepresented	out_of_scope_lexical_inventory		INFERRED exact-path scope; source not read
200	lexical hit not semantically classified: timeout = timeoutOverride ?: spec.timeout,	specs/.history/modular-fuzzing-epic/ticket-000-MF-012/ticket/results/graph-reports/specWorkflow-20260718-153853-c3144c6b/cleanup-failure-probe-test-graph/build-logic/src/main/kotlin/com/hayden/testgraphsdk/TestGraphSpec.kt:39	out-of-scope	ticket_plan.yaml:648-658	none mapped	unrepresented	out_of_scope_lexical_inventory		INFERRED exact-path scope; source not read
201	lexical hit not semantically classified: *    deps/tags/timeout on top of what the script self-declares)	specs/.history/modular-fuzzing-epic/ticket-000-MF-012/ticket/results/graph-reports/specWorkflow-20260718-153853-c3144c6b/cleanup-failure-probe-test-graph/build-logic/src/main/kotlin/com/hayden/testgraphsdk/TestGraphSpec.kt:51	out-of-scope	ticket_plan.yaml:648-658	none mapped	unrepresented	out_of_scope_lexical_inventory		INFERRED exact-path scope; source not read
202	lexical hit not semantically classified: * `.dependsOn(...)`, `.tags(...)`, `.timeout(...)`, etc. on.	specs/.history/modular-fuzzing-epic/ticket-000-MF-012/ticket/results/graph-reports/specWorkflow-20260718-153853-c3144c6b/cleanup-failure-probe-test-graph/build-logic/src/main/kotlin/com/hayden/testgraphsdk/TestGraphSpec.kt:65	out-of-scope	ticket_plan.yaml:648-658	none mapped	unrepresented	out_of_scope_lexical_inventory		INFERRED exact-path scope; source not read
203	"lexical hit not semantically classified: val timeout: String = ""60s"","	specs/.history/modular-fuzzing-epic/ticket-000-MF-012/ticket/results/graph-reports/specWorkflow-20260718-153853-c3144c6b/cleanup-failure-probe-test-graph/build-logic/src/main/kotlin/com/hayden/testgraphsdk/ValidationNodeSpec.kt:16	out-of-scope	ticket_plan.yaml:648-658	none mapped	unrepresented	out_of_scope_lexical_inventory		INFERRED exact-path scope; source not read
204	"lexical hit not semantically classified: * exceeds its [timeout]. Default 0 means ""fail fast on first timeout""."	specs/.history/modular-fuzzing-epic/ticket-000-MF-012/ticket/results/graph-reports/specWorkflow-20260718-153853-c3144c6b/cleanup-failure-probe-test-graph/build-logic/src/main/kotlin/com/hayden/testgraphsdk/ValidationNodeSpec.kt:19	out-of-scope	ticket_plan.yaml:648-658	none mapped	unrepresented	out_of_scope_lexical_inventory		INFERRED exact-path scope; source not read
205	lexical hit not semantically classified: * Retries trigger ONLY on a timeout outcome — a body-returned	specs/.history/modular-fuzzing-epic/ticket-000-MF-012/ticket/results/graph-reports/specWorkflow-20260718-153853-c3144c6b/cleanup-failure-probe-test-graph/build-logic/src/main/kotlin/com/hayden/testgraphsdk/ValidationNodeSpec.kt:20	out-of-scope	ticket_plan.yaml:648-658	none mapped	unrepresented	out_of_scope_lexical_inventory		INFERRED exact-path scope; source not read
206	lexical hit not semantically classified: * timeout [retries], which are automatic executor attempts.	specs/.history/modular-fuzzing-epic/ticket-000-MF-012/ticket/results/graph-reports/specWorkflow-20260718-153853-c3144c6b/cleanup-failure-probe-test-graph/build-logic/src/main/kotlin/com/hayden/testgraphsdk/ValidationNodeSpec.kt:29	out-of-scope	ticket_plan.yaml:648-658	none mapped	unrepresented	out_of_scope_lexical_inventory		INFERRED exact-path scope; source not read
207	lexical hit not semantically classified: * [ValidationNodeSpec.timeout] by `PlanExecutor`. Executors enforce	specs/.history/modular-fuzzing-epic/ticket-000-MF-012/ticket/results/graph-reports/specWorkflow-20260718-153853-c3144c6b/cleanup-failure-probe-test-graph/build-logic/src/main/kotlin/com/hayden/testgraphsdk/exec/Executors.kt:41	out-of-scope	ticket_plan.yaml:648-658	none mapped	unrepresented	out_of_scope_lexical_inventory		INFERRED exact-path scope; source not read
208	lexical hit not semantically classified: * timeout is.	specs/.history/modular-fuzzing-epic/ticket-000-MF-012/ticket/results/graph-reports/specWorkflow-20260718-153853-c3144c6b/cleanup-failure-probe-test-graph/build-logic/src/main/kotlin/com/hayden/testgraphsdk/exec/Executors.kt:54	out-of-scope	ticket_plan.yaml:648-658	none mapped	unrepresented	out_of_scope_lexical_inventory		INFERRED exact-path scope; source not read
209	lexical hit not semantically classified: * by every concrete [ValidationExecutor] so the timeout-enforcement	specs/.history/modular-fuzzing-epic/ticket-000-MF-012/ticket/results/graph-reports/specWorkflow-20260718-153853-c3144c6b/cleanup-failure-probe-test-graph/build-logic/src/main/kotlin/com/hayden/testgraphsdk/exec/Executors.kt:91	out-of-scope	ticket_plan.yaml:648-658	none mapped	unrepresented	out_of_scope_lexical_inventory		INFERRED exact-path scope; source not read
210	lexical hit not semantically classified: val timeoutMillis = TimeoutParser.parseMillis(spec.timeout)	specs/.history/modular-fuzzing-epic/ticket-000-MF-012/ticket/results/graph-reports/specWorkflow-20260718-153853-c3144c6b/cleanup-failure-probe-test-graph/build-logic/src/main/kotlin/com/hayden/testgraphsdk/exec/PlanExecutor.kt:134	out-of-scope	ticket_plan.yaml:648-658	none mapped	unrepresented	out_of_scope_lexical_inventory		INFERRED exact-path scope; source not read
211	"lexical hit not semantically classified: ""    retry ${attempt - 1}/${spec.retries} after timeout — "" +"	specs/.history/modular-fuzzing-epic/ticket-000-MF-012/ticket/results/graph-reports/specWorkflow-20260718-153853-c3144c6b/cleanup-failure-probe-test-graph/build-logic/src/main/kotlin/com/hayden/testgraphsdk/exec/PlanExecutor.kt:143	out-of-scope	ticket_plan.yaml:648-658	none mapped	unrepresented	out_of_scope_lexical_inventory		INFERRED exact-path scope; source not read
212	"lexical hit not semantically classified: ""previous attempt exceeded ${spec.timeout}"""	specs/.history/modular-fuzzing-epic/ticket-000-MF-012/ticket/results/graph-reports/specWorkflow-20260718-153853-c3144c6b/cleanup-failure-probe-test-graph/build-logic/src/main/kotlin/com/hayden/testgraphsdk/exec/PlanExecutor.kt:144	out-of-scope	ticket_plan.yaml:648-658	none mapped	unrepresented	out_of_scope_lexical_inventory		INFERRED exact-path scope; source not read
213	"lexical hit not semantically classified: *   0. executor reported a timeout → synthesize an ""errored"""	specs/.history/modular-fuzzing-epic/ticket-000-MF-012/ticket/results/graph-reports/specWorkflow-20260718-153853-c3144c6b/cleanup-failure-probe-test-graph/build-logic/src/main/kotlin/com/hayden/testgraphsdk/exec/PlanExecutor.kt:308	out-of-scope	ticket_plan.yaml:648-658	none mapped	unrepresented	out_of_scope_lexical_inventory		INFERRED exact-path scope; source not read
214	"lexical hit not semantically classified: ""node timed out after ${spec.timeout}$attemptsClause; "" +"	specs/.history/modular-fuzzing-epic/ticket-000-MF-012/ticket/results/graph-reports/specWorkflow-20260718-153853-c3144c6b/cleanup-failure-probe-test-graph/build-logic/src/main/kotlin/com/hayden/testgraphsdk/exec/PlanExecutor.kt:341	out-of-scope	ticket_plan.yaml:648-658	none mapped	unrepresented	out_of_scope_lexical_inventory		INFERRED exact-path scope; source not read
215	lexical hit not semantically classified: * Parses the `NodeSpec.timeout(...)` string into milliseconds.	specs/.history/modular-fuzzing-epic/ticket-000-MF-012/ticket/results/graph-reports/specWorkflow-20260718-153853-c3144c6b/cleanup-failure-probe-test-graph/build-logic/src/main/kotlin/com/hayden/testgraphsdk/exec/TimeoutParser.kt:4	out-of-scope	ticket_plan.yaml:648-658	none mapped	unrepresented	out_of_scope_lexical_inventory		INFERRED exact-path scope; source not read
216	"lexical hit not semantically classified: private String timeout = ""60s"";"	specs/.history/modular-fuzzing-epic/ticket-000-MF-012/ticket/results/graph-reports/specWorkflow-20260718-153853-c3144c6b/cleanup-failure-probe-test-graph/sdk/java/src/main/java/com/hayden/testgraphsdk/sdk/NodeSpec.java:30	out-of-scope	ticket_plan.yaml:648-658	none mapped	unrepresented	out_of_scope_lexical_inventory		INFERRED exact-path scope; source not read
217	lexical hit not semantically classified: public NodeSpec timeout(String v)                { this.timeout = v; return this; }	specs/.history/modular-fuzzing-epic/ticket-000-MF-012/ticket/results/graph-reports/specWorkflow-20260718-153853-c3144c6b/cleanup-failure-probe-test-graph/sdk/java/src/main/java/com/hayden/testgraphsdk/sdk/NodeSpec.java:48	out-of-scope	ticket_plan.yaml:648-658	none mapped	unrepresented	out_of_scope_lexical_inventory		INFERRED exact-path scope; source not read
218	lexical hit not semantically classified: * spawned node-process exceeds {@link #timeout(String)}. Default 0 —	specs/.history/modular-fuzzing-epic/ticket-000-MF-012/ticket/results/graph-reports/specWorkflow-20260718-153853-c3144c6b/cleanup-failure-probe-test-graph/sdk/java/src/main/java/com/hayden/testgraphsdk/sdk/NodeSpec.java:51	out-of-scope	ticket_plan.yaml:648-658	none mapped	unrepresented	out_of_scope_lexical_inventory		INFERRED exact-path scope; source not read
219	lexical hit not semantically classified: * fail fast on the first timeout. Anything {@code > 0} only kicks in	specs/.history/modular-fuzzing-epic/ticket-000-MF-012/ticket/results/graph-reports/specWorkflow-20260718-153853-c3144c6b/cleanup-failure-probe-test-graph/sdk/java/src/main/java/com/hayden/testgraphsdk/sdk/NodeSpec.java:52	out-of-scope	ticket_plan.yaml:648-658	none mapped	unrepresented	out_of_scope_lexical_inventory		INFERRED exact-path scope; source not read
220	lexical hit not semantically classified: * <p>Retries trigger only on a timeout outcome from the executor;	specs/.history/modular-fuzzing-epic/ticket-000-MF-012/ticket/results/graph-reports/specWorkflow-20260718-153853-c3144c6b/cleanup-failure-probe-test-graph/sdk/java/src/main/java/com/hayden/testgraphsdk/sdk/NodeSpec.java:57	out-of-scope	ticket_plan.yaml:648-658	none mapped	unrepresented	out_of_scope_lexical_inventory		INFERRED exact-path scope; source not read
221	lexical hit not semantically classified: * non-timeout exit code) is final on the first attempt.	specs/.history/modular-fuzzing-epic/ticket-000-MF-012/ticket/results/graph-reports/specWorkflow-20260718-153853-c3144c6b/cleanup-failure-probe-test-graph/sdk/java/src/main/java/com/hayden/testgraphsdk/sdk/NodeSpec.java:59	out-of-scope	ticket_plan.yaml:648-658	none mapped	unrepresented	out_of_scope_lexical_inventory		INFERRED exact-path scope; source not read
222	"lexical hit not semantically classified: out.put(""timeout"", timeout);"	specs/.history/modular-fuzzing-epic/ticket-000-MF-012/ticket/results/graph-reports/specWorkflow-20260718-153853-c3144c6b/cleanup-failure-probe-test-graph/sdk/java/src/main/java/com/hayden/testgraphsdk/sdk/NodeSpec.java:101	out-of-scope	ticket_plan.yaml:648-658	none mapped	unrepresented	out_of_scope_lexical_inventory		INFERRED exact-path scope; source not read
223	"lexical hit not semantically classified: def timeout(self, v: str) -> ""NodeSpec"":"	specs/.history/modular-fuzzing-epic/ticket-000-MF-012/ticket/results/graph-reports/specWorkflow-20260718-153853-c3144c6b/cleanup-failure-probe-test-graph/sdk/python/src/testgraphsdk/node_spec.py:48	out-of-scope	ticket_plan.yaml:648-658	none mapped	unrepresented	out_of_scope_lexical_inventory		INFERRED exact-path scope; source not read
224	"lexical hit not semantically classified: """"""Extra attempts the executor makes on a timeout outcome."	specs/.history/modular-fuzzing-epic/ticket-000-MF-012/ticket/results/graph-reports/specWorkflow-20260718-153853-c3144c6b/cleanup-failure-probe-test-graph/sdk/python/src/testgraphsdk/node_spec.py:53	out-of-scope	ticket_plan.yaml:648-658	none mapped	unrepresented	out_of_scope_lexical_inventory		INFERRED exact-path scope; source not read
225	lexical hit not semantically classified: Default 0 — fail fast on the first timeout. Only set ``> 0`` for	specs/.history/modular-fuzzing-epic/ticket-000-MF-012/ticket/results/graph-reports/specWorkflow-20260718-153853-c3144c6b/cleanup-failure-probe-test-graph/sdk/python/src/testgraphsdk/node_spec.py:55	out-of-scope	ticket_plan.yaml:648-658	none mapped	unrepresented	out_of_scope_lexical_inventory		INFERRED exact-path scope; source not read
226	lexical hit not semantically classified: orphaned state on retry. Triggers only on timeout, never on a	specs/.history/modular-fuzzing-epic/ticket-000-MF-012/ticket/results/graph-reports/specWorkflow-20260718-153853-c3144c6b/cleanup-failure-probe-test-graph/sdk/python/src/testgraphsdk/node_spec.py:58	out-of-scope	ticket_plan.yaml:648-658	none mapped	unrepresented	out_of_scope_lexical_inventory		INFERRED exact-path scope; source not read
227	"lexical hit not semantically classified: ""timeout"": self._timeout,"	specs/.history/modular-fuzzing-epic/ticket-000-MF-012/ticket/results/graph-reports/specWorkflow-20260718-153853-c3144c6b/cleanup-failure-probe-test-graph/sdk/python/src/testgraphsdk/node_spec.py:110	out-of-scope	ticket_plan.yaml:648-658	none mapped	unrepresented	out_of_scope_lexical_inventory		INFERRED exact-path scope; source not read
228	"lexical hit not semantically classified: .timeout(""30s"")"	specs/.history/modular-fuzzing-epic/ticket-000-MF-012/ticket/results/graph-reports/specWorkflow-20260718-153853-c3144c6b/cleanup-failure-probe-test-graph/sources/spec_workflow_cleanup.py:21	out-of-scope	ticket_plan.yaml:648-658	none mapped	unrepresented	out_of_scope_lexical_inventory		INFERRED exact-path scope; source not read
229	"lexical hit not semantically classified: .timeout(""60s"")"	specs/.history/modular-fuzzing-epic/ticket-000-MF-012/ticket/results/graph-reports/specWorkflow-20260718-153853-c3144c6b/cleanup-failure-probe-test-graph/sources/spec_workflow_close_ticket.py:23	out-of-scope	ticket_plan.yaml:648-658	none mapped	unrepresented	out_of_scope_lexical_inventory		INFERRED exact-path scope; source not read
230	"lexical hit not semantically classified: .timeout(""60s"")"	specs/.history/modular-fuzzing-epic/ticket-000-MF-012/ticket/results/graph-reports/specWorkflow-20260718-153853-c3144c6b/cleanup-failure-probe-test-graph/sources/spec_workflow_complete_ticket.py:20	out-of-scope	ticket_plan.yaml:648-658	none mapped	unrepresented	out_of_scope_lexical_inventory		INFERRED exact-path scope; source not read
231	"lexical hit not semantically classified: .timeout(""60s"")"	specs/.history/modular-fuzzing-epic/ticket-000-MF-012/ticket/results/graph-reports/specWorkflow-20260718-153853-c3144c6b/cleanup-failure-probe-test-graph/sources/spec_workflow_create_repo.py:21	out-of-scope	ticket_plan.yaml:648-658	none mapped	unrepresented	out_of_scope_lexical_inventory		INFERRED exact-path scope; source not read
232	"lexical hit not semantically classified: .timeout(""180s"")"	specs/.history/modular-fuzzing-epic/ticket-000-MF-012/ticket/results/graph-reports/specWorkflow-20260718-153853-c3144c6b/cleanup-failure-probe-test-graph/sources/spec_workflow_failure_cleanup_probe.py:23	out-of-scope	ticket_plan.yaml:648-658	none mapped	unrepresented	out_of_scope_lexical_inventory		INFERRED exact-path scope; source not read
233	"lexical hit not semantically classified: .timeout(""30s"")"	specs/.history/modular-fuzzing-epic/ticket-000-MF-012/ticket/results/graph-reports/specWorkflow-20260718-153853-c3144c6b/cleanup-failure-probe-test-graph/sources/spec_workflow_force_failure.py:20	out-of-scope	ticket_plan.yaml:648-658	none mapped	unrepresented	out_of_scope_lexical_inventory		INFERRED exact-path scope; source not read
234	"lexical hit not semantically classified: .timeout(""60s"")"	specs/.history/modular-fuzzing-epic/ticket-000-MF-012/ticket/results/graph-reports/specWorkflow-20260718-153853-c3144c6b/cleanup-failure-probe-test-graph/sources/spec_workflow_spec_units.py:20	out-of-scope	ticket_plan.yaml:648-658	none mapped	unrepresented	out_of_scope_lexical_inventory		INFERRED exact-path scope; source not read
235	"lexical hit not semantically classified: .timeout(""60s"")"	specs/.history/modular-fuzzing-epic/ticket-000-MF-012/ticket/results/graph-reports/specWorkflow-20260718-153853-c3144c6b/cleanup-failure-probe-test-graph/sources/spec_workflow_start_ticket.py:19	out-of-scope	ticket_plan.yaml:648-658	none mapped	unrepresented	out_of_scope_lexical_inventory		INFERRED exact-path scope; source not read
236	"lexical hit not semantically classified: .timeout(""60s"")"	specs/.history/modular-fuzzing-epic/ticket-000-MF-012/ticket/results/graph-reports/specWorkflow-20260718-153853-c3144c6b/cleanup-failure-probe-test-graph/sources/tla_spec_dev_cli_help.py:20	out-of-scope	ticket_plan.yaml:648-658	none mapped	unrepresented	out_of_scope_lexical_inventory		INFERRED exact-path scope; source not read
237	"lexical hit not semantically classified: .timeout(""60s"")"	specs/.history/modular-fuzzing-epic/ticket-000-MF-012/ticket/results/graph-reports/specWorkflow-20260718-153853-c3144c6b/cleanup-failure-probe-test-graph/sources/tla_spec_dev_cli_install.py:20	out-of-scope	ticket_plan.yaml:648-658	none mapped	unrepresented	out_of_scope_lexical_inventory		INFERRED exact-path scope; source not read
238	lexical hit not semantically classified: *     dependsOn/tags/timeout/etc on top of what the script self-declared).	specs/.history/modular-fuzzing-epic/ticket-002-MF-021/ticket/results/testgraph-specWorkflow/cleanup-failure-probe-test-graph/build-logic/src/main/kotlin/com/hayden/testgraphsdk/GraphAssembler.kt:9	out-of-scope	ticket_plan.yaml:648-658	none mapped	unrepresented	out_of_scope_lexical_inventory		INFERRED exact-path scope; source not read
239	"lexical hit not semantically classified: timeout = MiniJson.str(root[""timeout""]) ?: ""60s"","	specs/.history/modular-fuzzing-epic/ticket-002-MF-021/ticket/results/testgraph-specWorkflow/cleanup-failure-probe-test-graph/build-logic/src/main/kotlin/com/hayden/testgraphsdk/NodeDescribeLoader.kt:87	out-of-scope	ticket_plan.yaml:648-658	none mapped	unrepresented	out_of_scope_lexical_inventory		INFERRED exact-path scope; source not read
240	lexical hit not semantically classified: *   - Scalars (timeout, cacheable) — OVERRIDE if set here; otherwise keep script's.	specs/.history/modular-fuzzing-epic/ticket-002-MF-021/ticket/results/testgraph-specWorkflow/cleanup-failure-probe-test-graph/build-logic/src/main/kotlin/com/hayden/testgraphsdk/TestGraphSpec.kt:13	out-of-scope	ticket_plan.yaml:648-658	none mapped	unrepresented	out_of_scope_lexical_inventory		INFERRED exact-path scope; source not read
241	lexical hit not semantically classified: fun timeout(v: String): NodeOverlay { timeoutOverride = v; return this }	specs/.history/modular-fuzzing-epic/ticket-002-MF-021/ticket/results/testgraph-specWorkflow/cleanup-failure-probe-test-graph/build-logic/src/main/kotlin/com/hayden/testgraphsdk/TestGraphSpec.kt:30	out-of-scope	ticket_plan.yaml:648-658	none mapped	unrepresented	out_of_scope_lexical_inventory		INFERRED exact-path scope; source not read
242	lexical hit not semantically classified: timeout = timeoutOverride ?: spec.timeout,	specs/.history/modular-fuzzing-epic/ticket-002-MF-021/ticket/results/testgraph-specWorkflow/cleanup-failure-probe-test-graph/build-logic/src/main/kotlin/com/hayden/testgraphsdk/TestGraphSpec.kt:39	out-of-scope	ticket_plan.yaml:648-658	none mapped	unrepresented	out_of_scope_lexical_inventory		INFERRED exact-path scope; source not read
243	lexical hit not semantically classified: *    deps/tags/timeout on top of what the script self-declares)	specs/.history/modular-fuzzing-epic/ticket-002-MF-021/ticket/results/testgraph-specWorkflow/cleanup-failure-probe-test-graph/build-logic/src/main/kotlin/com/hayden/testgraphsdk/TestGraphSpec.kt:51	out-of-scope	ticket_plan.yaml:648-658	none mapped	unrepresented	out_of_scope_lexical_inventory		INFERRED exact-path scope; source not read
244	lexical hit not semantically classified: * `.dependsOn(...)`, `.tags(...)`, `.timeout(...)`, etc. on.	specs/.history/modular-fuzzing-epic/ticket-002-MF-021/ticket/results/testgraph-specWorkflow/cleanup-failure-probe-test-graph/build-logic/src/main/kotlin/com/hayden/testgraphsdk/TestGraphSpec.kt:65	out-of-scope	ticket_plan.yaml:648-658	none mapped	unrepresented	out_of_scope_lexical_inventory		INFERRED exact-path scope; source not read
245	"lexical hit not semantically classified: val timeout: String = ""60s"","	specs/.history/modular-fuzzing-epic/ticket-002-MF-021/ticket/results/testgraph-specWorkflow/cleanup-failure-probe-test-graph/build-logic/src/main/kotlin/com/hayden/testgraphsdk/ValidationNodeSpec.kt:16	out-of-scope	ticket_plan.yaml:648-658	none mapped	unrepresented	out_of_scope_lexical_inventory		INFERRED exact-path scope; source not read
246	"lexical hit not semantically classified: * exceeds its [timeout]. Default 0 means ""fail fast on first timeout""."	specs/.history/modular-fuzzing-epic/ticket-002-MF-021/ticket/results/testgraph-specWorkflow/cleanup-failure-probe-test-graph/build-logic/src/main/kotlin/com/hayden/testgraphsdk/ValidationNodeSpec.kt:19	out-of-scope	ticket_plan.yaml:648-658	none mapped	unrepresented	out_of_scope_lexical_inventory		INFERRED exact-path scope; source not read
247	lexical hit not semantically classified: * Retries trigger ONLY on a timeout outcome — a body-returned	specs/.history/modular-fuzzing-epic/ticket-002-MF-021/ticket/results/testgraph-specWorkflow/cleanup-failure-probe-test-graph/build-logic/src/main/kotlin/com/hayden/testgraphsdk/ValidationNodeSpec.kt:20	out-of-scope	ticket_plan.yaml:648-658	none mapped	unrepresented	out_of_scope_lexical_inventory		INFERRED exact-path scope; source not read
248	lexical hit not semantically classified: * timeout [retries], which are automatic executor attempts.	specs/.history/modular-fuzzing-epic/ticket-002-MF-021/ticket/results/testgraph-specWorkflow/cleanup-failure-probe-test-graph/build-logic/src/main/kotlin/com/hayden/testgraphsdk/ValidationNodeSpec.kt:29	out-of-scope	ticket_plan.yaml:648-658	none mapped	unrepresented	out_of_scope_lexical_inventory		INFERRED exact-path scope; source not read
249	lexical hit not semantically classified: * [ValidationNodeSpec.timeout] by `PlanExecutor`. Executors enforce	specs/.history/modular-fuzzing-epic/ticket-002-MF-021/ticket/results/testgraph-specWorkflow/cleanup-failure-probe-test-graph/build-logic/src/main/kotlin/com/hayden/testgraphsdk/exec/Executors.kt:41	out-of-scope	ticket_plan.yaml:648-658	none mapped	unrepresented	out_of_scope_lexical_inventory		INFERRED exact-path scope; source not read
250	lexical hit not semantically classified: * timeout is.	specs/.history/modular-fuzzing-epic/ticket-002-MF-021/ticket/results/testgraph-specWorkflow/cleanup-failure-probe-test-graph/build-logic/src/main/kotlin/com/hayden/testgraphsdk/exec/Executors.kt:54	out-of-scope	ticket_plan.yaml:648-658	none mapped	unrepresented	out_of_scope_lexical_inventory		INFERRED exact-path scope; source not read
251	lexical hit not semantically classified: * by every concrete [ValidationExecutor] so the timeout-enforcement	specs/.history/modular-fuzzing-epic/ticket-002-MF-021/ticket/results/testgraph-specWorkflow/cleanup-failure-probe-test-graph/build-logic/src/main/kotlin/com/hayden/testgraphsdk/exec/Executors.kt:91	out-of-scope	ticket_plan.yaml:648-658	none mapped	unrepresented	out_of_scope_lexical_inventory		INFERRED exact-path scope; source not read
252	lexical hit not semantically classified: val timeoutMillis = TimeoutParser.parseMillis(spec.timeout)	specs/.history/modular-fuzzing-epic/ticket-002-MF-021/ticket/results/testgraph-specWorkflow/cleanup-failure-probe-test-graph/build-logic/src/main/kotlin/com/hayden/testgraphsdk/exec/PlanExecutor.kt:134	out-of-scope	ticket_plan.yaml:648-658	none mapped	unrepresented	out_of_scope_lexical_inventory		INFERRED exact-path scope; source not read
253	"lexical hit not semantically classified: ""    retry ${attempt - 1}/${spec.retries} after timeout — "" +"	specs/.history/modular-fuzzing-epic/ticket-002-MF-021/ticket/results/testgraph-specWorkflow/cleanup-failure-probe-test-graph/build-logic/src/main/kotlin/com/hayden/testgraphsdk/exec/PlanExecutor.kt:143	out-of-scope	ticket_plan.yaml:648-658	none mapped	unrepresented	out_of_scope_lexical_inventory		INFERRED exact-path scope; source not read
254	"lexical hit not semantically classified: ""previous attempt exceeded ${spec.timeout}"""	specs/.history/modular-fuzzing-epic/ticket-002-MF-021/ticket/results/testgraph-specWorkflow/cleanup-failure-probe-test-graph/build-logic/src/main/kotlin/com/hayden/testgraphsdk/exec/PlanExecutor.kt:144	out-of-scope	ticket_plan.yaml:648-658	none mapped	unrepresented	out_of_scope_lexical_inventory		INFERRED exact-path scope; source not read
255	"lexical hit not semantically classified: *   0. executor reported a timeout → synthesize an ""errored"""	specs/.history/modular-fuzzing-epic/ticket-002-MF-021/ticket/results/testgraph-specWorkflow/cleanup-failure-probe-test-graph/build-logic/src/main/kotlin/com/hayden/testgraphsdk/exec/PlanExecutor.kt:308	out-of-scope	ticket_plan.yaml:648-658	none mapped	unrepresented	out_of_scope_lexical_inventory		INFERRED exact-path scope; source not read
256	"lexical hit not semantically classified: ""node timed out after ${spec.timeout}$attemptsClause; "" +"	specs/.history/modular-fuzzing-epic/ticket-002-MF-021/ticket/results/testgraph-specWorkflow/cleanup-failure-probe-test-graph/build-logic/src/main/kotlin/com/hayden/testgraphsdk/exec/PlanExecutor.kt:341	out-of-scope	ticket_plan.yaml:648-658	none mapped	unrepresented	out_of_scope_lexical_inventory		INFERRED exact-path scope; source not read
257	lexical hit not semantically classified: * Parses the `NodeSpec.timeout(...)` string into milliseconds.	specs/.history/modular-fuzzing-epic/ticket-002-MF-021/ticket/results/testgraph-specWorkflow/cleanup-failure-probe-test-graph/build-logic/src/main/kotlin/com/hayden/testgraphsdk/exec/TimeoutParser.kt:4	out-of-scope	ticket_plan.yaml:648-658	none mapped	unrepresented	out_of_scope_lexical_inventory		INFERRED exact-path scope; source not read
258	"lexical hit not semantically classified: private String timeout = ""60s"";"	specs/.history/modular-fuzzing-epic/ticket-002-MF-021/ticket/results/testgraph-specWorkflow/cleanup-failure-probe-test-graph/sdk/java/src/main/java/com/hayden/testgraphsdk/sdk/NodeSpec.java:30	out-of-scope	ticket_plan.yaml:648-658	none mapped	unrepresented	out_of_scope_lexical_inventory		INFERRED exact-path scope; source not read
259	lexical hit not semantically classified: public NodeSpec timeout(String v)                { this.timeout = v; return this; }	specs/.history/modular-fuzzing-epic/ticket-002-MF-021/ticket/results/testgraph-specWorkflow/cleanup-failure-probe-test-graph/sdk/java/src/main/java/com/hayden/testgraphsdk/sdk/NodeSpec.java:48	out-of-scope	ticket_plan.yaml:648-658	none mapped	unrepresented	out_of_scope_lexical_inventory		INFERRED exact-path scope; source not read
260	lexical hit not semantically classified: * spawned node-process exceeds {@link #timeout(String)}. Default 0 —	specs/.history/modular-fuzzing-epic/ticket-002-MF-021/ticket/results/testgraph-specWorkflow/cleanup-failure-probe-test-graph/sdk/java/src/main/java/com/hayden/testgraphsdk/sdk/NodeSpec.java:51	out-of-scope	ticket_plan.yaml:648-658	none mapped	unrepresented	out_of_scope_lexical_inventory		INFERRED exact-path scope; source not read
261	lexical hit not semantically classified: * fail fast on the first timeout. Anything {@code > 0} only kicks in	specs/.history/modular-fuzzing-epic/ticket-002-MF-021/ticket/results/testgraph-specWorkflow/cleanup-failure-probe-test-graph/sdk/java/src/main/java/com/hayden/testgraphsdk/sdk/NodeSpec.java:52	out-of-scope	ticket_plan.yaml:648-658	none mapped	unrepresented	out_of_scope_lexical_inventory		INFERRED exact-path scope; source not read
262	lexical hit not semantically classified: * <p>Retries trigger only on a timeout outcome from the executor;	specs/.history/modular-fuzzing-epic/ticket-002-MF-021/ticket/results/testgraph-specWorkflow/cleanup-failure-probe-test-graph/sdk/java/src/main/java/com/hayden/testgraphsdk/sdk/NodeSpec.java:57	out-of-scope	ticket_plan.yaml:648-658	none mapped	unrepresented	out_of_scope_lexical_inventory		INFERRED exact-path scope; source not read
263	lexical hit not semantically classified: * non-timeout exit code) is final on the first attempt.	specs/.history/modular-fuzzing-epic/ticket-002-MF-021/ticket/results/testgraph-specWorkflow/cleanup-failure-probe-test-graph/sdk/java/src/main/java/com/hayden/testgraphsdk/sdk/NodeSpec.java:59	out-of-scope	ticket_plan.yaml:648-658	none mapped	unrepresented	out_of_scope_lexical_inventory		INFERRED exact-path scope; source not read
264	"lexical hit not semantically classified: out.put(""timeout"", timeout);"	specs/.history/modular-fuzzing-epic/ticket-002-MF-021/ticket/results/testgraph-specWorkflow/cleanup-failure-probe-test-graph/sdk/java/src/main/java/com/hayden/testgraphsdk/sdk/NodeSpec.java:101	out-of-scope	ticket_plan.yaml:648-658	none mapped	unrepresented	out_of_scope_lexical_inventory		INFERRED exact-path scope; source not read
265	"lexical hit not semantically classified: def timeout(self, v: str) -> ""NodeSpec"":"	specs/.history/modular-fuzzing-epic/ticket-002-MF-021/ticket/results/testgraph-specWorkflow/cleanup-failure-probe-test-graph/sdk/python/src/testgraphsdk/node_spec.py:48	out-of-scope	ticket_plan.yaml:648-658	none mapped	unrepresented	out_of_scope_lexical_inventory		INFERRED exact-path scope; source not read
266	"lexical hit not semantically classified: """"""Extra attempts the executor makes on a timeout outcome."	specs/.history/modular-fuzzing-epic/ticket-002-MF-021/ticket/results/testgraph-specWorkflow/cleanup-failure-probe-test-graph/sdk/python/src/testgraphsdk/node_spec.py:53	out-of-scope	ticket_plan.yaml:648-658	none mapped	unrepresented	out_of_scope_lexical_inventory		INFERRED exact-path scope; source not read
267	lexical hit not semantically classified: Default 0 — fail fast on the first timeout. Only set ``> 0`` for	specs/.history/modular-fuzzing-epic/ticket-002-MF-021/ticket/results/testgraph-specWorkflow/cleanup-failure-probe-test-graph/sdk/python/src/testgraphsdk/node_spec.py:55	out-of-scope	ticket_plan.yaml:648-658	none mapped	unrepresented	out_of_scope_lexical_inventory		INFERRED exact-path scope; source not read
268	lexical hit not semantically classified: orphaned state on retry. Triggers only on timeout, never on a	specs/.history/modular-fuzzing-epic/ticket-002-MF-021/ticket/results/testgraph-specWorkflow/cleanup-failure-probe-test-graph/sdk/python/src/testgraphsdk/node_spec.py:58	out-of-scope	ticket_plan.yaml:648-658	none mapped	unrepresented	out_of_scope_lexical_inventory		INFERRED exact-path scope; source not read
269	"lexical hit not semantically classified: ""timeout"": self._timeout,"	specs/.history/modular-fuzzing-epic/ticket-002-MF-021/ticket/results/testgraph-specWorkflow/cleanup-failure-probe-test-graph/sdk/python/src/testgraphsdk/node_spec.py:110	out-of-scope	ticket_plan.yaml:648-658	none mapped	unrepresented	out_of_scope_lexical_inventory		INFERRED exact-path scope; source not read
270	"lexical hit not semantically classified: .timeout(""30s"")"	specs/.history/modular-fuzzing-epic/ticket-002-MF-021/ticket/results/testgraph-specWorkflow/cleanup-failure-probe-test-graph/sources/spec_workflow_cleanup.py:21	out-of-scope	ticket_plan.yaml:648-658	none mapped	unrepresented	out_of_scope_lexical_inventory		INFERRED exact-path scope; source not read
271	"lexical hit not semantically classified: .timeout(""60s"")"	specs/.history/modular-fuzzing-epic/ticket-002-MF-021/ticket/results/testgraph-specWorkflow/cleanup-failure-probe-test-graph/sources/spec_workflow_close_ticket.py:23	out-of-scope	ticket_plan.yaml:648-658	none mapped	unrepresented	out_of_scope_lexical_inventory		INFERRED exact-path scope; source not read
272	"lexical hit not semantically classified: .timeout(""60s"")"	specs/.history/modular-fuzzing-epic/ticket-002-MF-021/ticket/results/testgraph-specWorkflow/cleanup-failure-probe-test-graph/sources/spec_workflow_complete_ticket.py:20	out-of-scope	ticket_plan.yaml:648-658	none mapped	unrepresented	out_of_scope_lexical_inventory		INFERRED exact-path scope; source not read
273	"lexical hit not semantically classified: .timeout(""60s"")"	specs/.history/modular-fuzzing-epic/ticket-002-MF-021/ticket/results/testgraph-specWorkflow/cleanup-failure-probe-test-graph/sources/spec_workflow_create_repo.py:21	out-of-scope	ticket_plan.yaml:648-658	none mapped	unrepresented	out_of_scope_lexical_inventory		INFERRED exact-path scope; source not read
274	"lexical hit not semantically classified: .timeout(""180s"")"	specs/.history/modular-fuzzing-epic/ticket-002-MF-021/ticket/results/testgraph-specWorkflow/cleanup-failure-probe-test-graph/sources/spec_workflow_failure_cleanup_probe.py:23	out-of-scope	ticket_plan.yaml:648-658	none mapped	unrepresented	out_of_scope_lexical_inventory		INFERRED exact-path scope; source not read
275	"lexical hit not semantically classified: .timeout(""30s"")"	specs/.history/modular-fuzzing-epic/ticket-002-MF-021/ticket/results/testgraph-specWorkflow/cleanup-failure-probe-test-graph/sources/spec_workflow_force_failure.py:20	out-of-scope	ticket_plan.yaml:648-658	none mapped	unrepresented	out_of_scope_lexical_inventory		INFERRED exact-path scope; source not read
276	"lexical hit not semantically classified: .timeout(""60s"")"	specs/.history/modular-fuzzing-epic/ticket-002-MF-021/ticket/results/testgraph-specWorkflow/cleanup-failure-probe-test-graph/sources/spec_workflow_spec_units.py:20	out-of-scope	ticket_plan.yaml:648-658	none mapped	unrepresented	out_of_scope_lexical_inventory		INFERRED exact-path scope; source not read
277	"lexical hit not semantically classified: .timeout(""60s"")"	specs/.history/modular-fuzzing-epic/ticket-002-MF-021/ticket/results/testgraph-specWorkflow/cleanup-failure-probe-test-graph/sources/spec_workflow_start_ticket.py:19	out-of-scope	ticket_plan.yaml:648-658	none mapped	unrepresented	out_of_scope_lexical_inventory		INFERRED exact-path scope; source not read
278	"lexical hit not semantically classified: .timeout(""60s"")"	specs/.history/modular-fuzzing-epic/ticket-002-MF-021/ticket/results/testgraph-specWorkflow/cleanup-failure-probe-test-graph/sources/tla_spec_dev_cli_help.py:20	out-of-scope	ticket_plan.yaml:648-658	none mapped	unrepresented	out_of_scope_lexical_inventory		INFERRED exact-path scope; source not read
279	"lexical hit not semantically classified: .timeout(""60s"")"	specs/.history/modular-fuzzing-epic/ticket-002-MF-021/ticket/results/testgraph-specWorkflow/cleanup-failure-probe-test-graph/sources/tla_spec_dev_cli_install.py:20	out-of-scope	ticket_plan.yaml:648-658	none mapped	unrepresented	out_of_scope_lexical_inventory		INFERRED exact-path scope; source not read
280	lexical hit not semantically classified: *     dependsOn/tags/timeout/etc on top of what the script self-declared).	specs/.history/modular-fuzzing-epic/ticket-003-MF-011/results/testgraph-specWorkflow/cleanup-failure-probe-test-graph/build-logic/src/main/kotlin/com/hayden/testgraphsdk/GraphAssembler.kt:9	out-of-scope	ticket_plan.yaml:648-658	none mapped	unrepresented	out_of_scope_lexical_inventory		INFERRED exact-path scope; source not read
281	"lexical hit not semantically classified: timeout = MiniJson.str(root[""timeout""]) ?: ""60s"","	specs/.history/modular-fuzzing-epic/ticket-003-MF-011/results/testgraph-specWorkflow/cleanup-failure-probe-test-graph/build-logic/src/main/kotlin/com/hayden/testgraphsdk/NodeDescribeLoader.kt:87	out-of-scope	ticket_plan.yaml:648-658	none mapped	unrepresented	out_of_scope_lexical_inventory		INFERRED exact-path scope; source not read
282	lexical hit not semantically classified: *   - Scalars (timeout, cacheable) — OVERRIDE if set here; otherwise keep script's.	specs/.history/modular-fuzzing-epic/ticket-003-MF-011/results/testgraph-specWorkflow/cleanup-failure-probe-test-graph/build-logic/src/main/kotlin/com/hayden/testgraphsdk/TestGraphSpec.kt:13	out-of-scope	ticket_plan.yaml:648-658	none mapped	unrepresented	out_of_scope_lexical_inventory		INFERRED exact-path scope; source not read
283	lexical hit not semantically classified: fun timeout(v: String): NodeOverlay { timeoutOverride = v; return this }	specs/.history/modular-fuzzing-epic/ticket-003-MF-011/results/testgraph-specWorkflow/cleanup-failure-probe-test-graph/build-logic/src/main/kotlin/com/hayden/testgraphsdk/TestGraphSpec.kt:30	out-of-scope	ticket_plan.yaml:648-658	none mapped	unrepresented	out_of_scope_lexical_inventory		INFERRED exact-path scope; source not read
284	lexical hit not semantically classified: timeout = timeoutOverride ?: spec.timeout,	specs/.history/modular-fuzzing-epic/ticket-003-MF-011/results/testgraph-specWorkflow/cleanup-failure-probe-test-graph/build-logic/src/main/kotlin/com/hayden/testgraphsdk/TestGraphSpec.kt:39	out-of-scope	ticket_plan.yaml:648-658	none mapped	unrepresented	out_of_scope_lexical_inventory		INFERRED exact-path scope; source not read
285	lexical hit not semantically classified: *    deps/tags/timeout on top of what the script self-declares)	specs/.history/modular-fuzzing-epic/ticket-003-MF-011/results/testgraph-specWorkflow/cleanup-failure-probe-test-graph/build-logic/src/main/kotlin/com/hayden/testgraphsdk/TestGraphSpec.kt:51	out-of-scope	ticket_plan.yaml:648-658	none mapped	unrepresented	out_of_scope_lexical_inventory		INFERRED exact-path scope; source not read
286	lexical hit not semantically classified: * `.dependsOn(...)`, `.tags(...)`, `.timeout(...)`, etc. on.	specs/.history/modular-fuzzing-epic/ticket-003-MF-011/results/testgraph-specWorkflow/cleanup-failure-probe-test-graph/build-logic/src/main/kotlin/com/hayden/testgraphsdk/TestGraphSpec.kt:65	out-of-scope	ticket_plan.yaml:648-658	none mapped	unrepresented	out_of_scope_lexical_inventory		INFERRED exact-path scope; source not read
287	"lexical hit not semantically classified: val timeout: String = ""60s"","	specs/.history/modular-fuzzing-epic/ticket-003-MF-011/results/testgraph-specWorkflow/cleanup-failure-probe-test-graph/build-logic/src/main/kotlin/com/hayden/testgraphsdk/ValidationNodeSpec.kt:16	out-of-scope	ticket_plan.yaml:648-658	none mapped	unrepresented	out_of_scope_lexical_inventory		INFERRED exact-path scope; source not read
288	"lexical hit not semantically classified: * exceeds its [timeout]. Default 0 means ""fail fast on first timeout""."	specs/.history/modular-fuzzing-epic/ticket-003-MF-011/results/testgraph-specWorkflow/cleanup-failure-probe-test-graph/build-logic/src/main/kotlin/com/hayden/testgraphsdk/ValidationNodeSpec.kt:19	out-of-scope	ticket_plan.yaml:648-658	none mapped	unrepresented	out_of_scope_lexical_inventory		INFERRED exact-path scope; source not read
289	lexical hit not semantically classified: * Retries trigger ONLY on a timeout outcome — a body-returned	specs/.history/modular-fuzzing-epic/ticket-003-MF-011/results/testgraph-specWorkflow/cleanup-failure-probe-test-graph/build-logic/src/main/kotlin/com/hayden/testgraphsdk/ValidationNodeSpec.kt:20	out-of-scope	ticket_plan.yaml:648-658	none mapped	unrepresented	out_of_scope_lexical_inventory		INFERRED exact-path scope; source not read
290	lexical hit not semantically classified: * timeout [retries], which are automatic executor attempts.	specs/.history/modular-fuzzing-epic/ticket-003-MF-011/results/testgraph-specWorkflow/cleanup-failure-probe-test-graph/build-logic/src/main/kotlin/com/hayden/testgraphsdk/ValidationNodeSpec.kt:29	out-of-scope	ticket_plan.yaml:648-658	none mapped	unrepresented	out_of_scope_lexical_inventory		INFERRED exact-path scope; source not read
291	lexical hit not semantically classified: * [ValidationNodeSpec.timeout] by `PlanExecutor`. Executors enforce	specs/.history/modular-fuzzing-epic/ticket-003-MF-011/results/testgraph-specWorkflow/cleanup-failure-probe-test-graph/build-logic/src/main/kotlin/com/hayden/testgraphsdk/exec/Executors.kt:41	out-of-scope	ticket_plan.yaml:648-658	none mapped	unrepresented	out_of_scope_lexical_inventory		INFERRED exact-path scope; source not read
292	lexical hit not semantically classified: * timeout is.	specs/.history/modular-fuzzing-epic/ticket-003-MF-011/results/testgraph-specWorkflow/cleanup-failure-probe-test-graph/build-logic/src/main/kotlin/com/hayden/testgraphsdk/exec/Executors.kt:54	out-of-scope	ticket_plan.yaml:648-658	none mapped	unrepresented	out_of_scope_lexical_inventory		INFERRED exact-path scope; source not read
293	lexical hit not semantically classified: * by every concrete [ValidationExecutor] so the timeout-enforcement	specs/.history/modular-fuzzing-epic/ticket-003-MF-011/results/testgraph-specWorkflow/cleanup-failure-probe-test-graph/build-logic/src/main/kotlin/com/hayden/testgraphsdk/exec/Executors.kt:91	out-of-scope	ticket_plan.yaml:648-658	none mapped	unrepresented	out_of_scope_lexical_inventory		INFERRED exact-path scope; source not read
294	lexical hit not semantically classified: val timeoutMillis = TimeoutParser.parseMillis(spec.timeout)	specs/.history/modular-fuzzing-epic/ticket-003-MF-011/results/testgraph-specWorkflow/cleanup-failure-probe-test-graph/build-logic/src/main/kotlin/com/hayden/testgraphsdk/exec/PlanExecutor.kt:134	out-of-scope	ticket_plan.yaml:648-658	none mapped	unrepresented	out_of_scope_lexical_inventory		INFERRED exact-path scope; source not read
295	"lexical hit not semantically classified: ""    retry ${attempt - 1}/${spec.retries} after timeout — "" +"	specs/.history/modular-fuzzing-epic/ticket-003-MF-011/results/testgraph-specWorkflow/cleanup-failure-probe-test-graph/build-logic/src/main/kotlin/com/hayden/testgraphsdk/exec/PlanExecutor.kt:143	out-of-scope	ticket_plan.yaml:648-658	none mapped	unrepresented	out_of_scope_lexical_inventory		INFERRED exact-path scope; source not read
296	"lexical hit not semantically classified: ""previous attempt exceeded ${spec.timeout}"""	specs/.history/modular-fuzzing-epic/ticket-003-MF-011/results/testgraph-specWorkflow/cleanup-failure-probe-test-graph/build-logic/src/main/kotlin/com/hayden/testgraphsdk/exec/PlanExecutor.kt:144	out-of-scope	ticket_plan.yaml:648-658	none mapped	unrepresented	out_of_scope_lexical_inventory		INFERRED exact-path scope; source not read
297	"lexical hit not semantically classified: *   0. executor reported a timeout → synthesize an ""errored"""	specs/.history/modular-fuzzing-epic/ticket-003-MF-011/results/testgraph-specWorkflow/cleanup-failure-probe-test-graph/build-logic/src/main/kotlin/com/hayden/testgraphsdk/exec/PlanExecutor.kt:308	out-of-scope	ticket_plan.yaml:648-658	none mapped	unrepresented	out_of_scope_lexical_inventory		INFERRED exact-path scope; source not read
298	"lexical hit not semantically classified: ""node timed out after ${spec.timeout}$attemptsClause; "" +"	specs/.history/modular-fuzzing-epic/ticket-003-MF-011/results/testgraph-specWorkflow/cleanup-failure-probe-test-graph/build-logic/src/main/kotlin/com/hayden/testgraphsdk/exec/PlanExecutor.kt:341	out-of-scope	ticket_plan.yaml:648-658	none mapped	unrepresented	out_of_scope_lexical_inventory		INFERRED exact-path scope; source not read
299	lexical hit not semantically classified: * Parses the `NodeSpec.timeout(...)` string into milliseconds.	specs/.history/modular-fuzzing-epic/ticket-003-MF-011/results/testgraph-specWorkflow/cleanup-failure-probe-test-graph/build-logic/src/main/kotlin/com/hayden/testgraphsdk/exec/TimeoutParser.kt:4	out-of-scope	ticket_plan.yaml:648-658	none mapped	unrepresented	out_of_scope_lexical_inventory		INFERRED exact-path scope; source not read
300	"lexical hit not semantically classified: private String timeout = ""60s"";"	specs/.history/modular-fuzzing-epic/ticket-003-MF-011/results/testgraph-specWorkflow/cleanup-failure-probe-test-graph/sdk/java/src/main/java/com/hayden/testgraphsdk/sdk/NodeSpec.java:30	out-of-scope	ticket_plan.yaml:648-658	none mapped	unrepresented	out_of_scope_lexical_inventory		INFERRED exact-path scope; source not read
301	lexical hit not semantically classified: public NodeSpec timeout(String v)                { this.timeout = v; return this; }	specs/.history/modular-fuzzing-epic/ticket-003-MF-011/results/testgraph-specWorkflow/cleanup-failure-probe-test-graph/sdk/java/src/main/java/com/hayden/testgraphsdk/sdk/NodeSpec.java:48	out-of-scope	ticket_plan.yaml:648-658	none mapped	unrepresented	out_of_scope_lexical_inventory		INFERRED exact-path scope; source not read
302	lexical hit not semantically classified: * spawned node-process exceeds {@link #timeout(String)}. Default 0 —	specs/.history/modular-fuzzing-epic/ticket-003-MF-011/results/testgraph-specWorkflow/cleanup-failure-probe-test-graph/sdk/java/src/main/java/com/hayden/testgraphsdk/sdk/NodeSpec.java:51	out-of-scope	ticket_plan.yaml:648-658	none mapped	unrepresented	out_of_scope_lexical_inventory		INFERRED exact-path scope; source not read
303	lexical hit not semantically classified: * fail fast on the first timeout. Anything {@code > 0} only kicks in	specs/.history/modular-fuzzing-epic/ticket-003-MF-011/results/testgraph-specWorkflow/cleanup-failure-probe-test-graph/sdk/java/src/main/java/com/hayden/testgraphsdk/sdk/NodeSpec.java:52	out-of-scope	ticket_plan.yaml:648-658	none mapped	unrepresented	out_of_scope_lexical_inventory		INFERRED exact-path scope; source not read
304	lexical hit not semantically classified: * <p>Retries trigger only on a timeout outcome from the executor;	specs/.history/modular-fuzzing-epic/ticket-003-MF-011/results/testgraph-specWorkflow/cleanup-failure-probe-test-graph/sdk/java/src/main/java/com/hayden/testgraphsdk/sdk/NodeSpec.java:57	out-of-scope	ticket_plan.yaml:648-658	none mapped	unrepresented	out_of_scope_lexical_inventory		INFERRED exact-path scope; source not read
305	lexical hit not semantically classified: * non-timeout exit code) is final on the first attempt.	specs/.history/modular-fuzzing-epic/ticket-003-MF-011/results/testgraph-specWorkflow/cleanup-failure-probe-test-graph/sdk/java/src/main/java/com/hayden/testgraphsdk/sdk/NodeSpec.java:59	out-of-scope	ticket_plan.yaml:648-658	none mapped	unrepresented	out_of_scope_lexical_inventory		INFERRED exact-path scope; source not read
306	"lexical hit not semantically classified: out.put(""timeout"", timeout);"	specs/.history/modular-fuzzing-epic/ticket-003-MF-011/results/testgraph-specWorkflow/cleanup-failure-probe-test-graph/sdk/java/src/main/java/com/hayden/testgraphsdk/sdk/NodeSpec.java:101	out-of-scope	ticket_plan.yaml:648-658	none mapped	unrepresented	out_of_scope_lexical_inventory		INFERRED exact-path scope; source not read
307	"lexical hit not semantically classified: def timeout(self, v: str) -> ""NodeSpec"":"	specs/.history/modular-fuzzing-epic/ticket-003-MF-011/results/testgraph-specWorkflow/cleanup-failure-probe-test-graph/sdk/python/src/testgraphsdk/node_spec.py:48	out-of-scope	ticket_plan.yaml:648-658	none mapped	unrepresented	out_of_scope_lexical_inventory		INFERRED exact-path scope; source not read
308	"lexical hit not semantically classified: """"""Extra attempts the executor makes on a timeout outcome."	specs/.history/modular-fuzzing-epic/ticket-003-MF-011/results/testgraph-specWorkflow/cleanup-failure-probe-test-graph/sdk/python/src/testgraphsdk/node_spec.py:53	out-of-scope	ticket_plan.yaml:648-658	none mapped	unrepresented	out_of_scope_lexical_inventory		INFERRED exact-path scope; source not read
309	lexical hit not semantically classified: Default 0 — fail fast on the first timeout. Only set ``> 0`` for	specs/.history/modular-fuzzing-epic/ticket-003-MF-011/results/testgraph-specWorkflow/cleanup-failure-probe-test-graph/sdk/python/src/testgraphsdk/node_spec.py:55	out-of-scope	ticket_plan.yaml:648-658	none mapped	unrepresented	out_of_scope_lexical_inventory		INFERRED exact-path scope; source not read
310	lexical hit not semantically classified: orphaned state on retry. Triggers only on timeout, never on a	specs/.history/modular-fuzzing-epic/ticket-003-MF-011/results/testgraph-specWorkflow/cleanup-failure-probe-test-graph/sdk/python/src/testgraphsdk/node_spec.py:58	out-of-scope	ticket_plan.yaml:648-658	none mapped	unrepresented	out_of_scope_lexical_inventory		INFERRED exact-path scope; source not read
311	"lexical hit not semantically classified: ""timeout"": self._timeout,"	specs/.history/modular-fuzzing-epic/ticket-003-MF-011/results/testgraph-specWorkflow/cleanup-failure-probe-test-graph/sdk/python/src/testgraphsdk/node_spec.py:110	out-of-scope	ticket_plan.yaml:648-658	none mapped	unrepresented	out_of_scope_lexical_inventory		INFERRED exact-path scope; source not read
312	"lexical hit not semantically classified: .timeout(""30s"")"	specs/.history/modular-fuzzing-epic/ticket-003-MF-011/results/testgraph-specWorkflow/cleanup-failure-probe-test-graph/sources/spec_workflow_cleanup.py:21	out-of-scope	ticket_plan.yaml:648-658	none mapped	unrepresented	out_of_scope_lexical_inventory		INFERRED exact-path scope; source not read
313	"lexical hit not semantically classified: .timeout(""60s"")"	specs/.history/modular-fuzzing-epic/ticket-003-MF-011/results/testgraph-specWorkflow/cleanup-failure-probe-test-graph/sources/spec_workflow_close_ticket.py:23	out-of-scope	ticket_plan.yaml:648-658	none mapped	unrepresented	out_of_scope_lexical_inventory		INFERRED exact-path scope; source not read
314	"lexical hit not semantically classified: .timeout(""60s"")"	specs/.history/modular-fuzzing-epic/ticket-003-MF-011/results/testgraph-specWorkflow/cleanup-failure-probe-test-graph/sources/spec_workflow_complete_ticket.py:20	out-of-scope	ticket_plan.yaml:648-658	none mapped	unrepresented	out_of_scope_lexical_inventory		INFERRED exact-path scope; source not read
315	"lexical hit not semantically classified: .timeout(""60s"")"	specs/.history/modular-fuzzing-epic/ticket-003-MF-011/results/testgraph-specWorkflow/cleanup-failure-probe-test-graph/sources/spec_workflow_create_repo.py:21	out-of-scope	ticket_plan.yaml:648-658	none mapped	unrepresented	out_of_scope_lexical_inventory		INFERRED exact-path scope; source not read
316	"lexical hit not semantically classified: .timeout(""180s"")"	specs/.history/modular-fuzzing-epic/ticket-003-MF-011/results/testgraph-specWorkflow/cleanup-failure-probe-test-graph/sources/spec_workflow_failure_cleanup_probe.py:23	out-of-scope	ticket_plan.yaml:648-658	none mapped	unrepresented	out_of_scope_lexical_inventory		INFERRED exact-path scope; source not read
317	"lexical hit not semantically classified: .timeout(""30s"")"	specs/.history/modular-fuzzing-epic/ticket-003-MF-011/results/testgraph-specWorkflow/cleanup-failure-probe-test-graph/sources/spec_workflow_force_failure.py:20	out-of-scope	ticket_plan.yaml:648-658	none mapped	unrepresented	out_of_scope_lexical_inventory		INFERRED exact-path scope; source not read
318	"lexical hit not semantically classified: .timeout(""60s"")"	specs/.history/modular-fuzzing-epic/ticket-003-MF-011/results/testgraph-specWorkflow/cleanup-failure-probe-test-graph/sources/spec_workflow_spec_units.py:20	out-of-scope	ticket_plan.yaml:648-658	none mapped	unrepresented	out_of_scope_lexical_inventory		INFERRED exact-path scope; source not read
319	"lexical hit not semantically classified: .timeout(""60s"")"	specs/.history/modular-fuzzing-epic/ticket-003-MF-011/results/testgraph-specWorkflow/cleanup-failure-probe-test-graph/sources/spec_workflow_start_ticket.py:19	out-of-scope	ticket_plan.yaml:648-658	none mapped	unrepresented	out_of_scope_lexical_inventory		INFERRED exact-path scope; source not read
320	"lexical hit not semantically classified: .timeout(""60s"")"	specs/.history/modular-fuzzing-epic/ticket-003-MF-011/results/testgraph-specWorkflow/cleanup-failure-probe-test-graph/sources/tla_spec_dev_cli_help.py:20	out-of-scope	ticket_plan.yaml:648-658	none mapped	unrepresented	out_of_scope_lexical_inventory		INFERRED exact-path scope; source not read
321	"lexical hit not semantically classified: .timeout(""60s"")"	specs/.history/modular-fuzzing-epic/ticket-003-MF-011/results/testgraph-specWorkflow/cleanup-failure-probe-test-graph/sources/tla_spec_dev_cli_install.py:20	out-of-scope	ticket_plan.yaml:648-658	none mapped	unrepresented	out_of_scope_lexical_inventory		INFERRED exact-path scope; source not read
322	lexical hit not semantically classified: exactly the timeout this command exists to prevent.	specs/.history/modular-fuzzing-epic/ticket-003-MF-011/snapshots/current/production_adapters.py:590	out-of-scope	ticket_plan.yaml:648-658	none mapped	unrepresented	out_of_scope_lexical_inventory		INFERRED exact-path scope; source not read
323	lexical hit not semantically classified: timeout=180,	specs/.history/modular-fuzzing-epic/ticket-003-MF-011/snapshots/current/production_adapters.py:629	out-of-scope	ticket_plan.yaml:648-658	none mapped	unrepresented	out_of_scope_lexical_inventory		INFERRED exact-path scope; source not read
324	lexical hit not semantically classified: exactly the timeout this command exists to prevent.	specs/.history/modular-fuzzing-epic/ticket-003-MF-011/ticket/current/production_adapters.py:590	out-of-scope	ticket_plan.yaml:648-658	none mapped	unrepresented	out_of_scope_lexical_inventory		INFERRED exact-path scope; source not read
325	lexical hit not semantically classified: timeout=180,	specs/.history/modular-fuzzing-epic/ticket-003-MF-011/ticket/current/production_adapters.py:629	out-of-scope	ticket_plan.yaml:648-658	none mapped	unrepresented	out_of_scope_lexical_inventory		INFERRED exact-path scope; source not read
326	lexical hit not semantically classified: exactly the timeout this command exists to prevent.	specs/.history/modular-fuzzing-epic/ticket-003-MF-011/ticket/desired/production_adapters.py:590	out-of-scope	ticket_plan.yaml:648-658	none mapped	unrepresented	out_of_scope_lexical_inventory		INFERRED exact-path scope; source not read
327	lexical hit not semantically classified: timeout=180,	specs/.history/modular-fuzzing-epic/ticket-003-MF-011/ticket/desired/production_adapters.py:629	out-of-scope	ticket_plan.yaml:648-658	none mapped	unrepresented	out_of_scope_lexical_inventory		INFERRED exact-path scope; source not read
328	lexical hit not semantically classified: *     dependsOn/tags/timeout/etc on top of what the script self-declared).	specs/.history/modular-fuzzing-epic/ticket-003-MF-011/ticket/results/testgraph-specWorkflow/cleanup-failure-probe-test-graph/build-logic/src/main/kotlin/com/hayden/testgraphsdk/GraphAssembler.kt:9	out-of-scope	ticket_plan.yaml:648-658	none mapped	unrepresented	out_of_scope_lexical_inventory		INFERRED exact-path scope; source not read
329	"lexical hit not semantically classified: timeout = MiniJson.str(root[""timeout""]) ?: ""60s"","	specs/.history/modular-fuzzing-epic/ticket-003-MF-011/ticket/results/testgraph-specWorkflow/cleanup-failure-probe-test-graph/build-logic/src/main/kotlin/com/hayden/testgraphsdk/NodeDescribeLoader.kt:87	out-of-scope	ticket_plan.yaml:648-658	none mapped	unrepresented	out_of_scope_lexical_inventory		INFERRED exact-path scope; source not read
330	lexical hit not semantically classified: *   - Scalars (timeout, cacheable) — OVERRIDE if set here; otherwise keep script's.	specs/.history/modular-fuzzing-epic/ticket-003-MF-011/ticket/results/testgraph-specWorkflow/cleanup-failure-probe-test-graph/build-logic/src/main/kotlin/com/hayden/testgraphsdk/TestGraphSpec.kt:13	out-of-scope	ticket_plan.yaml:648-658	none mapped	unrepresented	out_of_scope_lexical_inventory		INFERRED exact-path scope; source not read
331	lexical hit not semantically classified: fun timeout(v: String): NodeOverlay { timeoutOverride = v; return this }	specs/.history/modular-fuzzing-epic/ticket-003-MF-011/ticket/results/testgraph-specWorkflow/cleanup-failure-probe-test-graph/build-logic/src/main/kotlin/com/hayden/testgraphsdk/TestGraphSpec.kt:30	out-of-scope	ticket_plan.yaml:648-658	none mapped	unrepresented	out_of_scope_lexical_inventory		INFERRED exact-path scope; source not read
332	lexical hit not semantically classified: timeout = timeoutOverride ?: spec.timeout,	specs/.history/modular-fuzzing-epic/ticket-003-MF-011/ticket/results/testgraph-specWorkflow/cleanup-failure-probe-test-graph/build-logic/src/main/kotlin/com/hayden/testgraphsdk/TestGraphSpec.kt:39	out-of-scope	ticket_plan.yaml:648-658	none mapped	unrepresented	out_of_scope_lexical_inventory		INFERRED exact-path scope; source not read
333	lexical hit not semantically classified: *    deps/tags/timeout on top of what the script self-declares)	specs/.history/modular-fuzzing-epic/ticket-003-MF-011/ticket/results/testgraph-specWorkflow/cleanup-failure-probe-test-graph/build-logic/src/main/kotlin/com/hayden/testgraphsdk/TestGraphSpec.kt:51	out-of-scope	ticket_plan.yaml:648-658	none mapped	unrepresented	out_of_scope_lexical_inventory		INFERRED exact-path scope; source not read
334	lexical hit not semantically classified: * `.dependsOn(...)`, `.tags(...)`, `.timeout(...)`, etc. on.	specs/.history/modular-fuzzing-epic/ticket-003-MF-011/ticket/results/testgraph-specWorkflow/cleanup-failure-probe-test-graph/build-logic/src/main/kotlin/com/hayden/testgraphsdk/TestGraphSpec.kt:65	out-of-scope	ticket_plan.yaml:648-658	none mapped	unrepresented	out_of_scope_lexical_inventory		INFERRED exact-path scope; source not read
335	"lexical hit not semantically classified: val timeout: String = ""60s"","	specs/.history/modular-fuzzing-epic/ticket-003-MF-011/ticket/results/testgraph-specWorkflow/cleanup-failure-probe-test-graph/build-logic/src/main/kotlin/com/hayden/testgraphsdk/ValidationNodeSpec.kt:16	out-of-scope	ticket_plan.yaml:648-658	none mapped	unrepresented	out_of_scope_lexical_inventory		INFERRED exact-path scope; source not read
336	"lexical hit not semantically classified: * exceeds its [timeout]. Default 0 means ""fail fast on first timeout""."	specs/.history/modular-fuzzing-epic/ticket-003-MF-011/ticket/results/testgraph-specWorkflow/cleanup-failure-probe-test-graph/build-logic/src/main/kotlin/com/hayden/testgraphsdk/ValidationNodeSpec.kt:19	out-of-scope	ticket_plan.yaml:648-658	none mapped	unrepresented	out_of_scope_lexical_inventory		INFERRED exact-path scope; source not read
337	lexical hit not semantically classified: * Retries trigger ONLY on a timeout outcome — a body-returned	specs/.history/modular-fuzzing-epic/ticket-003-MF-011/ticket/results/testgraph-specWorkflow/cleanup-failure-probe-test-graph/build-logic/src/main/kotlin/com/hayden/testgraphsdk/ValidationNodeSpec.kt:20	out-of-scope	ticket_plan.yaml:648-658	none mapped	unrepresented	out_of_scope_lexical_inventory		INFERRED exact-path scope; source not read
338	lexical hit not semantically classified: * timeout [retries], which are automatic executor attempts.	specs/.history/modular-fuzzing-epic/ticket-003-MF-011/ticket/results/testgraph-specWorkflow/cleanup-failure-probe-test-graph/build-logic/src/main/kotlin/com/hayden/testgraphsdk/ValidationNodeSpec.kt:29	out-of-scope	ticket_plan.yaml:648-658	none mapped	unrepresented	out_of_scope_lexical_inventory		INFERRED exact-path scope; source not read
339	lexical hit not semantically classified: * [ValidationNodeSpec.timeout] by `PlanExecutor`. Executors enforce	specs/.history/modular-fuzzing-epic/ticket-003-MF-011/ticket/results/testgraph-specWorkflow/cleanup-failure-probe-test-graph/build-logic/src/main/kotlin/com/hayden/testgraphsdk/exec/Executors.kt:41	out-of-scope	ticket_plan.yaml:648-658	none mapped	unrepresented	out_of_scope_lexical_inventory		INFERRED exact-path scope; source not read
340	lexical hit not semantically classified: * timeout is.	specs/.history/modular-fuzzing-epic/ticket-003-MF-011/ticket/results/testgraph-specWorkflow/cleanup-failure-probe-test-graph/build-logic/src/main/kotlin/com/hayden/testgraphsdk/exec/Executors.kt:54	out-of-scope	ticket_plan.yaml:648-658	none mapped	unrepresented	out_of_scope_lexical_inventory		INFERRED exact-path scope; source not read
341	lexical hit not semantically classified: * by every concrete [ValidationExecutor] so the timeout-enforcement	specs/.history/modular-fuzzing-epic/ticket-003-MF-011/ticket/results/testgraph-specWorkflow/cleanup-failure-probe-test-graph/build-logic/src/main/kotlin/com/hayden/testgraphsdk/exec/Executors.kt:91	out-of-scope	ticket_plan.yaml:648-658	none mapped	unrepresented	out_of_scope_lexical_inventory		INFERRED exact-path scope; source not read
342	lexical hit not semantically classified: val timeoutMillis = TimeoutParser.parseMillis(spec.timeout)	specs/.history/modular-fuzzing-epic/ticket-003-MF-011/ticket/results/testgraph-specWorkflow/cleanup-failure-probe-test-graph/build-logic/src/main/kotlin/com/hayden/testgraphsdk/exec/PlanExecutor.kt:134	out-of-scope	ticket_plan.yaml:648-658	none mapped	unrepresented	out_of_scope_lexical_inventory		INFERRED exact-path scope; source not read
343	"lexical hit not semantically classified: ""    retry ${attempt - 1}/${spec.retries} after timeout — "" +"	specs/.history/modular-fuzzing-epic/ticket-003-MF-011/ticket/results/testgraph-specWorkflow/cleanup-failure-probe-test-graph/build-logic/src/main/kotlin/com/hayden/testgraphsdk/exec/PlanExecutor.kt:143	out-of-scope	ticket_plan.yaml:648-658	none mapped	unrepresented	out_of_scope_lexical_inventory		INFERRED exact-path scope; source not read
344	"lexical hit not semantically classified: ""previous attempt exceeded ${spec.timeout}"""	specs/.history/modular-fuzzing-epic/ticket-003-MF-011/ticket/results/testgraph-specWorkflow/cleanup-failure-probe-test-graph/build-logic/src/main/kotlin/com/hayden/testgraphsdk/exec/PlanExecutor.kt:144	out-of-scope	ticket_plan.yaml:648-658	none mapped	unrepresented	out_of_scope_lexical_inventory		INFERRED exact-path scope; source not read
345	"lexical hit not semantically classified: *   0. executor reported a timeout → synthesize an ""errored"""	specs/.history/modular-fuzzing-epic/ticket-003-MF-011/ticket/results/testgraph-specWorkflow/cleanup-failure-probe-test-graph/build-logic/src/main/kotlin/com/hayden/testgraphsdk/exec/PlanExecutor.kt:308	out-of-scope	ticket_plan.yaml:648-658	none mapped	unrepresented	out_of_scope_lexical_inventory		INFERRED exact-path scope; source not read
346	"lexical hit not semantically classified: ""node timed out after ${spec.timeout}$attemptsClause; "" +"	specs/.history/modular-fuzzing-epic/ticket-003-MF-011/ticket/results/testgraph-specWorkflow/cleanup-failure-probe-test-graph/build-logic/src/main/kotlin/com/hayden/testgraphsdk/exec/PlanExecutor.kt:341	out-of-scope	ticket_plan.yaml:648-658	none mapped	unrepresented	out_of_scope_lexical_inventory		INFERRED exact-path scope; source not read
347	lexical hit not semantically classified: * Parses the `NodeSpec.timeout(...)` string into milliseconds.	specs/.history/modular-fuzzing-epic/ticket-003-MF-011/ticket/results/testgraph-specWorkflow/cleanup-failure-probe-test-graph/build-logic/src/main/kotlin/com/hayden/testgraphsdk/exec/TimeoutParser.kt:4	out-of-scope	ticket_plan.yaml:648-658	none mapped	unrepresented	out_of_scope_lexical_inventory		INFERRED exact-path scope; source not read
348	"lexical hit not semantically classified: private String timeout = ""60s"";"	specs/.history/modular-fuzzing-epic/ticket-003-MF-011/ticket/results/testgraph-specWorkflow/cleanup-failure-probe-test-graph/sdk/java/src/main/java/com/hayden/testgraphsdk/sdk/NodeSpec.java:30	out-of-scope	ticket_plan.yaml:648-658	none mapped	unrepresented	out_of_scope_lexical_inventory		INFERRED exact-path scope; source not read
349	lexical hit not semantically classified: public NodeSpec timeout(String v)                { this.timeout = v; return this; }	specs/.history/modular-fuzzing-epic/ticket-003-MF-011/ticket/results/testgraph-specWorkflow/cleanup-failure-probe-test-graph/sdk/java/src/main/java/com/hayden/testgraphsdk/sdk/NodeSpec.java:48	out-of-scope	ticket_plan.yaml:648-658	none mapped	unrepresented	out_of_scope_lexical_inventory		INFERRED exact-path scope; source not read
350	lexical hit not semantically classified: * spawned node-process exceeds {@link #timeout(String)}. Default 0 —	specs/.history/modular-fuzzing-epic/ticket-003-MF-011/ticket/results/testgraph-specWorkflow/cleanup-failure-probe-test-graph/sdk/java/src/main/java/com/hayden/testgraphsdk/sdk/NodeSpec.java:51	out-of-scope	ticket_plan.yaml:648-658	none mapped	unrepresented	out_of_scope_lexical_inventory		INFERRED exact-path scope; source not read
351	lexical hit not semantically classified: * fail fast on the first timeout. Anything {@code > 0} only kicks in	specs/.history/modular-fuzzing-epic/ticket-003-MF-011/ticket/results/testgraph-specWorkflow/cleanup-failure-probe-test-graph/sdk/java/src/main/java/com/hayden/testgraphsdk/sdk/NodeSpec.java:52	out-of-scope	ticket_plan.yaml:648-658	none mapped	unrepresented	out_of_scope_lexical_inventory		INFERRED exact-path scope; source not read
352	lexical hit not semantically classified: * <p>Retries trigger only on a timeout outcome from the executor;	specs/.history/modular-fuzzing-epic/ticket-003-MF-011/ticket/results/testgraph-specWorkflow/cleanup-failure-probe-test-graph/sdk/java/src/main/java/com/hayden/testgraphsdk/sdk/NodeSpec.java:57	out-of-scope	ticket_plan.yaml:648-658	none mapped	unrepresented	out_of_scope_lexical_inventory		INFERRED exact-path scope; source not read
353	lexical hit not semantically classified: * non-timeout exit code) is final on the first attempt.	specs/.history/modular-fuzzing-epic/ticket-003-MF-011/ticket/results/testgraph-specWorkflow/cleanup-failure-probe-test-graph/sdk/java/src/main/java/com/hayden/testgraphsdk/sdk/NodeSpec.java:59	out-of-scope	ticket_plan.yaml:648-658	none mapped	unrepresented	out_of_scope_lexical_inventory		INFERRED exact-path scope; source not read
354	"lexical hit not semantically classified: out.put(""timeout"", timeout);"	specs/.history/modular-fuzzing-epic/ticket-003-MF-011/ticket/results/testgraph-specWorkflow/cleanup-failure-probe-test-graph/sdk/java/src/main/java/com/hayden/testgraphsdk/sdk/NodeSpec.java:101	out-of-scope	ticket_plan.yaml:648-658	none mapped	unrepresented	out_of_scope_lexical_inventory		INFERRED exact-path scope; source not read
355	"lexical hit not semantically classified: def timeout(self, v: str) -> ""NodeSpec"":"	specs/.history/modular-fuzzing-epic/ticket-003-MF-011/ticket/results/testgraph-specWorkflow/cleanup-failure-probe-test-graph/sdk/python/src/testgraphsdk/node_spec.py:48	out-of-scope	ticket_plan.yaml:648-658	none mapped	unrepresented	out_of_scope_lexical_inventory		INFERRED exact-path scope; source not read
356	"lexical hit not semantically classified: """"""Extra attempts the executor makes on a timeout outcome."	specs/.history/modular-fuzzing-epic/ticket-003-MF-011/ticket/results/testgraph-specWorkflow/cleanup-failure-probe-test-graph/sdk/python/src/testgraphsdk/node_spec.py:53	out-of-scope	ticket_plan.yaml:648-658	none mapped	unrepresented	out_of_scope_lexical_inventory		INFERRED exact-path scope; source not read
357	lexical hit not semantically classified: Default 0 — fail fast on the first timeout. Only set ``> 0`` for	specs/.history/modular-fuzzing-epic/ticket-003-MF-011/ticket/results/testgraph-specWorkflow/cleanup-failure-probe-test-graph/sdk/python/src/testgraphsdk/node_spec.py:55	out-of-scope	ticket_plan.yaml:648-658	none mapped	unrepresented	out_of_scope_lexical_inventory		INFERRED exact-path scope; source not read
358	lexical hit not semantically classified: orphaned state on retry. Triggers only on timeout, never on a	specs/.history/modular-fuzzing-epic/ticket-003-MF-011/ticket/results/testgraph-specWorkflow/cleanup-failure-probe-test-graph/sdk/python/src/testgraphsdk/node_spec.py:58	out-of-scope	ticket_plan.yaml:648-658	none mapped	unrepresented	out_of_scope_lexical_inventory		INFERRED exact-path scope; source not read
359	"lexical hit not semantically classified: ""timeout"": self._timeout,"	specs/.history/modular-fuzzing-epic/ticket-003-MF-011/ticket/results/testgraph-specWorkflow/cleanup-failure-probe-test-graph/sdk/python/src/testgraphsdk/node_spec.py:110	out-of-scope	ticket_plan.yaml:648-658	none mapped	unrepresented	out_of_scope_lexical_inventory		INFERRED exact-path scope; source not read
360	"lexical hit not semantically classified: .timeout(""30s"")"	specs/.history/modular-fuzzing-epic/ticket-003-MF-011/ticket/results/testgraph-specWorkflow/cleanup-failure-probe-test-graph/sources/spec_workflow_cleanup.py:21	out-of-scope	ticket_plan.yaml:648-658	none mapped	unrepresented	out_of_scope_lexical_inventory		INFERRED exact-path scope; source not read
361	"lexical hit not semantically classified: .timeout(""60s"")"	specs/.history/modular-fuzzing-epic/ticket-003-MF-011/ticket/results/testgraph-specWorkflow/cleanup-failure-probe-test-graph/sources/spec_workflow_close_ticket.py:23	out-of-scope	ticket_plan.yaml:648-658	none mapped	unrepresented	out_of_scope_lexical_inventory		INFERRED exact-path scope; source not read
362	"lexical hit not semantically classified: .timeout(""60s"")"	specs/.history/modular-fuzzing-epic/ticket-003-MF-011/ticket/results/testgraph-specWorkflow/cleanup-failure-probe-test-graph/sources/spec_workflow_complete_ticket.py:20	out-of-scope	ticket_plan.yaml:648-658	none mapped	unrepresented	out_of_scope_lexical_inventory		INFERRED exact-path scope; source not read
363	"lexical hit not semantically classified: .timeout(""60s"")"	specs/.history/modular-fuzzing-epic/ticket-003-MF-011/ticket/results/testgraph-specWorkflow/cleanup-failure-probe-test-graph/sources/spec_workflow_create_repo.py:21	out-of-scope	ticket_plan.yaml:648-658	none mapped	unrepresented	out_of_scope_lexical_inventory		INFERRED exact-path scope; source not read
364	"lexical hit not semantically classified: .timeout(""180s"")"	specs/.history/modular-fuzzing-epic/ticket-003-MF-011/ticket/results/testgraph-specWorkflow/cleanup-failure-probe-test-graph/sources/spec_workflow_failure_cleanup_probe.py:23	out-of-scope	ticket_plan.yaml:648-658	none mapped	unrepresented	out_of_scope_lexical_inventory		INFERRED exact-path scope; source not read
365	"lexical hit not semantically classified: .timeout(""30s"")"	specs/.history/modular-fuzzing-epic/ticket-003-MF-011/ticket/results/testgraph-specWorkflow/cleanup-failure-probe-test-graph/sources/spec_workflow_force_failure.py:20	out-of-scope	ticket_plan.yaml:648-658	none mapped	unrepresented	out_of_scope_lexical_inventory		INFERRED exact-path scope; source not read
366	"lexical hit not semantically classified: .timeout(""60s"")"	specs/.history/modular-fuzzing-epic/ticket-003-MF-011/ticket/results/testgraph-specWorkflow/cleanup-failure-probe-test-graph/sources/spec_workflow_spec_units.py:20	out-of-scope	ticket_plan.yaml:648-658	none mapped	unrepresented	out_of_scope_lexical_inventory		INFERRED exact-path scope; source not read
367	"lexical hit not semantically classified: .timeout(""60s"")"	specs/.history/modular-fuzzing-epic/ticket-003-MF-011/ticket/results/testgraph-specWorkflow/cleanup-failure-probe-test-graph/sources/spec_workflow_start_ticket.py:19	out-of-scope	ticket_plan.yaml:648-658	none mapped	unrepresented	out_of_scope_lexical_inventory		INFERRED exact-path scope; source not read
368	"lexical hit not semantically classified: .timeout(""60s"")"	specs/.history/modular-fuzzing-epic/ticket-003-MF-011/ticket/results/testgraph-specWorkflow/cleanup-failure-probe-test-graph/sources/tla_spec_dev_cli_help.py:20	out-of-scope	ticket_plan.yaml:648-658	none mapped	unrepresented	out_of_scope_lexical_inventory		INFERRED exact-path scope; source not read
369	"lexical hit not semantically classified: .timeout(""60s"")"	specs/.history/modular-fuzzing-epic/ticket-003-MF-011/ticket/results/testgraph-specWorkflow/cleanup-failure-probe-test-graph/sources/tla_spec_dev_cli_install.py:20	out-of-scope	ticket_plan.yaml:648-658	none mapped	unrepresented	out_of_scope_lexical_inventory		INFERRED exact-path scope; source not read
370	lexical hit not semantically classified: exactly the timeout this command exists to prevent.	specs/.history/modular-fuzzing-epic/ticket-004-MF-022/snapshots/current/production_adapters.py:590	out-of-scope	ticket_plan.yaml:648-658	none mapped	unrepresented	out_of_scope_lexical_inventory		INFERRED exact-path scope; source not read
371	lexical hit not semantically classified: timeout=180,	specs/.history/modular-fuzzing-epic/ticket-004-MF-022/snapshots/current/production_adapters.py:629	out-of-scope	ticket_plan.yaml:648-658	none mapped	unrepresented	out_of_scope_lexical_inventory		INFERRED exact-path scope; source not read
372	lexical hit not semantically classified: exactly the timeout this command exists to prevent.	specs/.history/modular-fuzzing-epic/ticket-004-MF-022/ticket/current/production_adapters.py:590	out-of-scope	ticket_plan.yaml:648-658	none mapped	unrepresented	out_of_scope_lexical_inventory		INFERRED exact-path scope; source not read
373	lexical hit not semantically classified: timeout=180,	specs/.history/modular-fuzzing-epic/ticket-004-MF-022/ticket/current/production_adapters.py:629	out-of-scope	ticket_plan.yaml:648-658	none mapped	unrepresented	out_of_scope_lexical_inventory		INFERRED exact-path scope; source not read
374	lexical hit not semantically classified: exactly the timeout this command exists to prevent.	specs/.history/modular-fuzzing-epic/ticket-004-MF-022/ticket/desired/production_adapters.py:590	out-of-scope	ticket_plan.yaml:648-658	none mapped	unrepresented	out_of_scope_lexical_inventory		INFERRED exact-path scope; source not read
375	lexical hit not semantically classified: timeout=180,	specs/.history/modular-fuzzing-epic/ticket-004-MF-022/ticket/desired/production_adapters.py:629	out-of-scope	ticket_plan.yaml:648-658	none mapped	unrepresented	out_of_scope_lexical_inventory		INFERRED exact-path scope; source not read
376	lexical hit not semantically classified: *     dependsOn/tags/timeout/etc on top of what the script self-declared).	specs/.history/modular-fuzzing-epic/ticket-005-MF-014/results/graph-specWorkflow/cleanup-failure-probe-test-graph/build-logic/src/main/kotlin/com/hayden/testgraphsdk/GraphAssembler.kt:9	out-of-scope	ticket_plan.yaml:648-658	none mapped	unrepresented	out_of_scope_lexical_inventory		INFERRED exact-path scope; source not read
377	"lexical hit not semantically classified: timeout = MiniJson.str(root[""timeout""]) ?: ""60s"","	specs/.history/modular-fuzzing-epic/ticket-005-MF-014/results/graph-specWorkflow/cleanup-failure-probe-test-graph/build-logic/src/main/kotlin/com/hayden/testgraphsdk/NodeDescribeLoader.kt:87	out-of-scope	ticket_plan.yaml:648-658	none mapped	unrepresented	out_of_scope_lexical_inventory		INFERRED exact-path scope; source not read
378	lexical hit not semantically classified: *   - Scalars (timeout, cacheable) — OVERRIDE if set here; otherwise keep script's.	specs/.history/modular-fuzzing-epic/ticket-005-MF-014/results/graph-specWorkflow/cleanup-failure-probe-test-graph/build-logic/src/main/kotlin/com/hayden/testgraphsdk/TestGraphSpec.kt:13	out-of-scope	ticket_plan.yaml:648-658	none mapped	unrepresented	out_of_scope_lexical_inventory		INFERRED exact-path scope; source not read
379	lexical hit not semantically classified: fun timeout(v: String): NodeOverlay { timeoutOverride = v; return this }	specs/.history/modular-fuzzing-epic/ticket-005-MF-014/results/graph-specWorkflow/cleanup-failure-probe-test-graph/build-logic/src/main/kotlin/com/hayden/testgraphsdk/TestGraphSpec.kt:30	out-of-scope	ticket_plan.yaml:648-658	none mapped	unrepresented	out_of_scope_lexical_inventory		INFERRED exact-path scope; source not read
380	lexical hit not semantically classified: timeout = timeoutOverride ?: spec.timeout,	specs/.history/modular-fuzzing-epic/ticket-005-MF-014/results/graph-specWorkflow/cleanup-failure-probe-test-graph/build-logic/src/main/kotlin/com/hayden/testgraphsdk/TestGraphSpec.kt:39	out-of-scope	ticket_plan.yaml:648-658	none mapped	unrepresented	out_of_scope_lexical_inventory		INFERRED exact-path scope; source not read
381	lexical hit not semantically classified: *    deps/tags/timeout on top of what the script self-declares)	specs/.history/modular-fuzzing-epic/ticket-005-MF-014/results/graph-specWorkflow/cleanup-failure-probe-test-graph/build-logic/src/main/kotlin/com/hayden/testgraphsdk/TestGraphSpec.kt:51	out-of-scope	ticket_plan.yaml:648-658	none mapped	unrepresented	out_of_scope_lexical_inventory		INFERRED exact-path scope; source not read
382	lexical hit not semantically classified: * `.dependsOn(...)`, `.tags(...)`, `.timeout(...)`, etc. on.	specs/.history/modular-fuzzing-epic/ticket-005-MF-014/results/graph-specWorkflow/cleanup-failure-probe-test-graph/build-logic/src/main/kotlin/com/hayden/testgraphsdk/TestGraphSpec.kt:65	out-of-scope	ticket_plan.yaml:648-658	none mapped	unrepresented	out_of_scope_lexical_inventory		INFERRED exact-path scope; source not read
383	"lexical hit not semantically classified: val timeout: String = ""60s"","	specs/.history/modular-fuzzing-epic/ticket-005-MF-014/results/graph-specWorkflow/cleanup-failure-probe-test-graph/build-logic/src/main/kotlin/com/hayden/testgraphsdk/ValidationNodeSpec.kt:16	out-of-scope	ticket_plan.yaml:648-658	none mapped	unrepresented	out_of_scope_lexical_inventory		INFERRED exact-path scope; source not read
384	"lexical hit not semantically classified: * exceeds its [timeout]. Default 0 means ""fail fast on first timeout""."	specs/.history/modular-fuzzing-epic/ticket-005-MF-014/results/graph-specWorkflow/cleanup-failure-probe-test-graph/build-logic/src/main/kotlin/com/hayden/testgraphsdk/ValidationNodeSpec.kt:19	out-of-scope	ticket_plan.yaml:648-658	none mapped	unrepresented	out_of_scope_lexical_inventory		INFERRED exact-path scope; source not read
385	lexical hit not semantically classified: * Retries trigger ONLY on a timeout outcome — a body-returned	specs/.history/modular-fuzzing-epic/ticket-005-MF-014/results/graph-specWorkflow/cleanup-failure-probe-test-graph/build-logic/src/main/kotlin/com/hayden/testgraphsdk/ValidationNodeSpec.kt:20	out-of-scope	ticket_plan.yaml:648-658	none mapped	unrepresented	out_of_scope_lexical_inventory		INFERRED exact-path scope; source not read
386	lexical hit not semantically classified: * timeout [retries], which are automatic executor attempts.	specs/.history/modular-fuzzing-epic/ticket-005-MF-014/results/graph-specWorkflow/cleanup-failure-probe-test-graph/build-logic/src/main/kotlin/com/hayden/testgraphsdk/ValidationNodeSpec.kt:29	out-of-scope	ticket_plan.yaml:648-658	none mapped	unrepresented	out_of_scope_lexical_inventory		INFERRED exact-path scope; source not read
387	lexical hit not semantically classified: * [ValidationNodeSpec.timeout] by `PlanExecutor`. Executors enforce	specs/.history/modular-fuzzing-epic/ticket-005-MF-014/results/graph-specWorkflow/cleanup-failure-probe-test-graph/build-logic/src/main/kotlin/com/hayden/testgraphsdk/exec/Executors.kt:41	out-of-scope	ticket_plan.yaml:648-658	none mapped	unrepresented	out_of_scope_lexical_inventory		INFERRED exact-path scope; source not read
388	lexical hit not semantically classified: * timeout is.	specs/.history/modular-fuzzing-epic/ticket-005-MF-014/results/graph-specWorkflow/cleanup-failure-probe-test-graph/build-logic/src/main/kotlin/com/hayden/testgraphsdk/exec/Executors.kt:54	out-of-scope	ticket_plan.yaml:648-658	none mapped	unrepresented	out_of_scope_lexical_inventory		INFERRED exact-path scope; source not read
389	lexical hit not semantically classified: * by every concrete [ValidationExecutor] so the timeout-enforcement	specs/.history/modular-fuzzing-epic/ticket-005-MF-014/results/graph-specWorkflow/cleanup-failure-probe-test-graph/build-logic/src/main/kotlin/com/hayden/testgraphsdk/exec/Executors.kt:91	out-of-scope	ticket_plan.yaml:648-658	none mapped	unrepresented	out_of_scope_lexical_inventory		INFERRED exact-path scope; source not read
390	lexical hit not semantically classified: val timeoutMillis = TimeoutParser.parseMillis(spec.timeout)	specs/.history/modular-fuzzing-epic/ticket-005-MF-014/results/graph-specWorkflow/cleanup-failure-probe-test-graph/build-logic/src/main/kotlin/com/hayden/testgraphsdk/exec/PlanExecutor.kt:134	out-of-scope	ticket_plan.yaml:648-658	none mapped	unrepresented	out_of_scope_lexical_inventory		INFERRED exact-path scope; source not read
391	"lexical hit not semantically classified: ""    retry ${attempt - 1}/${spec.retries} after timeout — "" +"	specs/.history/modular-fuzzing-epic/ticket-005-MF-014/results/graph-specWorkflow/cleanup-failure-probe-test-graph/build-logic/src/main/kotlin/com/hayden/testgraphsdk/exec/PlanExecutor.kt:143	out-of-scope	ticket_plan.yaml:648-658	none mapped	unrepresented	out_of_scope_lexical_inventory		INFERRED exact-path scope; source not read
392	"lexical hit not semantically classified: ""previous attempt exceeded ${spec.timeout}"""	specs/.history/modular-fuzzing-epic/ticket-005-MF-014/results/graph-specWorkflow/cleanup-failure-probe-test-graph/build-logic/src/main/kotlin/com/hayden/testgraphsdk/exec/PlanExecutor.kt:144	out-of-scope	ticket_plan.yaml:648-658	none mapped	unrepresented	out_of_scope_lexical_inventory		INFERRED exact-path scope; source not read
393	"lexical hit not semantically classified: *   0. executor reported a timeout → synthesize an ""errored"""	specs/.history/modular-fuzzing-epic/ticket-005-MF-014/results/graph-specWorkflow/cleanup-failure-probe-test-graph/build-logic/src/main/kotlin/com/hayden/testgraphsdk/exec/PlanExecutor.kt:308	out-of-scope	ticket_plan.yaml:648-658	none mapped	unrepresented	out_of_scope_lexical_inventory		INFERRED exact-path scope; source not read
394	"lexical hit not semantically classified: ""node timed out after ${spec.timeout}$attemptsClause; "" +"	specs/.history/modular-fuzzing-epic/ticket-005-MF-014/results/graph-specWorkflow/cleanup-failure-probe-test-graph/build-logic/src/main/kotlin/com/hayden/testgraphsdk/exec/PlanExecutor.kt:341	out-of-scope	ticket_plan.yaml:648-658	none mapped	unrepresented	out_of_scope_lexical_inventory		INFERRED exact-path scope; source not read
395	lexical hit not semantically classified: * Parses the `NodeSpec.timeout(...)` string into milliseconds.	specs/.history/modular-fuzzing-epic/ticket-005-MF-014/results/graph-specWorkflow/cleanup-failure-probe-test-graph/build-logic/src/main/kotlin/com/hayden/testgraphsdk/exec/TimeoutParser.kt:4	out-of-scope	ticket_plan.yaml:648-658	none mapped	unrepresented	out_of_scope_lexical_inventory		INFERRED exact-path scope; source not read
396	"lexical hit not semantically classified: private String timeout = ""60s"";"	specs/.history/modular-fuzzing-epic/ticket-005-MF-014/results/graph-specWorkflow/cleanup-failure-probe-test-graph/sdk/java/src/main/java/com/hayden/testgraphsdk/sdk/NodeSpec.java:30	out-of-scope	ticket_plan.yaml:648-658	none mapped	unrepresented	out_of_scope_lexical_inventory		INFERRED exact-path scope; source not read
397	lexical hit not semantically classified: public NodeSpec timeout(String v)                { this.timeout = v; return this; }	specs/.history/modular-fuzzing-epic/ticket-005-MF-014/results/graph-specWorkflow/cleanup-failure-probe-test-graph/sdk/java/src/main/java/com/hayden/testgraphsdk/sdk/NodeSpec.java:48	out-of-scope	ticket_plan.yaml:648-658	none mapped	unrepresented	out_of_scope_lexical_inventory		INFERRED exact-path scope; source not read
398	lexical hit not semantically classified: * spawned node-process exceeds {@link #timeout(String)}. Default 0 —	specs/.history/modular-fuzzing-epic/ticket-005-MF-014/results/graph-specWorkflow/cleanup-failure-probe-test-graph/sdk/java/src/main/java/com/hayden/testgraphsdk/sdk/NodeSpec.java:51	out-of-scope	ticket_plan.yaml:648-658	none mapped	unrepresented	out_of_scope_lexical_inventory		INFERRED exact-path scope; source not read
399	lexical hit not semantically classified: * fail fast on the first timeout. Anything {@code > 0} only kicks in	specs/.history/modular-fuzzing-epic/ticket-005-MF-014/results/graph-specWorkflow/cleanup-failure-probe-test-graph/sdk/java/src/main/java/com/hayden/testgraphsdk/sdk/NodeSpec.java:52	out-of-scope	ticket_plan.yaml:648-658	none mapped	unrepresented	out_of_scope_lexical_inventory		INFERRED exact-path scope; source not read
400	lexical hit not semantically classified: * <p>Retries trigger only on a timeout outcome from the executor;	specs/.history/modular-fuzzing-epic/ticket-005-MF-014/results/graph-specWorkflow/cleanup-failure-probe-test-graph/sdk/java/src/main/java/com/hayden/testgraphsdk/sdk/NodeSpec.java:57	out-of-scope	ticket_plan.yaml:648-658	none mapped	unrepresented	out_of_scope_lexical_inventory		INFERRED exact-path scope; source not read
401	lexical hit not semantically classified: * non-timeout exit code) is final on the first attempt.	specs/.history/modular-fuzzing-epic/ticket-005-MF-014/results/graph-specWorkflow/cleanup-failure-probe-test-graph/sdk/java/src/main/java/com/hayden/testgraphsdk/sdk/NodeSpec.java:59	out-of-scope	ticket_plan.yaml:648-658	none mapped	unrepresented	out_of_scope_lexical_inventory		INFERRED exact-path scope; source not read
402	"lexical hit not semantically classified: out.put(""timeout"", timeout);"	specs/.history/modular-fuzzing-epic/ticket-005-MF-014/results/graph-specWorkflow/cleanup-failure-probe-test-graph/sdk/java/src/main/java/com/hayden/testgraphsdk/sdk/NodeSpec.java:101	out-of-scope	ticket_plan.yaml:648-658	none mapped	unrepresented	out_of_scope_lexical_inventory		INFERRED exact-path scope; source not read
403	"lexical hit not semantically classified: def timeout(self, v: str) -> ""NodeSpec"":"	specs/.history/modular-fuzzing-epic/ticket-005-MF-014/results/graph-specWorkflow/cleanup-failure-probe-test-graph/sdk/python/src/testgraphsdk/node_spec.py:48	out-of-scope	ticket_plan.yaml:648-658	none mapped	unrepresented	out_of_scope_lexical_inventory		INFERRED exact-path scope; source not read
404	"lexical hit not semantically classified: """"""Extra attempts the executor makes on a timeout outcome."	specs/.history/modular-fuzzing-epic/ticket-005-MF-014/results/graph-specWorkflow/cleanup-failure-probe-test-graph/sdk/python/src/testgraphsdk/node_spec.py:53	out-of-scope	ticket_plan.yaml:648-658	none mapped	unrepresented	out_of_scope_lexical_inventory		INFERRED exact-path scope; source not read
405	lexical hit not semantically classified: Default 0 — fail fast on the first timeout. Only set ``> 0`` for	specs/.history/modular-fuzzing-epic/ticket-005-MF-014/results/graph-specWorkflow/cleanup-failure-probe-test-graph/sdk/python/src/testgraphsdk/node_spec.py:55	out-of-scope	ticket_plan.yaml:648-658	none mapped	unrepresented	out_of_scope_lexical_inventory		INFERRED exact-path scope; source not read
406	lexical hit not semantically classified: orphaned state on retry. Triggers only on timeout, never on a	specs/.history/modular-fuzzing-epic/ticket-005-MF-014/results/graph-specWorkflow/cleanup-failure-probe-test-graph/sdk/python/src/testgraphsdk/node_spec.py:58	out-of-scope	ticket_plan.yaml:648-658	none mapped	unrepresented	out_of_scope_lexical_inventory		INFERRED exact-path scope; source not read
407	"lexical hit not semantically classified: ""timeout"": self._timeout,"	specs/.history/modular-fuzzing-epic/ticket-005-MF-014/results/graph-specWorkflow/cleanup-failure-probe-test-graph/sdk/python/src/testgraphsdk/node_spec.py:110	out-of-scope	ticket_plan.yaml:648-658	none mapped	unrepresented	out_of_scope_lexical_inventory		INFERRED exact-path scope; source not read
408	"lexical hit not semantically classified: .timeout(""30s"")"	specs/.history/modular-fuzzing-epic/ticket-005-MF-014/results/graph-specWorkflow/cleanup-failure-probe-test-graph/sources/spec_workflow_cleanup.py:21	out-of-scope	ticket_plan.yaml:648-658	none mapped	unrepresented	out_of_scope_lexical_inventory		INFERRED exact-path scope; source not read
409	"lexical hit not semantically classified: .timeout(""60s"")"	specs/.history/modular-fuzzing-epic/ticket-005-MF-014/results/graph-specWorkflow/cleanup-failure-probe-test-graph/sources/spec_workflow_close_ticket.py:23	out-of-scope	ticket_plan.yaml:648-658	none mapped	unrepresented	out_of_scope_lexical_inventory		INFERRED exact-path scope; source not read
410	"lexical hit not semantically classified: .timeout(""60s"")"	specs/.history/modular-fuzzing-epic/ticket-005-MF-014/results/graph-specWorkflow/cleanup-failure-probe-test-graph/sources/spec_workflow_complete_ticket.py:20	out-of-scope	ticket_plan.yaml:648-658	none mapped	unrepresented	out_of_scope_lexical_inventory		INFERRED exact-path scope; source not read
411	"lexical hit not semantically classified: .timeout(""60s"")"	specs/.history/modular-fuzzing-epic/ticket-005-MF-014/results/graph-specWorkflow/cleanup-failure-probe-test-graph/sources/spec_workflow_create_repo.py:21	out-of-scope	ticket_plan.yaml:648-658	none mapped	unrepresented	out_of_scope_lexical_inventory		INFERRED exact-path scope; source not read
412	"lexical hit not semantically classified: .timeout(""180s"")"	specs/.history/modular-fuzzing-epic/ticket-005-MF-014/results/graph-specWorkflow/cleanup-failure-probe-test-graph/sources/spec_workflow_failure_cleanup_probe.py:23	out-of-scope	ticket_plan.yaml:648-658	none mapped	unrepresented	out_of_scope_lexical_inventory		INFERRED exact-path scope; source not read
413	"lexical hit not semantically classified: .timeout(""30s"")"	specs/.history/modular-fuzzing-epic/ticket-005-MF-014/results/graph-specWorkflow/cleanup-failure-probe-test-graph/sources/spec_workflow_force_failure.py:20	out-of-scope	ticket_plan.yaml:648-658	none mapped	unrepresented	out_of_scope_lexical_inventory		INFERRED exact-path scope; source not read
414	"lexical hit not semantically classified: .timeout(""60s"")"	specs/.history/modular-fuzzing-epic/ticket-005-MF-014/results/graph-specWorkflow/cleanup-failure-probe-test-graph/sources/spec_workflow_spec_units.py:20	out-of-scope	ticket_plan.yaml:648-658	none mapped	unrepresented	out_of_scope_lexical_inventory		INFERRED exact-path scope; source not read
415	"lexical hit not semantically classified: .timeout(""60s"")"	specs/.history/modular-fuzzing-epic/ticket-005-MF-014/results/graph-specWorkflow/cleanup-failure-probe-test-graph/sources/spec_workflow_start_ticket.py:19	out-of-scope	ticket_plan.yaml:648-658	none mapped	unrepresented	out_of_scope_lexical_inventory		INFERRED exact-path scope; source not read
416	"lexical hit not semantically classified: .timeout(""60s"")"	specs/.history/modular-fuzzing-epic/ticket-005-MF-014/results/graph-specWorkflow/cleanup-failure-probe-test-graph/sources/tla_spec_dev_cli_help.py:20	out-of-scope	ticket_plan.yaml:648-658	none mapped	unrepresented	out_of_scope_lexical_inventory		INFERRED exact-path scope; source not read
417	"lexical hit not semantically classified: .timeout(""60s"")"	specs/.history/modular-fuzzing-epic/ticket-005-MF-014/results/graph-specWorkflow/cleanup-failure-probe-test-graph/sources/tla_spec_dev_cli_install.py:20	out-of-scope	ticket_plan.yaml:648-658	none mapped	unrepresented	out_of_scope_lexical_inventory		INFERRED exact-path scope; source not read
418	lexical hit not semantically classified: exactly the timeout this command exists to prevent.	specs/.history/modular-fuzzing-epic/ticket-005-MF-014/snapshots/current/production_adapters.py:722	out-of-scope	ticket_plan.yaml:648-658	none mapped	unrepresented	out_of_scope_lexical_inventory		INFERRED exact-path scope; source not read
419	lexical hit not semantically classified: timeout=180,	specs/.history/modular-fuzzing-epic/ticket-005-MF-014/snapshots/current/production_adapters.py:761	out-of-scope	ticket_plan.yaml:648-658	none mapped	unrepresented	out_of_scope_lexical_inventory		INFERRED exact-path scope; source not read
420	lexical hit not semantically classified: cwd=target_repo, text=True, capture_output=True, check=False, timeout=180,	specs/.history/modular-fuzzing-epic/ticket-005-MF-014/snapshots/current/production_adapters.py:908	out-of-scope	ticket_plan.yaml:648-658	none mapped	unrepresented	out_of_scope_lexical_inventory		INFERRED exact-path scope; source not read
421	lexical hit not semantically classified: exactly the timeout this command exists to prevent.	specs/.history/modular-fuzzing-epic/ticket-005-MF-014/ticket/current/production_adapters.py:722	out-of-scope	ticket_plan.yaml:648-658	none mapped	unrepresented	out_of_scope_lexical_inventory		INFERRED exact-path scope; source not read
422	lexical hit not semantically classified: timeout=180,	specs/.history/modular-fuzzing-epic/ticket-005-MF-014/ticket/current/production_adapters.py:761	out-of-scope	ticket_plan.yaml:648-658	none mapped	unrepresented	out_of_scope_lexical_inventory		INFERRED exact-path scope; source not read
423	lexical hit not semantically classified: cwd=target_repo, text=True, capture_output=True, check=False, timeout=180,	specs/.history/modular-fuzzing-epic/ticket-005-MF-014/ticket/current/production_adapters.py:908	out-of-scope	ticket_plan.yaml:648-658	none mapped	unrepresented	out_of_scope_lexical_inventory		INFERRED exact-path scope; source not read
424	lexical hit not semantically classified: exactly the timeout this command exists to prevent.	specs/.history/modular-fuzzing-epic/ticket-005-MF-014/ticket/desired/production_adapters.py:722	out-of-scope	ticket_plan.yaml:648-658	none mapped	unrepresented	out_of_scope_lexical_inventory		INFERRED exact-path scope; source not read
425	lexical hit not semantically classified: timeout=180,	specs/.history/modular-fuzzing-epic/ticket-005-MF-014/ticket/desired/production_adapters.py:761	out-of-scope	ticket_plan.yaml:648-658	none mapped	unrepresented	out_of_scope_lexical_inventory		INFERRED exact-path scope; source not read
426	lexical hit not semantically classified: cwd=target_repo, text=True, capture_output=True, check=False, timeout=180,	specs/.history/modular-fuzzing-epic/ticket-005-MF-014/ticket/desired/production_adapters.py:908	out-of-scope	ticket_plan.yaml:648-658	none mapped	unrepresented	out_of_scope_lexical_inventory		INFERRED exact-path scope; source not read
427	lexical hit not semantically classified: *     dependsOn/tags/timeout/etc on top of what the script self-declared).	specs/.history/modular-fuzzing-epic/ticket-005-MF-014/ticket/results/graph-specWorkflow/cleanup-failure-probe-test-graph/build-logic/src/main/kotlin/com/hayden/testgraphsdk/GraphAssembler.kt:9	out-of-scope	ticket_plan.yaml:648-658	none mapped	unrepresented	out_of_scope_lexical_inventory		INFERRED exact-path scope; source not read
428	"lexical hit not semantically classified: timeout = MiniJson.str(root[""timeout""]) ?: ""60s"","	specs/.history/modular-fuzzing-epic/ticket-005-MF-014/ticket/results/graph-specWorkflow/cleanup-failure-probe-test-graph/build-logic/src/main/kotlin/com/hayden/testgraphsdk/NodeDescribeLoader.kt:87	out-of-scope	ticket_plan.yaml:648-658	none mapped	unrepresented	out_of_scope_lexical_inventory		INFERRED exact-path scope; source not read
429	lexical hit not semantically classified: *   - Scalars (timeout, cacheable) — OVERRIDE if set here; otherwise keep script's.	specs/.history/modular-fuzzing-epic/ticket-005-MF-014/ticket/results/graph-specWorkflow/cleanup-failure-probe-test-graph/build-logic/src/main/kotlin/com/hayden/testgraphsdk/TestGraphSpec.kt:13	out-of-scope	ticket_plan.yaml:648-658	none mapped	unrepresented	out_of_scope_lexical_inventory		INFERRED exact-path scope; source not read
430	lexical hit not semantically classified: fun timeout(v: String): NodeOverlay { timeoutOverride = v; return this }	specs/.history/modular-fuzzing-epic/ticket-005-MF-014/ticket/results/graph-specWorkflow/cleanup-failure-probe-test-graph/build-logic/src/main/kotlin/com/hayden/testgraphsdk/TestGraphSpec.kt:30	out-of-scope	ticket_plan.yaml:648-658	none mapped	unrepresented	out_of_scope_lexical_inventory		INFERRED exact-path scope; source not read
431	lexical hit not semantically classified: timeout = timeoutOverride ?: spec.timeout,	specs/.history/modular-fuzzing-epic/ticket-005-MF-014/ticket/results/graph-specWorkflow/cleanup-failure-probe-test-graph/build-logic/src/main/kotlin/com/hayden/testgraphsdk/TestGraphSpec.kt:39	out-of-scope	ticket_plan.yaml:648-658	none mapped	unrepresented	out_of_scope_lexical_inventory		INFERRED exact-path scope; source not read
432	lexical hit not semantically classified: *    deps/tags/timeout on top of what the script self-declares)	specs/.history/modular-fuzzing-epic/ticket-005-MF-014/ticket/results/graph-specWorkflow/cleanup-failure-probe-test-graph/build-logic/src/main/kotlin/com/hayden/testgraphsdk/TestGraphSpec.kt:51	out-of-scope	ticket_plan.yaml:648-658	none mapped	unrepresented	out_of_scope_lexical_inventory		INFERRED exact-path scope; source not read
433	lexical hit not semantically classified: * `.dependsOn(...)`, `.tags(...)`, `.timeout(...)`, etc. on.	specs/.history/modular-fuzzing-epic/ticket-005-MF-014/ticket/results/graph-specWorkflow/cleanup-failure-probe-test-graph/build-logic/src/main/kotlin/com/hayden/testgraphsdk/TestGraphSpec.kt:65	out-of-scope	ticket_plan.yaml:648-658	none mapped	unrepresented	out_of_scope_lexical_inventory		INFERRED exact-path scope; source not read
434	"lexical hit not semantically classified: val timeout: String = ""60s"","	specs/.history/modular-fuzzing-epic/ticket-005-MF-014/ticket/results/graph-specWorkflow/cleanup-failure-probe-test-graph/build-logic/src/main/kotlin/com/hayden/testgraphsdk/ValidationNodeSpec.kt:16	out-of-scope	ticket_plan.yaml:648-658	none mapped	unrepresented	out_of_scope_lexical_inventory		INFERRED exact-path scope; source not read
435	"lexical hit not semantically classified: * exceeds its [timeout]. Default 0 means ""fail fast on first timeout""."	specs/.history/modular-fuzzing-epic/ticket-005-MF-014/ticket/results/graph-specWorkflow/cleanup-failure-probe-test-graph/build-logic/src/main/kotlin/com/hayden/testgraphsdk/ValidationNodeSpec.kt:19	out-of-scope	ticket_plan.yaml:648-658	none mapped	unrepresented	out_of_scope_lexical_inventory		INFERRED exact-path scope; source not read
436	lexical hit not semantically classified: * Retries trigger ONLY on a timeout outcome — a body-returned	specs/.history/modular-fuzzing-epic/ticket-005-MF-014/ticket/results/graph-specWorkflow/cleanup-failure-probe-test-graph/build-logic/src/main/kotlin/com/hayden/testgraphsdk/ValidationNodeSpec.kt:20	out-of-scope	ticket_plan.yaml:648-658	none mapped	unrepresented	out_of_scope_lexical_inventory		INFERRED exact-path scope; source not read
437	lexical hit not semantically classified: * timeout [retries], which are automatic executor attempts.	specs/.history/modular-fuzzing-epic/ticket-005-MF-014/ticket/results/graph-specWorkflow/cleanup-failure-probe-test-graph/build-logic/src/main/kotlin/com/hayden/testgraphsdk/ValidationNodeSpec.kt:29	out-of-scope	ticket_plan.yaml:648-658	none mapped	unrepresented	out_of_scope_lexical_inventory		INFERRED exact-path scope; source not read
438	lexical hit not semantically classified: * [ValidationNodeSpec.timeout] by `PlanExecutor`. Executors enforce	specs/.history/modular-fuzzing-epic/ticket-005-MF-014/ticket/results/graph-specWorkflow/cleanup-failure-probe-test-graph/build-logic/src/main/kotlin/com/hayden/testgraphsdk/exec/Executors.kt:41	out-of-scope	ticket_plan.yaml:648-658	none mapped	unrepresented	out_of_scope_lexical_inventory		INFERRED exact-path scope; source not read
439	lexical hit not semantically classified: * timeout is.	specs/.history/modular-fuzzing-epic/ticket-005-MF-014/ticket/results/graph-specWorkflow/cleanup-failure-probe-test-graph/build-logic/src/main/kotlin/com/hayden/testgraphsdk/exec/Executors.kt:54	out-of-scope	ticket_plan.yaml:648-658	none mapped	unrepresented	out_of_scope_lexical_inventory		INFERRED exact-path scope; source not read
440	lexical hit not semantically classified: * by every concrete [ValidationExecutor] so the timeout-enforcement	specs/.history/modular-fuzzing-epic/ticket-005-MF-014/ticket/results/graph-specWorkflow/cleanup-failure-probe-test-graph/build-logic/src/main/kotlin/com/hayden/testgraphsdk/exec/Executors.kt:91	out-of-scope	ticket_plan.yaml:648-658	none mapped	unrepresented	out_of_scope_lexical_inventory		INFERRED exact-path scope; source not read
441	lexical hit not semantically classified: val timeoutMillis = TimeoutParser.parseMillis(spec.timeout)	specs/.history/modular-fuzzing-epic/ticket-005-MF-014/ticket/results/graph-specWorkflow/cleanup-failure-probe-test-graph/build-logic/src/main/kotlin/com/hayden/testgraphsdk/exec/PlanExecutor.kt:134	out-of-scope	ticket_plan.yaml:648-658	none mapped	unrepresented	out_of_scope_lexical_inventory		INFERRED exact-path scope; source not read
442	"lexical hit not semantically classified: ""    retry ${attempt - 1}/${spec.retries} after timeout — "" +"	specs/.history/modular-fuzzing-epic/ticket-005-MF-014/ticket/results/graph-specWorkflow/cleanup-failure-probe-test-graph/build-logic/src/main/kotlin/com/hayden/testgraphsdk/exec/PlanExecutor.kt:143	out-of-scope	ticket_plan.yaml:648-658	none mapped	unrepresented	out_of_scope_lexical_inventory		INFERRED exact-path scope; source not read
443	"lexical hit not semantically classified: ""previous attempt exceeded ${spec.timeout}"""	specs/.history/modular-fuzzing-epic/ticket-005-MF-014/ticket/results/graph-specWorkflow/cleanup-failure-probe-test-graph/build-logic/src/main/kotlin/com/hayden/testgraphsdk/exec/PlanExecutor.kt:144	out-of-scope	ticket_plan.yaml:648-658	none mapped	unrepresented	out_of_scope_lexical_inventory		INFERRED exact-path scope; source not read
444	"lexical hit not semantically classified: *   0. executor reported a timeout → synthesize an ""errored"""	specs/.history/modular-fuzzing-epic/ticket-005-MF-014/ticket/results/graph-specWorkflow/cleanup-failure-probe-test-graph/build-logic/src/main/kotlin/com/hayden/testgraphsdk/exec/PlanExecutor.kt:308	out-of-scope	ticket_plan.yaml:648-658	none mapped	unrepresented	out_of_scope_lexical_inventory		INFERRED exact-path scope; source not read
445	"lexical hit not semantically classified: ""node timed out after ${spec.timeout}$attemptsClause; "" +"	specs/.history/modular-fuzzing-epic/ticket-005-MF-014/ticket/results/graph-specWorkflow/cleanup-failure-probe-test-graph/build-logic/src/main/kotlin/com/hayden/testgraphsdk/exec/PlanExecutor.kt:341	out-of-scope	ticket_plan.yaml:648-658	none mapped	unrepresented	out_of_scope_lexical_inventory		INFERRED exact-path scope; source not read
446	lexical hit not semantically classified: * Parses the `NodeSpec.timeout(...)` string into milliseconds.	specs/.history/modular-fuzzing-epic/ticket-005-MF-014/ticket/results/graph-specWorkflow/cleanup-failure-probe-test-graph/build-logic/src/main/kotlin/com/hayden/testgraphsdk/exec/TimeoutParser.kt:4	out-of-scope	ticket_plan.yaml:648-658	none mapped	unrepresented	out_of_scope_lexical_inventory		INFERRED exact-path scope; source not read
447	"lexical hit not semantically classified: private String timeout = ""60s"";"	specs/.history/modular-fuzzing-epic/ticket-005-MF-014/ticket/results/graph-specWorkflow/cleanup-failure-probe-test-graph/sdk/java/src/main/java/com/hayden/testgraphsdk/sdk/NodeSpec.java:30	out-of-scope	ticket_plan.yaml:648-658	none mapped	unrepresented	out_of_scope_lexical_inventory		INFERRED exact-path scope; source not read
448	lexical hit not semantically classified: public NodeSpec timeout(String v)                { this.timeout = v; return this; }	specs/.history/modular-fuzzing-epic/ticket-005-MF-014/ticket/results/graph-specWorkflow/cleanup-failure-probe-test-graph/sdk/java/src/main/java/com/hayden/testgraphsdk/sdk/NodeSpec.java:48	out-of-scope	ticket_plan.yaml:648-658	none mapped	unrepresented	out_of_scope_lexical_inventory		INFERRED exact-path scope; source not read
449	lexical hit not semantically classified: * spawned node-process exceeds {@link #timeout(String)}. Default 0 —	specs/.history/modular-fuzzing-epic/ticket-005-MF-014/ticket/results/graph-specWorkflow/cleanup-failure-probe-test-graph/sdk/java/src/main/java/com/hayden/testgraphsdk/sdk/NodeSpec.java:51	out-of-scope	ticket_plan.yaml:648-658	none mapped	unrepresented	out_of_scope_lexical_inventory		INFERRED exact-path scope; source not read
450	lexical hit not semantically classified: * fail fast on the first timeout. Anything {@code > 0} only kicks in	specs/.history/modular-fuzzing-epic/ticket-005-MF-014/ticket/results/graph-specWorkflow/cleanup-failure-probe-test-graph/sdk/java/src/main/java/com/hayden/testgraphsdk/sdk/NodeSpec.java:52	out-of-scope	ticket_plan.yaml:648-658	none mapped	unrepresented	out_of_scope_lexical_inventory		INFERRED exact-path scope; source not read
451	lexical hit not semantically classified: * <p>Retries trigger only on a timeout outcome from the executor;	specs/.history/modular-fuzzing-epic/ticket-005-MF-014/ticket/results/graph-specWorkflow/cleanup-failure-probe-test-graph/sdk/java/src/main/java/com/hayden/testgraphsdk/sdk/NodeSpec.java:57	out-of-scope	ticket_plan.yaml:648-658	none mapped	unrepresented	out_of_scope_lexical_inventory		INFERRED exact-path scope; source not read
452	lexical hit not semantically classified: * non-timeout exit code) is final on the first attempt.	specs/.history/modular-fuzzing-epic/ticket-005-MF-014/ticket/results/graph-specWorkflow/cleanup-failure-probe-test-graph/sdk/java/src/main/java/com/hayden/testgraphsdk/sdk/NodeSpec.java:59	out-of-scope	ticket_plan.yaml:648-658	none mapped	unrepresented	out_of_scope_lexical_inventory		INFERRED exact-path scope; source not read
453	"lexical hit not semantically classified: out.put(""timeout"", timeout);"	specs/.history/modular-fuzzing-epic/ticket-005-MF-014/ticket/results/graph-specWorkflow/cleanup-failure-probe-test-graph/sdk/java/src/main/java/com/hayden/testgraphsdk/sdk/NodeSpec.java:101	out-of-scope	ticket_plan.yaml:648-658	none mapped	unrepresented	out_of_scope_lexical_inventory		INFERRED exact-path scope; source not read
454	"lexical hit not semantically classified: def timeout(self, v: str) -> ""NodeSpec"":"	specs/.history/modular-fuzzing-epic/ticket-005-MF-014/ticket/results/graph-specWorkflow/cleanup-failure-probe-test-graph/sdk/python/src/testgraphsdk/node_spec.py:48	out-of-scope	ticket_plan.yaml:648-658	none mapped	unrepresented	out_of_scope_lexical_inventory		INFERRED exact-path scope; source not read
455	"lexical hit not semantically classified: """"""Extra attempts the executor makes on a timeout outcome."	specs/.history/modular-fuzzing-epic/ticket-005-MF-014/ticket/results/graph-specWorkflow/cleanup-failure-probe-test-graph/sdk/python/src/testgraphsdk/node_spec.py:53	out-of-scope	ticket_plan.yaml:648-658	none mapped	unrepresented	out_of_scope_lexical_inventory		INFERRED exact-path scope; source not read
456	lexical hit not semantically classified: Default 0 — fail fast on the first timeout. Only set ``> 0`` for	specs/.history/modular-fuzzing-epic/ticket-005-MF-014/ticket/results/graph-specWorkflow/cleanup-failure-probe-test-graph/sdk/python/src/testgraphsdk/node_spec.py:55	out-of-scope	ticket_plan.yaml:648-658	none mapped	unrepresented	out_of_scope_lexical_inventory		INFERRED exact-path scope; source not read
457	lexical hit not semantically classified: orphaned state on retry. Triggers only on timeout, never on a	specs/.history/modular-fuzzing-epic/ticket-005-MF-014/ticket/results/graph-specWorkflow/cleanup-failure-probe-test-graph/sdk/python/src/testgraphsdk/node_spec.py:58	out-of-scope	ticket_plan.yaml:648-658	none mapped	unrepresented	out_of_scope_lexical_inventory		INFERRED exact-path scope; source not read
458	"lexical hit not semantically classified: ""timeout"": self._timeout,"	specs/.history/modular-fuzzing-epic/ticket-005-MF-014/ticket/results/graph-specWorkflow/cleanup-failure-probe-test-graph/sdk/python/src/testgraphsdk/node_spec.py:110	out-of-scope	ticket_plan.yaml:648-658	none mapped	unrepresented	out_of_scope_lexical_inventory		INFERRED exact-path scope; source not read
459	"lexical hit not semantically classified: .timeout(""30s"")"	specs/.history/modular-fuzzing-epic/ticket-005-MF-014/ticket/results/graph-specWorkflow/cleanup-failure-probe-test-graph/sources/spec_workflow_cleanup.py:21	out-of-scope	ticket_plan.yaml:648-658	none mapped	unrepresented	out_of_scope_lexical_inventory		INFERRED exact-path scope; source not read
460	"lexical hit not semantically classified: .timeout(""60s"")"	specs/.history/modular-fuzzing-epic/ticket-005-MF-014/ticket/results/graph-specWorkflow/cleanup-failure-probe-test-graph/sources/spec_workflow_close_ticket.py:23	out-of-scope	ticket_plan.yaml:648-658	none mapped	unrepresented	out_of_scope_lexical_inventory		INFERRED exact-path scope; source not read
461	"lexical hit not semantically classified: .timeout(""60s"")"	specs/.history/modular-fuzzing-epic/ticket-005-MF-014/ticket/results/graph-specWorkflow/cleanup-failure-probe-test-graph/sources/spec_workflow_complete_ticket.py:20	out-of-scope	ticket_plan.yaml:648-658	none mapped	unrepresented	out_of_scope_lexical_inventory		INFERRED exact-path scope; source not read
462	"lexical hit not semantically classified: .timeout(""60s"")"	specs/.history/modular-fuzzing-epic/ticket-005-MF-014/ticket/results/graph-specWorkflow/cleanup-failure-probe-test-graph/sources/spec_workflow_create_repo.py:21	out-of-scope	ticket_plan.yaml:648-658	none mapped	unrepresented	out_of_scope_lexical_inventory		INFERRED exact-path scope; source not read
463	"lexical hit not semantically classified: .timeout(""180s"")"	specs/.history/modular-fuzzing-epic/ticket-005-MF-014/ticket/results/graph-specWorkflow/cleanup-failure-probe-test-graph/sources/spec_workflow_failure_cleanup_probe.py:23	out-of-scope	ticket_plan.yaml:648-658	none mapped	unrepresented	out_of_scope_lexical_inventory		INFERRED exact-path scope; source not read
464	"lexical hit not semantically classified: .timeout(""30s"")"	specs/.history/modular-fuzzing-epic/ticket-005-MF-014/ticket/results/graph-specWorkflow/cleanup-failure-probe-test-graph/sources/spec_workflow_force_failure.py:20	out-of-scope	ticket_plan.yaml:648-658	none mapped	unrepresented	out_of_scope_lexical_inventory		INFERRED exact-path scope; source not read
465	"lexical hit not semantically classified: .timeout(""60s"")"	specs/.history/modular-fuzzing-epic/ticket-005-MF-014/ticket/results/graph-specWorkflow/cleanup-failure-probe-test-graph/sources/spec_workflow_spec_units.py:20	out-of-scope	ticket_plan.yaml:648-658	none mapped	unrepresented	out_of_scope_lexical_inventory		INFERRED exact-path scope; source not read
466	"lexical hit not semantically classified: .timeout(""60s"")"	specs/.history/modular-fuzzing-epic/ticket-005-MF-014/ticket/results/graph-specWorkflow/cleanup-failure-probe-test-graph/sources/spec_workflow_start_ticket.py:19	out-of-scope	ticket_plan.yaml:648-658	none mapped	unrepresented	out_of_scope_lexical_inventory		INFERRED exact-path scope; source not read
467	"lexical hit not semantically classified: .timeout(""60s"")"	specs/.history/modular-fuzzing-epic/ticket-005-MF-014/ticket/results/graph-specWorkflow/cleanup-failure-probe-test-graph/sources/tla_spec_dev_cli_help.py:20	out-of-scope	ticket_plan.yaml:648-658	none mapped	unrepresented	out_of_scope_lexical_inventory		INFERRED exact-path scope; source not read
468	"lexical hit not semantically classified: .timeout(""60s"")"	specs/.history/modular-fuzzing-epic/ticket-005-MF-014/ticket/results/graph-specWorkflow/cleanup-failure-probe-test-graph/sources/tla_spec_dev_cli_install.py:20	out-of-scope	ticket_plan.yaml:648-658	none mapped	unrepresented	out_of_scope_lexical_inventory		INFERRED exact-path scope; source not read
469	lexical hit not semantically classified: *     dependsOn/tags/timeout/etc on top of what the script self-declared).	specs/.history/modular-fuzzing-epic/ticket-006-MF-013/results/specWorkflow-report-post-promotion/cleanup-failure-probe-test-graph/build-logic/src/main/kotlin/com/hayden/testgraphsdk/GraphAssembler.kt:9	out-of-scope	ticket_plan.yaml:648-658	none mapped	unrepresented	out_of_scope_lexical_inventory		INFERRED exact-path scope; source not read
470	"lexical hit not semantically classified: timeout = MiniJson.str(root[""timeout""]) ?: ""60s"","	specs/.history/modular-fuzzing-epic/ticket-006-MF-013/results/specWorkflow-report-post-promotion/cleanup-failure-probe-test-graph/build-logic/src/main/kotlin/com/hayden/testgraphsdk/NodeDescribeLoader.kt:87	out-of-scope	ticket_plan.yaml:648-658	none mapped	unrepresented	out_of_scope_lexical_inventory		INFERRED exact-path scope; source not read
471	lexical hit not semantically classified: *   - Scalars (timeout, cacheable) — OVERRIDE if set here; otherwise keep script's.	specs/.history/modular-fuzzing-epic/ticket-006-MF-013/results/specWorkflow-report-post-promotion/cleanup-failure-probe-test-graph/build-logic/src/main/kotlin/com/hayden/testgraphsdk/TestGraphSpec.kt:13	out-of-scope	ticket_plan.yaml:648-658	none mapped	unrepresented	out_of_scope_lexical_inventory		INFERRED exact-path scope; source not read
472	lexical hit not semantically classified: fun timeout(v: String): NodeOverlay { timeoutOverride = v; return this }	specs/.history/modular-fuzzing-epic/ticket-006-MF-013/results/specWorkflow-report-post-promotion/cleanup-failure-probe-test-graph/build-logic/src/main/kotlin/com/hayden/testgraphsdk/TestGraphSpec.kt:30	out-of-scope	ticket_plan.yaml:648-658	none mapped	unrepresented	out_of_scope_lexical_inventory		INFERRED exact-path scope; source not read
473	lexical hit not semantically classified: timeout = timeoutOverride ?: spec.timeout,	specs/.history/modular-fuzzing-epic/ticket-006-MF-013/results/specWorkflow-report-post-promotion/cleanup-failure-probe-test-graph/build-logic/src/main/kotlin/com/hayden/testgraphsdk/TestGraphSpec.kt:39	out-of-scope	ticket_plan.yaml:648-658	none mapped	unrepresented	out_of_scope_lexical_inventory		INFERRED exact-path scope; source not read
474	lexical hit not semantically classified: *    deps/tags/timeout on top of what the script self-declares)	specs/.history/modular-fuzzing-epic/ticket-006-MF-013/results/specWorkflow-report-post-promotion/cleanup-failure-probe-test-graph/build-logic/src/main/kotlin/com/hayden/testgraphsdk/TestGraphSpec.kt:51	out-of-scope	ticket_plan.yaml:648-658	none mapped	unrepresented	out_of_scope_lexical_inventory		INFERRED exact-path scope; source not read
475	lexical hit not semantically classified: * `.dependsOn(...)`, `.tags(...)`, `.timeout(...)`, etc. on.	specs/.history/modular-fuzzing-epic/ticket-006-MF-013/results/specWorkflow-report-post-promotion/cleanup-failure-probe-test-graph/build-logic/src/main/kotlin/com/hayden/testgraphsdk/TestGraphSpec.kt:65	out-of-scope	ticket_plan.yaml:648-658	none mapped	unrepresented	out_of_scope_lexical_inventory		INFERRED exact-path scope; source not read
476	"lexical hit not semantically classified: val timeout: String = ""60s"","	specs/.history/modular-fuzzing-epic/ticket-006-MF-013/results/specWorkflow-report-post-promotion/cleanup-failure-probe-test-graph/build-logic/src/main/kotlin/com/hayden/testgraphsdk/ValidationNodeSpec.kt:16	out-of-scope	ticket_plan.yaml:648-658	none mapped	unrepresented	out_of_scope_lexical_inventory		INFERRED exact-path scope; source not read
477	"lexical hit not semantically classified: * exceeds its [timeout]. Default 0 means ""fail fast on first timeout""."	specs/.history/modular-fuzzing-epic/ticket-006-MF-013/results/specWorkflow-report-post-promotion/cleanup-failure-probe-test-graph/build-logic/src/main/kotlin/com/hayden/testgraphsdk/ValidationNodeSpec.kt:19	out-of-scope	ticket_plan.yaml:648-658	none mapped	unrepresented	out_of_scope_lexical_inventory		INFERRED exact-path scope; source not read
478	lexical hit not semantically classified: * Retries trigger ONLY on a timeout outcome — a body-returned	specs/.history/modular-fuzzing-epic/ticket-006-MF-013/results/specWorkflow-report-post-promotion/cleanup-failure-probe-test-graph/build-logic/src/main/kotlin/com/hayden/testgraphsdk/ValidationNodeSpec.kt:20	out-of-scope	ticket_plan.yaml:648-658	none mapped	unrepresented	out_of_scope_lexical_inventory		INFERRED exact-path scope; source not read
479	lexical hit not semantically classified: * timeout [retries], which are automatic executor attempts.	specs/.history/modular-fuzzing-epic/ticket-006-MF-013/results/specWorkflow-report-post-promotion/cleanup-failure-probe-test-graph/build-logic/src/main/kotlin/com/hayden/testgraphsdk/ValidationNodeSpec.kt:29	out-of-scope	ticket_plan.yaml:648-658	none mapped	unrepresented	out_of_scope_lexical_inventory		INFERRED exact-path scope; source not read
480	lexical hit not semantically classified: * [ValidationNodeSpec.timeout] by `PlanExecutor`. Executors enforce	specs/.history/modular-fuzzing-epic/ticket-006-MF-013/results/specWorkflow-report-post-promotion/cleanup-failure-probe-test-graph/build-logic/src/main/kotlin/com/hayden/testgraphsdk/exec/Executors.kt:41	out-of-scope	ticket_plan.yaml:648-658	none mapped	unrepresented	out_of_scope_lexical_inventory		INFERRED exact-path scope; source not read
481	lexical hit not semantically classified: * timeout is.	specs/.history/modular-fuzzing-epic/ticket-006-MF-013/results/specWorkflow-report-post-promotion/cleanup-failure-probe-test-graph/build-logic/src/main/kotlin/com/hayden/testgraphsdk/exec/Executors.kt:54	out-of-scope	ticket_plan.yaml:648-658	none mapped	unrepresented	out_of_scope_lexical_inventory		INFERRED exact-path scope; source not read
482	lexical hit not semantically classified: * by every concrete [ValidationExecutor] so the timeout-enforcement	specs/.history/modular-fuzzing-epic/ticket-006-MF-013/results/specWorkflow-report-post-promotion/cleanup-failure-probe-test-graph/build-logic/src/main/kotlin/com/hayden/testgraphsdk/exec/Executors.kt:91	out-of-scope	ticket_plan.yaml:648-658	none mapped	unrepresented	out_of_scope_lexical_inventory		INFERRED exact-path scope; source not read
483	lexical hit not semantically classified: val timeoutMillis = TimeoutParser.parseMillis(spec.timeout)	specs/.history/modular-fuzzing-epic/ticket-006-MF-013/results/specWorkflow-report-post-promotion/cleanup-failure-probe-test-graph/build-logic/src/main/kotlin/com/hayden/testgraphsdk/exec/PlanExecutor.kt:134	out-of-scope	ticket_plan.yaml:648-658	none mapped	unrepresented	out_of_scope_lexical_inventory		INFERRED exact-path scope; source not read
484	"lexical hit not semantically classified: ""    retry ${attempt - 1}/${spec.retries} after timeout — "" +"	specs/.history/modular-fuzzing-epic/ticket-006-MF-013/results/specWorkflow-report-post-promotion/cleanup-failure-probe-test-graph/build-logic/src/main/kotlin/com/hayden/testgraphsdk/exec/PlanExecutor.kt:143	out-of-scope	ticket_plan.yaml:648-658	none mapped	unrepresented	out_of_scope_lexical_inventory		INFERRED exact-path scope; source not read
485	"lexical hit not semantically classified: ""previous attempt exceeded ${spec.timeout}"""	specs/.history/modular-fuzzing-epic/ticket-006-MF-013/results/specWorkflow-report-post-promotion/cleanup-failure-probe-test-graph/build-logic/src/main/kotlin/com/hayden/testgraphsdk/exec/PlanExecutor.kt:144	out-of-scope	ticket_plan.yaml:648-658	none mapped	unrepresented	out_of_scope_lexical_inventory		INFERRED exact-path scope; source not read
486	"lexical hit not semantically classified: *   0. executor reported a timeout → synthesize an ""errored"""	specs/.history/modular-fuzzing-epic/ticket-006-MF-013/results/specWorkflow-report-post-promotion/cleanup-failure-probe-test-graph/build-logic/src/main/kotlin/com/hayden/testgraphsdk/exec/PlanExecutor.kt:308	out-of-scope	ticket_plan.yaml:648-658	none mapped	unrepresented	out_of_scope_lexical_inventory		INFERRED exact-path scope; source not read
487	"lexical hit not semantically classified: ""node timed out after ${spec.timeout}$attemptsClause; "" +"	specs/.history/modular-fuzzing-epic/ticket-006-MF-013/results/specWorkflow-report-post-promotion/cleanup-failure-probe-test-graph/build-logic/src/main/kotlin/com/hayden/testgraphsdk/exec/PlanExecutor.kt:341	out-of-scope	ticket_plan.yaml:648-658	none mapped	unrepresented	out_of_scope_lexical_inventory		INFERRED exact-path scope; source not read
488	lexical hit not semantically classified: * Parses the `NodeSpec.timeout(...)` string into milliseconds.	specs/.history/modular-fuzzing-epic/ticket-006-MF-013/results/specWorkflow-report-post-promotion/cleanup-failure-probe-test-graph/build-logic/src/main/kotlin/com/hayden/testgraphsdk/exec/TimeoutParser.kt:4	out-of-scope	ticket_plan.yaml:648-658	none mapped	unrepresented	out_of_scope_lexical_inventory		INFERRED exact-path scope; source not read
489	"lexical hit not semantically classified: private String timeout = ""60s"";"	specs/.history/modular-fuzzing-epic/ticket-006-MF-013/results/specWorkflow-report-post-promotion/cleanup-failure-probe-test-graph/sdk/java/src/main/java/com/hayden/testgraphsdk/sdk/NodeSpec.java:30	out-of-scope	ticket_plan.yaml:648-658	none mapped	unrepresented	out_of_scope_lexical_inventory		INFERRED exact-path scope; source not read
490	lexical hit not semantically classified: public NodeSpec timeout(String v)                { this.timeout = v; return this; }	specs/.history/modular-fuzzing-epic/ticket-006-MF-013/results/specWorkflow-report-post-promotion/cleanup-failure-probe-test-graph/sdk/java/src/main/java/com/hayden/testgraphsdk/sdk/NodeSpec.java:48	out-of-scope	ticket_plan.yaml:648-658	none mapped	unrepresented	out_of_scope_lexical_inventory		INFERRED exact-path scope; source not read
491	lexical hit not semantically classified: * spawned node-process exceeds {@link #timeout(String)}. Default 0 —	specs/.history/modular-fuzzing-epic/ticket-006-MF-013/results/specWorkflow-report-post-promotion/cleanup-failure-probe-test-graph/sdk/java/src/main/java/com/hayden/testgraphsdk/sdk/NodeSpec.java:51	out-of-scope	ticket_plan.yaml:648-658	none mapped	unrepresented	out_of_scope_lexical_inventory		INFERRED exact-path scope; source not read
492	lexical hit not semantically classified: * fail fast on the first timeout. Anything {@code > 0} only kicks in	specs/.history/modular-fuzzing-epic/ticket-006-MF-013/results/specWorkflow-report-post-promotion/cleanup-failure-probe-test-graph/sdk/java/src/main/java/com/hayden/testgraphsdk/sdk/NodeSpec.java:52	out-of-scope	ticket_plan.yaml:648-658	none mapped	unrepresented	out_of_scope_lexical_inventory		INFERRED exact-path scope; source not read
493	lexical hit not semantically classified: * <p>Retries trigger only on a timeout outcome from the executor;	specs/.history/modular-fuzzing-epic/ticket-006-MF-013/results/specWorkflow-report-post-promotion/cleanup-failure-probe-test-graph/sdk/java/src/main/java/com/hayden/testgraphsdk/sdk/NodeSpec.java:57	out-of-scope	ticket_plan.yaml:648-658	none mapped	unrepresented	out_of_scope_lexical_inventory		INFERRED exact-path scope; source not read
494	lexical hit not semantically classified: * non-timeout exit code) is final on the first attempt.	specs/.history/modular-fuzzing-epic/ticket-006-MF-013/results/specWorkflow-report-post-promotion/cleanup-failure-probe-test-graph/sdk/java/src/main/java/com/hayden/testgraphsdk/sdk/NodeSpec.java:59	out-of-scope	ticket_plan.yaml:648-658	none mapped	unrepresented	out_of_scope_lexical_inventory		INFERRED exact-path scope; source not read
495	"lexical hit not semantically classified: out.put(""timeout"", timeout);"	specs/.history/modular-fuzzing-epic/ticket-006-MF-013/results/specWorkflow-report-post-promotion/cleanup-failure-probe-test-graph/sdk/java/src/main/java/com/hayden/testgraphsdk/sdk/NodeSpec.java:101	out-of-scope	ticket_plan.yaml:648-658	none mapped	unrepresented	out_of_scope_lexical_inventory		INFERRED exact-path scope; source not read
496	"lexical hit not semantically classified: def timeout(self, v: str) -> ""NodeSpec"":"	specs/.history/modular-fuzzing-epic/ticket-006-MF-013/results/specWorkflow-report-post-promotion/cleanup-failure-probe-test-graph/sdk/python/src/testgraphsdk/node_spec.py:48	out-of-scope	ticket_plan.yaml:648-658	none mapped	unrepresented	out_of_scope_lexical_inventory		INFERRED exact-path scope; source not read
497	"lexical hit not semantically classified: """"""Extra attempts the executor makes on a timeout outcome."	specs/.history/modular-fuzzing-epic/ticket-006-MF-013/results/specWorkflow-report-post-promotion/cleanup-failure-probe-test-graph/sdk/python/src/testgraphsdk/node_spec.py:53	out-of-scope	ticket_plan.yaml:648-658	none mapped	unrepresented	out_of_scope_lexical_inventory		INFERRED exact-path scope; source not read
498	lexical hit not semantically classified: Default 0 — fail fast on the first timeout. Only set ``> 0`` for	specs/.history/modular-fuzzing-epic/ticket-006-MF-013/results/specWorkflow-report-post-promotion/cleanup-failure-probe-test-graph/sdk/python/src/testgraphsdk/node_spec.py:55	out-of-scope	ticket_plan.yaml:648-658	none mapped	unrepresented	out_of_scope_lexical_inventory		INFERRED exact-path scope; source not read
499	lexical hit not semantically classified: orphaned state on retry. Triggers only on timeout, never on a	specs/.history/modular-fuzzing-epic/ticket-006-MF-013/results/specWorkflow-report-post-promotion/cleanup-failure-probe-test-graph/sdk/python/src/testgraphsdk/node_spec.py:58	out-of-scope	ticket_plan.yaml:648-658	none mapped	unrepresented	out_of_scope_lexical_inventory		INFERRED exact-path scope; source not read
500	"lexical hit not semantically classified: ""timeout"": self._timeout,"	specs/.history/modular-fuzzing-epic/ticket-006-MF-013/results/specWorkflow-report-post-promotion/cleanup-failure-probe-test-graph/sdk/python/src/testgraphsdk/node_spec.py:110	out-of-scope	ticket_plan.yaml:648-658	none mapped	unrepresented	out_of_scope_lexical_inventory		INFERRED exact-path scope; source not read
501	"lexical hit not semantically classified: .timeout(""30s"")"	specs/.history/modular-fuzzing-epic/ticket-006-MF-013/results/specWorkflow-report-post-promotion/cleanup-failure-probe-test-graph/sources/spec_workflow_cleanup.py:21	out-of-scope	ticket_plan.yaml:648-658	none mapped	unrepresented	out_of_scope_lexical_inventory		INFERRED exact-path scope; source not read
502	"lexical hit not semantically classified: .timeout(""60s"")"	specs/.history/modular-fuzzing-epic/ticket-006-MF-013/results/specWorkflow-report-post-promotion/cleanup-failure-probe-test-graph/sources/spec_workflow_close_ticket.py:23	out-of-scope	ticket_plan.yaml:648-658	none mapped	unrepresented	out_of_scope_lexical_inventory		INFERRED exact-path scope; source not read
503	"lexical hit not semantically classified: .timeout(""60s"")"	specs/.history/modular-fuzzing-epic/ticket-006-MF-013/results/specWorkflow-report-post-promotion/cleanup-failure-probe-test-graph/sources/spec_workflow_complete_ticket.py:20	out-of-scope	ticket_plan.yaml:648-658	none mapped	unrepresented	out_of_scope_lexical_inventory		INFERRED exact-path scope; source not read
504	"lexical hit not semantically classified: .timeout(""60s"")"	specs/.history/modular-fuzzing-epic/ticket-006-MF-013/results/specWorkflow-report-post-promotion/cleanup-failure-probe-test-graph/sources/spec_workflow_create_repo.py:21	out-of-scope	ticket_plan.yaml:648-658	none mapped	unrepresented	out_of_scope_lexical_inventory		INFERRED exact-path scope; source not read
505	"lexical hit not semantically classified: .timeout(""180s"")"	specs/.history/modular-fuzzing-epic/ticket-006-MF-013/results/specWorkflow-report-post-promotion/cleanup-failure-probe-test-graph/sources/spec_workflow_failure_cleanup_probe.py:23	out-of-scope	ticket_plan.yaml:648-658	none mapped	unrepresented	out_of_scope_lexical_inventory		INFERRED exact-path scope; source not read
506	"lexical hit not semantically classified: .timeout(""30s"")"	specs/.history/modular-fuzzing-epic/ticket-006-MF-013/results/specWorkflow-report-post-promotion/cleanup-failure-probe-test-graph/sources/spec_workflow_force_failure.py:20	out-of-scope	ticket_plan.yaml:648-658	none mapped	unrepresented	out_of_scope_lexical_inventory		INFERRED exact-path scope; source not read
507	"lexical hit not semantically classified: .timeout(""60s"")"	specs/.history/modular-fuzzing-epic/ticket-006-MF-013/results/specWorkflow-report-post-promotion/cleanup-failure-probe-test-graph/sources/spec_workflow_spec_units.py:20	out-of-scope	ticket_plan.yaml:648-658	none mapped	unrepresented	out_of_scope_lexical_inventory		INFERRED exact-path scope; source not read
508	"lexical hit not semantically classified: .timeout(""60s"")"	specs/.history/modular-fuzzing-epic/ticket-006-MF-013/results/specWorkflow-report-post-promotion/cleanup-failure-probe-test-graph/sources/spec_workflow_start_ticket.py:19	out-of-scope	ticket_plan.yaml:648-658	none mapped	unrepresented	out_of_scope_lexical_inventory		INFERRED exact-path scope; source not read
509	"lexical hit not semantically classified: .timeout(""60s"")"	specs/.history/modular-fuzzing-epic/ticket-006-MF-013/results/specWorkflow-report-post-promotion/cleanup-failure-probe-test-graph/sources/tla_spec_dev_cli_help.py:20	out-of-scope	ticket_plan.yaml:648-658	none mapped	unrepresented	out_of_scope_lexical_inventory		INFERRED exact-path scope; source not read
510	"lexical hit not semantically classified: .timeout(""60s"")"	specs/.history/modular-fuzzing-epic/ticket-006-MF-013/results/specWorkflow-report-post-promotion/cleanup-failure-probe-test-graph/sources/tla_spec_dev_cli_install.py:20	out-of-scope	ticket_plan.yaml:648-658	none mapped	unrepresented	out_of_scope_lexical_inventory		INFERRED exact-path scope; source not read
511	lexical hit not semantically classified: *     dependsOn/tags/timeout/etc on top of what the script self-declared).	specs/.history/modular-fuzzing-epic/ticket-006-MF-013/results/specWorkflow-report/cleanup-failure-probe-test-graph/build-logic/src/main/kotlin/com/hayden/testgraphsdk/GraphAssembler.kt:9	out-of-scope	ticket_plan.yaml:648-658	none mapped	unrepresented	out_of_scope_lexical_inventory		INFERRED exact-path scope; source not read
512	"lexical hit not semantically classified: timeout = MiniJson.str(root[""timeout""]) ?: ""60s"","	specs/.history/modular-fuzzing-epic/ticket-006-MF-013/results/specWorkflow-report/cleanup-failure-probe-test-graph/build-logic/src/main/kotlin/com/hayden/testgraphsdk/NodeDescribeLoader.kt:87	out-of-scope	ticket_plan.yaml:648-658	none mapped	unrepresented	out_of_scope_lexical_inventory		INFERRED exact-path scope; source not read
513	lexical hit not semantically classified: *   - Scalars (timeout, cacheable) — OVERRIDE if set here; otherwise keep script's.	specs/.history/modular-fuzzing-epic/ticket-006-MF-013/results/specWorkflow-report/cleanup-failure-probe-test-graph/build-logic/src/main/kotlin/com/hayden/testgraphsdk/TestGraphSpec.kt:13	out-of-scope	ticket_plan.yaml:648-658	none mapped	unrepresented	out_of_scope_lexical_inventory		INFERRED exact-path scope; source not read
514	lexical hit not semantically classified: fun timeout(v: String): NodeOverlay { timeoutOverride = v; return this }	specs/.history/modular-fuzzing-epic/ticket-006-MF-013/results/specWorkflow-report/cleanup-failure-probe-test-graph/build-logic/src/main/kotlin/com/hayden/testgraphsdk/TestGraphSpec.kt:30	out-of-scope	ticket_plan.yaml:648-658	none mapped	unrepresented	out_of_scope_lexical_inventory		INFERRED exact-path scope; source not read
515	lexical hit not semantically classified: timeout = timeoutOverride ?: spec.timeout,	specs/.history/modular-fuzzing-epic/ticket-006-MF-013/results/specWorkflow-report/cleanup-failure-probe-test-graph/build-logic/src/main/kotlin/com/hayden/testgraphsdk/TestGraphSpec.kt:39	out-of-scope	ticket_plan.yaml:648-658	none mapped	unrepresented	out_of_scope_lexical_inventory		INFERRED exact-path scope; source not read
516	lexical hit not semantically classified: *    deps/tags/timeout on top of what the script self-declares)	specs/.history/modular-fuzzing-epic/ticket-006-MF-013/results/specWorkflow-report/cleanup-failure-probe-test-graph/build-logic/src/main/kotlin/com/hayden/testgraphsdk/TestGraphSpec.kt:51	out-of-scope	ticket_plan.yaml:648-658	none mapped	unrepresented	out_of_scope_lexical_inventory		INFERRED exact-path scope; source not read
517	lexical hit not semantically classified: * `.dependsOn(...)`, `.tags(...)`, `.timeout(...)`, etc. on.	specs/.history/modular-fuzzing-epic/ticket-006-MF-013/results/specWorkflow-report/cleanup-failure-probe-test-graph/build-logic/src/main/kotlin/com/hayden/testgraphsdk/TestGraphSpec.kt:65	out-of-scope	ticket_plan.yaml:648-658	none mapped	unrepresented	out_of_scope_lexical_inventory		INFERRED exact-path scope; source not read
518	"lexical hit not semantically classified: val timeout: String = ""60s"","	specs/.history/modular-fuzzing-epic/ticket-006-MF-013/results/specWorkflow-report/cleanup-failure-probe-test-graph/build-logic/src/main/kotlin/com/hayden/testgraphsdk/ValidationNodeSpec.kt:16	out-of-scope	ticket_plan.yaml:648-658	none mapped	unrepresented	out_of_scope_lexical_inventory		INFERRED exact-path scope; source not read
519	"lexical hit not semantically classified: * exceeds its [timeout]. Default 0 means ""fail fast on first timeout""."	specs/.history/modular-fuzzing-epic/ticket-006-MF-013/results/specWorkflow-report/cleanup-failure-probe-test-graph/build-logic/src/main/kotlin/com/hayden/testgraphsdk/ValidationNodeSpec.kt:19	out-of-scope	ticket_plan.yaml:648-658	none mapped	unrepresented	out_of_scope_lexical_inventory		INFERRED exact-path scope; source not read
520	lexical hit not semantically classified: * Retries trigger ONLY on a timeout outcome — a body-returned	specs/.history/modular-fuzzing-epic/ticket-006-MF-013/results/specWorkflow-report/cleanup-failure-probe-test-graph/build-logic/src/main/kotlin/com/hayden/testgraphsdk/ValidationNodeSpec.kt:20	out-of-scope	ticket_plan.yaml:648-658	none mapped	unrepresented	out_of_scope_lexical_inventory		INFERRED exact-path scope; source not read
521	lexical hit not semantically classified: * timeout [retries], which are automatic executor attempts.	specs/.history/modular-fuzzing-epic/ticket-006-MF-013/results/specWorkflow-report/cleanup-failure-probe-test-graph/build-logic/src/main/kotlin/com/hayden/testgraphsdk/ValidationNodeSpec.kt:29	out-of-scope	ticket_plan.yaml:648-658	none mapped	unrepresented	out_of_scope_lexical_inventory		INFERRED exact-path scope; source not read
522	lexical hit not semantically classified: * [ValidationNodeSpec.timeout] by `PlanExecutor`. Executors enforce	specs/.history/modular-fuzzing-epic/ticket-006-MF-013/results/specWorkflow-report/cleanup-failure-probe-test-graph/build-logic/src/main/kotlin/com/hayden/testgraphsdk/exec/Executors.kt:41	out-of-scope	ticket_plan.yaml:648-658	none mapped	unrepresented	out_of_scope_lexical_inventory		INFERRED exact-path scope; source not read
523	lexical hit not semantically classified: * timeout is.	specs/.history/modular-fuzzing-epic/ticket-006-MF-013/results/specWorkflow-report/cleanup-failure-probe-test-graph/build-logic/src/main/kotlin/com/hayden/testgraphsdk/exec/Executors.kt:54	out-of-scope	ticket_plan.yaml:648-658	none mapped	unrepresented	out_of_scope_lexical_inventory		INFERRED exact-path scope; source not read
524	lexical hit not semantically classified: * by every concrete [ValidationExecutor] so the timeout-enforcement	specs/.history/modular-fuzzing-epic/ticket-006-MF-013/results/specWorkflow-report/cleanup-failure-probe-test-graph/build-logic/src/main/kotlin/com/hayden/testgraphsdk/exec/Executors.kt:91	out-of-scope	ticket_plan.yaml:648-658	none mapped	unrepresented	out_of_scope_lexical_inventory		INFERRED exact-path scope; source not read
525	lexical hit not semantically classified: val timeoutMillis = TimeoutParser.parseMillis(spec.timeout)	specs/.history/modular-fuzzing-epic/ticket-006-MF-013/results/specWorkflow-report/cleanup-failure-probe-test-graph/build-logic/src/main/kotlin/com/hayden/testgraphsdk/exec/PlanExecutor.kt:134	out-of-scope	ticket_plan.yaml:648-658	none mapped	unrepresented	out_of_scope_lexical_inventory		INFERRED exact-path scope; source not read
526	"lexical hit not semantically classified: ""    retry ${attempt - 1}/${spec.retries} after timeout — "" +"	specs/.history/modular-fuzzing-epic/ticket-006-MF-013/results/specWorkflow-report/cleanup-failure-probe-test-graph/build-logic/src/main/kotlin/com/hayden/testgraphsdk/exec/PlanExecutor.kt:143	out-of-scope	ticket_plan.yaml:648-658	none mapped	unrepresented	out_of_scope_lexical_inventory		INFERRED exact-path scope; source not read
527	"lexical hit not semantically classified: ""previous attempt exceeded ${spec.timeout}"""	specs/.history/modular-fuzzing-epic/ticket-006-MF-013/results/specWorkflow-report/cleanup-failure-probe-test-graph/build-logic/src/main/kotlin/com/hayden/testgraphsdk/exec/PlanExecutor.kt:144	out-of-scope	ticket_plan.yaml:648-658	none mapped	unrepresented	out_of_scope_lexical_inventory		INFERRED exact-path scope; source not read
528	"lexical hit not semantically classified: *   0. executor reported a timeout → synthesize an ""errored"""	specs/.history/modular-fuzzing-epic/ticket-006-MF-013/results/specWorkflow-report/cleanup-failure-probe-test-graph/build-logic/src/main/kotlin/com/hayden/testgraphsdk/exec/PlanExecutor.kt:308	out-of-scope	ticket_plan.yaml:648-658	none mapped	unrepresented	out_of_scope_lexical_inventory		INFERRED exact-path scope; source not read
529	"lexical hit not semantically classified: ""node timed out after ${spec.timeout}$attemptsClause; "" +"	specs/.history/modular-fuzzing-epic/ticket-006-MF-013/results/specWorkflow-report/cleanup-failure-probe-test-graph/build-logic/src/main/kotlin/com/hayden/testgraphsdk/exec/PlanExecutor.kt:341	out-of-scope	ticket_plan.yaml:648-658	none mapped	unrepresented	out_of_scope_lexical_inventory		INFERRED exact-path scope; source not read
530	lexical hit not semantically classified: * Parses the `NodeSpec.timeout(...)` string into milliseconds.	specs/.history/modular-fuzzing-epic/ticket-006-MF-013/results/specWorkflow-report/cleanup-failure-probe-test-graph/build-logic/src/main/kotlin/com/hayden/testgraphsdk/exec/TimeoutParser.kt:4	out-of-scope	ticket_plan.yaml:648-658	none mapped	unrepresented	out_of_scope_lexical_inventory		INFERRED exact-path scope; source not read
531	"lexical hit not semantically classified: private String timeout = ""60s"";"	specs/.history/modular-fuzzing-epic/ticket-006-MF-013/results/specWorkflow-report/cleanup-failure-probe-test-graph/sdk/java/src/main/java/com/hayden/testgraphsdk/sdk/NodeSpec.java:30	out-of-scope	ticket_plan.yaml:648-658	none mapped	unrepresented	out_of_scope_lexical_inventory		INFERRED exact-path scope; source not read
532	lexical hit not semantically classified: public NodeSpec timeout(String v)                { this.timeout = v; return this; }	specs/.history/modular-fuzzing-epic/ticket-006-MF-013/results/specWorkflow-report/cleanup-failure-probe-test-graph/sdk/java/src/main/java/com/hayden/testgraphsdk/sdk/NodeSpec.java:48	out-of-scope	ticket_plan.yaml:648-658	none mapped	unrepresented	out_of_scope_lexical_inventory		INFERRED exact-path scope; source not read
533	lexical hit not semantically classified: * spawned node-process exceeds {@link #timeout(String)}. Default 0 —	specs/.history/modular-fuzzing-epic/ticket-006-MF-013/results/specWorkflow-report/cleanup-failure-probe-test-graph/sdk/java/src/main/java/com/hayden/testgraphsdk/sdk/NodeSpec.java:51	out-of-scope	ticket_plan.yaml:648-658	none mapped	unrepresented	out_of_scope_lexical_inventory		INFERRED exact-path scope; source not read
534	lexical hit not semantically classified: * fail fast on the first timeout. Anything {@code > 0} only kicks in	specs/.history/modular-fuzzing-epic/ticket-006-MF-013/results/specWorkflow-report/cleanup-failure-probe-test-graph/sdk/java/src/main/java/com/hayden/testgraphsdk/sdk/NodeSpec.java:52	out-of-scope	ticket_plan.yaml:648-658	none mapped	unrepresented	out_of_scope_lexical_inventory		INFERRED exact-path scope; source not read
535	lexical hit not semantically classified: * <p>Retries trigger only on a timeout outcome from the executor;	specs/.history/modular-fuzzing-epic/ticket-006-MF-013/results/specWorkflow-report/cleanup-failure-probe-test-graph/sdk/java/src/main/java/com/hayden/testgraphsdk/sdk/NodeSpec.java:57	out-of-scope	ticket_plan.yaml:648-658	none mapped	unrepresented	out_of_scope_lexical_inventory		INFERRED exact-path scope; source not read
536	lexical hit not semantically classified: * non-timeout exit code) is final on the first attempt.	specs/.history/modular-fuzzing-epic/ticket-006-MF-013/results/specWorkflow-report/cleanup-failure-probe-test-graph/sdk/java/src/main/java/com/hayden/testgraphsdk/sdk/NodeSpec.java:59	out-of-scope	ticket_plan.yaml:648-658	none mapped	unrepresented	out_of_scope_lexical_inventory		INFERRED exact-path scope; source not read
537	"lexical hit not semantically classified: out.put(""timeout"", timeout);"	specs/.history/modular-fuzzing-epic/ticket-006-MF-013/results/specWorkflow-report/cleanup-failure-probe-test-graph/sdk/java/src/main/java/com/hayden/testgraphsdk/sdk/NodeSpec.java:101	out-of-scope	ticket_plan.yaml:648-658	none mapped	unrepresented	out_of_scope_lexical_inventory		INFERRED exact-path scope; source not read
538	"lexical hit not semantically classified: def timeout(self, v: str) -> ""NodeSpec"":"	specs/.history/modular-fuzzing-epic/ticket-006-MF-013/results/specWorkflow-report/cleanup-failure-probe-test-graph/sdk/python/src/testgraphsdk/node_spec.py:48	out-of-scope	ticket_plan.yaml:648-658	none mapped	unrepresented	out_of_scope_lexical_inventory		INFERRED exact-path scope; source not read
539	"lexical hit not semantically classified: """"""Extra attempts the executor makes on a timeout outcome."	specs/.history/modular-fuzzing-epic/ticket-006-MF-013/results/specWorkflow-report/cleanup-failure-probe-test-graph/sdk/python/src/testgraphsdk/node_spec.py:53	out-of-scope	ticket_plan.yaml:648-658	none mapped	unrepresented	out_of_scope_lexical_inventory		INFERRED exact-path scope; source not read
540	lexical hit not semantically classified: Default 0 — fail fast on the first timeout. Only set ``> 0`` for	specs/.history/modular-fuzzing-epic/ticket-006-MF-013/results/specWorkflow-report/cleanup-failure-probe-test-graph/sdk/python/src/testgraphsdk/node_spec.py:55	out-of-scope	ticket_plan.yaml:648-658	none mapped	unrepresented	out_of_scope_lexical_inventory		INFERRED exact-path scope; source not read
541	lexical hit not semantically classified: orphaned state on retry. Triggers only on timeout, never on a	specs/.history/modular-fuzzing-epic/ticket-006-MF-013/results/specWorkflow-report/cleanup-failure-probe-test-graph/sdk/python/src/testgraphsdk/node_spec.py:58	out-of-scope	ticket_plan.yaml:648-658	none mapped	unrepresented	out_of_scope_lexical_inventory		INFERRED exact-path scope; source not read
542	"lexical hit not semantically classified: ""timeout"": self._timeout,"	specs/.history/modular-fuzzing-epic/ticket-006-MF-013/results/specWorkflow-report/cleanup-failure-probe-test-graph/sdk/python/src/testgraphsdk/node_spec.py:110	out-of-scope	ticket_plan.yaml:648-658	none mapped	unrepresented	out_of_scope_lexical_inventory		INFERRED exact-path scope; source not read
543	"lexical hit not semantically classified: .timeout(""30s"")"	specs/.history/modular-fuzzing-epic/ticket-006-MF-013/results/specWorkflow-report/cleanup-failure-probe-test-graph/sources/spec_workflow_cleanup.py:21	out-of-scope	ticket_plan.yaml:648-658	none mapped	unrepresented	out_of_scope_lexical_inventory		INFERRED exact-path scope; source not read
544	"lexical hit not semantically classified: .timeout(""60s"")"	specs/.history/modular-fuzzing-epic/ticket-006-MF-013/results/specWorkflow-report/cleanup-failure-probe-test-graph/sources/spec_workflow_close_ticket.py:23	out-of-scope	ticket_plan.yaml:648-658	none mapped	unrepresented	out_of_scope_lexical_inventory		INFERRED exact-path scope; source not read
545	"lexical hit not semantically classified: .timeout(""60s"")"	specs/.history/modular-fuzzing-epic/ticket-006-MF-013/results/specWorkflow-report/cleanup-failure-probe-test-graph/sources/spec_workflow_complete_ticket.py:20	out-of-scope	ticket_plan.yaml:648-658	none mapped	unrepresented	out_of_scope_lexical_inventory		INFERRED exact-path scope; source not read
546	"lexical hit not semantically classified: .timeout(""60s"")"	specs/.history/modular-fuzzing-epic/ticket-006-MF-013/results/specWorkflow-report/cleanup-failure-probe-test-graph/sources/spec_workflow_create_repo.py:21	out-of-scope	ticket_plan.yaml:648-658	none mapped	unrepresented	out_of_scope_lexical_inventory		INFERRED exact-path scope; source not read
547	"lexical hit not semantically classified: .timeout(""180s"")"	specs/.history/modular-fuzzing-epic/ticket-006-MF-013/results/specWorkflow-report/cleanup-failure-probe-test-graph/sources/spec_workflow_failure_cleanup_probe.py:23	out-of-scope	ticket_plan.yaml:648-658	none mapped	unrepresented	out_of_scope_lexical_inventory		INFERRED exact-path scope; source not read
548	"lexical hit not semantically classified: .timeout(""30s"")"	specs/.history/modular-fuzzing-epic/ticket-006-MF-013/results/specWorkflow-report/cleanup-failure-probe-test-graph/sources/spec_workflow_force_failure.py:20	out-of-scope	ticket_plan.yaml:648-658	none mapped	unrepresented	out_of_scope_lexical_inventory		INFERRED exact-path scope; source not read
549	"lexical hit not semantically classified: .timeout(""60s"")"	specs/.history/modular-fuzzing-epic/ticket-006-MF-013/results/specWorkflow-report/cleanup-failure-probe-test-graph/sources/spec_workflow_spec_units.py:20	out-of-scope	ticket_plan.yaml:648-658	none mapped	unrepresented	out_of_scope_lexical_inventory		INFERRED exact-path scope; source not read
550	"lexical hit not semantically classified: .timeout(""60s"")"	specs/.history/modular-fuzzing-epic/ticket-006-MF-013/results/specWorkflow-report/cleanup-failure-probe-test-graph/sources/spec_workflow_start_ticket.py:19	out-of-scope	ticket_plan.yaml:648-658	none mapped	unrepresented	out_of_scope_lexical_inventory		INFERRED exact-path scope; source not read
551	"lexical hit not semantically classified: .timeout(""60s"")"	specs/.history/modular-fuzzing-epic/ticket-006-MF-013/results/specWorkflow-report/cleanup-failure-probe-test-graph/sources/tla_spec_dev_cli_help.py:20	out-of-scope	ticket_plan.yaml:648-658	none mapped	unrepresented	out_of_scope_lexical_inventory		INFERRED exact-path scope; source not read
552	"lexical hit not semantically classified: .timeout(""60s"")"	specs/.history/modular-fuzzing-epic/ticket-006-MF-013/results/specWorkflow-report/cleanup-failure-probe-test-graph/sources/tla_spec_dev_cli_install.py:20	out-of-scope	ticket_plan.yaml:648-658	none mapped	unrepresented	out_of_scope_lexical_inventory		INFERRED exact-path scope; source not read
553	lexical hit not semantically classified: exactly the timeout this command exists to prevent.	specs/.history/modular-fuzzing-epic/ticket-006-MF-013/snapshots/current/production_adapters.py:723	out-of-scope	ticket_plan.yaml:648-658	none mapped	unrepresented	out_of_scope_lexical_inventory		INFERRED exact-path scope; source not read
554	lexical hit not semantically classified: timeout=180,	specs/.history/modular-fuzzing-epic/ticket-006-MF-013/snapshots/current/production_adapters.py:762	out-of-scope	ticket_plan.yaml:648-658	none mapped	unrepresented	out_of_scope_lexical_inventory		INFERRED exact-path scope; source not read
555	lexical hit not semantically classified: cwd=target_repo, text=True, capture_output=True, check=False, timeout=180,	specs/.history/modular-fuzzing-epic/ticket-006-MF-013/snapshots/current/production_adapters.py:909	out-of-scope	ticket_plan.yaml:648-658	none mapped	unrepresented	out_of_scope_lexical_inventory		INFERRED exact-path scope; source not read
556	lexical hit not semantically classified: cwd=target_repo, text=True, capture_output=True, check=False, timeout=180,	specs/.history/modular-fuzzing-epic/ticket-006-MF-013/snapshots/current/production_adapters.py:1030	out-of-scope	ticket_plan.yaml:648-658	none mapped	unrepresented	out_of_scope_lexical_inventory		INFERRED exact-path scope; source not read
557	lexical hit not semantically classified: exactly the timeout this command exists to prevent.	specs/.history/modular-fuzzing-epic/ticket-006-MF-013/ticket/current/production_adapters.py:723	out-of-scope	ticket_plan.yaml:648-658	none mapped	unrepresented	out_of_scope_lexical_inventory		INFERRED exact-path scope; source not read
558	lexical hit not semantically classified: timeout=180,	specs/.history/modular-fuzzing-epic/ticket-006-MF-013/ticket/current/production_adapters.py:762	out-of-scope	ticket_plan.yaml:648-658	none mapped	unrepresented	out_of_scope_lexical_inventory		INFERRED exact-path scope; source not read
559	lexical hit not semantically classified: cwd=target_repo, text=True, capture_output=True, check=False, timeout=180,	specs/.history/modular-fuzzing-epic/ticket-006-MF-013/ticket/current/production_adapters.py:909	out-of-scope	ticket_plan.yaml:648-658	none mapped	unrepresented	out_of_scope_lexical_inventory		INFERRED exact-path scope; source not read
560	lexical hit not semantically classified: cwd=target_repo, text=True, capture_output=True, check=False, timeout=180,	specs/.history/modular-fuzzing-epic/ticket-006-MF-013/ticket/current/production_adapters.py:1030	out-of-scope	ticket_plan.yaml:648-658	none mapped	unrepresented	out_of_scope_lexical_inventory		INFERRED exact-path scope; source not read
561	lexical hit not semantically classified: exactly the timeout this command exists to prevent.	specs/.history/modular-fuzzing-epic/ticket-006-MF-013/ticket/desired/production_adapters.py:723	out-of-scope	ticket_plan.yaml:648-658	none mapped	unrepresented	out_of_scope_lexical_inventory		INFERRED exact-path scope; source not read
562	lexical hit not semantically classified: timeout=180,	specs/.history/modular-fuzzing-epic/ticket-006-MF-013/ticket/desired/production_adapters.py:762	out-of-scope	ticket_plan.yaml:648-658	none mapped	unrepresented	out_of_scope_lexical_inventory		INFERRED exact-path scope; source not read
563	lexical hit not semantically classified: cwd=target_repo, text=True, capture_output=True, check=False, timeout=180,	specs/.history/modular-fuzzing-epic/ticket-006-MF-013/ticket/desired/production_adapters.py:909	out-of-scope	ticket_plan.yaml:648-658	none mapped	unrepresented	out_of_scope_lexical_inventory		INFERRED exact-path scope; source not read
564	lexical hit not semantically classified: cwd=target_repo, text=True, capture_output=True, check=False, timeout=180,	specs/.history/modular-fuzzing-epic/ticket-006-MF-013/ticket/desired/production_adapters.py:1030	out-of-scope	ticket_plan.yaml:648-658	none mapped	unrepresented	out_of_scope_lexical_inventory		INFERRED exact-path scope; source not read
565	lexical hit not semantically classified: *     dependsOn/tags/timeout/etc on top of what the script self-declared).	specs/.history/modular-fuzzing-epic/ticket-006-MF-013/ticket/results/specWorkflow-report/cleanup-failure-probe-test-graph/build-logic/src/main/kotlin/com/hayden/testgraphsdk/GraphAssembler.kt:9	out-of-scope	ticket_plan.yaml:648-658	none mapped	unrepresented	out_of_scope_lexical_inventory		INFERRED exact-path scope; source not read
566	"lexical hit not semantically classified: timeout = MiniJson.str(root[""timeout""]) ?: ""60s"","	specs/.history/modular-fuzzing-epic/ticket-006-MF-013/ticket/results/specWorkflow-report/cleanup-failure-probe-test-graph/build-logic/src/main/kotlin/com/hayden/testgraphsdk/NodeDescribeLoader.kt:87	out-of-scope	ticket_plan.yaml:648-658	none mapped	unrepresented	out_of_scope_lexical_inventory		INFERRED exact-path scope; source not read
567	lexical hit not semantically classified: *   - Scalars (timeout, cacheable) — OVERRIDE if set here; otherwise keep script's.	specs/.history/modular-fuzzing-epic/ticket-006-MF-013/ticket/results/specWorkflow-report/cleanup-failure-probe-test-graph/build-logic/src/main/kotlin/com/hayden/testgraphsdk/TestGraphSpec.kt:13	out-of-scope	ticket_plan.yaml:648-658	none mapped	unrepresented	out_of_scope_lexical_inventory		INFERRED exact-path scope; source not read
568	lexical hit not semantically classified: fun timeout(v: String): NodeOverlay { timeoutOverride = v; return this }	specs/.history/modular-fuzzing-epic/ticket-006-MF-013/ticket/results/specWorkflow-report/cleanup-failure-probe-test-graph/build-logic/src/main/kotlin/com/hayden/testgraphsdk/TestGraphSpec.kt:30	out-of-scope	ticket_plan.yaml:648-658	none mapped	unrepresented	out_of_scope_lexical_inventory		INFERRED exact-path scope; source not read
569	lexical hit not semantically classified: timeout = timeoutOverride ?: spec.timeout,	specs/.history/modular-fuzzing-epic/ticket-006-MF-013/ticket/results/specWorkflow-report/cleanup-failure-probe-test-graph/build-logic/src/main/kotlin/com/hayden/testgraphsdk/TestGraphSpec.kt:39	out-of-scope	ticket_plan.yaml:648-658	none mapped	unrepresented	out_of_scope_lexical_inventory		INFERRED exact-path scope; source not read
570	lexical hit not semantically classified: *    deps/tags/timeout on top of what the script self-declares)	specs/.history/modular-fuzzing-epic/ticket-006-MF-013/ticket/results/specWorkflow-report/cleanup-failure-probe-test-graph/build-logic/src/main/kotlin/com/hayden/testgraphsdk/TestGraphSpec.kt:51	out-of-scope	ticket_plan.yaml:648-658	none mapped	unrepresented	out_of_scope_lexical_inventory		INFERRED exact-path scope; source not read
571	lexical hit not semantically classified: * `.dependsOn(...)`, `.tags(...)`, `.timeout(...)`, etc. on.	specs/.history/modular-fuzzing-epic/ticket-006-MF-013/ticket/results/specWorkflow-report/cleanup-failure-probe-test-graph/build-logic/src/main/kotlin/com/hayden/testgraphsdk/TestGraphSpec.kt:65	out-of-scope	ticket_plan.yaml:648-658	none mapped	unrepresented	out_of_scope_lexical_inventory		INFERRED exact-path scope; source not read
572	"lexical hit not semantically classified: val timeout: String = ""60s"","	specs/.history/modular-fuzzing-epic/ticket-006-MF-013/ticket/results/specWorkflow-report/cleanup-failure-probe-test-graph/build-logic/src/main/kotlin/com/hayden/testgraphsdk/ValidationNodeSpec.kt:16	out-of-scope	ticket_plan.yaml:648-658	none mapped	unrepresented	out_of_scope_lexical_inventory		INFERRED exact-path scope; source not read
573	"lexical hit not semantically classified: * exceeds its [timeout]. Default 0 means ""fail fast on first timeout""."	specs/.history/modular-fuzzing-epic/ticket-006-MF-013/ticket/results/specWorkflow-report/cleanup-failure-probe-test-graph/build-logic/src/main/kotlin/com/hayden/testgraphsdk/ValidationNodeSpec.kt:19	out-of-scope	ticket_plan.yaml:648-658	none mapped	unrepresented	out_of_scope_lexical_inventory		INFERRED exact-path scope; source not read
574	lexical hit not semantically classified: * Retries trigger ONLY on a timeout outcome — a body-returned	specs/.history/modular-fuzzing-epic/ticket-006-MF-013/ticket/results/specWorkflow-report/cleanup-failure-probe-test-graph/build-logic/src/main/kotlin/com/hayden/testgraphsdk/ValidationNodeSpec.kt:20	out-of-scope	ticket_plan.yaml:648-658	none mapped	unrepresented	out_of_scope_lexical_inventory		INFERRED exact-path scope; source not read
575	lexical hit not semantically classified: * timeout [retries], which are automatic executor attempts.	specs/.history/modular-fuzzing-epic/ticket-006-MF-013/ticket/results/specWorkflow-report/cleanup-failure-probe-test-graph/build-logic/src/main/kotlin/com/hayden/testgraphsdk/ValidationNodeSpec.kt:29	out-of-scope	ticket_plan.yaml:648-658	none mapped	unrepresented	out_of_scope_lexical_inventory		INFERRED exact-path scope; source not read
576	lexical hit not semantically classified: * [ValidationNodeSpec.timeout] by `PlanExecutor`. Executors enforce	specs/.history/modular-fuzzing-epic/ticket-006-MF-013/ticket/results/specWorkflow-report/cleanup-failure-probe-test-graph/build-logic/src/main/kotlin/com/hayden/testgraphsdk/exec/Executors.kt:41	out-of-scope	ticket_plan.yaml:648-658	none mapped	unrepresented	out_of_scope_lexical_inventory		INFERRED exact-path scope; source not read
577	lexical hit not semantically classified: * timeout is.	specs/.history/modular-fuzzing-epic/ticket-006-MF-013/ticket/results/specWorkflow-report/cleanup-failure-probe-test-graph/build-logic/src/main/kotlin/com/hayden/testgraphsdk/exec/Executors.kt:54	out-of-scope	ticket_plan.yaml:648-658	none mapped	unrepresented	out_of_scope_lexical_inventory		INFERRED exact-path scope; source not read
578	lexical hit not semantically classified: * by every concrete [ValidationExecutor] so the timeout-enforcement	specs/.history/modular-fuzzing-epic/ticket-006-MF-013/ticket/results/specWorkflow-report/cleanup-failure-probe-test-graph/build-logic/src/main/kotlin/com/hayden/testgraphsdk/exec/Executors.kt:91	out-of-scope	ticket_plan.yaml:648-658	none mapped	unrepresented	out_of_scope_lexical_inventory		INFERRED exact-path scope; source not read
579	lexical hit not semantically classified: val timeoutMillis = TimeoutParser.parseMillis(spec.timeout)	specs/.history/modular-fuzzing-epic/ticket-006-MF-013/ticket/results/specWorkflow-report/cleanup-failure-probe-test-graph/build-logic/src/main/kotlin/com/hayden/testgraphsdk/exec/PlanExecutor.kt:134	out-of-scope	ticket_plan.yaml:648-658	none mapped	unrepresented	out_of_scope_lexical_inventory		INFERRED exact-path scope; source not read
580	"lexical hit not semantically classified: ""    retry ${attempt - 1}/${spec.retries} after timeout — "" +"	specs/.history/modular-fuzzing-epic/ticket-006-MF-013/ticket/results/specWorkflow-report/cleanup-failure-probe-test-graph/build-logic/src/main/kotlin/com/hayden/testgraphsdk/exec/PlanExecutor.kt:143	out-of-scope	ticket_plan.yaml:648-658	none mapped	unrepresented	out_of_scope_lexical_inventory		INFERRED exact-path scope; source not read
581	"lexical hit not semantically classified: ""previous attempt exceeded ${spec.timeout}"""	specs/.history/modular-fuzzing-epic/ticket-006-MF-013/ticket/results/specWorkflow-report/cleanup-failure-probe-test-graph/build-logic/src/main/kotlin/com/hayden/testgraphsdk/exec/PlanExecutor.kt:144	out-of-scope	ticket_plan.yaml:648-658	none mapped	unrepresented	out_of_scope_lexical_inventory		INFERRED exact-path scope; source not read
582	"lexical hit not semantically classified: *   0. executor reported a timeout → synthesize an ""errored"""	specs/.history/modular-fuzzing-epic/ticket-006-MF-013/ticket/results/specWorkflow-report/cleanup-failure-probe-test-graph/build-logic/src/main/kotlin/com/hayden/testgraphsdk/exec/PlanExecutor.kt:308	out-of-scope	ticket_plan.yaml:648-658	none mapped	unrepresented	out_of_scope_lexical_inventory		INFERRED exact-path scope; source not read
583	"lexical hit not semantically classified: ""node timed out after ${spec.timeout}$attemptsClause; "" +"	specs/.history/modular-fuzzing-epic/ticket-006-MF-013/ticket/results/specWorkflow-report/cleanup-failure-probe-test-graph/build-logic/src/main/kotlin/com/hayden/testgraphsdk/exec/PlanExecutor.kt:341	out-of-scope	ticket_plan.yaml:648-658	none mapped	unrepresented	out_of_scope_lexical_inventory		INFERRED exact-path scope; source not read
584	lexical hit not semantically classified: * Parses the `NodeSpec.timeout(...)` string into milliseconds.	specs/.history/modular-fuzzing-epic/ticket-006-MF-013/ticket/results/specWorkflow-report/cleanup-failure-probe-test-graph/build-logic/src/main/kotlin/com/hayden/testgraphsdk/exec/TimeoutParser.kt:4	out-of-scope	ticket_plan.yaml:648-658	none mapped	unrepresented	out_of_scope_lexical_inventory		INFERRED exact-path scope; source not read
585	"lexical hit not semantically classified: private String timeout = ""60s"";"	specs/.history/modular-fuzzing-epic/ticket-006-MF-013/ticket/results/specWorkflow-report/cleanup-failure-probe-test-graph/sdk/java/src/main/java/com/hayden/testgraphsdk/sdk/NodeSpec.java:30	out-of-scope	ticket_plan.yaml:648-658	none mapped	unrepresented	out_of_scope_lexical_inventory		INFERRED exact-path scope; source not read
586	lexical hit not semantically classified: public NodeSpec timeout(String v)                { this.timeout = v; return this; }	specs/.history/modular-fuzzing-epic/ticket-006-MF-013/ticket/results/specWorkflow-report/cleanup-failure-probe-test-graph/sdk/java/src/main/java/com/hayden/testgraphsdk/sdk/NodeSpec.java:48	out-of-scope	ticket_plan.yaml:648-658	none mapped	unrepresented	out_of_scope_lexical_inventory		INFERRED exact-path scope; source not read
587	lexical hit not semantically classified: * spawned node-process exceeds {@link #timeout(String)}. Default 0 —	specs/.history/modular-fuzzing-epic/ticket-006-MF-013/ticket/results/specWorkflow-report/cleanup-failure-probe-test-graph/sdk/java/src/main/java/com/hayden/testgraphsdk/sdk/NodeSpec.java:51	out-of-scope	ticket_plan.yaml:648-658	none mapped	unrepresented	out_of_scope_lexical_inventory		INFERRED exact-path scope; source not read
588	lexical hit not semantically classified: * fail fast on the first timeout. Anything {@code > 0} only kicks in	specs/.history/modular-fuzzing-epic/ticket-006-MF-013/ticket/results/specWorkflow-report/cleanup-failure-probe-test-graph/sdk/java/src/main/java/com/hayden/testgraphsdk/sdk/NodeSpec.java:52	out-of-scope	ticket_plan.yaml:648-658	none mapped	unrepresented	out_of_scope_lexical_inventory		INFERRED exact-path scope; source not read
589	lexical hit not semantically classified: * <p>Retries trigger only on a timeout outcome from the executor;	specs/.history/modular-fuzzing-epic/ticket-006-MF-013/ticket/results/specWorkflow-report/cleanup-failure-probe-test-graph/sdk/java/src/main/java/com/hayden/testgraphsdk/sdk/NodeSpec.java:57	out-of-scope	ticket_plan.yaml:648-658	none mapped	unrepresented	out_of_scope_lexical_inventory		INFERRED exact-path scope; source not read
590	lexical hit not semantically classified: * non-timeout exit code) is final on the first attempt.	specs/.history/modular-fuzzing-epic/ticket-006-MF-013/ticket/results/specWorkflow-report/cleanup-failure-probe-test-graph/sdk/java/src/main/java/com/hayden/testgraphsdk/sdk/NodeSpec.java:59	out-of-scope	ticket_plan.yaml:648-658	none mapped	unrepresented	out_of_scope_lexical_inventory		INFERRED exact-path scope; source not read
591	"lexical hit not semantically classified: out.put(""timeout"", timeout);"	specs/.history/modular-fuzzing-epic/ticket-006-MF-013/ticket/results/specWorkflow-report/cleanup-failure-probe-test-graph/sdk/java/src/main/java/com/hayden/testgraphsdk/sdk/NodeSpec.java:101	out-of-scope	ticket_plan.yaml:648-658	none mapped	unrepresented	out_of_scope_lexical_inventory		INFERRED exact-path scope; source not read
592	"lexical hit not semantically classified: def timeout(self, v: str) -> ""NodeSpec"":"	specs/.history/modular-fuzzing-epic/ticket-006-MF-013/ticket/results/specWorkflow-report/cleanup-failure-probe-test-graph/sdk/python/src/testgraphsdk/node_spec.py:48	out-of-scope	ticket_plan.yaml:648-658	none mapped	unrepresented	out_of_scope_lexical_inventory		INFERRED exact-path scope; source not read
593	"lexical hit not semantically classified: """"""Extra attempts the executor makes on a timeout outcome."	specs/.history/modular-fuzzing-epic/ticket-006-MF-013/ticket/results/specWorkflow-report/cleanup-failure-probe-test-graph/sdk/python/src/testgraphsdk/node_spec.py:53	out-of-scope	ticket_plan.yaml:648-658	none mapped	unrepresented	out_of_scope_lexical_inventory		INFERRED exact-path scope; source not read
594	lexical hit not semantically classified: Default 0 — fail fast on the first timeout. Only set ``> 0`` for	specs/.history/modular-fuzzing-epic/ticket-006-MF-013/ticket/results/specWorkflow-report/cleanup-failure-probe-test-graph/sdk/python/src/testgraphsdk/node_spec.py:55	out-of-scope	ticket_plan.yaml:648-658	none mapped	unrepresented	out_of_scope_lexical_inventory		INFERRED exact-path scope; source not read
595	lexical hit not semantically classified: orphaned state on retry. Triggers only on timeout, never on a	specs/.history/modular-fuzzing-epic/ticket-006-MF-013/ticket/results/specWorkflow-report/cleanup-failure-probe-test-graph/sdk/python/src/testgraphsdk/node_spec.py:58	out-of-scope	ticket_plan.yaml:648-658	none mapped	unrepresented	out_of_scope_lexical_inventory		INFERRED exact-path scope; source not read
596	"lexical hit not semantically classified: ""timeout"": self._timeout,"	specs/.history/modular-fuzzing-epic/ticket-006-MF-013/ticket/results/specWorkflow-report/cleanup-failure-probe-test-graph/sdk/python/src/testgraphsdk/node_spec.py:110	out-of-scope	ticket_plan.yaml:648-658	none mapped	unrepresented	out_of_scope_lexical_inventory		INFERRED exact-path scope; source not read
597	"lexical hit not semantically classified: .timeout(""30s"")"	specs/.history/modular-fuzzing-epic/ticket-006-MF-013/ticket/results/specWorkflow-report/cleanup-failure-probe-test-graph/sources/spec_workflow_cleanup.py:21	out-of-scope	ticket_plan.yaml:648-658	none mapped	unrepresented	out_of_scope_lexical_inventory		INFERRED exact-path scope; source not read
598	"lexical hit not semantically classified: .timeout(""60s"")"	specs/.history/modular-fuzzing-epic/ticket-006-MF-013/ticket/results/specWorkflow-report/cleanup-failure-probe-test-graph/sources/spec_workflow_close_ticket.py:23	out-of-scope	ticket_plan.yaml:648-658	none mapped	unrepresented	out_of_scope_lexical_inventory		INFERRED exact-path scope; source not read
599	"lexical hit not semantically classified: .timeout(""60s"")"	specs/.history/modular-fuzzing-epic/ticket-006-MF-013/ticket/results/specWorkflow-report/cleanup-failure-probe-test-graph/sources/spec_workflow_complete_ticket.py:20	out-of-scope	ticket_plan.yaml:648-658	none mapped	unrepresented	out_of_scope_lexical_inventory		INFERRED exact-path scope; source not read
600	"lexical hit not semantically classified: .timeout(""60s"")"	specs/.history/modular-fuzzing-epic/ticket-006-MF-013/ticket/results/specWorkflow-report/cleanup-failure-probe-test-graph/sources/spec_workflow_create_repo.py:21	out-of-scope	ticket_plan.yaml:648-658	none mapped	unrepresented	out_of_scope_lexical_inventory		INFERRED exact-path scope; source not read
601	"lexical hit not semantically classified: .timeout(""180s"")"	specs/.history/modular-fuzzing-epic/ticket-006-MF-013/ticket/results/specWorkflow-report/cleanup-failure-probe-test-graph/sources/spec_workflow_failure_cleanup_probe.py:23	out-of-scope	ticket_plan.yaml:648-658	none mapped	unrepresented	out_of_scope_lexical_inventory		INFERRED exact-path scope; source not read
602	"lexical hit not semantically classified: .timeout(""30s"")"	specs/.history/modular-fuzzing-epic/ticket-006-MF-013/ticket/results/specWorkflow-report/cleanup-failure-probe-test-graph/sources/spec_workflow_force_failure.py:20	out-of-scope	ticket_plan.yaml:648-658	none mapped	unrepresented	out_of_scope_lexical_inventory		INFERRED exact-path scope; source not read
603	"lexical hit not semantically classified: .timeout(""60s"")"	specs/.history/modular-fuzzing-epic/ticket-006-MF-013/ticket/results/specWorkflow-report/cleanup-failure-probe-test-graph/sources/spec_workflow_spec_units.py:20	out-of-scope	ticket_plan.yaml:648-658	none mapped	unrepresented	out_of_scope_lexical_inventory		INFERRED exact-path scope; source not read
604	"lexical hit not semantically classified: .timeout(""60s"")"	specs/.history/modular-fuzzing-epic/ticket-006-MF-013/ticket/results/specWorkflow-report/cleanup-failure-probe-test-graph/sources/spec_workflow_start_ticket.py:19	out-of-scope	ticket_plan.yaml:648-658	none mapped	unrepresented	out_of_scope_lexical_inventory		INFERRED exact-path scope; source not read
605	"lexical hit not semantically classified: .timeout(""60s"")"	specs/.history/modular-fuzzing-epic/ticket-006-MF-013/ticket/results/specWorkflow-report/cleanup-failure-probe-test-graph/sources/tla_spec_dev_cli_help.py:20	out-of-scope	ticket_plan.yaml:648-658	none mapped	unrepresented	out_of_scope_lexical_inventory		INFERRED exact-path scope; source not read
606	"lexical hit not semantically classified: .timeout(""60s"")"	specs/.history/modular-fuzzing-epic/ticket-006-MF-013/ticket/results/specWorkflow-report/cleanup-failure-probe-test-graph/sources/tla_spec_dev_cli_install.py:20	out-of-scope	ticket_plan.yaml:648-658	none mapped	unrepresented	out_of_scope_lexical_inventory		INFERRED exact-path scope; source not read
607	lexical hit not semantically classified: *     dependsOn/tags/timeout/etc on top of what the script self-declared).	specs/.history/modular-fuzzing-epic/ticket-007-MF-025/results/testgraph-specWorkflow/cleanup-failure-probe-test-graph/build-logic/src/main/kotlin/com/hayden/testgraphsdk/GraphAssembler.kt:9	out-of-scope	ticket_plan.yaml:648-658	none mapped	unrepresented	out_of_scope_lexical_inventory		INFERRED exact-path scope; source not read
608	"lexical hit not semantically classified: timeout = MiniJson.str(root[""timeout""]) ?: ""60s"","	specs/.history/modular-fuzzing-epic/ticket-007-MF-025/results/testgraph-specWorkflow/cleanup-failure-probe-test-graph/build-logic/src/main/kotlin/com/hayden/testgraphsdk/NodeDescribeLoader.kt:87	out-of-scope	ticket_plan.yaml:648-658	none mapped	unrepresented	out_of_scope_lexical_inventory		INFERRED exact-path scope; source not read
609	lexical hit not semantically classified: *   - Scalars (timeout, cacheable) — OVERRIDE if set here; otherwise keep script's.	specs/.history/modular-fuzzing-epic/ticket-007-MF-025/results/testgraph-specWorkflow/cleanup-failure-probe-test-graph/build-logic/src/main/kotlin/com/hayden/testgraphsdk/TestGraphSpec.kt:13	out-of-scope	ticket_plan.yaml:648-658	none mapped	unrepresented	out_of_scope_lexical_inventory		INFERRED exact-path scope; source not read
610	lexical hit not semantically classified: fun timeout(v: String): NodeOverlay { timeoutOverride = v; return this }	specs/.history/modular-fuzzing-epic/ticket-007-MF-025/results/testgraph-specWorkflow/cleanup-failure-probe-test-graph/build-logic/src/main/kotlin/com/hayden/testgraphsdk/TestGraphSpec.kt:30	out-of-scope	ticket_plan.yaml:648-658	none mapped	unrepresented	out_of_scope_lexical_inventory		INFERRED exact-path scope; source not read
611	lexical hit not semantically classified: timeout = timeoutOverride ?: spec.timeout,	specs/.history/modular-fuzzing-epic/ticket-007-MF-025/results/testgraph-specWorkflow/cleanup-failure-probe-test-graph/build-logic/src/main/kotlin/com/hayden/testgraphsdk/TestGraphSpec.kt:39	out-of-scope	ticket_plan.yaml:648-658	none mapped	unrepresented	out_of_scope_lexical_inventory		INFERRED exact-path scope; source not read
612	lexical hit not semantically classified: *    deps/tags/timeout on top of what the script self-declares)	specs/.history/modular-fuzzing-epic/ticket-007-MF-025/results/testgraph-specWorkflow/cleanup-failure-probe-test-graph/build-logic/src/main/kotlin/com/hayden/testgraphsdk/TestGraphSpec.kt:51	out-of-scope	ticket_plan.yaml:648-658	none mapped	unrepresented	out_of_scope_lexical_inventory		INFERRED exact-path scope; source not read
613	lexical hit not semantically classified: * `.dependsOn(...)`, `.tags(...)`, `.timeout(...)`, etc. on.	specs/.history/modular-fuzzing-epic/ticket-007-MF-025/results/testgraph-specWorkflow/cleanup-failure-probe-test-graph/build-logic/src/main/kotlin/com/hayden/testgraphsdk/TestGraphSpec.kt:65	out-of-scope	ticket_plan.yaml:648-658	none mapped	unrepresented	out_of_scope_lexical_inventory		INFERRED exact-path scope; source not read
614	"lexical hit not semantically classified: val timeout: String = ""60s"","	specs/.history/modular-fuzzing-epic/ticket-007-MF-025/results/testgraph-specWorkflow/cleanup-failure-probe-test-graph/build-logic/src/main/kotlin/com/hayden/testgraphsdk/ValidationNodeSpec.kt:16	out-of-scope	ticket_plan.yaml:648-658	none mapped	unrepresented	out_of_scope_lexical_inventory		INFERRED exact-path scope; source not read
615	"lexical hit not semantically classified: * exceeds its [timeout]. Default 0 means ""fail fast on first timeout""."	specs/.history/modular-fuzzing-epic/ticket-007-MF-025/results/testgraph-specWorkflow/cleanup-failure-probe-test-graph/build-logic/src/main/kotlin/com/hayden/testgraphsdk/ValidationNodeSpec.kt:19	out-of-scope	ticket_plan.yaml:648-658	none mapped	unrepresented	out_of_scope_lexical_inventory		INFERRED exact-path scope; source not read
616	lexical hit not semantically classified: * Retries trigger ONLY on a timeout outcome — a body-returned	specs/.history/modular-fuzzing-epic/ticket-007-MF-025/results/testgraph-specWorkflow/cleanup-failure-probe-test-graph/build-logic/src/main/kotlin/com/hayden/testgraphsdk/ValidationNodeSpec.kt:20	out-of-scope	ticket_plan.yaml:648-658	none mapped	unrepresented	out_of_scope_lexical_inventory		INFERRED exact-path scope; source not read
617	lexical hit not semantically classified: * timeout [retries], which are automatic executor attempts.	specs/.history/modular-fuzzing-epic/ticket-007-MF-025/results/testgraph-specWorkflow/cleanup-failure-probe-test-graph/build-logic/src/main/kotlin/com/hayden/testgraphsdk/ValidationNodeSpec.kt:29	out-of-scope	ticket_plan.yaml:648-658	none mapped	unrepresented	out_of_scope_lexical_inventory		INFERRED exact-path scope; source not read
618	lexical hit not semantically classified: * [ValidationNodeSpec.timeout] by `PlanExecutor`. Executors enforce	specs/.history/modular-fuzzing-epic/ticket-007-MF-025/results/testgraph-specWorkflow/cleanup-failure-probe-test-graph/build-logic/src/main/kotlin/com/hayden/testgraphsdk/exec/Executors.kt:41	out-of-scope	ticket_plan.yaml:648-658	none mapped	unrepresented	out_of_scope_lexical_inventory		INFERRED exact-path scope; source not read
619	lexical hit not semantically classified: * timeout is.	specs/.history/modular-fuzzing-epic/ticket-007-MF-025/results/testgraph-specWorkflow/cleanup-failure-probe-test-graph/build-logic/src/main/kotlin/com/hayden/testgraphsdk/exec/Executors.kt:54	out-of-scope	ticket_plan.yaml:648-658	none mapped	unrepresented	out_of_scope_lexical_inventory		INFERRED exact-path scope; source not read
620	lexical hit not semantically classified: * by every concrete [ValidationExecutor] so the timeout-enforcement	specs/.history/modular-fuzzing-epic/ticket-007-MF-025/results/testgraph-specWorkflow/cleanup-failure-probe-test-graph/build-logic/src/main/kotlin/com/hayden/testgraphsdk/exec/Executors.kt:91	out-of-scope	ticket_plan.yaml:648-658	none mapped	unrepresented	out_of_scope_lexical_inventory		INFERRED exact-path scope; source not read
621	lexical hit not semantically classified: val timeoutMillis = TimeoutParser.parseMillis(spec.timeout)	specs/.history/modular-fuzzing-epic/ticket-007-MF-025/results/testgraph-specWorkflow/cleanup-failure-probe-test-graph/build-logic/src/main/kotlin/com/hayden/testgraphsdk/exec/PlanExecutor.kt:134	out-of-scope	ticket_plan.yaml:648-658	none mapped	unrepresented	out_of_scope_lexical_inventory		INFERRED exact-path scope; source not read
622	"lexical hit not semantically classified: ""    retry ${attempt - 1}/${spec.retries} after timeout — "" +"	specs/.history/modular-fuzzing-epic/ticket-007-MF-025/results/testgraph-specWorkflow/cleanup-failure-probe-test-graph/build-logic/src/main/kotlin/com/hayden/testgraphsdk/exec/PlanExecutor.kt:143	out-of-scope	ticket_plan.yaml:648-658	none mapped	unrepresented	out_of_scope_lexical_inventory		INFERRED exact-path scope; source not read
623	"lexical hit not semantically classified: ""previous attempt exceeded ${spec.timeout}"""	specs/.history/modular-fuzzing-epic/ticket-007-MF-025/results/testgraph-specWorkflow/cleanup-failure-probe-test-graph/build-logic/src/main/kotlin/com/hayden/testgraphsdk/exec/PlanExecutor.kt:144	out-of-scope	ticket_plan.yaml:648-658	none mapped	unrepresented	out_of_scope_lexical_inventory		INFERRED exact-path scope; source not read
624	"lexical hit not semantically classified: *   0. executor reported a timeout → synthesize an ""errored"""	specs/.history/modular-fuzzing-epic/ticket-007-MF-025/results/testgraph-specWorkflow/cleanup-failure-probe-test-graph/build-logic/src/main/kotlin/com/hayden/testgraphsdk/exec/PlanExecutor.kt:308	out-of-scope	ticket_plan.yaml:648-658	none mapped	unrepresented	out_of_scope_lexical_inventory		INFERRED exact-path scope; source not read
625	"lexical hit not semantically classified: ""node timed out after ${spec.timeout}$attemptsClause; "" +"	specs/.history/modular-fuzzing-epic/ticket-007-MF-025/results/testgraph-specWorkflow/cleanup-failure-probe-test-graph/build-logic/src/main/kotlin/com/hayden/testgraphsdk/exec/PlanExecutor.kt:341	out-of-scope	ticket_plan.yaml:648-658	none mapped	unrepresented	out_of_scope_lexical_inventory		INFERRED exact-path scope; source not read
626	lexical hit not semantically classified: * Parses the `NodeSpec.timeout(...)` string into milliseconds.	specs/.history/modular-fuzzing-epic/ticket-007-MF-025/results/testgraph-specWorkflow/cleanup-failure-probe-test-graph/build-logic/src/main/kotlin/com/hayden/testgraphsdk/exec/TimeoutParser.kt:4	out-of-scope	ticket_plan.yaml:648-658	none mapped	unrepresented	out_of_scope_lexical_inventory		INFERRED exact-path scope; source not read
627	"lexical hit not semantically classified: private String timeout = ""60s"";"	specs/.history/modular-fuzzing-epic/ticket-007-MF-025/results/testgraph-specWorkflow/cleanup-failure-probe-test-graph/sdk/java/src/main/java/com/hayden/testgraphsdk/sdk/NodeSpec.java:30	out-of-scope	ticket_plan.yaml:648-658	none mapped	unrepresented	out_of_scope_lexical_inventory		INFERRED exact-path scope; source not read
628	lexical hit not semantically classified: public NodeSpec timeout(String v)                { this.timeout = v; return this; }	specs/.history/modular-fuzzing-epic/ticket-007-MF-025/results/testgraph-specWorkflow/cleanup-failure-probe-test-graph/sdk/java/src/main/java/com/hayden/testgraphsdk/sdk/NodeSpec.java:48	out-of-scope	ticket_plan.yaml:648-658	none mapped	unrepresented	out_of_scope_lexical_inventory		INFERRED exact-path scope; source not read
629	lexical hit not semantically classified: * spawned node-process exceeds {@link #timeout(String)}. Default 0 —	specs/.history/modular-fuzzing-epic/ticket-007-MF-025/results/testgraph-specWorkflow/cleanup-failure-probe-test-graph/sdk/java/src/main/java/com/hayden/testgraphsdk/sdk/NodeSpec.java:51	out-of-scope	ticket_plan.yaml:648-658	none mapped	unrepresented	out_of_scope_lexical_inventory		INFERRED exact-path scope; source not read
630	lexical hit not semantically classified: * fail fast on the first timeout. Anything {@code > 0} only kicks in	specs/.history/modular-fuzzing-epic/ticket-007-MF-025/results/testgraph-specWorkflow/cleanup-failure-probe-test-graph/sdk/java/src/main/java/com/hayden/testgraphsdk/sdk/NodeSpec.java:52	out-of-scope	ticket_plan.yaml:648-658	none mapped	unrepresented	out_of_scope_lexical_inventory		INFERRED exact-path scope; source not read
631	lexical hit not semantically classified: * <p>Retries trigger only on a timeout outcome from the executor;	specs/.history/modular-fuzzing-epic/ticket-007-MF-025/results/testgraph-specWorkflow/cleanup-failure-probe-test-graph/sdk/java/src/main/java/com/hayden/testgraphsdk/sdk/NodeSpec.java:57	out-of-scope	ticket_plan.yaml:648-658	none mapped	unrepresented	out_of_scope_lexical_inventory		INFERRED exact-path scope; source not read
632	lexical hit not semantically classified: * non-timeout exit code) is final on the first attempt.	specs/.history/modular-fuzzing-epic/ticket-007-MF-025/results/testgraph-specWorkflow/cleanup-failure-probe-test-graph/sdk/java/src/main/java/com/hayden/testgraphsdk/sdk/NodeSpec.java:59	out-of-scope	ticket_plan.yaml:648-658	none mapped	unrepresented	out_of_scope_lexical_inventory		INFERRED exact-path scope; source not read
633	"lexical hit not semantically classified: out.put(""timeout"", timeout);"	specs/.history/modular-fuzzing-epic/ticket-007-MF-025/results/testgraph-specWorkflow/cleanup-failure-probe-test-graph/sdk/java/src/main/java/com/hayden/testgraphsdk/sdk/NodeSpec.java:101	out-of-scope	ticket_plan.yaml:648-658	none mapped	unrepresented	out_of_scope_lexical_inventory		INFERRED exact-path scope; source not read
634	"lexical hit not semantically classified: def timeout(self, v: str) -> ""NodeSpec"":"	specs/.history/modular-fuzzing-epic/ticket-007-MF-025/results/testgraph-specWorkflow/cleanup-failure-probe-test-graph/sdk/python/src/testgraphsdk/node_spec.py:48	out-of-scope	ticket_plan.yaml:648-658	none mapped	unrepresented	out_of_scope_lexical_inventory		INFERRED exact-path scope; source not read
635	"lexical hit not semantically classified: """"""Extra attempts the executor makes on a timeout outcome."	specs/.history/modular-fuzzing-epic/ticket-007-MF-025/results/testgraph-specWorkflow/cleanup-failure-probe-test-graph/sdk/python/src/testgraphsdk/node_spec.py:53	out-of-scope	ticket_plan.yaml:648-658	none mapped	unrepresented	out_of_scope_lexical_inventory		INFERRED exact-path scope; source not read
636	lexical hit not semantically classified: Default 0 — fail fast on the first timeout. Only set ``> 0`` for	specs/.history/modular-fuzzing-epic/ticket-007-MF-025/results/testgraph-specWorkflow/cleanup-failure-probe-test-graph/sdk/python/src/testgraphsdk/node_spec.py:55	out-of-scope	ticket_plan.yaml:648-658	none mapped	unrepresented	out_of_scope_lexical_inventory		INFERRED exact-path scope; source not read
637	lexical hit not semantically classified: orphaned state on retry. Triggers only on timeout, never on a	specs/.history/modular-fuzzing-epic/ticket-007-MF-025/results/testgraph-specWorkflow/cleanup-failure-probe-test-graph/sdk/python/src/testgraphsdk/node_spec.py:58	out-of-scope	ticket_plan.yaml:648-658	none mapped	unrepresented	out_of_scope_lexical_inventory		INFERRED exact-path scope; source not read
638	"lexical hit not semantically classified: ""timeout"": self._timeout,"	specs/.history/modular-fuzzing-epic/ticket-007-MF-025/results/testgraph-specWorkflow/cleanup-failure-probe-test-graph/sdk/python/src/testgraphsdk/node_spec.py:110	out-of-scope	ticket_plan.yaml:648-658	none mapped	unrepresented	out_of_scope_lexical_inventory		INFERRED exact-path scope; source not read
639	"lexical hit not semantically classified: .timeout(""30s"")"	specs/.history/modular-fuzzing-epic/ticket-007-MF-025/results/testgraph-specWorkflow/cleanup-failure-probe-test-graph/sources/spec_workflow_cleanup.py:21	out-of-scope	ticket_plan.yaml:648-658	none mapped	unrepresented	out_of_scope_lexical_inventory		INFERRED exact-path scope; source not read
640	"lexical hit not semantically classified: .timeout(""60s"")"	specs/.history/modular-fuzzing-epic/ticket-007-MF-025/results/testgraph-specWorkflow/cleanup-failure-probe-test-graph/sources/spec_workflow_close_ticket.py:23	out-of-scope	ticket_plan.yaml:648-658	none mapped	unrepresented	out_of_scope_lexical_inventory		INFERRED exact-path scope; source not read
641	"lexical hit not semantically classified: .timeout(""60s"")"	specs/.history/modular-fuzzing-epic/ticket-007-MF-025/results/testgraph-specWorkflow/cleanup-failure-probe-test-graph/sources/spec_workflow_complete_ticket.py:20	out-of-scope	ticket_plan.yaml:648-658	none mapped	unrepresented	out_of_scope_lexical_inventory		INFERRED exact-path scope; source not read
642	"lexical hit not semantically classified: .timeout(""60s"")"	specs/.history/modular-fuzzing-epic/ticket-007-MF-025/results/testgraph-specWorkflow/cleanup-failure-probe-test-graph/sources/spec_workflow_create_repo.py:21	out-of-scope	ticket_plan.yaml:648-658	none mapped	unrepresented	out_of_scope_lexical_inventory		INFERRED exact-path scope; source not read
643	"lexical hit not semantically classified: .timeout(""180s"")"	specs/.history/modular-fuzzing-epic/ticket-007-MF-025/results/testgraph-specWorkflow/cleanup-failure-probe-test-graph/sources/spec_workflow_failure_cleanup_probe.py:23	out-of-scope	ticket_plan.yaml:648-658	none mapped	unrepresented	out_of_scope_lexical_inventory		INFERRED exact-path scope; source not read
644	"lexical hit not semantically classified: .timeout(""30s"")"	specs/.history/modular-fuzzing-epic/ticket-007-MF-025/results/testgraph-specWorkflow/cleanup-failure-probe-test-graph/sources/spec_workflow_force_failure.py:20	out-of-scope	ticket_plan.yaml:648-658	none mapped	unrepresented	out_of_scope_lexical_inventory		INFERRED exact-path scope; source not read
645	"lexical hit not semantically classified: .timeout(""60s"")"	specs/.history/modular-fuzzing-epic/ticket-007-MF-025/results/testgraph-specWorkflow/cleanup-failure-probe-test-graph/sources/spec_workflow_spec_units.py:20	out-of-scope	ticket_plan.yaml:648-658	none mapped	unrepresented	out_of_scope_lexical_inventory		INFERRED exact-path scope; source not read
646	"lexical hit not semantically classified: .timeout(""60s"")"	specs/.history/modular-fuzzing-epic/ticket-007-MF-025/results/testgraph-specWorkflow/cleanup-failure-probe-test-graph/sources/spec_workflow_start_ticket.py:19	out-of-scope	ticket_plan.yaml:648-658	none mapped	unrepresented	out_of_scope_lexical_inventory		INFERRED exact-path scope; source not read
647	"lexical hit not semantically classified: .timeout(""60s"")"	specs/.history/modular-fuzzing-epic/ticket-007-MF-025/results/testgraph-specWorkflow/cleanup-failure-probe-test-graph/sources/tla_spec_dev_cli_help.py:20	out-of-scope	ticket_plan.yaml:648-658	none mapped	unrepresented	out_of_scope_lexical_inventory		INFERRED exact-path scope; source not read
648	"lexical hit not semantically classified: .timeout(""60s"")"	specs/.history/modular-fuzzing-epic/ticket-007-MF-025/results/testgraph-specWorkflow/cleanup-failure-probe-test-graph/sources/tla_spec_dev_cli_install.py:20	out-of-scope	ticket_plan.yaml:648-658	none mapped	unrepresented	out_of_scope_lexical_inventory		INFERRED exact-path scope; source not read
649	lexical hit not semantically classified: exactly the timeout this command exists to prevent.	specs/.history/modular-fuzzing-epic/ticket-007-MF-025/snapshots/current/production_adapters.py:722	out-of-scope	ticket_plan.yaml:648-658	none mapped	unrepresented	out_of_scope_lexical_inventory		INFERRED exact-path scope; source not read
650	lexical hit not semantically classified: timeout=180,	specs/.history/modular-fuzzing-epic/ticket-007-MF-025/snapshots/current/production_adapters.py:761	out-of-scope	ticket_plan.yaml:648-658	none mapped	unrepresented	out_of_scope_lexical_inventory		INFERRED exact-path scope; source not read
651	lexical hit not semantically classified: cwd=target_repo, text=True, capture_output=True, check=False, timeout=180,	specs/.history/modular-fuzzing-epic/ticket-007-MF-025/snapshots/current/production_adapters.py:908	out-of-scope	ticket_plan.yaml:648-658	none mapped	unrepresented	out_of_scope_lexical_inventory		INFERRED exact-path scope; source not read
652	lexical hit not semantically classified: exactly the timeout this command exists to prevent.	specs/.history/modular-fuzzing-epic/ticket-007-MF-025/ticket/current/production_adapters.py:722	out-of-scope	ticket_plan.yaml:648-658	none mapped	unrepresented	out_of_scope_lexical_inventory		INFERRED exact-path scope; source not read
653	lexical hit not semantically classified: timeout=180,	specs/.history/modular-fuzzing-epic/ticket-007-MF-025/ticket/current/production_adapters.py:761	out-of-scope	ticket_plan.yaml:648-658	none mapped	unrepresented	out_of_scope_lexical_inventory		INFERRED exact-path scope; source not read
654	lexical hit not semantically classified: cwd=target_repo, text=True, capture_output=True, check=False, timeout=180,	specs/.history/modular-fuzzing-epic/ticket-007-MF-025/ticket/current/production_adapters.py:908	out-of-scope	ticket_plan.yaml:648-658	none mapped	unrepresented	out_of_scope_lexical_inventory		INFERRED exact-path scope; source not read
655	lexical hit not semantically classified: exactly the timeout this command exists to prevent.	specs/.history/modular-fuzzing-epic/ticket-007-MF-025/ticket/desired/production_adapters.py:722	out-of-scope	ticket_plan.yaml:648-658	none mapped	unrepresented	out_of_scope_lexical_inventory		INFERRED exact-path scope; source not read
656	lexical hit not semantically classified: timeout=180,	specs/.history/modular-fuzzing-epic/ticket-007-MF-025/ticket/desired/production_adapters.py:761	out-of-scope	ticket_plan.yaml:648-658	none mapped	unrepresented	out_of_scope_lexical_inventory		INFERRED exact-path scope; source not read
657	lexical hit not semantically classified: cwd=target_repo, text=True, capture_output=True, check=False, timeout=180,	specs/.history/modular-fuzzing-epic/ticket-007-MF-025/ticket/desired/production_adapters.py:908	out-of-scope	ticket_plan.yaml:648-658	none mapped	unrepresented	out_of_scope_lexical_inventory		INFERRED exact-path scope; source not read
658	lexical hit not semantically classified: *     dependsOn/tags/timeout/etc on top of what the script self-declared).	specs/.history/modular-fuzzing-epic/ticket-007-MF-025/ticket/results/testgraph-specWorkflow/cleanup-failure-probe-test-graph/build-logic/src/main/kotlin/com/hayden/testgraphsdk/GraphAssembler.kt:9	out-of-scope	ticket_plan.yaml:648-658	none mapped	unrepresented	out_of_scope_lexical_inventory		INFERRED exact-path scope; source not read
659	"lexical hit not semantically classified: timeout = MiniJson.str(root[""timeout""]) ?: ""60s"","	specs/.history/modular-fuzzing-epic/ticket-007-MF-025/ticket/results/testgraph-specWorkflow/cleanup-failure-probe-test-graph/build-logic/src/main/kotlin/com/hayden/testgraphsdk/NodeDescribeLoader.kt:87	out-of-scope	ticket_plan.yaml:648-658	none mapped	unrepresented	out_of_scope_lexical_inventory		INFERRED exact-path scope; source not read
660	lexical hit not semantically classified: *   - Scalars (timeout, cacheable) — OVERRIDE if set here; otherwise keep script's.	specs/.history/modular-fuzzing-epic/ticket-007-MF-025/ticket/results/testgraph-specWorkflow/cleanup-failure-probe-test-graph/build-logic/src/main/kotlin/com/hayden/testgraphsdk/TestGraphSpec.kt:13	out-of-scope	ticket_plan.yaml:648-658	none mapped	unrepresented	out_of_scope_lexical_inventory		INFERRED exact-path scope; source not read
661	lexical hit not semantically classified: fun timeout(v: String): NodeOverlay { timeoutOverride = v; return this }	specs/.history/modular-fuzzing-epic/ticket-007-MF-025/ticket/results/testgraph-specWorkflow/cleanup-failure-probe-test-graph/build-logic/src/main/kotlin/com/hayden/testgraphsdk/TestGraphSpec.kt:30	out-of-scope	ticket_plan.yaml:648-658	none mapped	unrepresented	out_of_scope_lexical_inventory		INFERRED exact-path scope; source not read
662	lexical hit not semantically classified: timeout = timeoutOverride ?: spec.timeout,	specs/.history/modular-fuzzing-epic/ticket-007-MF-025/ticket/results/testgraph-specWorkflow/cleanup-failure-probe-test-graph/build-logic/src/main/kotlin/com/hayden/testgraphsdk/TestGraphSpec.kt:39	out-of-scope	ticket_plan.yaml:648-658	none mapped	unrepresented	out_of_scope_lexical_inventory		INFERRED exact-path scope; source not read
663	lexical hit not semantically classified: *    deps/tags/timeout on top of what the script self-declares)	specs/.history/modular-fuzzing-epic/ticket-007-MF-025/ticket/results/testgraph-specWorkflow/cleanup-failure-probe-test-graph/build-logic/src/main/kotlin/com/hayden/testgraphsdk/TestGraphSpec.kt:51	out-of-scope	ticket_plan.yaml:648-658	none mapped	unrepresented	out_of_scope_lexical_inventory		INFERRED exact-path scope; source not read
664	lexical hit not semantically classified: * `.dependsOn(...)`, `.tags(...)`, `.timeout(...)`, etc. on.	specs/.history/modular-fuzzing-epic/ticket-007-MF-025/ticket/results/testgraph-specWorkflow/cleanup-failure-probe-test-graph/build-logic/src/main/kotlin/com/hayden/testgraphsdk/TestGraphSpec.kt:65	out-of-scope	ticket_plan.yaml:648-658	none mapped	unrepresented	out_of_scope_lexical_inventory		INFERRED exact-path scope; source not read
665	"lexical hit not semantically classified: val timeout: String = ""60s"","	specs/.history/modular-fuzzing-epic/ticket-007-MF-025/ticket/results/testgraph-specWorkflow/cleanup-failure-probe-test-graph/build-logic/src/main/kotlin/com/hayden/testgraphsdk/ValidationNodeSpec.kt:16	out-of-scope	ticket_plan.yaml:648-658	none mapped	unrepresented	out_of_scope_lexical_inventory		INFERRED exact-path scope; source not read
666	"lexical hit not semantically classified: * exceeds its [timeout]. Default 0 means ""fail fast on first timeout""."	specs/.history/modular-fuzzing-epic/ticket-007-MF-025/ticket/results/testgraph-specWorkflow/cleanup-failure-probe-test-graph/build-logic/src/main/kotlin/com/hayden/testgraphsdk/ValidationNodeSpec.kt:19	out-of-scope	ticket_plan.yaml:648-658	none mapped	unrepresented	out_of_scope_lexical_inventory		INFERRED exact-path scope; source not read
667	lexical hit not semantically classified: * Retries trigger ONLY on a timeout outcome — a body-returned	specs/.history/modular-fuzzing-epic/ticket-007-MF-025/ticket/results/testgraph-specWorkflow/cleanup-failure-probe-test-graph/build-logic/src/main/kotlin/com/hayden/testgraphsdk/ValidationNodeSpec.kt:20	out-of-scope	ticket_plan.yaml:648-658	none mapped	unrepresented	out_of_scope_lexical_inventory		INFERRED exact-path scope; source not read
668	lexical hit not semantically classified: * timeout [retries], which are automatic executor attempts.	specs/.history/modular-fuzzing-epic/ticket-007-MF-025/ticket/results/testgraph-specWorkflow/cleanup-failure-probe-test-graph/build-logic/src/main/kotlin/com/hayden/testgraphsdk/ValidationNodeSpec.kt:29	out-of-scope	ticket_plan.yaml:648-658	none mapped	unrepresented	out_of_scope_lexical_inventory		INFERRED exact-path scope; source not read
669	lexical hit not semantically classified: * [ValidationNodeSpec.timeout] by `PlanExecutor`. Executors enforce	specs/.history/modular-fuzzing-epic/ticket-007-MF-025/ticket/results/testgraph-specWorkflow/cleanup-failure-probe-test-graph/build-logic/src/main/kotlin/com/hayden/testgraphsdk/exec/Executors.kt:41	out-of-scope	ticket_plan.yaml:648-658	none mapped	unrepresented	out_of_scope_lexical_inventory		INFERRED exact-path scope; source not read
670	lexical hit not semantically classified: * timeout is.	specs/.history/modular-fuzzing-epic/ticket-007-MF-025/ticket/results/testgraph-specWorkflow/cleanup-failure-probe-test-graph/build-logic/src/main/kotlin/com/hayden/testgraphsdk/exec/Executors.kt:54	out-of-scope	ticket_plan.yaml:648-658	none mapped	unrepresented	out_of_scope_lexical_inventory		INFERRED exact-path scope; source not read
671	lexical hit not semantically classified: * by every concrete [ValidationExecutor] so the timeout-enforcement	specs/.history/modular-fuzzing-epic/ticket-007-MF-025/ticket/results/testgraph-specWorkflow/cleanup-failure-probe-test-graph/build-logic/src/main/kotlin/com/hayden/testgraphsdk/exec/Executors.kt:91	out-of-scope	ticket_plan.yaml:648-658	none mapped	unrepresented	out_of_scope_lexical_inventory		INFERRED exact-path scope; source not read
672	lexical hit not semantically classified: val timeoutMillis = TimeoutParser.parseMillis(spec.timeout)	specs/.history/modular-fuzzing-epic/ticket-007-MF-025/ticket/results/testgraph-specWorkflow/cleanup-failure-probe-test-graph/build-logic/src/main/kotlin/com/hayden/testgraphsdk/exec/PlanExecutor.kt:134	out-of-scope	ticket_plan.yaml:648-658	none mapped	unrepresented	out_of_scope_lexical_inventory		INFERRED exact-path scope; source not read
673	"lexical hit not semantically classified: ""    retry ${attempt - 1}/${spec.retries} after timeout — "" +"	specs/.history/modular-fuzzing-epic/ticket-007-MF-025/ticket/results/testgraph-specWorkflow/cleanup-failure-probe-test-graph/build-logic/src/main/kotlin/com/hayden/testgraphsdk/exec/PlanExecutor.kt:143	out-of-scope	ticket_plan.yaml:648-658	none mapped	unrepresented	out_of_scope_lexical_inventory		INFERRED exact-path scope; source not read
674	"lexical hit not semantically classified: ""previous attempt exceeded ${spec.timeout}"""	specs/.history/modular-fuzzing-epic/ticket-007-MF-025/ticket/results/testgraph-specWorkflow/cleanup-failure-probe-test-graph/build-logic/src/main/kotlin/com/hayden/testgraphsdk/exec/PlanExecutor.kt:144	out-of-scope	ticket_plan.yaml:648-658	none mapped	unrepresented	out_of_scope_lexical_inventory		INFERRED exact-path scope; source not read
675	"lexical hit not semantically classified: *   0. executor reported a timeout → synthesize an ""errored"""	specs/.history/modular-fuzzing-epic/ticket-007-MF-025/ticket/results/testgraph-specWorkflow/cleanup-failure-probe-test-graph/build-logic/src/main/kotlin/com/hayden/testgraphsdk/exec/PlanExecutor.kt:308	out-of-scope	ticket_plan.yaml:648-658	none mapped	unrepresented	out_of_scope_lexical_inventory		INFERRED exact-path scope; source not read
676	"lexical hit not semantically classified: ""node timed out after ${spec.timeout}$attemptsClause; "" +"	specs/.history/modular-fuzzing-epic/ticket-007-MF-025/ticket/results/testgraph-specWorkflow/cleanup-failure-probe-test-graph/build-logic/src/main/kotlin/com/hayden/testgraphsdk/exec/PlanExecutor.kt:341	out-of-scope	ticket_plan.yaml:648-658	none mapped	unrepresented	out_of_scope_lexical_inventory		INFERRED exact-path scope; source not read
677	lexical hit not semantically classified: * Parses the `NodeSpec.timeout(...)` string into milliseconds.	specs/.history/modular-fuzzing-epic/ticket-007-MF-025/ticket/results/testgraph-specWorkflow/cleanup-failure-probe-test-graph/build-logic/src/main/kotlin/com/hayden/testgraphsdk/exec/TimeoutParser.kt:4	out-of-scope	ticket_plan.yaml:648-658	none mapped	unrepresented	out_of_scope_lexical_inventory		INFERRED exact-path scope; source not read
678	"lexical hit not semantically classified: private String timeout = ""60s"";"	specs/.history/modular-fuzzing-epic/ticket-007-MF-025/ticket/results/testgraph-specWorkflow/cleanup-failure-probe-test-graph/sdk/java/src/main/java/com/hayden/testgraphsdk/sdk/NodeSpec.java:30	out-of-scope	ticket_plan.yaml:648-658	none mapped	unrepresented	out_of_scope_lexical_inventory		INFERRED exact-path scope; source not read
679	lexical hit not semantically classified: public NodeSpec timeout(String v)                { this.timeout = v; return this; }	specs/.history/modular-fuzzing-epic/ticket-007-MF-025/ticket/results/testgraph-specWorkflow/cleanup-failure-probe-test-graph/sdk/java/src/main/java/com/hayden/testgraphsdk/sdk/NodeSpec.java:48	out-of-scope	ticket_plan.yaml:648-658	none mapped	unrepresented	out_of_scope_lexical_inventory		INFERRED exact-path scope; source not read
680	lexical hit not semantically classified: * spawned node-process exceeds {@link #timeout(String)}. Default 0 —	specs/.history/modular-fuzzing-epic/ticket-007-MF-025/ticket/results/testgraph-specWorkflow/cleanup-failure-probe-test-graph/sdk/java/src/main/java/com/hayden/testgraphsdk/sdk/NodeSpec.java:51	out-of-scope	ticket_plan.yaml:648-658	none mapped	unrepresented	out_of_scope_lexical_inventory		INFERRED exact-path scope; source not read
681	lexical hit not semantically classified: * fail fast on the first timeout. Anything {@code > 0} only kicks in	specs/.history/modular-fuzzing-epic/ticket-007-MF-025/ticket/results/testgraph-specWorkflow/cleanup-failure-probe-test-graph/sdk/java/src/main/java/com/hayden/testgraphsdk/sdk/NodeSpec.java:52	out-of-scope	ticket_plan.yaml:648-658	none mapped	unrepresented	out_of_scope_lexical_inventory		INFERRED exact-path scope; source not read
682	lexical hit not semantically classified: * <p>Retries trigger only on a timeout outcome from the executor;	specs/.history/modular-fuzzing-epic/ticket-007-MF-025/ticket/results/testgraph-specWorkflow/cleanup-failure-probe-test-graph/sdk/java/src/main/java/com/hayden/testgraphsdk/sdk/NodeSpec.java:57	out-of-scope	ticket_plan.yaml:648-658	none mapped	unrepresented	out_of_scope_lexical_inventory		INFERRED exact-path scope; source not read
683	lexical hit not semantically classified: * non-timeout exit code) is final on the first attempt.	specs/.history/modular-fuzzing-epic/ticket-007-MF-025/ticket/results/testgraph-specWorkflow/cleanup-failure-probe-test-graph/sdk/java/src/main/java/com/hayden/testgraphsdk/sdk/NodeSpec.java:59	out-of-scope	ticket_plan.yaml:648-658	none mapped	unrepresented	out_of_scope_lexical_inventory		INFERRED exact-path scope; source not read
684	"lexical hit not semantically classified: out.put(""timeout"", timeout);"	specs/.history/modular-fuzzing-epic/ticket-007-MF-025/ticket/results/testgraph-specWorkflow/cleanup-failure-probe-test-graph/sdk/java/src/main/java/com/hayden/testgraphsdk/sdk/NodeSpec.java:101	out-of-scope	ticket_plan.yaml:648-658	none mapped	unrepresented	out_of_scope_lexical_inventory		INFERRED exact-path scope; source not read
685	"lexical hit not semantically classified: def timeout(self, v: str) -> ""NodeSpec"":"	specs/.history/modular-fuzzing-epic/ticket-007-MF-025/ticket/results/testgraph-specWorkflow/cleanup-failure-probe-test-graph/sdk/python/src/testgraphsdk/node_spec.py:48	out-of-scope	ticket_plan.yaml:648-658	none mapped	unrepresented	out_of_scope_lexical_inventory		INFERRED exact-path scope; source not read
686	"lexical hit not semantically classified: """"""Extra attempts the executor makes on a timeout outcome."	specs/.history/modular-fuzzing-epic/ticket-007-MF-025/ticket/results/testgraph-specWorkflow/cleanup-failure-probe-test-graph/sdk/python/src/testgraphsdk/node_spec.py:53	out-of-scope	ticket_plan.yaml:648-658	none mapped	unrepresented	out_of_scope_lexical_inventory		INFERRED exact-path scope; source not read
687	lexical hit not semantically classified: Default 0 — fail fast on the first timeout. Only set ``> 0`` for	specs/.history/modular-fuzzing-epic/ticket-007-MF-025/ticket/results/testgraph-specWorkflow/cleanup-failure-probe-test-graph/sdk/python/src/testgraphsdk/node_spec.py:55	out-of-scope	ticket_plan.yaml:648-658	none mapped	unrepresented	out_of_scope_lexical_inventory		INFERRED exact-path scope; source not read
688	lexical hit not semantically classified: orphaned state on retry. Triggers only on timeout, never on a	specs/.history/modular-fuzzing-epic/ticket-007-MF-025/ticket/results/testgraph-specWorkflow/cleanup-failure-probe-test-graph/sdk/python/src/testgraphsdk/node_spec.py:58	out-of-scope	ticket_plan.yaml:648-658	none mapped	unrepresented	out_of_scope_lexical_inventory		INFERRED exact-path scope; source not read
689	"lexical hit not semantically classified: ""timeout"": self._timeout,"	specs/.history/modular-fuzzing-epic/ticket-007-MF-025/ticket/results/testgraph-specWorkflow/cleanup-failure-probe-test-graph/sdk/python/src/testgraphsdk/node_spec.py:110	out-of-scope	ticket_plan.yaml:648-658	none mapped	unrepresented	out_of_scope_lexical_inventory		INFERRED exact-path scope; source not read
690	"lexical hit not semantically classified: .timeout(""30s"")"	specs/.history/modular-fuzzing-epic/ticket-007-MF-025/ticket/results/testgraph-specWorkflow/cleanup-failure-probe-test-graph/sources/spec_workflow_cleanup.py:21	out-of-scope	ticket_plan.yaml:648-658	none mapped	unrepresented	out_of_scope_lexical_inventory		INFERRED exact-path scope; source not read
691	"lexical hit not semantically classified: .timeout(""60s"")"	specs/.history/modular-fuzzing-epic/ticket-007-MF-025/ticket/results/testgraph-specWorkflow/cleanup-failure-probe-test-graph/sources/spec_workflow_close_ticket.py:23	out-of-scope	ticket_plan.yaml:648-658	none mapped	unrepresented	out_of_scope_lexical_inventory		INFERRED exact-path scope; source not read
692	"lexical hit not semantically classified: .timeout(""60s"")"	specs/.history/modular-fuzzing-epic/ticket-007-MF-025/ticket/results/testgraph-specWorkflow/cleanup-failure-probe-test-graph/sources/spec_workflow_complete_ticket.py:20	out-of-scope	ticket_plan.yaml:648-658	none mapped	unrepresented	out_of_scope_lexical_inventory		INFERRED exact-path scope; source not read
693	"lexical hit not semantically classified: .timeout(""60s"")"	specs/.history/modular-fuzzing-epic/ticket-007-MF-025/ticket/results/testgraph-specWorkflow/cleanup-failure-probe-test-graph/sources/spec_workflow_create_repo.py:21	out-of-scope	ticket_plan.yaml:648-658	none mapped	unrepresented	out_of_scope_lexical_inventory		INFERRED exact-path scope; source not read
694	"lexical hit not semantically classified: .timeout(""180s"")"	specs/.history/modular-fuzzing-epic/ticket-007-MF-025/ticket/results/testgraph-specWorkflow/cleanup-failure-probe-test-graph/sources/spec_workflow_failure_cleanup_probe.py:23	out-of-scope	ticket_plan.yaml:648-658	none mapped	unrepresented	out_of_scope_lexical_inventory		INFERRED exact-path scope; source not read
695	"lexical hit not semantically classified: .timeout(""30s"")"	specs/.history/modular-fuzzing-epic/ticket-007-MF-025/ticket/results/testgraph-specWorkflow/cleanup-failure-probe-test-graph/sources/spec_workflow_force_failure.py:20	out-of-scope	ticket_plan.yaml:648-658	none mapped	unrepresented	out_of_scope_lexical_inventory		INFERRED exact-path scope; source not read
696	"lexical hit not semantically classified: .timeout(""60s"")"	specs/.history/modular-fuzzing-epic/ticket-007-MF-025/ticket/results/testgraph-specWorkflow/cleanup-failure-probe-test-graph/sources/spec_workflow_spec_units.py:20	out-of-scope	ticket_plan.yaml:648-658	none mapped	unrepresented	out_of_scope_lexical_inventory		INFERRED exact-path scope; source not read
697	"lexical hit not semantically classified: .timeout(""60s"")"	specs/.history/modular-fuzzing-epic/ticket-007-MF-025/ticket/results/testgraph-specWorkflow/cleanup-failure-probe-test-graph/sources/spec_workflow_start_ticket.py:19	out-of-scope	ticket_plan.yaml:648-658	none mapped	unrepresented	out_of_scope_lexical_inventory		INFERRED exact-path scope; source not read
698	"lexical hit not semantically classified: .timeout(""60s"")"	specs/.history/modular-fuzzing-epic/ticket-007-MF-025/ticket/results/testgraph-specWorkflow/cleanup-failure-probe-test-graph/sources/tla_spec_dev_cli_help.py:20	out-of-scope	ticket_plan.yaml:648-658	none mapped	unrepresented	out_of_scope_lexical_inventory		INFERRED exact-path scope; source not read
699	"lexical hit not semantically classified: .timeout(""60s"")"	specs/.history/modular-fuzzing-epic/ticket-007-MF-025/ticket/results/testgraph-specWorkflow/cleanup-failure-probe-test-graph/sources/tla_spec_dev_cli_install.py:20	out-of-scope	ticket_plan.yaml:648-658	none mapped	unrepresented	out_of_scope_lexical_inventory		INFERRED exact-path scope; source not read
700	lexical hit not semantically classified: *     dependsOn/tags/timeout/etc on top of what the script self-declared).	specs/.history/modular-fuzzing-epic/ticket-008-MF-015/results/testgraph-specWorkflow/cleanup-failure-probe-test-graph/build-logic/src/main/kotlin/com/hayden/testgraphsdk/GraphAssembler.kt:9	out-of-scope	ticket_plan.yaml:648-658	none mapped	unrepresented	out_of_scope_lexical_inventory		INFERRED exact-path scope; source not read
701	"lexical hit not semantically classified: timeout = MiniJson.str(root[""timeout""]) ?: ""60s"","	specs/.history/modular-fuzzing-epic/ticket-008-MF-015/results/testgraph-specWorkflow/cleanup-failure-probe-test-graph/build-logic/src/main/kotlin/com/hayden/testgraphsdk/NodeDescribeLoader.kt:87	out-of-scope	ticket_plan.yaml:648-658	none mapped	unrepresented	out_of_scope_lexical_inventory		INFERRED exact-path scope; source not read
702	lexical hit not semantically classified: *   - Scalars (timeout, cacheable) — OVERRIDE if set here; otherwise keep script's.	specs/.history/modular-fuzzing-epic/ticket-008-MF-015/results/testgraph-specWorkflow/cleanup-failure-probe-test-graph/build-logic/src/main/kotlin/com/hayden/testgraphsdk/TestGraphSpec.kt:13	out-of-scope	ticket_plan.yaml:648-658	none mapped	unrepresented	out_of_scope_lexical_inventory		INFERRED exact-path scope; source not read
703	lexical hit not semantically classified: fun timeout(v: String): NodeOverlay { timeoutOverride = v; return this }	specs/.history/modular-fuzzing-epic/ticket-008-MF-015/results/testgraph-specWorkflow/cleanup-failure-probe-test-graph/build-logic/src/main/kotlin/com/hayden/testgraphsdk/TestGraphSpec.kt:30	out-of-scope	ticket_plan.yaml:648-658	none mapped	unrepresented	out_of_scope_lexical_inventory		INFERRED exact-path scope; source not read
704	lexical hit not semantically classified: timeout = timeoutOverride ?: spec.timeout,	specs/.history/modular-fuzzing-epic/ticket-008-MF-015/results/testgraph-specWorkflow/cleanup-failure-probe-test-graph/build-logic/src/main/kotlin/com/hayden/testgraphsdk/TestGraphSpec.kt:39	out-of-scope	ticket_plan.yaml:648-658	none mapped	unrepresented	out_of_scope_lexical_inventory		INFERRED exact-path scope; source not read
705	lexical hit not semantically classified: *    deps/tags/timeout on top of what the script self-declares)	specs/.history/modular-fuzzing-epic/ticket-008-MF-015/results/testgraph-specWorkflow/cleanup-failure-probe-test-graph/build-logic/src/main/kotlin/com/hayden/testgraphsdk/TestGraphSpec.kt:51	out-of-scope	ticket_plan.yaml:648-658	none mapped	unrepresented	out_of_scope_lexical_inventory		INFERRED exact-path scope; source not read
706	lexical hit not semantically classified: * `.dependsOn(...)`, `.tags(...)`, `.timeout(...)`, etc. on.	specs/.history/modular-fuzzing-epic/ticket-008-MF-015/results/testgraph-specWorkflow/cleanup-failure-probe-test-graph/build-logic/src/main/kotlin/com/hayden/testgraphsdk/TestGraphSpec.kt:65	out-of-scope	ticket_plan.yaml:648-658	none mapped	unrepresented	out_of_scope_lexical_inventory		INFERRED exact-path scope; source not read
707	"lexical hit not semantically classified: val timeout: String = ""60s"","	specs/.history/modular-fuzzing-epic/ticket-008-MF-015/results/testgraph-specWorkflow/cleanup-failure-probe-test-graph/build-logic/src/main/kotlin/com/hayden/testgraphsdk/ValidationNodeSpec.kt:16	out-of-scope	ticket_plan.yaml:648-658	none mapped	unrepresented	out_of_scope_lexical_inventory		INFERRED exact-path scope; source not read
708	"lexical hit not semantically classified: * exceeds its [timeout]. Default 0 means ""fail fast on first timeout""."	specs/.history/modular-fuzzing-epic/ticket-008-MF-015/results/testgraph-specWorkflow/cleanup-failure-probe-test-graph/build-logic/src/main/kotlin/com/hayden/testgraphsdk/ValidationNodeSpec.kt:19	out-of-scope	ticket_plan.yaml:648-658	none mapped	unrepresented	out_of_scope_lexical_inventory		INFERRED exact-path scope; source not read
709	lexical hit not semantically classified: * Retries trigger ONLY on a timeout outcome — a body-returned	specs/.history/modular-fuzzing-epic/ticket-008-MF-015/results/testgraph-specWorkflow/cleanup-failure-probe-test-graph/build-logic/src/main/kotlin/com/hayden/testgraphsdk/ValidationNodeSpec.kt:20	out-of-scope	ticket_plan.yaml:648-658	none mapped	unrepresented	out_of_scope_lexical_inventory		INFERRED exact-path scope; source not read
710	lexical hit not semantically classified: * timeout [retries], which are automatic executor attempts.	specs/.history/modular-fuzzing-epic/ticket-008-MF-015/results/testgraph-specWorkflow/cleanup-failure-probe-test-graph/build-logic/src/main/kotlin/com/hayden/testgraphsdk/ValidationNodeSpec.kt:29	out-of-scope	ticket_plan.yaml:648-658	none mapped	unrepresented	out_of_scope_lexical_inventory		INFERRED exact-path scope; source not read
711	lexical hit not semantically classified: * [ValidationNodeSpec.timeout] by `PlanExecutor`. Executors enforce	specs/.history/modular-fuzzing-epic/ticket-008-MF-015/results/testgraph-specWorkflow/cleanup-failure-probe-test-graph/build-logic/src/main/kotlin/com/hayden/testgraphsdk/exec/Executors.kt:41	out-of-scope	ticket_plan.yaml:648-658	none mapped	unrepresented	out_of_scope_lexical_inventory		INFERRED exact-path scope; source not read
712	lexical hit not semantically classified: * timeout is.	specs/.history/modular-fuzzing-epic/ticket-008-MF-015/results/testgraph-specWorkflow/cleanup-failure-probe-test-graph/build-logic/src/main/kotlin/com/hayden/testgraphsdk/exec/Executors.kt:54	out-of-scope	ticket_plan.yaml:648-658	none mapped	unrepresented	out_of_scope_lexical_inventory		INFERRED exact-path scope; source not read
713	lexical hit not semantically classified: * by every concrete [ValidationExecutor] so the timeout-enforcement	specs/.history/modular-fuzzing-epic/ticket-008-MF-015/results/testgraph-specWorkflow/cleanup-failure-probe-test-graph/build-logic/src/main/kotlin/com/hayden/testgraphsdk/exec/Executors.kt:91	out-of-scope	ticket_plan.yaml:648-658	none mapped	unrepresented	out_of_scope_lexical_inventory		INFERRED exact-path scope; source not read
714	lexical hit not semantically classified: val timeoutMillis = TimeoutParser.parseMillis(spec.timeout)	specs/.history/modular-fuzzing-epic/ticket-008-MF-015/results/testgraph-specWorkflow/cleanup-failure-probe-test-graph/build-logic/src/main/kotlin/com/hayden/testgraphsdk/exec/PlanExecutor.kt:134	out-of-scope	ticket_plan.yaml:648-658	none mapped	unrepresented	out_of_scope_lexical_inventory		INFERRED exact-path scope; source not read
715	"lexical hit not semantically classified: ""    retry ${attempt - 1}/${spec.retries} after timeout — "" +"	specs/.history/modular-fuzzing-epic/ticket-008-MF-015/results/testgraph-specWorkflow/cleanup-failure-probe-test-graph/build-logic/src/main/kotlin/com/hayden/testgraphsdk/exec/PlanExecutor.kt:143	out-of-scope	ticket_plan.yaml:648-658	none mapped	unrepresented	out_of_scope_lexical_inventory		INFERRED exact-path scope; source not read
716	"lexical hit not semantically classified: ""previous attempt exceeded ${spec.timeout}"""	specs/.history/modular-fuzzing-epic/ticket-008-MF-015/results/testgraph-specWorkflow/cleanup-failure-probe-test-graph/build-logic/src/main/kotlin/com/hayden/testgraphsdk/exec/PlanExecutor.kt:144	out-of-scope	ticket_plan.yaml:648-658	none mapped	unrepresented	out_of_scope_lexical_inventory		INFERRED exact-path scope; source not read
717	"lexical hit not semantically classified: *   0. executor reported a timeout → synthesize an ""errored"""	specs/.history/modular-fuzzing-epic/ticket-008-MF-015/results/testgraph-specWorkflow/cleanup-failure-probe-test-graph/build-logic/src/main/kotlin/com/hayden/testgraphsdk/exec/PlanExecutor.kt:308	out-of-scope	ticket_plan.yaml:648-658	none mapped	unrepresented	out_of_scope_lexical_inventory		INFERRED exact-path scope; source not read
718	"lexical hit not semantically classified: ""node timed out after ${spec.timeout}$attemptsClause; "" +"	specs/.history/modular-fuzzing-epic/ticket-008-MF-015/results/testgraph-specWorkflow/cleanup-failure-probe-test-graph/build-logic/src/main/kotlin/com/hayden/testgraphsdk/exec/PlanExecutor.kt:341	out-of-scope	ticket_plan.yaml:648-658	none mapped	unrepresented	out_of_scope_lexical_inventory		INFERRED exact-path scope; source not read
719	lexical hit not semantically classified: * Parses the `NodeSpec.timeout(...)` string into milliseconds.	specs/.history/modular-fuzzing-epic/ticket-008-MF-015/results/testgraph-specWorkflow/cleanup-failure-probe-test-graph/build-logic/src/main/kotlin/com/hayden/testgraphsdk/exec/TimeoutParser.kt:4	out-of-scope	ticket_plan.yaml:648-658	none mapped	unrepresented	out_of_scope_lexical_inventory		INFERRED exact-path scope; source not read
720	"lexical hit not semantically classified: private String timeout = ""60s"";"	specs/.history/modular-fuzzing-epic/ticket-008-MF-015/results/testgraph-specWorkflow/cleanup-failure-probe-test-graph/sdk/java/src/main/java/com/hayden/testgraphsdk/sdk/NodeSpec.java:30	out-of-scope	ticket_plan.yaml:648-658	none mapped	unrepresented	out_of_scope_lexical_inventory		INFERRED exact-path scope; source not read
721	lexical hit not semantically classified: public NodeSpec timeout(String v)                { this.timeout = v; return this; }	specs/.history/modular-fuzzing-epic/ticket-008-MF-015/results/testgraph-specWorkflow/cleanup-failure-probe-test-graph/sdk/java/src/main/java/com/hayden/testgraphsdk/sdk/NodeSpec.java:48	out-of-scope	ticket_plan.yaml:648-658	none mapped	unrepresented	out_of_scope_lexical_inventory		INFERRED exact-path scope; source not read
722	lexical hit not semantically classified: * spawned node-process exceeds {@link #timeout(String)}. Default 0 —	specs/.history/modular-fuzzing-epic/ticket-008-MF-015/results/testgraph-specWorkflow/cleanup-failure-probe-test-graph/sdk/java/src/main/java/com/hayden/testgraphsdk/sdk/NodeSpec.java:51	out-of-scope	ticket_plan.yaml:648-658	none mapped	unrepresented	out_of_scope_lexical_inventory		INFERRED exact-path scope; source not read
723	lexical hit not semantically classified: * fail fast on the first timeout. Anything {@code > 0} only kicks in	specs/.history/modular-fuzzing-epic/ticket-008-MF-015/results/testgraph-specWorkflow/cleanup-failure-probe-test-graph/sdk/java/src/main/java/com/hayden/testgraphsdk/sdk/NodeSpec.java:52	out-of-scope	ticket_plan.yaml:648-658	none mapped	unrepresented	out_of_scope_lexical_inventory		INFERRED exact-path scope; source not read
724	lexical hit not semantically classified: * <p>Retries trigger only on a timeout outcome from the executor;	specs/.history/modular-fuzzing-epic/ticket-008-MF-015/results/testgraph-specWorkflow/cleanup-failure-probe-test-graph/sdk/java/src/main/java/com/hayden/testgraphsdk/sdk/NodeSpec.java:57	out-of-scope	ticket_plan.yaml:648-658	none mapped	unrepresented	out_of_scope_lexical_inventory		INFERRED exact-path scope; source not read
725	lexical hit not semantically classified: * non-timeout exit code) is final on the first attempt.	specs/.history/modular-fuzzing-epic/ticket-008-MF-015/results/testgraph-specWorkflow/cleanup-failure-probe-test-graph/sdk/java/src/main/java/com/hayden/testgraphsdk/sdk/NodeSpec.java:59	out-of-scope	ticket_plan.yaml:648-658	none mapped	unrepresented	out_of_scope_lexical_inventory		INFERRED exact-path scope; source not read
726	"lexical hit not semantically classified: out.put(""timeout"", timeout);"	specs/.history/modular-fuzzing-epic/ticket-008-MF-015/results/testgraph-specWorkflow/cleanup-failure-probe-test-graph/sdk/java/src/main/java/com/hayden/testgraphsdk/sdk/NodeSpec.java:101	out-of-scope	ticket_plan.yaml:648-658	none mapped	unrepresented	out_of_scope_lexical_inventory		INFERRED exact-path scope; source not read
727	"lexical hit not semantically classified: def timeout(self, v: str) -> ""NodeSpec"":"	specs/.history/modular-fuzzing-epic/ticket-008-MF-015/results/testgraph-specWorkflow/cleanup-failure-probe-test-graph/sdk/python/src/testgraphsdk/node_spec.py:48	out-of-scope	ticket_plan.yaml:648-658	none mapped	unrepresented	out_of_scope_lexical_inventory		INFERRED exact-path scope; source not read
728	"lexical hit not semantically classified: """"""Extra attempts the executor makes on a timeout outcome."	specs/.history/modular-fuzzing-epic/ticket-008-MF-015/results/testgraph-specWorkflow/cleanup-failure-probe-test-graph/sdk/python/src/testgraphsdk/node_spec.py:53	out-of-scope	ticket_plan.yaml:648-658	none mapped	unrepresented	out_of_scope_lexical_inventory		INFERRED exact-path scope; source not read
729	lexical hit not semantically classified: Default 0 — fail fast on the first timeout. Only set ``> 0`` for	specs/.history/modular-fuzzing-epic/ticket-008-MF-015/results/testgraph-specWorkflow/cleanup-failure-probe-test-graph/sdk/python/src/testgraphsdk/node_spec.py:55	out-of-scope	ticket_plan.yaml:648-658	none mapped	unrepresented	out_of_scope_lexical_inventory		INFERRED exact-path scope; source not read
730	lexical hit not semantically classified: orphaned state on retry. Triggers only on timeout, never on a	specs/.history/modular-fuzzing-epic/ticket-008-MF-015/results/testgraph-specWorkflow/cleanup-failure-probe-test-graph/sdk/python/src/testgraphsdk/node_spec.py:58	out-of-scope	ticket_plan.yaml:648-658	none mapped	unrepresented	out_of_scope_lexical_inventory		INFERRED exact-path scope; source not read
731	"lexical hit not semantically classified: ""timeout"": self._timeout,"	specs/.history/modular-fuzzing-epic/ticket-008-MF-015/results/testgraph-specWorkflow/cleanup-failure-probe-test-graph/sdk/python/src/testgraphsdk/node_spec.py:110	out-of-scope	ticket_plan.yaml:648-658	none mapped	unrepresented	out_of_scope_lexical_inventory		INFERRED exact-path scope; source not read
732	"lexical hit not semantically classified: .timeout(""30s"")"	specs/.history/modular-fuzzing-epic/ticket-008-MF-015/results/testgraph-specWorkflow/cleanup-failure-probe-test-graph/sources/spec_workflow_cleanup.py:21	out-of-scope	ticket_plan.yaml:648-658	none mapped	unrepresented	out_of_scope_lexical_inventory		INFERRED exact-path scope; source not read
733	"lexical hit not semantically classified: .timeout(""60s"")"	specs/.history/modular-fuzzing-epic/ticket-008-MF-015/results/testgraph-specWorkflow/cleanup-failure-probe-test-graph/sources/spec_workflow_close_ticket.py:23	out-of-scope	ticket_plan.yaml:648-658	none mapped	unrepresented	out_of_scope_lexical_inventory		INFERRED exact-path scope; source not read
734	"lexical hit not semantically classified: .timeout(""60s"")"	specs/.history/modular-fuzzing-epic/ticket-008-MF-015/results/testgraph-specWorkflow/cleanup-failure-probe-test-graph/sources/spec_workflow_complete_ticket.py:20	out-of-scope	ticket_plan.yaml:648-658	none mapped	unrepresented	out_of_scope_lexical_inventory		INFERRED exact-path scope; source not read
735	"lexical hit not semantically classified: .timeout(""60s"")"	specs/.history/modular-fuzzing-epic/ticket-008-MF-015/results/testgraph-specWorkflow/cleanup-failure-probe-test-graph/sources/spec_workflow_create_repo.py:21	out-of-scope	ticket_plan.yaml:648-658	none mapped	unrepresented	out_of_scope_lexical_inventory		INFERRED exact-path scope; source not read
736	"lexical hit not semantically classified: .timeout(""180s"")"	specs/.history/modular-fuzzing-epic/ticket-008-MF-015/results/testgraph-specWorkflow/cleanup-failure-probe-test-graph/sources/spec_workflow_failure_cleanup_probe.py:23	out-of-scope	ticket_plan.yaml:648-658	none mapped	unrepresented	out_of_scope_lexical_inventory		INFERRED exact-path scope; source not read
737	"lexical hit not semantically classified: .timeout(""30s"")"	specs/.history/modular-fuzzing-epic/ticket-008-MF-015/results/testgraph-specWorkflow/cleanup-failure-probe-test-graph/sources/spec_workflow_force_failure.py:20	out-of-scope	ticket_plan.yaml:648-658	none mapped	unrepresented	out_of_scope_lexical_inventory		INFERRED exact-path scope; source not read
738	"lexical hit not semantically classified: .timeout(""60s"")"	specs/.history/modular-fuzzing-epic/ticket-008-MF-015/results/testgraph-specWorkflow/cleanup-failure-probe-test-graph/sources/spec_workflow_spec_units.py:20	out-of-scope	ticket_plan.yaml:648-658	none mapped	unrepresented	out_of_scope_lexical_inventory		INFERRED exact-path scope; source not read
739	"lexical hit not semantically classified: .timeout(""60s"")"	specs/.history/modular-fuzzing-epic/ticket-008-MF-015/results/testgraph-specWorkflow/cleanup-failure-probe-test-graph/sources/spec_workflow_start_ticket.py:19	out-of-scope	ticket_plan.yaml:648-658	none mapped	unrepresented	out_of_scope_lexical_inventory		INFERRED exact-path scope; source not read
740	"lexical hit not semantically classified: .timeout(""60s"")"	specs/.history/modular-fuzzing-epic/ticket-008-MF-015/results/testgraph-specWorkflow/cleanup-failure-probe-test-graph/sources/tla_spec_dev_cli_help.py:20	out-of-scope	ticket_plan.yaml:648-658	none mapped	unrepresented	out_of_scope_lexical_inventory		INFERRED exact-path scope; source not read
741	"lexical hit not semantically classified: .timeout(""60s"")"	specs/.history/modular-fuzzing-epic/ticket-008-MF-015/results/testgraph-specWorkflow/cleanup-failure-probe-test-graph/sources/tla_spec_dev_cli_install.py:20	out-of-scope	ticket_plan.yaml:648-658	none mapped	unrepresented	out_of_scope_lexical_inventory		INFERRED exact-path scope; source not read
742	lexical hit not semantically classified: exactly the timeout this command exists to prevent.	specs/.history/modular-fuzzing-epic/ticket-008-MF-015/snapshots/current/production_adapters.py:722	out-of-scope	ticket_plan.yaml:648-658	none mapped	unrepresented	out_of_scope_lexical_inventory		INFERRED exact-path scope; source not read
743	lexical hit not semantically classified: timeout=180,	specs/.history/modular-fuzzing-epic/ticket-008-MF-015/snapshots/current/production_adapters.py:761	out-of-scope	ticket_plan.yaml:648-658	none mapped	unrepresented	out_of_scope_lexical_inventory		INFERRED exact-path scope; source not read
744	lexical hit not semantically classified: cwd=target_repo, text=True, capture_output=True, check=False, timeout=180,	specs/.history/modular-fuzzing-epic/ticket-008-MF-015/snapshots/current/production_adapters.py:908	out-of-scope	ticket_plan.yaml:648-658	none mapped	unrepresented	out_of_scope_lexical_inventory		INFERRED exact-path scope; source not read
745	lexical hit not semantically classified: exactly the timeout this command exists to prevent.	specs/.history/modular-fuzzing-epic/ticket-008-MF-015/ticket/current/production_adapters.py:722	out-of-scope	ticket_plan.yaml:648-658	none mapped	unrepresented	out_of_scope_lexical_inventory		INFERRED exact-path scope; source not read
746	lexical hit not semantically classified: timeout=180,	specs/.history/modular-fuzzing-epic/ticket-008-MF-015/ticket/current/production_adapters.py:761	out-of-scope	ticket_plan.yaml:648-658	none mapped	unrepresented	out_of_scope_lexical_inventory		INFERRED exact-path scope; source not read
747	lexical hit not semantically classified: cwd=target_repo, text=True, capture_output=True, check=False, timeout=180,	specs/.history/modular-fuzzing-epic/ticket-008-MF-015/ticket/current/production_adapters.py:908	out-of-scope	ticket_plan.yaml:648-658	none mapped	unrepresented	out_of_scope_lexical_inventory		INFERRED exact-path scope; source not read
748	lexical hit not semantically classified: exactly the timeout this command exists to prevent.	specs/.history/modular-fuzzing-epic/ticket-008-MF-015/ticket/desired/production_adapters.py:722	out-of-scope	ticket_plan.yaml:648-658	none mapped	unrepresented	out_of_scope_lexical_inventory		INFERRED exact-path scope; source not read
749	lexical hit not semantically classified: timeout=180,	specs/.history/modular-fuzzing-epic/ticket-008-MF-015/ticket/desired/production_adapters.py:761	out-of-scope	ticket_plan.yaml:648-658	none mapped	unrepresented	out_of_scope_lexical_inventory		INFERRED exact-path scope; source not read
750	lexical hit not semantically classified: cwd=target_repo, text=True, capture_output=True, check=False, timeout=180,	specs/.history/modular-fuzzing-epic/ticket-008-MF-015/ticket/desired/production_adapters.py:908	out-of-scope	ticket_plan.yaml:648-658	none mapped	unrepresented	out_of_scope_lexical_inventory		INFERRED exact-path scope; source not read
751	lexical hit not semantically classified: *     dependsOn/tags/timeout/etc on top of what the script self-declared).	specs/.history/modular-fuzzing-epic/ticket-008-MF-015/ticket/results/testgraph-specWorkflow/cleanup-failure-probe-test-graph/build-logic/src/main/kotlin/com/hayden/testgraphsdk/GraphAssembler.kt:9	out-of-scope	ticket_plan.yaml:648-658	none mapped	unrepresented	out_of_scope_lexical_inventory		INFERRED exact-path scope; source not read
752	"lexical hit not semantically classified: timeout = MiniJson.str(root[""timeout""]) ?: ""60s"","	specs/.history/modular-fuzzing-epic/ticket-008-MF-015/ticket/results/testgraph-specWorkflow/cleanup-failure-probe-test-graph/build-logic/src/main/kotlin/com/hayden/testgraphsdk/NodeDescribeLoader.kt:87	out-of-scope	ticket_plan.yaml:648-658	none mapped	unrepresented	out_of_scope_lexical_inventory		INFERRED exact-path scope; source not read
753	lexical hit not semantically classified: *   - Scalars (timeout, cacheable) — OVERRIDE if set here; otherwise keep script's.	specs/.history/modular-fuzzing-epic/ticket-008-MF-015/ticket/results/testgraph-specWorkflow/cleanup-failure-probe-test-graph/build-logic/src/main/kotlin/com/hayden/testgraphsdk/TestGraphSpec.kt:13	out-of-scope	ticket_plan.yaml:648-658	none mapped	unrepresented	out_of_scope_lexical_inventory		INFERRED exact-path scope; source not read
754	lexical hit not semantically classified: fun timeout(v: String): NodeOverlay { timeoutOverride = v; return this }	specs/.history/modular-fuzzing-epic/ticket-008-MF-015/ticket/results/testgraph-specWorkflow/cleanup-failure-probe-test-graph/build-logic/src/main/kotlin/com/hayden/testgraphsdk/TestGraphSpec.kt:30	out-of-scope	ticket_plan.yaml:648-658	none mapped	unrepresented	out_of_scope_lexical_inventory		INFERRED exact-path scope; source not read
755	lexical hit not semantically classified: timeout = timeoutOverride ?: spec.timeout,	specs/.history/modular-fuzzing-epic/ticket-008-MF-015/ticket/results/testgraph-specWorkflow/cleanup-failure-probe-test-graph/build-logic/src/main/kotlin/com/hayden/testgraphsdk/TestGraphSpec.kt:39	out-of-scope	ticket_plan.yaml:648-658	none mapped	unrepresented	out_of_scope_lexical_inventory		INFERRED exact-path scope; source not read
756	lexical hit not semantically classified: *    deps/tags/timeout on top of what the script self-declares)	specs/.history/modular-fuzzing-epic/ticket-008-MF-015/ticket/results/testgraph-specWorkflow/cleanup-failure-probe-test-graph/build-logic/src/main/kotlin/com/hayden/testgraphsdk/TestGraphSpec.kt:51	out-of-scope	ticket_plan.yaml:648-658	none mapped	unrepresented	out_of_scope_lexical_inventory		INFERRED exact-path scope; source not read
757	lexical hit not semantically classified: * `.dependsOn(...)`, `.tags(...)`, `.timeout(...)`, etc. on.	specs/.history/modular-fuzzing-epic/ticket-008-MF-015/ticket/results/testgraph-specWorkflow/cleanup-failure-probe-test-graph/build-logic/src/main/kotlin/com/hayden/testgraphsdk/TestGraphSpec.kt:65	out-of-scope	ticket_plan.yaml:648-658	none mapped	unrepresented	out_of_scope_lexical_inventory		INFERRED exact-path scope; source not read
758	"lexical hit not semantically classified: val timeout: String = ""60s"","	specs/.history/modular-fuzzing-epic/ticket-008-MF-015/ticket/results/testgraph-specWorkflow/cleanup-failure-probe-test-graph/build-logic/src/main/kotlin/com/hayden/testgraphsdk/ValidationNodeSpec.kt:16	out-of-scope	ticket_plan.yaml:648-658	none mapped	unrepresented	out_of_scope_lexical_inventory		INFERRED exact-path scope; source not read
759	"lexical hit not semantically classified: * exceeds its [timeout]. Default 0 means ""fail fast on first timeout""."	specs/.history/modular-fuzzing-epic/ticket-008-MF-015/ticket/results/testgraph-specWorkflow/cleanup-failure-probe-test-graph/build-logic/src/main/kotlin/com/hayden/testgraphsdk/ValidationNodeSpec.kt:19	out-of-scope	ticket_plan.yaml:648-658	none mapped	unrepresented	out_of_scope_lexical_inventory		INFERRED exact-path scope; source not read
760	lexical hit not semantically classified: * Retries trigger ONLY on a timeout outcome — a body-returned	specs/.history/modular-fuzzing-epic/ticket-008-MF-015/ticket/results/testgraph-specWorkflow/cleanup-failure-probe-test-graph/build-logic/src/main/kotlin/com/hayden/testgraphsdk/ValidationNodeSpec.kt:20	out-of-scope	ticket_plan.yaml:648-658	none mapped	unrepresented	out_of_scope_lexical_inventory		INFERRED exact-path scope; source not read
761	lexical hit not semantically classified: * timeout [retries], which are automatic executor attempts.	specs/.history/modular-fuzzing-epic/ticket-008-MF-015/ticket/results/testgraph-specWorkflow/cleanup-failure-probe-test-graph/build-logic/src/main/kotlin/com/hayden/testgraphsdk/ValidationNodeSpec.kt:29	out-of-scope	ticket_plan.yaml:648-658	none mapped	unrepresented	out_of_scope_lexical_inventory		INFERRED exact-path scope; source not read
762	lexical hit not semantically classified: * [ValidationNodeSpec.timeout] by `PlanExecutor`. Executors enforce	specs/.history/modular-fuzzing-epic/ticket-008-MF-015/ticket/results/testgraph-specWorkflow/cleanup-failure-probe-test-graph/build-logic/src/main/kotlin/com/hayden/testgraphsdk/exec/Executors.kt:41	out-of-scope	ticket_plan.yaml:648-658	none mapped	unrepresented	out_of_scope_lexical_inventory		INFERRED exact-path scope; source not read
763	lexical hit not semantically classified: * timeout is.	specs/.history/modular-fuzzing-epic/ticket-008-MF-015/ticket/results/testgraph-specWorkflow/cleanup-failure-probe-test-graph/build-logic/src/main/kotlin/com/hayden/testgraphsdk/exec/Executors.kt:54	out-of-scope	ticket_plan.yaml:648-658	none mapped	unrepresented	out_of_scope_lexical_inventory		INFERRED exact-path scope; source not read
764	lexical hit not semantically classified: * by every concrete [ValidationExecutor] so the timeout-enforcement	specs/.history/modular-fuzzing-epic/ticket-008-MF-015/ticket/results/testgraph-specWorkflow/cleanup-failure-probe-test-graph/build-logic/src/main/kotlin/com/hayden/testgraphsdk/exec/Executors.kt:91	out-of-scope	ticket_plan.yaml:648-658	none mapped	unrepresented	out_of_scope_lexical_inventory		INFERRED exact-path scope; source not read
765	lexical hit not semantically classified: val timeoutMillis = TimeoutParser.parseMillis(spec.timeout)	specs/.history/modular-fuzzing-epic/ticket-008-MF-015/ticket/results/testgraph-specWorkflow/cleanup-failure-probe-test-graph/build-logic/src/main/kotlin/com/hayden/testgraphsdk/exec/PlanExecutor.kt:134	out-of-scope	ticket_plan.yaml:648-658	none mapped	unrepresented	out_of_scope_lexical_inventory		INFERRED exact-path scope; source not read
766	"lexical hit not semantically classified: ""    retry ${attempt - 1}/${spec.retries} after timeout — "" +"	specs/.history/modular-fuzzing-epic/ticket-008-MF-015/ticket/results/testgraph-specWorkflow/cleanup-failure-probe-test-graph/build-logic/src/main/kotlin/com/hayden/testgraphsdk/exec/PlanExecutor.kt:143	out-of-scope	ticket_plan.yaml:648-658	none mapped	unrepresented	out_of_scope_lexical_inventory		INFERRED exact-path scope; source not read
767	"lexical hit not semantically classified: ""previous attempt exceeded ${spec.timeout}"""	specs/.history/modular-fuzzing-epic/ticket-008-MF-015/ticket/results/testgraph-specWorkflow/cleanup-failure-probe-test-graph/build-logic/src/main/kotlin/com/hayden/testgraphsdk/exec/PlanExecutor.kt:144	out-of-scope	ticket_plan.yaml:648-658	none mapped	unrepresented	out_of_scope_lexical_inventory		INFERRED exact-path scope; source not read
768	"lexical hit not semantically classified: *   0. executor reported a timeout → synthesize an ""errored"""	specs/.history/modular-fuzzing-epic/ticket-008-MF-015/ticket/results/testgraph-specWorkflow/cleanup-failure-probe-test-graph/build-logic/src/main/kotlin/com/hayden/testgraphsdk/exec/PlanExecutor.kt:308	out-of-scope	ticket_plan.yaml:648-658	none mapped	unrepresented	out_of_scope_lexical_inventory		INFERRED exact-path scope; source not read
769	"lexical hit not semantically classified: ""node timed out after ${spec.timeout}$attemptsClause; "" +"	specs/.history/modular-fuzzing-epic/ticket-008-MF-015/ticket/results/testgraph-specWorkflow/cleanup-failure-probe-test-graph/build-logic/src/main/kotlin/com/hayden/testgraphsdk/exec/PlanExecutor.kt:341	out-of-scope	ticket_plan.yaml:648-658	none mapped	unrepresented	out_of_scope_lexical_inventory		INFERRED exact-path scope; source not read
770	lexical hit not semantically classified: * Parses the `NodeSpec.timeout(...)` string into milliseconds.	specs/.history/modular-fuzzing-epic/ticket-008-MF-015/ticket/results/testgraph-specWorkflow/cleanup-failure-probe-test-graph/build-logic/src/main/kotlin/com/hayden/testgraphsdk/exec/TimeoutParser.kt:4	out-of-scope	ticket_plan.yaml:648-658	none mapped	unrepresented	out_of_scope_lexical_inventory		INFERRED exact-path scope; source not read
771	"lexical hit not semantically classified: private String timeout = ""60s"";"	specs/.history/modular-fuzzing-epic/ticket-008-MF-015/ticket/results/testgraph-specWorkflow/cleanup-failure-probe-test-graph/sdk/java/src/main/java/com/hayden/testgraphsdk/sdk/NodeSpec.java:30	out-of-scope	ticket_plan.yaml:648-658	none mapped	unrepresented	out_of_scope_lexical_inventory		INFERRED exact-path scope; source not read
772	lexical hit not semantically classified: public NodeSpec timeout(String v)                { this.timeout = v; return this; }	specs/.history/modular-fuzzing-epic/ticket-008-MF-015/ticket/results/testgraph-specWorkflow/cleanup-failure-probe-test-graph/sdk/java/src/main/java/com/hayden/testgraphsdk/sdk/NodeSpec.java:48	out-of-scope	ticket_plan.yaml:648-658	none mapped	unrepresented	out_of_scope_lexical_inventory		INFERRED exact-path scope; source not read
773	lexical hit not semantically classified: * spawned node-process exceeds {@link #timeout(String)}. Default 0 —	specs/.history/modular-fuzzing-epic/ticket-008-MF-015/ticket/results/testgraph-specWorkflow/cleanup-failure-probe-test-graph/sdk/java/src/main/java/com/hayden/testgraphsdk/sdk/NodeSpec.java:51	out-of-scope	ticket_plan.yaml:648-658	none mapped	unrepresented	out_of_scope_lexical_inventory		INFERRED exact-path scope; source not read
774	lexical hit not semantically classified: * fail fast on the first timeout. Anything {@code > 0} only kicks in	specs/.history/modular-fuzzing-epic/ticket-008-MF-015/ticket/results/testgraph-specWorkflow/cleanup-failure-probe-test-graph/sdk/java/src/main/java/com/hayden/testgraphsdk/sdk/NodeSpec.java:52	out-of-scope	ticket_plan.yaml:648-658	none mapped	unrepresented	out_of_scope_lexical_inventory		INFERRED exact-path scope; source not read
775	lexical hit not semantically classified: * <p>Retries trigger only on a timeout outcome from the executor;	specs/.history/modular-fuzzing-epic/ticket-008-MF-015/ticket/results/testgraph-specWorkflow/cleanup-failure-probe-test-graph/sdk/java/src/main/java/com/hayden/testgraphsdk/sdk/NodeSpec.java:57	out-of-scope	ticket_plan.yaml:648-658	none mapped	unrepresented	out_of_scope_lexical_inventory		INFERRED exact-path scope; source not read
776	lexical hit not semantically classified: * non-timeout exit code) is final on the first attempt.	specs/.history/modular-fuzzing-epic/ticket-008-MF-015/ticket/results/testgraph-specWorkflow/cleanup-failure-probe-test-graph/sdk/java/src/main/java/com/hayden/testgraphsdk/sdk/NodeSpec.java:59	out-of-scope	ticket_plan.yaml:648-658	none mapped	unrepresented	out_of_scope_lexical_inventory		INFERRED exact-path scope; source not read
777	"lexical hit not semantically classified: out.put(""timeout"", timeout);"	specs/.history/modular-fuzzing-epic/ticket-008-MF-015/ticket/results/testgraph-specWorkflow/cleanup-failure-probe-test-graph/sdk/java/src/main/java/com/hayden/testgraphsdk/sdk/NodeSpec.java:101	out-of-scope	ticket_plan.yaml:648-658	none mapped	unrepresented	out_of_scope_lexical_inventory		INFERRED exact-path scope; source not read
778	"lexical hit not semantically classified: def timeout(self, v: str) -> ""NodeSpec"":"	specs/.history/modular-fuzzing-epic/ticket-008-MF-015/ticket/results/testgraph-specWorkflow/cleanup-failure-probe-test-graph/sdk/python/src/testgraphsdk/node_spec.py:48	out-of-scope	ticket_plan.yaml:648-658	none mapped	unrepresented	out_of_scope_lexical_inventory		INFERRED exact-path scope; source not read
779	"lexical hit not semantically classified: """"""Extra attempts the executor makes on a timeout outcome."	specs/.history/modular-fuzzing-epic/ticket-008-MF-015/ticket/results/testgraph-specWorkflow/cleanup-failure-probe-test-graph/sdk/python/src/testgraphsdk/node_spec.py:53	out-of-scope	ticket_plan.yaml:648-658	none mapped	unrepresented	out_of_scope_lexical_inventory		INFERRED exact-path scope; source not read
780	lexical hit not semantically classified: Default 0 — fail fast on the first timeout. Only set ``> 0`` for	specs/.history/modular-fuzzing-epic/ticket-008-MF-015/ticket/results/testgraph-specWorkflow/cleanup-failure-probe-test-graph/sdk/python/src/testgraphsdk/node_spec.py:55	out-of-scope	ticket_plan.yaml:648-658	none mapped	unrepresented	out_of_scope_lexical_inventory		INFERRED exact-path scope; source not read
781	lexical hit not semantically classified: orphaned state on retry. Triggers only on timeout, never on a	specs/.history/modular-fuzzing-epic/ticket-008-MF-015/ticket/results/testgraph-specWorkflow/cleanup-failure-probe-test-graph/sdk/python/src/testgraphsdk/node_spec.py:58	out-of-scope	ticket_plan.yaml:648-658	none mapped	unrepresented	out_of_scope_lexical_inventory		INFERRED exact-path scope; source not read
782	"lexical hit not semantically classified: ""timeout"": self._timeout,"	specs/.history/modular-fuzzing-epic/ticket-008-MF-015/ticket/results/testgraph-specWorkflow/cleanup-failure-probe-test-graph/sdk/python/src/testgraphsdk/node_spec.py:110	out-of-scope	ticket_plan.yaml:648-658	none mapped	unrepresented	out_of_scope_lexical_inventory		INFERRED exact-path scope; source not read
783	"lexical hit not semantically classified: .timeout(""30s"")"	specs/.history/modular-fuzzing-epic/ticket-008-MF-015/ticket/results/testgraph-specWorkflow/cleanup-failure-probe-test-graph/sources/spec_workflow_cleanup.py:21	out-of-scope	ticket_plan.yaml:648-658	none mapped	unrepresented	out_of_scope_lexical_inventory		INFERRED exact-path scope; source not read
784	"lexical hit not semantically classified: .timeout(""60s"")"	specs/.history/modular-fuzzing-epic/ticket-008-MF-015/ticket/results/testgraph-specWorkflow/cleanup-failure-probe-test-graph/sources/spec_workflow_close_ticket.py:23	out-of-scope	ticket_plan.yaml:648-658	none mapped	unrepresented	out_of_scope_lexical_inventory		INFERRED exact-path scope; source not read
785	"lexical hit not semantically classified: .timeout(""60s"")"	specs/.history/modular-fuzzing-epic/ticket-008-MF-015/ticket/results/testgraph-specWorkflow/cleanup-failure-probe-test-graph/sources/spec_workflow_complete_ticket.py:20	out-of-scope	ticket_plan.yaml:648-658	none mapped	unrepresented	out_of_scope_lexical_inventory		INFERRED exact-path scope; source not read
786	"lexical hit not semantically classified: .timeout(""60s"")"	specs/.history/modular-fuzzing-epic/ticket-008-MF-015/ticket/results/testgraph-specWorkflow/cleanup-failure-probe-test-graph/sources/spec_workflow_create_repo.py:21	out-of-scope	ticket_plan.yaml:648-658	none mapped	unrepresented	out_of_scope_lexical_inventory		INFERRED exact-path scope; source not read
787	"lexical hit not semantically classified: .timeout(""180s"")"	specs/.history/modular-fuzzing-epic/ticket-008-MF-015/ticket/results/testgraph-specWorkflow/cleanup-failure-probe-test-graph/sources/spec_workflow_failure_cleanup_probe.py:23	out-of-scope	ticket_plan.yaml:648-658	none mapped	unrepresented	out_of_scope_lexical_inventory		INFERRED exact-path scope; source not read
788	"lexical hit not semantically classified: .timeout(""30s"")"	specs/.history/modular-fuzzing-epic/ticket-008-MF-015/ticket/results/testgraph-specWorkflow/cleanup-failure-probe-test-graph/sources/spec_workflow_force_failure.py:20	out-of-scope	ticket_plan.yaml:648-658	none mapped	unrepresented	out_of_scope_lexical_inventory		INFERRED exact-path scope; source not read
789	"lexical hit not semantically classified: .timeout(""60s"")"	specs/.history/modular-fuzzing-epic/ticket-008-MF-015/ticket/results/testgraph-specWorkflow/cleanup-failure-probe-test-graph/sources/spec_workflow_spec_units.py:20	out-of-scope	ticket_plan.yaml:648-658	none mapped	unrepresented	out_of_scope_lexical_inventory		INFERRED exact-path scope; source not read
790	"lexical hit not semantically classified: .timeout(""60s"")"	specs/.history/modular-fuzzing-epic/ticket-008-MF-015/ticket/results/testgraph-specWorkflow/cleanup-failure-probe-test-graph/sources/spec_workflow_start_ticket.py:19	out-of-scope	ticket_plan.yaml:648-658	none mapped	unrepresented	out_of_scope_lexical_inventory		INFERRED exact-path scope; source not read
791	"lexical hit not semantically classified: .timeout(""60s"")"	specs/.history/modular-fuzzing-epic/ticket-008-MF-015/ticket/results/testgraph-specWorkflow/cleanup-failure-probe-test-graph/sources/tla_spec_dev_cli_help.py:20	out-of-scope	ticket_plan.yaml:648-658	none mapped	unrepresented	out_of_scope_lexical_inventory		INFERRED exact-path scope; source not read
792	"lexical hit not semantically classified: .timeout(""60s"")"	specs/.history/modular-fuzzing-epic/ticket-008-MF-015/ticket/results/testgraph-specWorkflow/cleanup-failure-probe-test-graph/sources/tla_spec_dev_cli_install.py:20	out-of-scope	ticket_plan.yaml:648-658	none mapped	unrepresented	out_of_scope_lexical_inventory		INFERRED exact-path scope; source not read
793	lexical hit not semantically classified: exactly the timeout this command exists to prevent.	specs/.history/modular-fuzzing-epic/ticket-009-MF-017/snapshots/current/production_adapters.py:722	out-of-scope	ticket_plan.yaml:648-658	none mapped	unrepresented	out_of_scope_lexical_inventory		INFERRED exact-path scope; source not read
794	lexical hit not semantically classified: timeout=180,	specs/.history/modular-fuzzing-epic/ticket-009-MF-017/snapshots/current/production_adapters.py:761	out-of-scope	ticket_plan.yaml:648-658	none mapped	unrepresented	out_of_scope_lexical_inventory		INFERRED exact-path scope; source not read
795	lexical hit not semantically classified: exactly the timeout this command exists to prevent.	specs/.history/modular-fuzzing-epic/ticket-009-MF-017/ticket/current/production_adapters.py:722	out-of-scope	ticket_plan.yaml:648-658	none mapped	unrepresented	out_of_scope_lexical_inventory		INFERRED exact-path scope; source not read
796	lexical hit not semantically classified: timeout=180,	specs/.history/modular-fuzzing-epic/ticket-009-MF-017/ticket/current/production_adapters.py:761	out-of-scope	ticket_plan.yaml:648-658	none mapped	unrepresented	out_of_scope_lexical_inventory		INFERRED exact-path scope; source not read
797	lexical hit not semantically classified: exactly the timeout this command exists to prevent.	specs/.history/modular-fuzzing-epic/ticket-009-MF-017/ticket/desired/production_adapters.py:722	out-of-scope	ticket_plan.yaml:648-658	none mapped	unrepresented	out_of_scope_lexical_inventory		INFERRED exact-path scope; source not read
798	lexical hit not semantically classified: timeout=180,	specs/.history/modular-fuzzing-epic/ticket-009-MF-017/ticket/desired/production_adapters.py:761	out-of-scope	ticket_plan.yaml:648-658	none mapped	unrepresented	out_of_scope_lexical_inventory		INFERRED exact-path scope; source not read
799	lexical hit not semantically classified: *     dependsOn/tags/timeout/etc on top of what the script self-declared).	specs/.history/modular-fuzzing-epic/ticket-009-MF-017/ticket/results/graph-reports/specWorkflow-20260718-213733-cd7fff06/cleanup-failure-probe-test-graph/build-logic/src/main/kotlin/com/hayden/testgraphsdk/GraphAssembler.kt:9	out-of-scope	ticket_plan.yaml:648-658	none mapped	unrepresented	out_of_scope_lexical_inventory		INFERRED exact-path scope; source not read
800	"lexical hit not semantically classified: timeout = MiniJson.str(root[""timeout""]) ?: ""60s"","	specs/.history/modular-fuzzing-epic/ticket-009-MF-017/ticket/results/graph-reports/specWorkflow-20260718-213733-cd7fff06/cleanup-failure-probe-test-graph/build-logic/src/main/kotlin/com/hayden/testgraphsdk/NodeDescribeLoader.kt:87	out-of-scope	ticket_plan.yaml:648-658	none mapped	unrepresented	out_of_scope_lexical_inventory		INFERRED exact-path scope; source not read
801	lexical hit not semantically classified: *   - Scalars (timeout, cacheable) — OVERRIDE if set here; otherwise keep script's.	specs/.history/modular-fuzzing-epic/ticket-009-MF-017/ticket/results/graph-reports/specWorkflow-20260718-213733-cd7fff06/cleanup-failure-probe-test-graph/build-logic/src/main/kotlin/com/hayden/testgraphsdk/TestGraphSpec.kt:13	out-of-scope	ticket_plan.yaml:648-658	none mapped	unrepresented	out_of_scope_lexical_inventory		INFERRED exact-path scope; source not read
802	lexical hit not semantically classified: fun timeout(v: String): NodeOverlay { timeoutOverride = v; return this }	specs/.history/modular-fuzzing-epic/ticket-009-MF-017/ticket/results/graph-reports/specWorkflow-20260718-213733-cd7fff06/cleanup-failure-probe-test-graph/build-logic/src/main/kotlin/com/hayden/testgraphsdk/TestGraphSpec.kt:30	out-of-scope	ticket_plan.yaml:648-658	none mapped	unrepresented	out_of_scope_lexical_inventory		INFERRED exact-path scope; source not read
803	lexical hit not semantically classified: timeout = timeoutOverride ?: spec.timeout,	specs/.history/modular-fuzzing-epic/ticket-009-MF-017/ticket/results/graph-reports/specWorkflow-20260718-213733-cd7fff06/cleanup-failure-probe-test-graph/build-logic/src/main/kotlin/com/hayden/testgraphsdk/TestGraphSpec.kt:39	out-of-scope	ticket_plan.yaml:648-658	none mapped	unrepresented	out_of_scope_lexical_inventory		INFERRED exact-path scope; source not read
804	lexical hit not semantically classified: *    deps/tags/timeout on top of what the script self-declares)	specs/.history/modular-fuzzing-epic/ticket-009-MF-017/ticket/results/graph-reports/specWorkflow-20260718-213733-cd7fff06/cleanup-failure-probe-test-graph/build-logic/src/main/kotlin/com/hayden/testgraphsdk/TestGraphSpec.kt:51	out-of-scope	ticket_plan.yaml:648-658	none mapped	unrepresented	out_of_scope_lexical_inventory		INFERRED exact-path scope; source not read
805	lexical hit not semantically classified: * `.dependsOn(...)`, `.tags(...)`, `.timeout(...)`, etc. on.	specs/.history/modular-fuzzing-epic/ticket-009-MF-017/ticket/results/graph-reports/specWorkflow-20260718-213733-cd7fff06/cleanup-failure-probe-test-graph/build-logic/src/main/kotlin/com/hayden/testgraphsdk/TestGraphSpec.kt:65	out-of-scope	ticket_plan.yaml:648-658	none mapped	unrepresented	out_of_scope_lexical_inventory		INFERRED exact-path scope; source not read
806	"lexical hit not semantically classified: val timeout: String = ""60s"","	specs/.history/modular-fuzzing-epic/ticket-009-MF-017/ticket/results/graph-reports/specWorkflow-20260718-213733-cd7fff06/cleanup-failure-probe-test-graph/build-logic/src/main/kotlin/com/hayden/testgraphsdk/ValidationNodeSpec.kt:16	out-of-scope	ticket_plan.yaml:648-658	none mapped	unrepresented	out_of_scope_lexical_inventory		INFERRED exact-path scope; source not read
807	"lexical hit not semantically classified: * exceeds its [timeout]. Default 0 means ""fail fast on first timeout""."	specs/.history/modular-fuzzing-epic/ticket-009-MF-017/ticket/results/graph-reports/specWorkflow-20260718-213733-cd7fff06/cleanup-failure-probe-test-graph/build-logic/src/main/kotlin/com/hayden/testgraphsdk/ValidationNodeSpec.kt:19	out-of-scope	ticket_plan.yaml:648-658	none mapped	unrepresented	out_of_scope_lexical_inventory		INFERRED exact-path scope; source not read
808	lexical hit not semantically classified: * Retries trigger ONLY on a timeout outcome — a body-returned	specs/.history/modular-fuzzing-epic/ticket-009-MF-017/ticket/results/graph-reports/specWorkflow-20260718-213733-cd7fff06/cleanup-failure-probe-test-graph/build-logic/src/main/kotlin/com/hayden/testgraphsdk/ValidationNodeSpec.kt:20	out-of-scope	ticket_plan.yaml:648-658	none mapped	unrepresented	out_of_scope_lexical_inventory		INFERRED exact-path scope; source not read
809	lexical hit not semantically classified: * timeout [retries], which are automatic executor attempts.	specs/.history/modular-fuzzing-epic/ticket-009-MF-017/ticket/results/graph-reports/specWorkflow-20260718-213733-cd7fff06/cleanup-failure-probe-test-graph/build-logic/src/main/kotlin/com/hayden/testgraphsdk/ValidationNodeSpec.kt:29	out-of-scope	ticket_plan.yaml:648-658	none mapped	unrepresented	out_of_scope_lexical_inventory		INFERRED exact-path scope; source not read
810	lexical hit not semantically classified: * [ValidationNodeSpec.timeout] by `PlanExecutor`. Executors enforce	specs/.history/modular-fuzzing-epic/ticket-009-MF-017/ticket/results/graph-reports/specWorkflow-20260718-213733-cd7fff06/cleanup-failure-probe-test-graph/build-logic/src/main/kotlin/com/hayden/testgraphsdk/exec/Executors.kt:41	out-of-scope	ticket_plan.yaml:648-658	none mapped	unrepresented	out_of_scope_lexical_inventory		INFERRED exact-path scope; source not read
811	lexical hit not semantically classified: * timeout is.	specs/.history/modular-fuzzing-epic/ticket-009-MF-017/ticket/results/graph-reports/specWorkflow-20260718-213733-cd7fff06/cleanup-failure-probe-test-graph/build-logic/src/main/kotlin/com/hayden/testgraphsdk/exec/Executors.kt:54	out-of-scope	ticket_plan.yaml:648-658	none mapped	unrepresented	out_of_scope_lexical_inventory		INFERRED exact-path scope; source not read
812	lexical hit not semantically classified: * by every concrete [ValidationExecutor] so the timeout-enforcement	specs/.history/modular-fuzzing-epic/ticket-009-MF-017/ticket/results/graph-reports/specWorkflow-20260718-213733-cd7fff06/cleanup-failure-probe-test-graph/build-logic/src/main/kotlin/com/hayden/testgraphsdk/exec/Executors.kt:91	out-of-scope	ticket_plan.yaml:648-658	none mapped	unrepresented	out_of_scope_lexical_inventory		INFERRED exact-path scope; source not read
813	lexical hit not semantically classified: val timeoutMillis = TimeoutParser.parseMillis(spec.timeout)	specs/.history/modular-fuzzing-epic/ticket-009-MF-017/ticket/results/graph-reports/specWorkflow-20260718-213733-cd7fff06/cleanup-failure-probe-test-graph/build-logic/src/main/kotlin/com/hayden/testgraphsdk/exec/PlanExecutor.kt:134	out-of-scope	ticket_plan.yaml:648-658	none mapped	unrepresented	out_of_scope_lexical_inventory		INFERRED exact-path scope; source not read
814	"lexical hit not semantically classified: ""    retry ${attempt - 1}/${spec.retries} after timeout — "" +"	specs/.history/modular-fuzzing-epic/ticket-009-MF-017/ticket/results/graph-reports/specWorkflow-20260718-213733-cd7fff06/cleanup-failure-probe-test-graph/build-logic/src/main/kotlin/com/hayden/testgraphsdk/exec/PlanExecutor.kt:143	out-of-scope	ticket_plan.yaml:648-658	none mapped	unrepresented	out_of_scope_lexical_inventory		INFERRED exact-path scope; source not read
815	"lexical hit not semantically classified: ""previous attempt exceeded ${spec.timeout}"""	specs/.history/modular-fuzzing-epic/ticket-009-MF-017/ticket/results/graph-reports/specWorkflow-20260718-213733-cd7fff06/cleanup-failure-probe-test-graph/build-logic/src/main/kotlin/com/hayden/testgraphsdk/exec/PlanExecutor.kt:144	out-of-scope	ticket_plan.yaml:648-658	none mapped	unrepresented	out_of_scope_lexical_inventory		INFERRED exact-path scope; source not read
816	"lexical hit not semantically classified: *   0. executor reported a timeout → synthesize an ""errored"""	specs/.history/modular-fuzzing-epic/ticket-009-MF-017/ticket/results/graph-reports/specWorkflow-20260718-213733-cd7fff06/cleanup-failure-probe-test-graph/build-logic/src/main/kotlin/com/hayden/testgraphsdk/exec/PlanExecutor.kt:308	out-of-scope	ticket_plan.yaml:648-658	none mapped	unrepresented	out_of_scope_lexical_inventory		INFERRED exact-path scope; source not read
817	"lexical hit not semantically classified: ""node timed out after ${spec.timeout}$attemptsClause; "" +"	specs/.history/modular-fuzzing-epic/ticket-009-MF-017/ticket/results/graph-reports/specWorkflow-20260718-213733-cd7fff06/cleanup-failure-probe-test-graph/build-logic/src/main/kotlin/com/hayden/testgraphsdk/exec/PlanExecutor.kt:341	out-of-scope	ticket_plan.yaml:648-658	none mapped	unrepresented	out_of_scope_lexical_inventory		INFERRED exact-path scope; source not read
818	lexical hit not semantically classified: * Parses the `NodeSpec.timeout(...)` string into milliseconds.	specs/.history/modular-fuzzing-epic/ticket-009-MF-017/ticket/results/graph-reports/specWorkflow-20260718-213733-cd7fff06/cleanup-failure-probe-test-graph/build-logic/src/main/kotlin/com/hayden/testgraphsdk/exec/TimeoutParser.kt:4	out-of-scope	ticket_plan.yaml:648-658	none mapped	unrepresented	out_of_scope_lexical_inventory		INFERRED exact-path scope; source not read
819	"lexical hit not semantically classified: private String timeout = ""60s"";"	specs/.history/modular-fuzzing-epic/ticket-009-MF-017/ticket/results/graph-reports/specWorkflow-20260718-213733-cd7fff06/cleanup-failure-probe-test-graph/sdk/java/src/main/java/com/hayden/testgraphsdk/sdk/NodeSpec.java:30	out-of-scope	ticket_plan.yaml:648-658	none mapped	unrepresented	out_of_scope_lexical_inventory		INFERRED exact-path scope; source not read
820	lexical hit not semantically classified: public NodeSpec timeout(String v)                { this.timeout = v; return this; }	specs/.history/modular-fuzzing-epic/ticket-009-MF-017/ticket/results/graph-reports/specWorkflow-20260718-213733-cd7fff06/cleanup-failure-probe-test-graph/sdk/java/src/main/java/com/hayden/testgraphsdk/sdk/NodeSpec.java:48	out-of-scope	ticket_plan.yaml:648-658	none mapped	unrepresented	out_of_scope_lexical_inventory		INFERRED exact-path scope; source not read
821	lexical hit not semantically classified: * spawned node-process exceeds {@link #timeout(String)}. Default 0 —	specs/.history/modular-fuzzing-epic/ticket-009-MF-017/ticket/results/graph-reports/specWorkflow-20260718-213733-cd7fff06/cleanup-failure-probe-test-graph/sdk/java/src/main/java/com/hayden/testgraphsdk/sdk/NodeSpec.java:51	out-of-scope	ticket_plan.yaml:648-658	none mapped	unrepresented	out_of_scope_lexical_inventory		INFERRED exact-path scope; source not read
822	lexical hit not semantically classified: * fail fast on the first timeout. Anything {@code > 0} only kicks in	specs/.history/modular-fuzzing-epic/ticket-009-MF-017/ticket/results/graph-reports/specWorkflow-20260718-213733-cd7fff06/cleanup-failure-probe-test-graph/sdk/java/src/main/java/com/hayden/testgraphsdk/sdk/NodeSpec.java:52	out-of-scope	ticket_plan.yaml:648-658	none mapped	unrepresented	out_of_scope_lexical_inventory		INFERRED exact-path scope; source not read
823	lexical hit not semantically classified: * <p>Retries trigger only on a timeout outcome from the executor;	specs/.history/modular-fuzzing-epic/ticket-009-MF-017/ticket/results/graph-reports/specWorkflow-20260718-213733-cd7fff06/cleanup-failure-probe-test-graph/sdk/java/src/main/java/com/hayden/testgraphsdk/sdk/NodeSpec.java:57	out-of-scope	ticket_plan.yaml:648-658	none mapped	unrepresented	out_of_scope_lexical_inventory		INFERRED exact-path scope; source not read
824	lexical hit not semantically classified: * non-timeout exit code) is final on the first attempt.	specs/.history/modular-fuzzing-epic/ticket-009-MF-017/ticket/results/graph-reports/specWorkflow-20260718-213733-cd7fff06/cleanup-failure-probe-test-graph/sdk/java/src/main/java/com/hayden/testgraphsdk/sdk/NodeSpec.java:59	out-of-scope	ticket_plan.yaml:648-658	none mapped	unrepresented	out_of_scope_lexical_inventory		INFERRED exact-path scope; source not read
825	"lexical hit not semantically classified: out.put(""timeout"", timeout);"	specs/.history/modular-fuzzing-epic/ticket-009-MF-017/ticket/results/graph-reports/specWorkflow-20260718-213733-cd7fff06/cleanup-failure-probe-test-graph/sdk/java/src/main/java/com/hayden/testgraphsdk/sdk/NodeSpec.java:101	out-of-scope	ticket_plan.yaml:648-658	none mapped	unrepresented	out_of_scope_lexical_inventory		INFERRED exact-path scope; source not read
826	"lexical hit not semantically classified: def timeout(self, v: str) -> ""NodeSpec"":"	specs/.history/modular-fuzzing-epic/ticket-009-MF-017/ticket/results/graph-reports/specWorkflow-20260718-213733-cd7fff06/cleanup-failure-probe-test-graph/sdk/python/src/testgraphsdk/node_spec.py:48	out-of-scope	ticket_plan.yaml:648-658	none mapped	unrepresented	out_of_scope_lexical_inventory		INFERRED exact-path scope; source not read
827	"lexical hit not semantically classified: """"""Extra attempts the executor makes on a timeout outcome."	specs/.history/modular-fuzzing-epic/ticket-009-MF-017/ticket/results/graph-reports/specWorkflow-20260718-213733-cd7fff06/cleanup-failure-probe-test-graph/sdk/python/src/testgraphsdk/node_spec.py:53	out-of-scope	ticket_plan.yaml:648-658	none mapped	unrepresented	out_of_scope_lexical_inventory		INFERRED exact-path scope; source not read
828	lexical hit not semantically classified: Default 0 — fail fast on the first timeout. Only set ``> 0`` for	specs/.history/modular-fuzzing-epic/ticket-009-MF-017/ticket/results/graph-reports/specWorkflow-20260718-213733-cd7fff06/cleanup-failure-probe-test-graph/sdk/python/src/testgraphsdk/node_spec.py:55	out-of-scope	ticket_plan.yaml:648-658	none mapped	unrepresented	out_of_scope_lexical_inventory		INFERRED exact-path scope; source not read
829	lexical hit not semantically classified: orphaned state on retry. Triggers only on timeout, never on a	specs/.history/modular-fuzzing-epic/ticket-009-MF-017/ticket/results/graph-reports/specWorkflow-20260718-213733-cd7fff06/cleanup-failure-probe-test-graph/sdk/python/src/testgraphsdk/node_spec.py:58	out-of-scope	ticket_plan.yaml:648-658	none mapped	unrepresented	out_of_scope_lexical_inventory		INFERRED exact-path scope; source not read
830	"lexical hit not semantically classified: ""timeout"": self._timeout,"	specs/.history/modular-fuzzing-epic/ticket-009-MF-017/ticket/results/graph-reports/specWorkflow-20260718-213733-cd7fff06/cleanup-failure-probe-test-graph/sdk/python/src/testgraphsdk/node_spec.py:110	out-of-scope	ticket_plan.yaml:648-658	none mapped	unrepresented	out_of_scope_lexical_inventory		INFERRED exact-path scope; source not read
831	"lexical hit not semantically classified: .timeout(""30s"")"	specs/.history/modular-fuzzing-epic/ticket-009-MF-017/ticket/results/graph-reports/specWorkflow-20260718-213733-cd7fff06/cleanup-failure-probe-test-graph/sources/spec_workflow_cleanup.py:21	out-of-scope	ticket_plan.yaml:648-658	none mapped	unrepresented	out_of_scope_lexical_inventory		INFERRED exact-path scope; source not read
832	"lexical hit not semantically classified: .timeout(""60s"")"	specs/.history/modular-fuzzing-epic/ticket-009-MF-017/ticket/results/graph-reports/specWorkflow-20260718-213733-cd7fff06/cleanup-failure-probe-test-graph/sources/spec_workflow_close_ticket.py:23	out-of-scope	ticket_plan.yaml:648-658	none mapped	unrepresented	out_of_scope_lexical_inventory		INFERRED exact-path scope; source not read
833	"lexical hit not semantically classified: .timeout(""60s"")"	specs/.history/modular-fuzzing-epic/ticket-009-MF-017/ticket/results/graph-reports/specWorkflow-20260718-213733-cd7fff06/cleanup-failure-probe-test-graph/sources/spec_workflow_complete_ticket.py:20	out-of-scope	ticket_plan.yaml:648-658	none mapped	unrepresented	out_of_scope_lexical_inventory		INFERRED exact-path scope; source not read
834	"lexical hit not semantically classified: .timeout(""60s"")"	specs/.history/modular-fuzzing-epic/ticket-009-MF-017/ticket/results/graph-reports/specWorkflow-20260718-213733-cd7fff06/cleanup-failure-probe-test-graph/sources/spec_workflow_create_repo.py:21	out-of-scope	ticket_plan.yaml:648-658	none mapped	unrepresented	out_of_scope_lexical_inventory		INFERRED exact-path scope; source not read
835	"lexical hit not semantically classified: .timeout(""180s"")"	specs/.history/modular-fuzzing-epic/ticket-009-MF-017/ticket/results/graph-reports/specWorkflow-20260718-213733-cd7fff06/cleanup-failure-probe-test-graph/sources/spec_workflow_failure_cleanup_probe.py:23	out-of-scope	ticket_plan.yaml:648-658	none mapped	unrepresented	out_of_scope_lexical_inventory		INFERRED exact-path scope; source not read
836	"lexical hit not semantically classified: .timeout(""30s"")"	specs/.history/modular-fuzzing-epic/ticket-009-MF-017/ticket/results/graph-reports/specWorkflow-20260718-213733-cd7fff06/cleanup-failure-probe-test-graph/sources/spec_workflow_force_failure.py:20	out-of-scope	ticket_plan.yaml:648-658	none mapped	unrepresented	out_of_scope_lexical_inventory		INFERRED exact-path scope; source not read
837	"lexical hit not semantically classified: .timeout(""60s"")"	specs/.history/modular-fuzzing-epic/ticket-009-MF-017/ticket/results/graph-reports/specWorkflow-20260718-213733-cd7fff06/cleanup-failure-probe-test-graph/sources/spec_workflow_spec_units.py:20	out-of-scope	ticket_plan.yaml:648-658	none mapped	unrepresented	out_of_scope_lexical_inventory		INFERRED exact-path scope; source not read
838	"lexical hit not semantically classified: .timeout(""60s"")"	specs/.history/modular-fuzzing-epic/ticket-009-MF-017/ticket/results/graph-reports/specWorkflow-20260718-213733-cd7fff06/cleanup-failure-probe-test-graph/sources/spec_workflow_start_ticket.py:19	out-of-scope	ticket_plan.yaml:648-658	none mapped	unrepresented	out_of_scope_lexical_inventory		INFERRED exact-path scope; source not read
839	"lexical hit not semantically classified: .timeout(""60s"")"	specs/.history/modular-fuzzing-epic/ticket-009-MF-017/ticket/results/graph-reports/specWorkflow-20260718-213733-cd7fff06/cleanup-failure-probe-test-graph/sources/tla_spec_dev_cli_help.py:20	out-of-scope	ticket_plan.yaml:648-658	none mapped	unrepresented	out_of_scope_lexical_inventory		INFERRED exact-path scope; source not read
840	"lexical hit not semantically classified: .timeout(""60s"")"	specs/.history/modular-fuzzing-epic/ticket-009-MF-017/ticket/results/graph-reports/specWorkflow-20260718-213733-cd7fff06/cleanup-failure-probe-test-graph/sources/tla_spec_dev_cli_install.py:20	out-of-scope	ticket_plan.yaml:648-658	none mapped	unrepresented	out_of_scope_lexical_inventory		INFERRED exact-path scope; source not read
841	lexical hit not semantically classified: exactly the timeout this command exists to prevent.	specs/.history/modular-fuzzing-epic/ticket-009-MF-027/snapshots/current/production_adapters.py:723	out-of-scope	ticket_plan.yaml:648-658	none mapped	unrepresented	out_of_scope_lexical_inventory		INFERRED exact-path scope; source not read
842	lexical hit not semantically classified: timeout=180,	specs/.history/modular-fuzzing-epic/ticket-009-MF-027/snapshots/current/production_adapters.py:762	out-of-scope	ticket_plan.yaml:648-658	none mapped	unrepresented	out_of_scope_lexical_inventory		INFERRED exact-path scope; source not read
843	lexical hit not semantically classified: cwd=target_repo, text=True, capture_output=True, check=False, timeout=180,	specs/.history/modular-fuzzing-epic/ticket-009-MF-027/snapshots/current/production_adapters.py:909	out-of-scope	ticket_plan.yaml:648-658	none mapped	unrepresented	out_of_scope_lexical_inventory		INFERRED exact-path scope; source not read
844	lexical hit not semantically classified: cwd=target_repo, text=True, capture_output=True, check=False, timeout=180,	specs/.history/modular-fuzzing-epic/ticket-009-MF-027/snapshots/current/production_adapters.py:1030	out-of-scope	ticket_plan.yaml:648-658	none mapped	unrepresented	out_of_scope_lexical_inventory		INFERRED exact-path scope; source not read
845	lexical hit not semantically classified: exactly the timeout this command exists to prevent.	specs/.history/modular-fuzzing-epic/ticket-009-MF-027/ticket/current/production_adapters.py:723	out-of-scope	ticket_plan.yaml:648-658	none mapped	unrepresented	out_of_scope_lexical_inventory		INFERRED exact-path scope; source not read
846	lexical hit not semantically classified: timeout=180,	specs/.history/modular-fuzzing-epic/ticket-009-MF-027/ticket/current/production_adapters.py:762	out-of-scope	ticket_plan.yaml:648-658	none mapped	unrepresented	out_of_scope_lexical_inventory		INFERRED exact-path scope; source not read
847	lexical hit not semantically classified: cwd=target_repo, text=True, capture_output=True, check=False, timeout=180,	specs/.history/modular-fuzzing-epic/ticket-009-MF-027/ticket/current/production_adapters.py:909	out-of-scope	ticket_plan.yaml:648-658	none mapped	unrepresented	out_of_scope_lexical_inventory		INFERRED exact-path scope; source not read
848	lexical hit not semantically classified: cwd=target_repo, text=True, capture_output=True, check=False, timeout=180,	specs/.history/modular-fuzzing-epic/ticket-009-MF-027/ticket/current/production_adapters.py:1030	out-of-scope	ticket_plan.yaml:648-658	none mapped	unrepresented	out_of_scope_lexical_inventory		INFERRED exact-path scope; source not read
849	lexical hit not semantically classified: exactly the timeout this command exists to prevent.	specs/.history/modular-fuzzing-epic/ticket-009-MF-027/ticket/desired/production_adapters.py:723	out-of-scope	ticket_plan.yaml:648-658	none mapped	unrepresented	out_of_scope_lexical_inventory		INFERRED exact-path scope; source not read
850	lexical hit not semantically classified: timeout=180,	specs/.history/modular-fuzzing-epic/ticket-009-MF-027/ticket/desired/production_adapters.py:762	out-of-scope	ticket_plan.yaml:648-658	none mapped	unrepresented	out_of_scope_lexical_inventory		INFERRED exact-path scope; source not read
851	lexical hit not semantically classified: cwd=target_repo, text=True, capture_output=True, check=False, timeout=180,	specs/.history/modular-fuzzing-epic/ticket-009-MF-027/ticket/desired/production_adapters.py:909	out-of-scope	ticket_plan.yaml:648-658	none mapped	unrepresented	out_of_scope_lexical_inventory		INFERRED exact-path scope; source not read
852	lexical hit not semantically classified: cwd=target_repo, text=True, capture_output=True, check=False, timeout=180,	specs/.history/modular-fuzzing-epic/ticket-009-MF-027/ticket/desired/production_adapters.py:1030	out-of-scope	ticket_plan.yaml:648-658	none mapped	unrepresented	out_of_scope_lexical_inventory		INFERRED exact-path scope; source not read
853	lexical hit not semantically classified: *     dependsOn/tags/timeout/etc on top of what the script self-declared).	specs/.history/modular-fuzzing-epic/ticket-009-MF-027/ticket/results/graph-reports/specWorkflow-20260719-194428-2cebfb33/cleanup-failure-probe-test-graph/build-logic/src/main/kotlin/com/hayden/testgraphsdk/GraphAssembler.kt:9	out-of-scope	ticket_plan.yaml:648-658	none mapped	unrepresented	out_of_scope_lexical_inventory		INFERRED exact-path scope; source not read
854	"lexical hit not semantically classified: timeout = MiniJson.str(root[""timeout""]) ?: ""60s"","	specs/.history/modular-fuzzing-epic/ticket-009-MF-027/ticket/results/graph-reports/specWorkflow-20260719-194428-2cebfb33/cleanup-failure-probe-test-graph/build-logic/src/main/kotlin/com/hayden/testgraphsdk/NodeDescribeLoader.kt:87	out-of-scope	ticket_plan.yaml:648-658	none mapped	unrepresented	out_of_scope_lexical_inventory		INFERRED exact-path scope; source not read
855	lexical hit not semantically classified: *   - Scalars (timeout, cacheable) — OVERRIDE if set here; otherwise keep script's.	specs/.history/modular-fuzzing-epic/ticket-009-MF-027/ticket/results/graph-reports/specWorkflow-20260719-194428-2cebfb33/cleanup-failure-probe-test-graph/build-logic/src/main/kotlin/com/hayden/testgraphsdk/TestGraphSpec.kt:13	out-of-scope	ticket_plan.yaml:648-658	none mapped	unrepresented	out_of_scope_lexical_inventory		INFERRED exact-path scope; source not read
856	lexical hit not semantically classified: fun timeout(v: String): NodeOverlay { timeoutOverride = v; return this }	specs/.history/modular-fuzzing-epic/ticket-009-MF-027/ticket/results/graph-reports/specWorkflow-20260719-194428-2cebfb33/cleanup-failure-probe-test-graph/build-logic/src/main/kotlin/com/hayden/testgraphsdk/TestGraphSpec.kt:30	out-of-scope	ticket_plan.yaml:648-658	none mapped	unrepresented	out_of_scope_lexical_inventory		INFERRED exact-path scope; source not read
857	lexical hit not semantically classified: timeout = timeoutOverride ?: spec.timeout,	specs/.history/modular-fuzzing-epic/ticket-009-MF-027/ticket/results/graph-reports/specWorkflow-20260719-194428-2cebfb33/cleanup-failure-probe-test-graph/build-logic/src/main/kotlin/com/hayden/testgraphsdk/TestGraphSpec.kt:39	out-of-scope	ticket_plan.yaml:648-658	none mapped	unrepresented	out_of_scope_lexical_inventory		INFERRED exact-path scope; source not read
858	lexical hit not semantically classified: *    deps/tags/timeout on top of what the script self-declares)	specs/.history/modular-fuzzing-epic/ticket-009-MF-027/ticket/results/graph-reports/specWorkflow-20260719-194428-2cebfb33/cleanup-failure-probe-test-graph/build-logic/src/main/kotlin/com/hayden/testgraphsdk/TestGraphSpec.kt:51	out-of-scope	ticket_plan.yaml:648-658	none mapped	unrepresented	out_of_scope_lexical_inventory		INFERRED exact-path scope; source not read
859	lexical hit not semantically classified: * `.dependsOn(...)`, `.tags(...)`, `.timeout(...)`, etc. on.	specs/.history/modular-fuzzing-epic/ticket-009-MF-027/ticket/results/graph-reports/specWorkflow-20260719-194428-2cebfb33/cleanup-failure-probe-test-graph/build-logic/src/main/kotlin/com/hayden/testgraphsdk/TestGraphSpec.kt:65	out-of-scope	ticket_plan.yaml:648-658	none mapped	unrepresented	out_of_scope_lexical_inventory		INFERRED exact-path scope; source not read
860	"lexical hit not semantically classified: val timeout: String = ""60s"","	specs/.history/modular-fuzzing-epic/ticket-009-MF-027/ticket/results/graph-reports/specWorkflow-20260719-194428-2cebfb33/cleanup-failure-probe-test-graph/build-logic/src/main/kotlin/com/hayden/testgraphsdk/ValidationNodeSpec.kt:16	out-of-scope	ticket_plan.yaml:648-658	none mapped	unrepresented	out_of_scope_lexical_inventory		INFERRED exact-path scope; source not read
861	"lexical hit not semantically classified: * exceeds its [timeout]. Default 0 means ""fail fast on first timeout""."	specs/.history/modular-fuzzing-epic/ticket-009-MF-027/ticket/results/graph-reports/specWorkflow-20260719-194428-2cebfb33/cleanup-failure-probe-test-graph/build-logic/src/main/kotlin/com/hayden/testgraphsdk/ValidationNodeSpec.kt:19	out-of-scope	ticket_plan.yaml:648-658	none mapped	unrepresented	out_of_scope_lexical_inventory		INFERRED exact-path scope; source not read
862	lexical hit not semantically classified: * Retries trigger ONLY on a timeout outcome — a body-returned	specs/.history/modular-fuzzing-epic/ticket-009-MF-027/ticket/results/graph-reports/specWorkflow-20260719-194428-2cebfb33/cleanup-failure-probe-test-graph/build-logic/src/main/kotlin/com/hayden/testgraphsdk/ValidationNodeSpec.kt:20	out-of-scope	ticket_plan.yaml:648-658	none mapped	unrepresented	out_of_scope_lexical_inventory		INFERRED exact-path scope; source not read
863	lexical hit not semantically classified: * timeout [retries], which are automatic executor attempts.	specs/.history/modular-fuzzing-epic/ticket-009-MF-027/ticket/results/graph-reports/specWorkflow-20260719-194428-2cebfb33/cleanup-failure-probe-test-graph/build-logic/src/main/kotlin/com/hayden/testgraphsdk/ValidationNodeSpec.kt:29	out-of-scope	ticket_plan.yaml:648-658	none mapped	unrepresented	out_of_scope_lexical_inventory		INFERRED exact-path scope; source not read
864	lexical hit not semantically classified: * [ValidationNodeSpec.timeout] by `PlanExecutor`. Executors enforce	specs/.history/modular-fuzzing-epic/ticket-009-MF-027/ticket/results/graph-reports/specWorkflow-20260719-194428-2cebfb33/cleanup-failure-probe-test-graph/build-logic/src/main/kotlin/com/hayden/testgraphsdk/exec/Executors.kt:41	out-of-scope	ticket_plan.yaml:648-658	none mapped	unrepresented	out_of_scope_lexical_inventory		INFERRED exact-path scope; source not read
865	lexical hit not semantically classified: * timeout is.	specs/.history/modular-fuzzing-epic/ticket-009-MF-027/ticket/results/graph-reports/specWorkflow-20260719-194428-2cebfb33/cleanup-failure-probe-test-graph/build-logic/src/main/kotlin/com/hayden/testgraphsdk/exec/Executors.kt:54	out-of-scope	ticket_plan.yaml:648-658	none mapped	unrepresented	out_of_scope_lexical_inventory		INFERRED exact-path scope; source not read
866	lexical hit not semantically classified: * by every concrete [ValidationExecutor] so the timeout-enforcement	specs/.history/modular-fuzzing-epic/ticket-009-MF-027/ticket/results/graph-reports/specWorkflow-20260719-194428-2cebfb33/cleanup-failure-probe-test-graph/build-logic/src/main/kotlin/com/hayden/testgraphsdk/exec/Executors.kt:91	out-of-scope	ticket_plan.yaml:648-658	none mapped	unrepresented	out_of_scope_lexical_inventory		INFERRED exact-path scope; source not read
867	lexical hit not semantically classified: val timeoutMillis = TimeoutParser.parseMillis(spec.timeout)	specs/.history/modular-fuzzing-epic/ticket-009-MF-027/ticket/results/graph-reports/specWorkflow-20260719-194428-2cebfb33/cleanup-failure-probe-test-graph/build-logic/src/main/kotlin/com/hayden/testgraphsdk/exec/PlanExecutor.kt:134	out-of-scope	ticket_plan.yaml:648-658	none mapped	unrepresented	out_of_scope_lexical_inventory		INFERRED exact-path scope; source not read
868	"lexical hit not semantically classified: ""    retry ${attempt - 1}/${spec.retries} after timeout — "" +"	specs/.history/modular-fuzzing-epic/ticket-009-MF-027/ticket/results/graph-reports/specWorkflow-20260719-194428-2cebfb33/cleanup-failure-probe-test-graph/build-logic/src/main/kotlin/com/hayden/testgraphsdk/exec/PlanExecutor.kt:143	out-of-scope	ticket_plan.yaml:648-658	none mapped	unrepresented	out_of_scope_lexical_inventory		INFERRED exact-path scope; source not read
869	"lexical hit not semantically classified: ""previous attempt exceeded ${spec.timeout}"""	specs/.history/modular-fuzzing-epic/ticket-009-MF-027/ticket/results/graph-reports/specWorkflow-20260719-194428-2cebfb33/cleanup-failure-probe-test-graph/build-logic/src/main/kotlin/com/hayden/testgraphsdk/exec/PlanExecutor.kt:144	out-of-scope	ticket_plan.yaml:648-658	none mapped	unrepresented	out_of_scope_lexical_inventory		INFERRED exact-path scope; source not read
870	"lexical hit not semantically classified: *   0. executor reported a timeout → synthesize an ""errored"""	specs/.history/modular-fuzzing-epic/ticket-009-MF-027/ticket/results/graph-reports/specWorkflow-20260719-194428-2cebfb33/cleanup-failure-probe-test-graph/build-logic/src/main/kotlin/com/hayden/testgraphsdk/exec/PlanExecutor.kt:308	out-of-scope	ticket_plan.yaml:648-658	none mapped	unrepresented	out_of_scope_lexical_inventory		INFERRED exact-path scope; source not read
871	"lexical hit not semantically classified: ""node timed out after ${spec.timeout}$attemptsClause; "" +"	specs/.history/modular-fuzzing-epic/ticket-009-MF-027/ticket/results/graph-reports/specWorkflow-20260719-194428-2cebfb33/cleanup-failure-probe-test-graph/build-logic/src/main/kotlin/com/hayden/testgraphsdk/exec/PlanExecutor.kt:341	out-of-scope	ticket_plan.yaml:648-658	none mapped	unrepresented	out_of_scope_lexical_inventory		INFERRED exact-path scope; source not read
872	lexical hit not semantically classified: * Parses the `NodeSpec.timeout(...)` string into milliseconds.	specs/.history/modular-fuzzing-epic/ticket-009-MF-027/ticket/results/graph-reports/specWorkflow-20260719-194428-2cebfb33/cleanup-failure-probe-test-graph/build-logic/src/main/kotlin/com/hayden/testgraphsdk/exec/TimeoutParser.kt:4	out-of-scope	ticket_plan.yaml:648-658	none mapped	unrepresented	out_of_scope_lexical_inventory		INFERRED exact-path scope; source not read
873	"lexical hit not semantically classified: private String timeout = ""60s"";"	specs/.history/modular-fuzzing-epic/ticket-009-MF-027/ticket/results/graph-reports/specWorkflow-20260719-194428-2cebfb33/cleanup-failure-probe-test-graph/sdk/java/src/main/java/com/hayden/testgraphsdk/sdk/NodeSpec.java:30	out-of-scope	ticket_plan.yaml:648-658	none mapped	unrepresented	out_of_scope_lexical_inventory		INFERRED exact-path scope; source not read
874	lexical hit not semantically classified: public NodeSpec timeout(String v)                { this.timeout = v; return this; }	specs/.history/modular-fuzzing-epic/ticket-009-MF-027/ticket/results/graph-reports/specWorkflow-20260719-194428-2cebfb33/cleanup-failure-probe-test-graph/sdk/java/src/main/java/com/hayden/testgraphsdk/sdk/NodeSpec.java:48	out-of-scope	ticket_plan.yaml:648-658	none mapped	unrepresented	out_of_scope_lexical_inventory		INFERRED exact-path scope; source not read
875	lexical hit not semantically classified: * spawned node-process exceeds {@link #timeout(String)}. Default 0 —	specs/.history/modular-fuzzing-epic/ticket-009-MF-027/ticket/results/graph-reports/specWorkflow-20260719-194428-2cebfb33/cleanup-failure-probe-test-graph/sdk/java/src/main/java/com/hayden/testgraphsdk/sdk/NodeSpec.java:51	out-of-scope	ticket_plan.yaml:648-658	none mapped	unrepresented	out_of_scope_lexical_inventory		INFERRED exact-path scope; source not read
876	lexical hit not semantically classified: * fail fast on the first timeout. Anything {@code > 0} only kicks in	specs/.history/modular-fuzzing-epic/ticket-009-MF-027/ticket/results/graph-reports/specWorkflow-20260719-194428-2cebfb33/cleanup-failure-probe-test-graph/sdk/java/src/main/java/com/hayden/testgraphsdk/sdk/NodeSpec.java:52	out-of-scope	ticket_plan.yaml:648-658	none mapped	unrepresented	out_of_scope_lexical_inventory		INFERRED exact-path scope; source not read
877	lexical hit not semantically classified: * <p>Retries trigger only on a timeout outcome from the executor;	specs/.history/modular-fuzzing-epic/ticket-009-MF-027/ticket/results/graph-reports/specWorkflow-20260719-194428-2cebfb33/cleanup-failure-probe-test-graph/sdk/java/src/main/java/com/hayden/testgraphsdk/sdk/NodeSpec.java:57	out-of-scope	ticket_plan.yaml:648-658	none mapped	unrepresented	out_of_scope_lexical_inventory		INFERRED exact-path scope; source not read
878	lexical hit not semantically classified: * non-timeout exit code) is final on the first attempt.	specs/.history/modular-fuzzing-epic/ticket-009-MF-027/ticket/results/graph-reports/specWorkflow-20260719-194428-2cebfb33/cleanup-failure-probe-test-graph/sdk/java/src/main/java/com/hayden/testgraphsdk/sdk/NodeSpec.java:59	out-of-scope	ticket_plan.yaml:648-658	none mapped	unrepresented	out_of_scope_lexical_inventory		INFERRED exact-path scope; source not read
879	"lexical hit not semantically classified: out.put(""timeout"", timeout);"	specs/.history/modular-fuzzing-epic/ticket-009-MF-027/ticket/results/graph-reports/specWorkflow-20260719-194428-2cebfb33/cleanup-failure-probe-test-graph/sdk/java/src/main/java/com/hayden/testgraphsdk/sdk/NodeSpec.java:101	out-of-scope	ticket_plan.yaml:648-658	none mapped	unrepresented	out_of_scope_lexical_inventory		INFERRED exact-path scope; source not read
880	"lexical hit not semantically classified: def timeout(self, v: str) -> ""NodeSpec"":"	specs/.history/modular-fuzzing-epic/ticket-009-MF-027/ticket/results/graph-reports/specWorkflow-20260719-194428-2cebfb33/cleanup-failure-probe-test-graph/sdk/python/src/testgraphsdk/node_spec.py:48	out-of-scope	ticket_plan.yaml:648-658	none mapped	unrepresented	out_of_scope_lexical_inventory		INFERRED exact-path scope; source not read
881	"lexical hit not semantically classified: """"""Extra attempts the executor makes on a timeout outcome."	specs/.history/modular-fuzzing-epic/ticket-009-MF-027/ticket/results/graph-reports/specWorkflow-20260719-194428-2cebfb33/cleanup-failure-probe-test-graph/sdk/python/src/testgraphsdk/node_spec.py:53	out-of-scope	ticket_plan.yaml:648-658	none mapped	unrepresented	out_of_scope_lexical_inventory		INFERRED exact-path scope; source not read
882	lexical hit not semantically classified: Default 0 — fail fast on the first timeout. Only set ``> 0`` for	specs/.history/modular-fuzzing-epic/ticket-009-MF-027/ticket/results/graph-reports/specWorkflow-20260719-194428-2cebfb33/cleanup-failure-probe-test-graph/sdk/python/src/testgraphsdk/node_spec.py:55	out-of-scope	ticket_plan.yaml:648-658	none mapped	unrepresented	out_of_scope_lexical_inventory		INFERRED exact-path scope; source not read
883	lexical hit not semantically classified: orphaned state on retry. Triggers only on timeout, never on a	specs/.history/modular-fuzzing-epic/ticket-009-MF-027/ticket/results/graph-reports/specWorkflow-20260719-194428-2cebfb33/cleanup-failure-probe-test-graph/sdk/python/src/testgraphsdk/node_spec.py:58	out-of-scope	ticket_plan.yaml:648-658	none mapped	unrepresented	out_of_scope_lexical_inventory		INFERRED exact-path scope; source not read
884	"lexical hit not semantically classified: ""timeout"": self._timeout,"	specs/.history/modular-fuzzing-epic/ticket-009-MF-027/ticket/results/graph-reports/specWorkflow-20260719-194428-2cebfb33/cleanup-failure-probe-test-graph/sdk/python/src/testgraphsdk/node_spec.py:110	out-of-scope	ticket_plan.yaml:648-658	none mapped	unrepresented	out_of_scope_lexical_inventory		INFERRED exact-path scope; source not read
885	"lexical hit not semantically classified: .timeout(""30s"")"	specs/.history/modular-fuzzing-epic/ticket-009-MF-027/ticket/results/graph-reports/specWorkflow-20260719-194428-2cebfb33/cleanup-failure-probe-test-graph/sources/spec_workflow_cleanup.py:21	out-of-scope	ticket_plan.yaml:648-658	none mapped	unrepresented	out_of_scope_lexical_inventory		INFERRED exact-path scope; source not read
886	"lexical hit not semantically classified: .timeout(""60s"")"	specs/.history/modular-fuzzing-epic/ticket-009-MF-027/ticket/results/graph-reports/specWorkflow-20260719-194428-2cebfb33/cleanup-failure-probe-test-graph/sources/spec_workflow_close_ticket.py:23	out-of-scope	ticket_plan.yaml:648-658	none mapped	unrepresented	out_of_scope_lexical_inventory		INFERRED exact-path scope; source not read
887	"lexical hit not semantically classified: .timeout(""60s"")"	specs/.history/modular-fuzzing-epic/ticket-009-MF-027/ticket/results/graph-reports/specWorkflow-20260719-194428-2cebfb33/cleanup-failure-probe-test-graph/sources/spec_workflow_complete_ticket.py:20	out-of-scope	ticket_plan.yaml:648-658	none mapped	unrepresented	out_of_scope_lexical_inventory		INFERRED exact-path scope; source not read
888	"lexical hit not semantically classified: .timeout(""60s"")"	specs/.history/modular-fuzzing-epic/ticket-009-MF-027/ticket/results/graph-reports/specWorkflow-20260719-194428-2cebfb33/cleanup-failure-probe-test-graph/sources/spec_workflow_create_repo.py:21	out-of-scope	ticket_plan.yaml:648-658	none mapped	unrepresented	out_of_scope_lexical_inventory		INFERRED exact-path scope; source not read
889	"lexical hit not semantically classified: .timeout(""180s"")"	specs/.history/modular-fuzzing-epic/ticket-009-MF-027/ticket/results/graph-reports/specWorkflow-20260719-194428-2cebfb33/cleanup-failure-probe-test-graph/sources/spec_workflow_failure_cleanup_probe.py:23	out-of-scope	ticket_plan.yaml:648-658	none mapped	unrepresented	out_of_scope_lexical_inventory		INFERRED exact-path scope; source not read
890	"lexical hit not semantically classified: .timeout(""30s"")"	specs/.history/modular-fuzzing-epic/ticket-009-MF-027/ticket/results/graph-reports/specWorkflow-20260719-194428-2cebfb33/cleanup-failure-probe-test-graph/sources/spec_workflow_force_failure.py:20	out-of-scope	ticket_plan.yaml:648-658	none mapped	unrepresented	out_of_scope_lexical_inventory		INFERRED exact-path scope; source not read
891	"lexical hit not semantically classified: .timeout(""60s"")"	specs/.history/modular-fuzzing-epic/ticket-009-MF-027/ticket/results/graph-reports/specWorkflow-20260719-194428-2cebfb33/cleanup-failure-probe-test-graph/sources/spec_workflow_spec_units.py:20	out-of-scope	ticket_plan.yaml:648-658	none mapped	unrepresented	out_of_scope_lexical_inventory		INFERRED exact-path scope; source not read
892	"lexical hit not semantically classified: .timeout(""60s"")"	specs/.history/modular-fuzzing-epic/ticket-009-MF-027/ticket/results/graph-reports/specWorkflow-20260719-194428-2cebfb33/cleanup-failure-probe-test-graph/sources/spec_workflow_start_ticket.py:19	out-of-scope	ticket_plan.yaml:648-658	none mapped	unrepresented	out_of_scope_lexical_inventory		INFERRED exact-path scope; source not read
893	"lexical hit not semantically classified: .timeout(""60s"")"	specs/.history/modular-fuzzing-epic/ticket-009-MF-027/ticket/results/graph-reports/specWorkflow-20260719-194428-2cebfb33/cleanup-failure-probe-test-graph/sources/tla_spec_dev_cli_help.py:20	out-of-scope	ticket_plan.yaml:648-658	none mapped	unrepresented	out_of_scope_lexical_inventory		INFERRED exact-path scope; source not read
894	"lexical hit not semantically classified: .timeout(""60s"")"	specs/.history/modular-fuzzing-epic/ticket-009-MF-027/ticket/results/graph-reports/specWorkflow-20260719-194428-2cebfb33/cleanup-failure-probe-test-graph/sources/tla_spec_dev_cli_install.py:20	out-of-scope	ticket_plan.yaml:648-658	none mapped	unrepresented	out_of_scope_lexical_inventory		INFERRED exact-path scope; source not read
895	lexical hit not semantically classified: exactly the timeout this command exists to prevent.	specs/.history/modular-fuzzing-epic/ticket-010-MF-016/snapshots/current/production_adapters.py:723	out-of-scope	ticket_plan.yaml:648-658	none mapped	unrepresented	out_of_scope_lexical_inventory		INFERRED exact-path scope; source not read
896	lexical hit not semantically classified: timeout=180,	specs/.history/modular-fuzzing-epic/ticket-010-MF-016/snapshots/current/production_adapters.py:762	out-of-scope	ticket_plan.yaml:648-658	none mapped	unrepresented	out_of_scope_lexical_inventory		INFERRED exact-path scope; source not read
897	lexical hit not semantically classified: cwd=target_repo, text=True, capture_output=True, check=False, timeout=180,	specs/.history/modular-fuzzing-epic/ticket-010-MF-016/snapshots/current/production_adapters.py:909	out-of-scope	ticket_plan.yaml:648-658	none mapped	unrepresented	out_of_scope_lexical_inventory		INFERRED exact-path scope; source not read
898	lexical hit not semantically classified: cwd=target_repo, text=True, capture_output=True, check=False, timeout=180,	specs/.history/modular-fuzzing-epic/ticket-010-MF-016/snapshots/current/production_adapters.py:1030	out-of-scope	ticket_plan.yaml:648-658	none mapped	unrepresented	out_of_scope_lexical_inventory		INFERRED exact-path scope; source not read
899	lexical hit not semantically classified: timeout=180,	specs/.history/modular-fuzzing-epic/ticket-010-MF-016/snapshots/current/production_adapters.py:1164	out-of-scope	ticket_plan.yaml:648-658	none mapped	unrepresented	out_of_scope_lexical_inventory		INFERRED exact-path scope; source not read
900	lexical hit not semantically classified: exactly the timeout this command exists to prevent.	specs/.history/modular-fuzzing-epic/ticket-010-MF-016/ticket/current/production_adapters.py:723	out-of-scope	ticket_plan.yaml:648-658	none mapped	unrepresented	out_of_scope_lexical_inventory		INFERRED exact-path scope; source not read
901	lexical hit not semantically classified: timeout=180,	specs/.history/modular-fuzzing-epic/ticket-010-MF-016/ticket/current/production_adapters.py:762	out-of-scope	ticket_plan.yaml:648-658	none mapped	unrepresented	out_of_scope_lexical_inventory		INFERRED exact-path scope; source not read
902	lexical hit not semantically classified: cwd=target_repo, text=True, capture_output=True, check=False, timeout=180,	specs/.history/modular-fuzzing-epic/ticket-010-MF-016/ticket/current/production_adapters.py:909	out-of-scope	ticket_plan.yaml:648-658	none mapped	unrepresented	out_of_scope_lexical_inventory		INFERRED exact-path scope; source not read
903	lexical hit not semantically classified: cwd=target_repo, text=True, capture_output=True, check=False, timeout=180,	specs/.history/modular-fuzzing-epic/ticket-010-MF-016/ticket/current/production_adapters.py:1030	out-of-scope	ticket_plan.yaml:648-658	none mapped	unrepresented	out_of_scope_lexical_inventory		INFERRED exact-path scope; source not read
904	lexical hit not semantically classified: timeout=180,	specs/.history/modular-fuzzing-epic/ticket-010-MF-016/ticket/current/production_adapters.py:1164	out-of-scope	ticket_plan.yaml:648-658	none mapped	unrepresented	out_of_scope_lexical_inventory		INFERRED exact-path scope; source not read
905	lexical hit not semantically classified: exactly the timeout this command exists to prevent.	specs/.history/modular-fuzzing-epic/ticket-010-MF-016/ticket/desired/production_adapters.py:723	out-of-scope	ticket_plan.yaml:648-658	none mapped	unrepresented	out_of_scope_lexical_inventory		INFERRED exact-path scope; source not read
906	lexical hit not semantically classified: timeout=180,	specs/.history/modular-fuzzing-epic/ticket-010-MF-016/ticket/desired/production_adapters.py:762	out-of-scope	ticket_plan.yaml:648-658	none mapped	unrepresented	out_of_scope_lexical_inventory		INFERRED exact-path scope; source not read
907	lexical hit not semantically classified: cwd=target_repo, text=True, capture_output=True, check=False, timeout=180,	specs/.history/modular-fuzzing-epic/ticket-010-MF-016/ticket/desired/production_adapters.py:909	out-of-scope	ticket_plan.yaml:648-658	none mapped	unrepresented	out_of_scope_lexical_inventory		INFERRED exact-path scope; source not read
908	lexical hit not semantically classified: cwd=target_repo, text=True, capture_output=True, check=False, timeout=180,	specs/.history/modular-fuzzing-epic/ticket-010-MF-016/ticket/desired/production_adapters.py:1030	out-of-scope	ticket_plan.yaml:648-658	none mapped	unrepresented	out_of_scope_lexical_inventory		INFERRED exact-path scope; source not read
909	lexical hit not semantically classified: timeout=180,	specs/.history/modular-fuzzing-epic/ticket-010-MF-016/ticket/desired/production_adapters.py:1164	out-of-scope	ticket_plan.yaml:648-658	none mapped	unrepresented	out_of_scope_lexical_inventory		INFERRED exact-path scope; source not read
910	lexical hit not semantically classified: exactly the timeout this command exists to prevent.	specs/.history/modular-fuzzing-epic/ticket-012-MF-019/snapshots/current/production_adapters.py:781	out-of-scope	ticket_plan.yaml:648-658	none mapped	unrepresented	out_of_scope_lexical_inventory		INFERRED exact-path scope; source not read
911	lexical hit not semantically classified: timeout=180,	specs/.history/modular-fuzzing-epic/ticket-012-MF-019/snapshots/current/production_adapters.py:820	out-of-scope	ticket_plan.yaml:648-658	none mapped	unrepresented	out_of_scope_lexical_inventory		INFERRED exact-path scope; source not read
912	lexical hit not semantically classified: cwd=target_repo, text=True, capture_output=True, check=False, timeout=180,	specs/.history/modular-fuzzing-epic/ticket-012-MF-019/snapshots/current/production_adapters.py:967	out-of-scope	ticket_plan.yaml:648-658	none mapped	unrepresented	out_of_scope_lexical_inventory		INFERRED exact-path scope; source not read
913	lexical hit not semantically classified: cwd=target_repo, text=True, capture_output=True, check=False, timeout=180,	specs/.history/modular-fuzzing-epic/ticket-012-MF-019/snapshots/current/production_adapters.py:1088	out-of-scope	ticket_plan.yaml:648-658	none mapped	unrepresented	out_of_scope_lexical_inventory		INFERRED exact-path scope; source not read
914	lexical hit not semantically classified: timeout=180,	specs/.history/modular-fuzzing-epic/ticket-012-MF-019/snapshots/current/production_adapters.py:1222	out-of-scope	ticket_plan.yaml:648-658	none mapped	unrepresented	out_of_scope_lexical_inventory		INFERRED exact-path scope; source not read
915	lexical hit not semantically classified: exactly the timeout this command exists to prevent.	specs/.history/modular-fuzzing-epic/ticket-012-MF-019/ticket/current/production_adapters.py:781	out-of-scope	ticket_plan.yaml:648-658	none mapped	unrepresented	out_of_scope_lexical_inventory		INFERRED exact-path scope; source not read
916	lexical hit not semantically classified: timeout=180,	specs/.history/modular-fuzzing-epic/ticket-012-MF-019/ticket/current/production_adapters.py:820	out-of-scope	ticket_plan.yaml:648-658	none mapped	unrepresented	out_of_scope_lexical_inventory		INFERRED exact-path scope; source not read
917	lexical hit not semantically classified: cwd=target_repo, text=True, capture_output=True, check=False, timeout=180,	specs/.history/modular-fuzzing-epic/ticket-012-MF-019/ticket/current/production_adapters.py:967	out-of-scope	ticket_plan.yaml:648-658	none mapped	unrepresented	out_of_scope_lexical_inventory		INFERRED exact-path scope; source not read
918	lexical hit not semantically classified: cwd=target_repo, text=True, capture_output=True, check=False, timeout=180,	specs/.history/modular-fuzzing-epic/ticket-012-MF-019/ticket/current/production_adapters.py:1088	out-of-scope	ticket_plan.yaml:648-658	none mapped	unrepresented	out_of_scope_lexical_inventory		INFERRED exact-path scope; source not read
919	lexical hit not semantically classified: timeout=180,	specs/.history/modular-fuzzing-epic/ticket-012-MF-019/ticket/current/production_adapters.py:1222	out-of-scope	ticket_plan.yaml:648-658	none mapped	unrepresented	out_of_scope_lexical_inventory		INFERRED exact-path scope; source not read
920	lexical hit not semantically classified: exactly the timeout this command exists to prevent.	specs/.history/modular-fuzzing-epic/ticket-012-MF-019/ticket/desired/production_adapters.py:781	out-of-scope	ticket_plan.yaml:648-658	none mapped	unrepresented	out_of_scope_lexical_inventory		INFERRED exact-path scope; source not read
921	lexical hit not semantically classified: timeout=180,	specs/.history/modular-fuzzing-epic/ticket-012-MF-019/ticket/desired/production_adapters.py:820	out-of-scope	ticket_plan.yaml:648-658	none mapped	unrepresented	out_of_scope_lexical_inventory		INFERRED exact-path scope; source not read
922	lexical hit not semantically classified: cwd=target_repo, text=True, capture_output=True, check=False, timeout=180,	specs/.history/modular-fuzzing-epic/ticket-012-MF-019/ticket/desired/production_adapters.py:967	out-of-scope	ticket_plan.yaml:648-658	none mapped	unrepresented	out_of_scope_lexical_inventory		INFERRED exact-path scope; source not read
923	lexical hit not semantically classified: cwd=target_repo, text=True, capture_output=True, check=False, timeout=180,	specs/.history/modular-fuzzing-epic/ticket-012-MF-019/ticket/desired/production_adapters.py:1088	out-of-scope	ticket_plan.yaml:648-658	none mapped	unrepresented	out_of_scope_lexical_inventory		INFERRED exact-path scope; source not read
924	lexical hit not semantically classified: timeout=180,	specs/.history/modular-fuzzing-epic/ticket-012-MF-019/ticket/desired/production_adapters.py:1222	out-of-scope	ticket_plan.yaml:648-658	none mapped	unrepresented	out_of_scope_lexical_inventory		INFERRED exact-path scope; source not read
925	lexical hit not semantically classified: *     dependsOn/tags/timeout/etc on top of what the script self-declared).	specs/.history/modular-fuzzing-epic/ticket-013-MF-026/results/testgraph/specWorkflow/cleanup-failure-probe-test-graph/build-logic/src/main/kotlin/com/hayden/testgraphsdk/GraphAssembler.kt:9	out-of-scope	ticket_plan.yaml:648-658	none mapped	unrepresented	out_of_scope_lexical_inventory		INFERRED exact-path scope; source not read
926	"lexical hit not semantically classified: timeout = MiniJson.str(root[""timeout""]) ?: ""60s"","	specs/.history/modular-fuzzing-epic/ticket-013-MF-026/results/testgraph/specWorkflow/cleanup-failure-probe-test-graph/build-logic/src/main/kotlin/com/hayden/testgraphsdk/NodeDescribeLoader.kt:87	out-of-scope	ticket_plan.yaml:648-658	none mapped	unrepresented	out_of_scope_lexical_inventory		INFERRED exact-path scope; source not read
927	lexical hit not semantically classified: *   - Scalars (timeout, cacheable) — OVERRIDE if set here; otherwise keep script's.	specs/.history/modular-fuzzing-epic/ticket-013-MF-026/results/testgraph/specWorkflow/cleanup-failure-probe-test-graph/build-logic/src/main/kotlin/com/hayden/testgraphsdk/TestGraphSpec.kt:13	out-of-scope	ticket_plan.yaml:648-658	none mapped	unrepresented	out_of_scope_lexical_inventory		INFERRED exact-path scope; source not read
928	lexical hit not semantically classified: fun timeout(v: String): NodeOverlay { timeoutOverride = v; return this }	specs/.history/modular-fuzzing-epic/ticket-013-MF-026/results/testgraph/specWorkflow/cleanup-failure-probe-test-graph/build-logic/src/main/kotlin/com/hayden/testgraphsdk/TestGraphSpec.kt:30	out-of-scope	ticket_plan.yaml:648-658	none mapped	unrepresented	out_of_scope_lexical_inventory		INFERRED exact-path scope; source not read
929	lexical hit not semantically classified: timeout = timeoutOverride ?: spec.timeout,	specs/.history/modular-fuzzing-epic/ticket-013-MF-026/results/testgraph/specWorkflow/cleanup-failure-probe-test-graph/build-logic/src/main/kotlin/com/hayden/testgraphsdk/TestGraphSpec.kt:39	out-of-scope	ticket_plan.yaml:648-658	none mapped	unrepresented	out_of_scope_lexical_inventory		INFERRED exact-path scope; source not read
930	lexical hit not semantically classified: *    deps/tags/timeout on top of what the script self-declares)	specs/.history/modular-fuzzing-epic/ticket-013-MF-026/results/testgraph/specWorkflow/cleanup-failure-probe-test-graph/build-logic/src/main/kotlin/com/hayden/testgraphsdk/TestGraphSpec.kt:51	out-of-scope	ticket_plan.yaml:648-658	none mapped	unrepresented	out_of_scope_lexical_inventory		INFERRED exact-path scope; source not read
931	lexical hit not semantically classified: * `.dependsOn(...)`, `.tags(...)`, `.timeout(...)`, etc. on.	specs/.history/modular-fuzzing-epic/ticket-013-MF-026/results/testgraph/specWorkflow/cleanup-failure-probe-test-graph/build-logic/src/main/kotlin/com/hayden/testgraphsdk/TestGraphSpec.kt:65	out-of-scope	ticket_plan.yaml:648-658	none mapped	unrepresented	out_of_scope_lexical_inventory		INFERRED exact-path scope; source not read
932	"lexical hit not semantically classified: val timeout: String = ""60s"","	specs/.history/modular-fuzzing-epic/ticket-013-MF-026/results/testgraph/specWorkflow/cleanup-failure-probe-test-graph/build-logic/src/main/kotlin/com/hayden/testgraphsdk/ValidationNodeSpec.kt:16	out-of-scope	ticket_plan.yaml:648-658	none mapped	unrepresented	out_of_scope_lexical_inventory		INFERRED exact-path scope; source not read
933	"lexical hit not semantically classified: * exceeds its [timeout]. Default 0 means ""fail fast on first timeout""."	specs/.history/modular-fuzzing-epic/ticket-013-MF-026/results/testgraph/specWorkflow/cleanup-failure-probe-test-graph/build-logic/src/main/kotlin/com/hayden/testgraphsdk/ValidationNodeSpec.kt:19	out-of-scope	ticket_plan.yaml:648-658	none mapped	unrepresented	out_of_scope_lexical_inventory		INFERRED exact-path scope; source not read
934	lexical hit not semantically classified: * Retries trigger ONLY on a timeout outcome — a body-returned	specs/.history/modular-fuzzing-epic/ticket-013-MF-026/results/testgraph/specWorkflow/cleanup-failure-probe-test-graph/build-logic/src/main/kotlin/com/hayden/testgraphsdk/ValidationNodeSpec.kt:20	out-of-scope	ticket_plan.yaml:648-658	none mapped	unrepresented	out_of_scope_lexical_inventory		INFERRED exact-path scope; source not read
935	lexical hit not semantically classified: * timeout [retries], which are automatic executor attempts.	specs/.history/modular-fuzzing-epic/ticket-013-MF-026/results/testgraph/specWorkflow/cleanup-failure-probe-test-graph/build-logic/src/main/kotlin/com/hayden/testgraphsdk/ValidationNodeSpec.kt:29	out-of-scope	ticket_plan.yaml:648-658	none mapped	unrepresented	out_of_scope_lexical_inventory		INFERRED exact-path scope; source not read
936	lexical hit not semantically classified: * [ValidationNodeSpec.timeout] by `PlanExecutor`. Executors enforce	specs/.history/modular-fuzzing-epic/ticket-013-MF-026/results/testgraph/specWorkflow/cleanup-failure-probe-test-graph/build-logic/src/main/kotlin/com/hayden/testgraphsdk/exec/Executors.kt:41	out-of-scope	ticket_plan.yaml:648-658	none mapped	unrepresented	out_of_scope_lexical_inventory		INFERRED exact-path scope; source not read
937	lexical hit not semantically classified: * timeout is.	specs/.history/modular-fuzzing-epic/ticket-013-MF-026/results/testgraph/specWorkflow/cleanup-failure-probe-test-graph/build-logic/src/main/kotlin/com/hayden/testgraphsdk/exec/Executors.kt:54	out-of-scope	ticket_plan.yaml:648-658	none mapped	unrepresented	out_of_scope_lexical_inventory		INFERRED exact-path scope; source not read
938	lexical hit not semantically classified: * by every concrete [ValidationExecutor] so the timeout-enforcement	specs/.history/modular-fuzzing-epic/ticket-013-MF-026/results/testgraph/specWorkflow/cleanup-failure-probe-test-graph/build-logic/src/main/kotlin/com/hayden/testgraphsdk/exec/Executors.kt:91	out-of-scope	ticket_plan.yaml:648-658	none mapped	unrepresented	out_of_scope_lexical_inventory		INFERRED exact-path scope; source not read
939	lexical hit not semantically classified: val timeoutMillis = TimeoutParser.parseMillis(spec.timeout)	specs/.history/modular-fuzzing-epic/ticket-013-MF-026/results/testgraph/specWorkflow/cleanup-failure-probe-test-graph/build-logic/src/main/kotlin/com/hayden/testgraphsdk/exec/PlanExecutor.kt:134	out-of-scope	ticket_plan.yaml:648-658	none mapped	unrepresented	out_of_scope_lexical_inventory		INFERRED exact-path scope; source not read
940	"lexical hit not semantically classified: ""    retry ${attempt - 1}/${spec.retries} after timeout — "" +"	specs/.history/modular-fuzzing-epic/ticket-013-MF-026/results/testgraph/specWorkflow/cleanup-failure-probe-test-graph/build-logic/src/main/kotlin/com/hayden/testgraphsdk/exec/PlanExecutor.kt:143	out-of-scope	ticket_plan.yaml:648-658	none mapped	unrepresented	out_of_scope_lexical_inventory		INFERRED exact-path scope; source not read
941	"lexical hit not semantically classified: ""previous attempt exceeded ${spec.timeout}"""	specs/.history/modular-fuzzing-epic/ticket-013-MF-026/results/testgraph/specWorkflow/cleanup-failure-probe-test-graph/build-logic/src/main/kotlin/com/hayden/testgraphsdk/exec/PlanExecutor.kt:144	out-of-scope	ticket_plan.yaml:648-658	none mapped	unrepresented	out_of_scope_lexical_inventory		INFERRED exact-path scope; source not read
942	"lexical hit not semantically classified: *   0. executor reported a timeout → synthesize an ""errored"""	specs/.history/modular-fuzzing-epic/ticket-013-MF-026/results/testgraph/specWorkflow/cleanup-failure-probe-test-graph/build-logic/src/main/kotlin/com/hayden/testgraphsdk/exec/PlanExecutor.kt:308	out-of-scope	ticket_plan.yaml:648-658	none mapped	unrepresented	out_of_scope_lexical_inventory		INFERRED exact-path scope; source not read
943	"lexical hit not semantically classified: ""node timed out after ${spec.timeout}$attemptsClause; "" +"	specs/.history/modular-fuzzing-epic/ticket-013-MF-026/results/testgraph/specWorkflow/cleanup-failure-probe-test-graph/build-logic/src/main/kotlin/com/hayden/testgraphsdk/exec/PlanExecutor.kt:341	out-of-scope	ticket_plan.yaml:648-658	none mapped	unrepresented	out_of_scope_lexical_inventory		INFERRED exact-path scope; source not read
944	lexical hit not semantically classified: * Parses the `NodeSpec.timeout(...)` string into milliseconds.	specs/.history/modular-fuzzing-epic/ticket-013-MF-026/results/testgraph/specWorkflow/cleanup-failure-probe-test-graph/build-logic/src/main/kotlin/com/hayden/testgraphsdk/exec/TimeoutParser.kt:4	out-of-scope	ticket_plan.yaml:648-658	none mapped	unrepresented	out_of_scope_lexical_inventory		INFERRED exact-path scope; source not read
945	"lexical hit not semantically classified: private String timeout = ""60s"";"	specs/.history/modular-fuzzing-epic/ticket-013-MF-026/results/testgraph/specWorkflow/cleanup-failure-probe-test-graph/sdk/java/src/main/java/com/hayden/testgraphsdk/sdk/NodeSpec.java:30	out-of-scope	ticket_plan.yaml:648-658	none mapped	unrepresented	out_of_scope_lexical_inventory		INFERRED exact-path scope; source not read
946	lexical hit not semantically classified: public NodeSpec timeout(String v)                { this.timeout = v; return this; }	specs/.history/modular-fuzzing-epic/ticket-013-MF-026/results/testgraph/specWorkflow/cleanup-failure-probe-test-graph/sdk/java/src/main/java/com/hayden/testgraphsdk/sdk/NodeSpec.java:48	out-of-scope	ticket_plan.yaml:648-658	none mapped	unrepresented	out_of_scope_lexical_inventory		INFERRED exact-path scope; source not read
947	lexical hit not semantically classified: * spawned node-process exceeds {@link #timeout(String)}. Default 0 —	specs/.history/modular-fuzzing-epic/ticket-013-MF-026/results/testgraph/specWorkflow/cleanup-failure-probe-test-graph/sdk/java/src/main/java/com/hayden/testgraphsdk/sdk/NodeSpec.java:51	out-of-scope	ticket_plan.yaml:648-658	none mapped	unrepresented	out_of_scope_lexical_inventory		INFERRED exact-path scope; source not read
948	lexical hit not semantically classified: * fail fast on the first timeout. Anything {@code > 0} only kicks in	specs/.history/modular-fuzzing-epic/ticket-013-MF-026/results/testgraph/specWorkflow/cleanup-failure-probe-test-graph/sdk/java/src/main/java/com/hayden/testgraphsdk/sdk/NodeSpec.java:52	out-of-scope	ticket_plan.yaml:648-658	none mapped	unrepresented	out_of_scope_lexical_inventory		INFERRED exact-path scope; source not read
949	lexical hit not semantically classified: * <p>Retries trigger only on a timeout outcome from the executor;	specs/.history/modular-fuzzing-epic/ticket-013-MF-026/results/testgraph/specWorkflow/cleanup-failure-probe-test-graph/sdk/java/src/main/java/com/hayden/testgraphsdk/sdk/NodeSpec.java:57	out-of-scope	ticket_plan.yaml:648-658	none mapped	unrepresented	out_of_scope_lexical_inventory		INFERRED exact-path scope; source not read
950	lexical hit not semantically classified: * non-timeout exit code) is final on the first attempt.	specs/.history/modular-fuzzing-epic/ticket-013-MF-026/results/testgraph/specWorkflow/cleanup-failure-probe-test-graph/sdk/java/src/main/java/com/hayden/testgraphsdk/sdk/NodeSpec.java:59	out-of-scope	ticket_plan.yaml:648-658	none mapped	unrepresented	out_of_scope_lexical_inventory		INFERRED exact-path scope; source not read
951	"lexical hit not semantically classified: out.put(""timeout"", timeout);"	specs/.history/modular-fuzzing-epic/ticket-013-MF-026/results/testgraph/specWorkflow/cleanup-failure-probe-test-graph/sdk/java/src/main/java/com/hayden/testgraphsdk/sdk/NodeSpec.java:101	out-of-scope	ticket_plan.yaml:648-658	none mapped	unrepresented	out_of_scope_lexical_inventory		INFERRED exact-path scope; source not read
952	"lexical hit not semantically classified: def timeout(self, v: str) -> ""NodeSpec"":"	specs/.history/modular-fuzzing-epic/ticket-013-MF-026/results/testgraph/specWorkflow/cleanup-failure-probe-test-graph/sdk/python/src/testgraphsdk/node_spec.py:48	out-of-scope	ticket_plan.yaml:648-658	none mapped	unrepresented	out_of_scope_lexical_inventory		INFERRED exact-path scope; source not read
953	"lexical hit not semantically classified: """"""Extra attempts the executor makes on a timeout outcome."	specs/.history/modular-fuzzing-epic/ticket-013-MF-026/results/testgraph/specWorkflow/cleanup-failure-probe-test-graph/sdk/python/src/testgraphsdk/node_spec.py:53	out-of-scope	ticket_plan.yaml:648-658	none mapped	unrepresented	out_of_scope_lexical_inventory		INFERRED exact-path scope; source not read
954	lexical hit not semantically classified: Default 0 — fail fast on the first timeout. Only set ``> 0`` for	specs/.history/modular-fuzzing-epic/ticket-013-MF-026/results/testgraph/specWorkflow/cleanup-failure-probe-test-graph/sdk/python/src/testgraphsdk/node_spec.py:55	out-of-scope	ticket_plan.yaml:648-658	none mapped	unrepresented	out_of_scope_lexical_inventory		INFERRED exact-path scope; source not read
955	lexical hit not semantically classified: orphaned state on retry. Triggers only on timeout, never on a	specs/.history/modular-fuzzing-epic/ticket-013-MF-026/results/testgraph/specWorkflow/cleanup-failure-probe-test-graph/sdk/python/src/testgraphsdk/node_spec.py:58	out-of-scope	ticket_plan.yaml:648-658	none mapped	unrepresented	out_of_scope_lexical_inventory		INFERRED exact-path scope; source not read
956	"lexical hit not semantically classified: ""timeout"": self._timeout,"	specs/.history/modular-fuzzing-epic/ticket-013-MF-026/results/testgraph/specWorkflow/cleanup-failure-probe-test-graph/sdk/python/src/testgraphsdk/node_spec.py:110	out-of-scope	ticket_plan.yaml:648-658	none mapped	unrepresented	out_of_scope_lexical_inventory		INFERRED exact-path scope; source not read
957	"lexical hit not semantically classified: .timeout(""30s"")"	specs/.history/modular-fuzzing-epic/ticket-013-MF-026/results/testgraph/specWorkflow/cleanup-failure-probe-test-graph/sources/spec_workflow_cleanup.py:21	out-of-scope	ticket_plan.yaml:648-658	none mapped	unrepresented	out_of_scope_lexical_inventory		INFERRED exact-path scope; source not read
958	"lexical hit not semantically classified: .timeout(""60s"")"	specs/.history/modular-fuzzing-epic/ticket-013-MF-026/results/testgraph/specWorkflow/cleanup-failure-probe-test-graph/sources/spec_workflow_close_ticket.py:23	out-of-scope	ticket_plan.yaml:648-658	none mapped	unrepresented	out_of_scope_lexical_inventory		INFERRED exact-path scope; source not read
959	"lexical hit not semantically classified: .timeout(""60s"")"	specs/.history/modular-fuzzing-epic/ticket-013-MF-026/results/testgraph/specWorkflow/cleanup-failure-probe-test-graph/sources/spec_workflow_complete_ticket.py:20	out-of-scope	ticket_plan.yaml:648-658	none mapped	unrepresented	out_of_scope_lexical_inventory		INFERRED exact-path scope; source not read
960	"lexical hit not semantically classified: .timeout(""60s"")"	specs/.history/modular-fuzzing-epic/ticket-013-MF-026/results/testgraph/specWorkflow/cleanup-failure-probe-test-graph/sources/spec_workflow_create_repo.py:21	out-of-scope	ticket_plan.yaml:648-658	none mapped	unrepresented	out_of_scope_lexical_inventory		INFERRED exact-path scope; source not read
961	"lexical hit not semantically classified: .timeout(""180s"")"	specs/.history/modular-fuzzing-epic/ticket-013-MF-026/results/testgraph/specWorkflow/cleanup-failure-probe-test-graph/sources/spec_workflow_failure_cleanup_probe.py:23	out-of-scope	ticket_plan.yaml:648-658	none mapped	unrepresented	out_of_scope_lexical_inventory		INFERRED exact-path scope; source not read
962	"lexical hit not semantically classified: .timeout(""30s"")"	specs/.history/modular-fuzzing-epic/ticket-013-MF-026/results/testgraph/specWorkflow/cleanup-failure-probe-test-graph/sources/spec_workflow_force_failure.py:20	out-of-scope	ticket_plan.yaml:648-658	none mapped	unrepresented	out_of_scope_lexical_inventory		INFERRED exact-path scope; source not read
963	"lexical hit not semantically classified: .timeout(""60s"")"	specs/.history/modular-fuzzing-epic/ticket-013-MF-026/results/testgraph/specWorkflow/cleanup-failure-probe-test-graph/sources/spec_workflow_spec_units.py:20	out-of-scope	ticket_plan.yaml:648-658	none mapped	unrepresented	out_of_scope_lexical_inventory		INFERRED exact-path scope; source not read
964	"lexical hit not semantically classified: .timeout(""60s"")"	specs/.history/modular-fuzzing-epic/ticket-013-MF-026/results/testgraph/specWorkflow/cleanup-failure-probe-test-graph/sources/spec_workflow_start_ticket.py:19	out-of-scope	ticket_plan.yaml:648-658	none mapped	unrepresented	out_of_scope_lexical_inventory		INFERRED exact-path scope; source not read
965	"lexical hit not semantically classified: .timeout(""60s"")"	specs/.history/modular-fuzzing-epic/ticket-013-MF-026/results/testgraph/specWorkflow/cleanup-failure-probe-test-graph/sources/tla_spec_dev_cli_help.py:20	out-of-scope	ticket_plan.yaml:648-658	none mapped	unrepresented	out_of_scope_lexical_inventory		INFERRED exact-path scope; source not read
966	"lexical hit not semantically classified: .timeout(""60s"")"	specs/.history/modular-fuzzing-epic/ticket-013-MF-026/results/testgraph/specWorkflow/cleanup-failure-probe-test-graph/sources/tla_spec_dev_cli_install.py:20	out-of-scope	ticket_plan.yaml:648-658	none mapped	unrepresented	out_of_scope_lexical_inventory		INFERRED exact-path scope; source not read
967	lexical hit not semantically classified: exactly the timeout this command exists to prevent.	specs/.history/modular-fuzzing-epic/ticket-013-MF-026/snapshots/current/production_adapters.py:781	out-of-scope	ticket_plan.yaml:648-658	none mapped	unrepresented	out_of_scope_lexical_inventory		INFERRED exact-path scope; source not read
968	lexical hit not semantically classified: timeout=180,	specs/.history/modular-fuzzing-epic/ticket-013-MF-026/snapshots/current/production_adapters.py:820	out-of-scope	ticket_plan.yaml:648-658	none mapped	unrepresented	out_of_scope_lexical_inventory		INFERRED exact-path scope; source not read
969	lexical hit not semantically classified: cwd=target_repo, text=True, capture_output=True, check=False, timeout=180,	specs/.history/modular-fuzzing-epic/ticket-013-MF-026/snapshots/current/production_adapters.py:967	out-of-scope	ticket_plan.yaml:648-658	none mapped	unrepresented	out_of_scope_lexical_inventory		INFERRED exact-path scope; source not read
970	lexical hit not semantically classified: cwd=target_repo, text=True, capture_output=True, check=False, timeout=180,	specs/.history/modular-fuzzing-epic/ticket-013-MF-026/snapshots/current/production_adapters.py:1088	out-of-scope	ticket_plan.yaml:648-658	none mapped	unrepresented	out_of_scope_lexical_inventory		INFERRED exact-path scope; source not read
971	lexical hit not semantically classified: timeout=180,	specs/.history/modular-fuzzing-epic/ticket-013-MF-026/snapshots/current/production_adapters.py:1222	out-of-scope	ticket_plan.yaml:648-658	none mapped	unrepresented	out_of_scope_lexical_inventory		INFERRED exact-path scope; source not read
972	lexical hit not semantically classified: exactly the timeout this command exists to prevent.	specs/.history/modular-fuzzing-epic/ticket-013-MF-026/ticket/current/production_adapters.py:781	out-of-scope	ticket_plan.yaml:648-658	none mapped	unrepresented	out_of_scope_lexical_inventory		INFERRED exact-path scope; source not read
973	lexical hit not semantically classified: timeout=180,	specs/.history/modular-fuzzing-epic/ticket-013-MF-026/ticket/current/production_adapters.py:820	out-of-scope	ticket_plan.yaml:648-658	none mapped	unrepresented	out_of_scope_lexical_inventory		INFERRED exact-path scope; source not read
974	lexical hit not semantically classified: cwd=target_repo, text=True, capture_output=True, check=False, timeout=180,	specs/.history/modular-fuzzing-epic/ticket-013-MF-026/ticket/current/production_adapters.py:967	out-of-scope	ticket_plan.yaml:648-658	none mapped	unrepresented	out_of_scope_lexical_inventory		INFERRED exact-path scope; source not read
975	lexical hit not semantically classified: cwd=target_repo, text=True, capture_output=True, check=False, timeout=180,	specs/.history/modular-fuzzing-epic/ticket-013-MF-026/ticket/current/production_adapters.py:1088	out-of-scope	ticket_plan.yaml:648-658	none mapped	unrepresented	out_of_scope_lexical_inventory		INFERRED exact-path scope; source not read
976	lexical hit not semantically classified: timeout=180,	specs/.history/modular-fuzzing-epic/ticket-013-MF-026/ticket/current/production_adapters.py:1222	out-of-scope	ticket_plan.yaml:648-658	none mapped	unrepresented	out_of_scope_lexical_inventory		INFERRED exact-path scope; source not read
977	lexical hit not semantically classified: exactly the timeout this command exists to prevent.	specs/.history/modular-fuzzing-epic/ticket-013-MF-026/ticket/desired/production_adapters.py:781	out-of-scope	ticket_plan.yaml:648-658	none mapped	unrepresented	out_of_scope_lexical_inventory		INFERRED exact-path scope; source not read
978	lexical hit not semantically classified: timeout=180,	specs/.history/modular-fuzzing-epic/ticket-013-MF-026/ticket/desired/production_adapters.py:820	out-of-scope	ticket_plan.yaml:648-658	none mapped	unrepresented	out_of_scope_lexical_inventory		INFERRED exact-path scope; source not read
979	lexical hit not semantically classified: cwd=target_repo, text=True, capture_output=True, check=False, timeout=180,	specs/.history/modular-fuzzing-epic/ticket-013-MF-026/ticket/desired/production_adapters.py:967	out-of-scope	ticket_plan.yaml:648-658	none mapped	unrepresented	out_of_scope_lexical_inventory		INFERRED exact-path scope; source not read
980	lexical hit not semantically classified: cwd=target_repo, text=True, capture_output=True, check=False, timeout=180,	specs/.history/modular-fuzzing-epic/ticket-013-MF-026/ticket/desired/production_adapters.py:1088	out-of-scope	ticket_plan.yaml:648-658	none mapped	unrepresented	out_of_scope_lexical_inventory		INFERRED exact-path scope; source not read
981	lexical hit not semantically classified: timeout=180,	specs/.history/modular-fuzzing-epic/ticket-013-MF-026/ticket/desired/production_adapters.py:1222	out-of-scope	ticket_plan.yaml:648-658	none mapped	unrepresented	out_of_scope_lexical_inventory		INFERRED exact-path scope; source not read
982	lexical hit not semantically classified: *     dependsOn/tags/timeout/etc on top of what the script self-declared).	specs/.history/modular-fuzzing-epic/ticket-013-MF-026/ticket/results/testgraph/specWorkflow/cleanup-failure-probe-test-graph/build-logic/src/main/kotlin/com/hayden/testgraphsdk/GraphAssembler.kt:9	out-of-scope	ticket_plan.yaml:648-658	none mapped	unrepresented	out_of_scope_lexical_inventory		INFERRED exact-path scope; source not read
983	"lexical hit not semantically classified: timeout = MiniJson.str(root[""timeout""]) ?: ""60s"","	specs/.history/modular-fuzzing-epic/ticket-013-MF-026/ticket/results/testgraph/specWorkflow/cleanup-failure-probe-test-graph/build-logic/src/main/kotlin/com/hayden/testgraphsdk/NodeDescribeLoader.kt:87	out-of-scope	ticket_plan.yaml:648-658	none mapped	unrepresented	out_of_scope_lexical_inventory		INFERRED exact-path scope; source not read
984	lexical hit not semantically classified: *   - Scalars (timeout, cacheable) — OVERRIDE if set here; otherwise keep script's.	specs/.history/modular-fuzzing-epic/ticket-013-MF-026/ticket/results/testgraph/specWorkflow/cleanup-failure-probe-test-graph/build-logic/src/main/kotlin/com/hayden/testgraphsdk/TestGraphSpec.kt:13	out-of-scope	ticket_plan.yaml:648-658	none mapped	unrepresented	out_of_scope_lexical_inventory		INFERRED exact-path scope; source not read
985	lexical hit not semantically classified: fun timeout(v: String): NodeOverlay { timeoutOverride = v; return this }	specs/.history/modular-fuzzing-epic/ticket-013-MF-026/ticket/results/testgraph/specWorkflow/cleanup-failure-probe-test-graph/build-logic/src/main/kotlin/com/hayden/testgraphsdk/TestGraphSpec.kt:30	out-of-scope	ticket_plan.yaml:648-658	none mapped	unrepresented	out_of_scope_lexical_inventory		INFERRED exact-path scope; source not read
986	lexical hit not semantically classified: timeout = timeoutOverride ?: spec.timeout,	specs/.history/modular-fuzzing-epic/ticket-013-MF-026/ticket/results/testgraph/specWorkflow/cleanup-failure-probe-test-graph/build-logic/src/main/kotlin/com/hayden/testgraphsdk/TestGraphSpec.kt:39	out-of-scope	ticket_plan.yaml:648-658	none mapped	unrepresented	out_of_scope_lexical_inventory		INFERRED exact-path scope; source not read
987	lexical hit not semantically classified: *    deps/tags/timeout on top of what the script self-declares)	specs/.history/modular-fuzzing-epic/ticket-013-MF-026/ticket/results/testgraph/specWorkflow/cleanup-failure-probe-test-graph/build-logic/src/main/kotlin/com/hayden/testgraphsdk/TestGraphSpec.kt:51	out-of-scope	ticket_plan.yaml:648-658	none mapped	unrepresented	out_of_scope_lexical_inventory		INFERRED exact-path scope; source not read
988	lexical hit not semantically classified: * `.dependsOn(...)`, `.tags(...)`, `.timeout(...)`, etc. on.	specs/.history/modular-fuzzing-epic/ticket-013-MF-026/ticket/results/testgraph/specWorkflow/cleanup-failure-probe-test-graph/build-logic/src/main/kotlin/com/hayden/testgraphsdk/TestGraphSpec.kt:65	out-of-scope	ticket_plan.yaml:648-658	none mapped	unrepresented	out_of_scope_lexical_inventory		INFERRED exact-path scope; source not read
989	"lexical hit not semantically classified: val timeout: String = ""60s"","	specs/.history/modular-fuzzing-epic/ticket-013-MF-026/ticket/results/testgraph/specWorkflow/cleanup-failure-probe-test-graph/build-logic/src/main/kotlin/com/hayden/testgraphsdk/ValidationNodeSpec.kt:16	out-of-scope	ticket_plan.yaml:648-658	none mapped	unrepresented	out_of_scope_lexical_inventory		INFERRED exact-path scope; source not read
990	"lexical hit not semantically classified: * exceeds its [timeout]. Default 0 means ""fail fast on first timeout""."	specs/.history/modular-fuzzing-epic/ticket-013-MF-026/ticket/results/testgraph/specWorkflow/cleanup-failure-probe-test-graph/build-logic/src/main/kotlin/com/hayden/testgraphsdk/ValidationNodeSpec.kt:19	out-of-scope	ticket_plan.yaml:648-658	none mapped	unrepresented	out_of_scope_lexical_inventory		INFERRED exact-path scope; source not read
991	lexical hit not semantically classified: * Retries trigger ONLY on a timeout outcome — a body-returned	specs/.history/modular-fuzzing-epic/ticket-013-MF-026/ticket/results/testgraph/specWorkflow/cleanup-failure-probe-test-graph/build-logic/src/main/kotlin/com/hayden/testgraphsdk/ValidationNodeSpec.kt:20	out-of-scope	ticket_plan.yaml:648-658	none mapped	unrepresented	out_of_scope_lexical_inventory		INFERRED exact-path scope; source not read
992	lexical hit not semantically classified: * timeout [retries], which are automatic executor attempts.	specs/.history/modular-fuzzing-epic/ticket-013-MF-026/ticket/results/testgraph/specWorkflow/cleanup-failure-probe-test-graph/build-logic/src/main/kotlin/com/hayden/testgraphsdk/ValidationNodeSpec.kt:29	out-of-scope	ticket_plan.yaml:648-658	none mapped	unrepresented	out_of_scope_lexical_inventory		INFERRED exact-path scope; source not read
993	lexical hit not semantically classified: * [ValidationNodeSpec.timeout] by `PlanExecutor`. Executors enforce	specs/.history/modular-fuzzing-epic/ticket-013-MF-026/ticket/results/testgraph/specWorkflow/cleanup-failure-probe-test-graph/build-logic/src/main/kotlin/com/hayden/testgraphsdk/exec/Executors.kt:41	out-of-scope	ticket_plan.yaml:648-658	none mapped	unrepresented	out_of_scope_lexical_inventory		INFERRED exact-path scope; source not read
994	lexical hit not semantically classified: * timeout is.	specs/.history/modular-fuzzing-epic/ticket-013-MF-026/ticket/results/testgraph/specWorkflow/cleanup-failure-probe-test-graph/build-logic/src/main/kotlin/com/hayden/testgraphsdk/exec/Executors.kt:54	out-of-scope	ticket_plan.yaml:648-658	none mapped	unrepresented	out_of_scope_lexical_inventory		INFERRED exact-path scope; source not read
995	lexical hit not semantically classified: * by every concrete [ValidationExecutor] so the timeout-enforcement	specs/.history/modular-fuzzing-epic/ticket-013-MF-026/ticket/results/testgraph/specWorkflow/cleanup-failure-probe-test-graph/build-logic/src/main/kotlin/com/hayden/testgraphsdk/exec/Executors.kt:91	out-of-scope	ticket_plan.yaml:648-658	none mapped	unrepresented	out_of_scope_lexical_inventory		INFERRED exact-path scope; source not read
996	lexical hit not semantically classified: val timeoutMillis = TimeoutParser.parseMillis(spec.timeout)	specs/.history/modular-fuzzing-epic/ticket-013-MF-026/ticket/results/testgraph/specWorkflow/cleanup-failure-probe-test-graph/build-logic/src/main/kotlin/com/hayden/testgraphsdk/exec/PlanExecutor.kt:134	out-of-scope	ticket_plan.yaml:648-658	none mapped	unrepresented	out_of_scope_lexical_inventory		INFERRED exact-path scope; source not read
997	"lexical hit not semantically classified: ""    retry ${attempt - 1}/${spec.retries} after timeout — "" +"	specs/.history/modular-fuzzing-epic/ticket-013-MF-026/ticket/results/testgraph/specWorkflow/cleanup-failure-probe-test-graph/build-logic/src/main/kotlin/com/hayden/testgraphsdk/exec/PlanExecutor.kt:143	out-of-scope	ticket_plan.yaml:648-658	none mapped	unrepresented	out_of_scope_lexical_inventory		INFERRED exact-path scope; source not read
998	"lexical hit not semantically classified: ""previous attempt exceeded ${spec.timeout}"""	specs/.history/modular-fuzzing-epic/ticket-013-MF-026/ticket/results/testgraph/specWorkflow/cleanup-failure-probe-test-graph/build-logic/src/main/kotlin/com/hayden/testgraphsdk/exec/PlanExecutor.kt:144	out-of-scope	ticket_plan.yaml:648-658	none mapped	unrepresented	out_of_scope_lexical_inventory		INFERRED exact-path scope; source not read
999	"lexical hit not semantically classified: *   0. executor reported a timeout → synthesize an ""errored"""	specs/.history/modular-fuzzing-epic/ticket-013-MF-026/ticket/results/testgraph/specWorkflow/cleanup-failure-probe-test-graph/build-logic/src/main/kotlin/com/hayden/testgraphsdk/exec/PlanExecutor.kt:308	out-of-scope	ticket_plan.yaml:648-658	none mapped	unrepresented	out_of_scope_lexical_inventory		INFERRED exact-path scope; source not read
1000	"lexical hit not semantically classified: ""node timed out after ${spec.timeout}$attemptsClause; "" +"	specs/.history/modular-fuzzing-epic/ticket-013-MF-026/ticket/results/testgraph/specWorkflow/cleanup-failure-probe-test-graph/build-logic/src/main/kotlin/com/hayden/testgraphsdk/exec/PlanExecutor.kt:341	out-of-scope	ticket_plan.yaml:648-658	none mapped	unrepresented	out_of_scope_lexical_inventory		INFERRED exact-path scope; source not read
1001	lexical hit not semantically classified: * Parses the `NodeSpec.timeout(...)` string into milliseconds.	specs/.history/modular-fuzzing-epic/ticket-013-MF-026/ticket/results/testgraph/specWorkflow/cleanup-failure-probe-test-graph/build-logic/src/main/kotlin/com/hayden/testgraphsdk/exec/TimeoutParser.kt:4	out-of-scope	ticket_plan.yaml:648-658	none mapped	unrepresented	out_of_scope_lexical_inventory		INFERRED exact-path scope; source not read
1002	"lexical hit not semantically classified: private String timeout = ""60s"";"	specs/.history/modular-fuzzing-epic/ticket-013-MF-026/ticket/results/testgraph/specWorkflow/cleanup-failure-probe-test-graph/sdk/java/src/main/java/com/hayden/testgraphsdk/sdk/NodeSpec.java:30	out-of-scope	ticket_plan.yaml:648-658	none mapped	unrepresented	out_of_scope_lexical_inventory		INFERRED exact-path scope; source not read
1003	lexical hit not semantically classified: public NodeSpec timeout(String v)                { this.timeout = v; return this; }	specs/.history/modular-fuzzing-epic/ticket-013-MF-026/ticket/results/testgraph/specWorkflow/cleanup-failure-probe-test-graph/sdk/java/src/main/java/com/hayden/testgraphsdk/sdk/NodeSpec.java:48	out-of-scope	ticket_plan.yaml:648-658	none mapped	unrepresented	out_of_scope_lexical_inventory		INFERRED exact-path scope; source not read
1004	lexical hit not semantically classified: * spawned node-process exceeds {@link #timeout(String)}. Default 0 —	specs/.history/modular-fuzzing-epic/ticket-013-MF-026/ticket/results/testgraph/specWorkflow/cleanup-failure-probe-test-graph/sdk/java/src/main/java/com/hayden/testgraphsdk/sdk/NodeSpec.java:51	out-of-scope	ticket_plan.yaml:648-658	none mapped	unrepresented	out_of_scope_lexical_inventory		INFERRED exact-path scope; source not read
1005	lexical hit not semantically classified: * fail fast on the first timeout. Anything {@code > 0} only kicks in	specs/.history/modular-fuzzing-epic/ticket-013-MF-026/ticket/results/testgraph/specWorkflow/cleanup-failure-probe-test-graph/sdk/java/src/main/java/com/hayden/testgraphsdk/sdk/NodeSpec.java:52	out-of-scope	ticket_plan.yaml:648-658	none mapped	unrepresented	out_of_scope_lexical_inventory		INFERRED exact-path scope; source not read
1006	lexical hit not semantically classified: * <p>Retries trigger only on a timeout outcome from the executor;	specs/.history/modular-fuzzing-epic/ticket-013-MF-026/ticket/results/testgraph/specWorkflow/cleanup-failure-probe-test-graph/sdk/java/src/main/java/com/hayden/testgraphsdk/sdk/NodeSpec.java:57	out-of-scope	ticket_plan.yaml:648-658	none mapped	unrepresented	out_of_scope_lexical_inventory		INFERRED exact-path scope; source not read
1007	lexical hit not semantically classified: * non-timeout exit code) is final on the first attempt.	specs/.history/modular-fuzzing-epic/ticket-013-MF-026/ticket/results/testgraph/specWorkflow/cleanup-failure-probe-test-graph/sdk/java/src/main/java/com/hayden/testgraphsdk/sdk/NodeSpec.java:59	out-of-scope	ticket_plan.yaml:648-658	none mapped	unrepresented	out_of_scope_lexical_inventory		INFERRED exact-path scope; source not read
1008	"lexical hit not semantically classified: out.put(""timeout"", timeout);"	specs/.history/modular-fuzzing-epic/ticket-013-MF-026/ticket/results/testgraph/specWorkflow/cleanup-failure-probe-test-graph/sdk/java/src/main/java/com/hayden/testgraphsdk/sdk/NodeSpec.java:101	out-of-scope	ticket_plan.yaml:648-658	none mapped	unrepresented	out_of_scope_lexical_inventory		INFERRED exact-path scope; source not read
1009	"lexical hit not semantically classified: def timeout(self, v: str) -> ""NodeSpec"":"	specs/.history/modular-fuzzing-epic/ticket-013-MF-026/ticket/results/testgraph/specWorkflow/cleanup-failure-probe-test-graph/sdk/python/src/testgraphsdk/node_spec.py:48	out-of-scope	ticket_plan.yaml:648-658	none mapped	unrepresented	out_of_scope_lexical_inventory		INFERRED exact-path scope; source not read
1010	"lexical hit not semantically classified: """"""Extra attempts the executor makes on a timeout outcome."	specs/.history/modular-fuzzing-epic/ticket-013-MF-026/ticket/results/testgraph/specWorkflow/cleanup-failure-probe-test-graph/sdk/python/src/testgraphsdk/node_spec.py:53	out-of-scope	ticket_plan.yaml:648-658	none mapped	unrepresented	out_of_scope_lexical_inventory		INFERRED exact-path scope; source not read
1011	lexical hit not semantically classified: Default 0 — fail fast on the first timeout. Only set ``> 0`` for	specs/.history/modular-fuzzing-epic/ticket-013-MF-026/ticket/results/testgraph/specWorkflow/cleanup-failure-probe-test-graph/sdk/python/src/testgraphsdk/node_spec.py:55	out-of-scope	ticket_plan.yaml:648-658	none mapped	unrepresented	out_of_scope_lexical_inventory		INFERRED exact-path scope; source not read
1012	lexical hit not semantically classified: orphaned state on retry. Triggers only on timeout, never on a	specs/.history/modular-fuzzing-epic/ticket-013-MF-026/ticket/results/testgraph/specWorkflow/cleanup-failure-probe-test-graph/sdk/python/src/testgraphsdk/node_spec.py:58	out-of-scope	ticket_plan.yaml:648-658	none mapped	unrepresented	out_of_scope_lexical_inventory		INFERRED exact-path scope; source not read
1013	"lexical hit not semantically classified: ""timeout"": self._timeout,"	specs/.history/modular-fuzzing-epic/ticket-013-MF-026/ticket/results/testgraph/specWorkflow/cleanup-failure-probe-test-graph/sdk/python/src/testgraphsdk/node_spec.py:110	out-of-scope	ticket_plan.yaml:648-658	none mapped	unrepresented	out_of_scope_lexical_inventory		INFERRED exact-path scope; source not read
1014	"lexical hit not semantically classified: .timeout(""30s"")"	specs/.history/modular-fuzzing-epic/ticket-013-MF-026/ticket/results/testgraph/specWorkflow/cleanup-failure-probe-test-graph/sources/spec_workflow_cleanup.py:21	out-of-scope	ticket_plan.yaml:648-658	none mapped	unrepresented	out_of_scope_lexical_inventory		INFERRED exact-path scope; source not read
1015	"lexical hit not semantically classified: .timeout(""60s"")"	specs/.history/modular-fuzzing-epic/ticket-013-MF-026/ticket/results/testgraph/specWorkflow/cleanup-failure-probe-test-graph/sources/spec_workflow_close_ticket.py:23	out-of-scope	ticket_plan.yaml:648-658	none mapped	unrepresented	out_of_scope_lexical_inventory		INFERRED exact-path scope; source not read
1016	"lexical hit not semantically classified: .timeout(""60s"")"	specs/.history/modular-fuzzing-epic/ticket-013-MF-026/ticket/results/testgraph/specWorkflow/cleanup-failure-probe-test-graph/sources/spec_workflow_complete_ticket.py:20	out-of-scope	ticket_plan.yaml:648-658	none mapped	unrepresented	out_of_scope_lexical_inventory		INFERRED exact-path scope; source not read
1017	"lexical hit not semantically classified: .timeout(""60s"")"	specs/.history/modular-fuzzing-epic/ticket-013-MF-026/ticket/results/testgraph/specWorkflow/cleanup-failure-probe-test-graph/sources/spec_workflow_create_repo.py:21	out-of-scope	ticket_plan.yaml:648-658	none mapped	unrepresented	out_of_scope_lexical_inventory		INFERRED exact-path scope; source not read
1018	"lexical hit not semantically classified: .timeout(""180s"")"	specs/.history/modular-fuzzing-epic/ticket-013-MF-026/ticket/results/testgraph/specWorkflow/cleanup-failure-probe-test-graph/sources/spec_workflow_failure_cleanup_probe.py:23	out-of-scope	ticket_plan.yaml:648-658	none mapped	unrepresented	out_of_scope_lexical_inventory		INFERRED exact-path scope; source not read
1019	"lexical hit not semantically classified: .timeout(""30s"")"	specs/.history/modular-fuzzing-epic/ticket-013-MF-026/ticket/results/testgraph/specWorkflow/cleanup-failure-probe-test-graph/sources/spec_workflow_force_failure.py:20	out-of-scope	ticket_plan.yaml:648-658	none mapped	unrepresented	out_of_scope_lexical_inventory		INFERRED exact-path scope; source not read
1020	"lexical hit not semantically classified: .timeout(""60s"")"	specs/.history/modular-fuzzing-epic/ticket-013-MF-026/ticket/results/testgraph/specWorkflow/cleanup-failure-probe-test-graph/sources/spec_workflow_spec_units.py:20	out-of-scope	ticket_plan.yaml:648-658	none mapped	unrepresented	out_of_scope_lexical_inventory		INFERRED exact-path scope; source not read
1021	"lexical hit not semantically classified: .timeout(""60s"")"	specs/.history/modular-fuzzing-epic/ticket-013-MF-026/ticket/results/testgraph/specWorkflow/cleanup-failure-probe-test-graph/sources/spec_workflow_start_ticket.py:19	out-of-scope	ticket_plan.yaml:648-658	none mapped	unrepresented	out_of_scope_lexical_inventory		INFERRED exact-path scope; source not read
1022	"lexical hit not semantically classified: .timeout(""60s"")"	specs/.history/modular-fuzzing-epic/ticket-013-MF-026/ticket/results/testgraph/specWorkflow/cleanup-failure-probe-test-graph/sources/tla_spec_dev_cli_help.py:20	out-of-scope	ticket_plan.yaml:648-658	none mapped	unrepresented	out_of_scope_lexical_inventory		INFERRED exact-path scope; source not read
1023	"lexical hit not semantically classified: .timeout(""60s"")"	specs/.history/modular-fuzzing-epic/ticket-013-MF-026/ticket/results/testgraph/specWorkflow/cleanup-failure-probe-test-graph/sources/tla_spec_dev_cli_install.py:20	out-of-scope	ticket_plan.yaml:648-658	none mapped	unrepresented	out_of_scope_lexical_inventory		INFERRED exact-path scope; source not read
1024	lexical hit not semantically classified: exactly the timeout this command exists to prevent.	specs/.history/modular-fuzzing-epic/ticket-014-MF-028/snapshots/current/production_adapters.py:1225	out-of-scope	ticket_plan.yaml:648-658	none mapped	unrepresented	out_of_scope_lexical_inventory		INFERRED exact-path scope; source not read
1025	lexical hit not semantically classified: timeout=180,	specs/.history/modular-fuzzing-epic/ticket-014-MF-028/snapshots/current/production_adapters.py:1264	out-of-scope	ticket_plan.yaml:648-658	none mapped	unrepresented	out_of_scope_lexical_inventory		INFERRED exact-path scope; source not read
1026	lexical hit not semantically classified: cwd=target_repo, text=True, capture_output=True, check=False, timeout=180,	specs/.history/modular-fuzzing-epic/ticket-014-MF-028/snapshots/current/production_adapters.py:1411	out-of-scope	ticket_plan.yaml:648-658	none mapped	unrepresented	out_of_scope_lexical_inventory		INFERRED exact-path scope; source not read
1027	lexical hit not semantically classified: cwd=target_repo, text=True, capture_output=True, check=False, timeout=180,	specs/.history/modular-fuzzing-epic/ticket-014-MF-028/snapshots/current/production_adapters.py:1532	out-of-scope	ticket_plan.yaml:648-658	none mapped	unrepresented	out_of_scope_lexical_inventory		INFERRED exact-path scope; source not read
1028	lexical hit not semantically classified: timeout=180,	specs/.history/modular-fuzzing-epic/ticket-014-MF-028/snapshots/current/production_adapters.py:1666	out-of-scope	ticket_plan.yaml:648-658	none mapped	unrepresented	out_of_scope_lexical_inventory		INFERRED exact-path scope; source not read
1029	lexical hit not semantically classified: exactly the timeout this command exists to prevent.	specs/.history/modular-fuzzing-epic/ticket-014-MF-028/ticket/current/production_adapters.py:1225	out-of-scope	ticket_plan.yaml:648-658	none mapped	unrepresented	out_of_scope_lexical_inventory		INFERRED exact-path scope; source not read
1030	lexical hit not semantically classified: timeout=180,	specs/.history/modular-fuzzing-epic/ticket-014-MF-028/ticket/current/production_adapters.py:1264	out-of-scope	ticket_plan.yaml:648-658	none mapped	unrepresented	out_of_scope_lexical_inventory		INFERRED exact-path scope; source not read
1031	lexical hit not semantically classified: cwd=target_repo, text=True, capture_output=True, check=False, timeout=180,	specs/.history/modular-fuzzing-epic/ticket-014-MF-028/ticket/current/production_adapters.py:1411	out-of-scope	ticket_plan.yaml:648-658	none mapped	unrepresented	out_of_scope_lexical_inventory		INFERRED exact-path scope; source not read
1032	lexical hit not semantically classified: cwd=target_repo, text=True, capture_output=True, check=False, timeout=180,	specs/.history/modular-fuzzing-epic/ticket-014-MF-028/ticket/current/production_adapters.py:1532	out-of-scope	ticket_plan.yaml:648-658	none mapped	unrepresented	out_of_scope_lexical_inventory		INFERRED exact-path scope; source not read
1033	lexical hit not semantically classified: timeout=180,	specs/.history/modular-fuzzing-epic/ticket-014-MF-028/ticket/current/production_adapters.py:1666	out-of-scope	ticket_plan.yaml:648-658	none mapped	unrepresented	out_of_scope_lexical_inventory		INFERRED exact-path scope; source not read
1034	lexical hit not semantically classified: exactly the timeout this command exists to prevent.	specs/.history/modular-fuzzing-epic/ticket-014-MF-028/ticket/desired/production_adapters.py:1225	out-of-scope	ticket_plan.yaml:648-658	none mapped	unrepresented	out_of_scope_lexical_inventory		INFERRED exact-path scope; source not read
1035	lexical hit not semantically classified: timeout=180,	specs/.history/modular-fuzzing-epic/ticket-014-MF-028/ticket/desired/production_adapters.py:1264	out-of-scope	ticket_plan.yaml:648-658	none mapped	unrepresented	out_of_scope_lexical_inventory		INFERRED exact-path scope; source not read
1036	lexical hit not semantically classified: cwd=target_repo, text=True, capture_output=True, check=False, timeout=180,	specs/.history/modular-fuzzing-epic/ticket-014-MF-028/ticket/desired/production_adapters.py:1411	out-of-scope	ticket_plan.yaml:648-658	none mapped	unrepresented	out_of_scope_lexical_inventory		INFERRED exact-path scope; source not read
1037	lexical hit not semantically classified: cwd=target_repo, text=True, capture_output=True, check=False, timeout=180,	specs/.history/modular-fuzzing-epic/ticket-014-MF-028/ticket/desired/production_adapters.py:1532	out-of-scope	ticket_plan.yaml:648-658	none mapped	unrepresented	out_of_scope_lexical_inventory		INFERRED exact-path scope; source not read
1038	lexical hit not semantically classified: timeout=180,	specs/.history/modular-fuzzing-epic/ticket-014-MF-028/ticket/desired/production_adapters.py:1666	out-of-scope	ticket_plan.yaml:648-658	none mapped	unrepresented	out_of_scope_lexical_inventory		INFERRED exact-path scope; source not read
1039	lexical hit not semantically classified: exactly the timeout this command exists to prevent.	specs/.history/modular-fuzzing-epic/ticket-015-MF-029/snapshots/current/production_adapters.py:1225	out-of-scope	ticket_plan.yaml:648-658	none mapped	unrepresented	out_of_scope_lexical_inventory		INFERRED exact-path scope; source not read
1040	lexical hit not semantically classified: timeout=180,	specs/.history/modular-fuzzing-epic/ticket-015-MF-029/snapshots/current/production_adapters.py:1264	out-of-scope	ticket_plan.yaml:648-658	none mapped	unrepresented	out_of_scope_lexical_inventory		INFERRED exact-path scope; source not read
1041	lexical hit not semantically classified: cwd=target_repo, text=True, capture_output=True, check=False, timeout=180,	specs/.history/modular-fuzzing-epic/ticket-015-MF-029/snapshots/current/production_adapters.py:1411	out-of-scope	ticket_plan.yaml:648-658	none mapped	unrepresented	out_of_scope_lexical_inventory		INFERRED exact-path scope; source not read
1042	lexical hit not semantically classified: cwd=target_repo, text=True, capture_output=True, check=False, timeout=180,	specs/.history/modular-fuzzing-epic/ticket-015-MF-029/snapshots/current/production_adapters.py:1532	out-of-scope	ticket_plan.yaml:648-658	none mapped	unrepresented	out_of_scope_lexical_inventory		INFERRED exact-path scope; source not read
1043	lexical hit not semantically classified: timeout=180,	specs/.history/modular-fuzzing-epic/ticket-015-MF-029/snapshots/current/production_adapters.py:1666	out-of-scope	ticket_plan.yaml:648-658	none mapped	unrepresented	out_of_scope_lexical_inventory		INFERRED exact-path scope; source not read
1044	lexical hit not semantically classified: exactly the timeout this command exists to prevent.	specs/.history/modular-fuzzing-epic/ticket-015-MF-029/ticket/current/production_adapters.py:1225	out-of-scope	ticket_plan.yaml:648-658	none mapped	unrepresented	out_of_scope_lexical_inventory		INFERRED exact-path scope; source not read
1045	lexical hit not semantically classified: timeout=180,	specs/.history/modular-fuzzing-epic/ticket-015-MF-029/ticket/current/production_adapters.py:1264	out-of-scope	ticket_plan.yaml:648-658	none mapped	unrepresented	out_of_scope_lexical_inventory		INFERRED exact-path scope; source not read
1046	lexical hit not semantically classified: cwd=target_repo, text=True, capture_output=True, check=False, timeout=180,	specs/.history/modular-fuzzing-epic/ticket-015-MF-029/ticket/current/production_adapters.py:1411	out-of-scope	ticket_plan.yaml:648-658	none mapped	unrepresented	out_of_scope_lexical_inventory		INFERRED exact-path scope; source not read
1047	lexical hit not semantically classified: cwd=target_repo, text=True, capture_output=True, check=False, timeout=180,	specs/.history/modular-fuzzing-epic/ticket-015-MF-029/ticket/current/production_adapters.py:1532	out-of-scope	ticket_plan.yaml:648-658	none mapped	unrepresented	out_of_scope_lexical_inventory		INFERRED exact-path scope; source not read
1048	lexical hit not semantically classified: timeout=180,	specs/.history/modular-fuzzing-epic/ticket-015-MF-029/ticket/current/production_adapters.py:1666	out-of-scope	ticket_plan.yaml:648-658	none mapped	unrepresented	out_of_scope_lexical_inventory		INFERRED exact-path scope; source not read
1049	lexical hit not semantically classified: exactly the timeout this command exists to prevent.	specs/.history/modular-fuzzing-epic/ticket-015-MF-029/ticket/desired/production_adapters.py:1225	out-of-scope	ticket_plan.yaml:648-658	none mapped	unrepresented	out_of_scope_lexical_inventory		INFERRED exact-path scope; source not read
1050	lexical hit not semantically classified: timeout=180,	specs/.history/modular-fuzzing-epic/ticket-015-MF-029/ticket/desired/production_adapters.py:1264	out-of-scope	ticket_plan.yaml:648-658	none mapped	unrepresented	out_of_scope_lexical_inventory		INFERRED exact-path scope; source not read
1051	lexical hit not semantically classified: cwd=target_repo, text=True, capture_output=True, check=False, timeout=180,	specs/.history/modular-fuzzing-epic/ticket-015-MF-029/ticket/desired/production_adapters.py:1411	out-of-scope	ticket_plan.yaml:648-658	none mapped	unrepresented	out_of_scope_lexical_inventory		INFERRED exact-path scope; source not read
1052	lexical hit not semantically classified: cwd=target_repo, text=True, capture_output=True, check=False, timeout=180,	specs/.history/modular-fuzzing-epic/ticket-015-MF-029/ticket/desired/production_adapters.py:1532	out-of-scope	ticket_plan.yaml:648-658	none mapped	unrepresented	out_of_scope_lexical_inventory		INFERRED exact-path scope; source not read
1053	lexical hit not semantically classified: timeout=180,	specs/.history/modular-fuzzing-epic/ticket-015-MF-029/ticket/desired/production_adapters.py:1666	out-of-scope	ticket_plan.yaml:648-658	none mapped	unrepresented	out_of_scope_lexical_inventory		INFERRED exact-path scope; source not read
1054	lexical hit not semantically classified: exactly the timeout this command exists to prevent.	specs/.history/modular-fuzzing-epic/ticket-016-MF-030/snapshots/current/production_adapters.py:1225	out-of-scope	ticket_plan.yaml:648-658	none mapped	unrepresented	out_of_scope_lexical_inventory		INFERRED exact-path scope; source not read
1055	lexical hit not semantically classified: timeout=180,	specs/.history/modular-fuzzing-epic/ticket-016-MF-030/snapshots/current/production_adapters.py:1264	out-of-scope	ticket_plan.yaml:648-658	none mapped	unrepresented	out_of_scope_lexical_inventory		INFERRED exact-path scope; source not read
1056	lexical hit not semantically classified: cwd=target_repo, text=True, capture_output=True, check=False, timeout=180,	specs/.history/modular-fuzzing-epic/ticket-016-MF-030/snapshots/current/production_adapters.py:1411	out-of-scope	ticket_plan.yaml:648-658	none mapped	unrepresented	out_of_scope_lexical_inventory		INFERRED exact-path scope; source not read
1057	lexical hit not semantically classified: cwd=target_repo, text=True, capture_output=True, check=False, timeout=180,	specs/.history/modular-fuzzing-epic/ticket-016-MF-030/snapshots/current/production_adapters.py:1532	out-of-scope	ticket_plan.yaml:648-658	none mapped	unrepresented	out_of_scope_lexical_inventory		INFERRED exact-path scope; source not read
1058	lexical hit not semantically classified: timeout=180,	specs/.history/modular-fuzzing-epic/ticket-016-MF-030/snapshots/current/production_adapters.py:1666	out-of-scope	ticket_plan.yaml:648-658	none mapped	unrepresented	out_of_scope_lexical_inventory		INFERRED exact-path scope; source not read
1059	lexical hit not semantically classified: exactly the timeout this command exists to prevent.	specs/.history/modular-fuzzing-epic/ticket-016-MF-030/ticket/current/production_adapters.py:1225	out-of-scope	ticket_plan.yaml:648-658	none mapped	unrepresented	out_of_scope_lexical_inventory		INFERRED exact-path scope; source not read
1060	lexical hit not semantically classified: timeout=180,	specs/.history/modular-fuzzing-epic/ticket-016-MF-030/ticket/current/production_adapters.py:1264	out-of-scope	ticket_plan.yaml:648-658	none mapped	unrepresented	out_of_scope_lexical_inventory		INFERRED exact-path scope; source not read
1061	lexical hit not semantically classified: cwd=target_repo, text=True, capture_output=True, check=False, timeout=180,	specs/.history/modular-fuzzing-epic/ticket-016-MF-030/ticket/current/production_adapters.py:1411	out-of-scope	ticket_plan.yaml:648-658	none mapped	unrepresented	out_of_scope_lexical_inventory		INFERRED exact-path scope; source not read
1062	lexical hit not semantically classified: cwd=target_repo, text=True, capture_output=True, check=False, timeout=180,	specs/.history/modular-fuzzing-epic/ticket-016-MF-030/ticket/current/production_adapters.py:1532	out-of-scope	ticket_plan.yaml:648-658	none mapped	unrepresented	out_of_scope_lexical_inventory		INFERRED exact-path scope; source not read
1063	lexical hit not semantically classified: timeout=180,	specs/.history/modular-fuzzing-epic/ticket-016-MF-030/ticket/current/production_adapters.py:1666	out-of-scope	ticket_plan.yaml:648-658	none mapped	unrepresented	out_of_scope_lexical_inventory		INFERRED exact-path scope; source not read
1064	lexical hit not semantically classified: exactly the timeout this command exists to prevent.	specs/.history/modular-fuzzing-epic/ticket-016-MF-030/ticket/desired/production_adapters.py:1225	out-of-scope	ticket_plan.yaml:648-658	none mapped	unrepresented	out_of_scope_lexical_inventory		INFERRED exact-path scope; source not read
1065	lexical hit not semantically classified: timeout=180,	specs/.history/modular-fuzzing-epic/ticket-016-MF-030/ticket/desired/production_adapters.py:1264	out-of-scope	ticket_plan.yaml:648-658	none mapped	unrepresented	out_of_scope_lexical_inventory		INFERRED exact-path scope; source not read
1066	lexical hit not semantically classified: cwd=target_repo, text=True, capture_output=True, check=False, timeout=180,	specs/.history/modular-fuzzing-epic/ticket-016-MF-030/ticket/desired/production_adapters.py:1411	out-of-scope	ticket_plan.yaml:648-658	none mapped	unrepresented	out_of_scope_lexical_inventory		INFERRED exact-path scope; source not read
1067	lexical hit not semantically classified: cwd=target_repo, text=True, capture_output=True, check=False, timeout=180,	specs/.history/modular-fuzzing-epic/ticket-016-MF-030/ticket/desired/production_adapters.py:1532	out-of-scope	ticket_plan.yaml:648-658	none mapped	unrepresented	out_of_scope_lexical_inventory		INFERRED exact-path scope; source not read
1068	lexical hit not semantically classified: timeout=180,	specs/.history/modular-fuzzing-epic/ticket-016-MF-030/ticket/desired/production_adapters.py:1666	out-of-scope	ticket_plan.yaml:648-658	none mapped	unrepresented	out_of_scope_lexical_inventory		INFERRED exact-path scope; source not read
1069	lexical hit not semantically classified: timeout=180,	specs/.history/modular-fuzzing-epic/ticket-017-MF-031/snapshots/current/production_adapters.py:1558	out-of-scope	ticket_plan.yaml:648-658	none mapped	unrepresented	out_of_scope_lexical_inventory		INFERRED exact-path scope; source not read
1070	lexical hit not semantically classified: cwd=target_repo, text=True, capture_output=True, check=False, timeout=180,	specs/.history/modular-fuzzing-epic/ticket-017-MF-031/snapshots/current/production_adapters.py:1707	out-of-scope	ticket_plan.yaml:648-658	none mapped	unrepresented	out_of_scope_lexical_inventory		INFERRED exact-path scope; source not read
1071	lexical hit not semantically classified: cwd=target_repo, text=True, capture_output=True, check=False, timeout=180,	specs/.history/modular-fuzzing-epic/ticket-017-MF-031/snapshots/current/production_adapters.py:1828	out-of-scope	ticket_plan.yaml:648-658	none mapped	unrepresented	out_of_scope_lexical_inventory		INFERRED exact-path scope; source not read
1072	lexical hit not semantically classified: timeout=180,	specs/.history/modular-fuzzing-epic/ticket-017-MF-031/snapshots/current/production_adapters.py:1962	out-of-scope	ticket_plan.yaml:648-658	none mapped	unrepresented	out_of_scope_lexical_inventory		INFERRED exact-path scope; source not read
1073	lexical hit not semantically classified: timeout=180,	specs/.history/modular-fuzzing-epic/ticket-017-MF-031/ticket/current/production_adapters.py:1558	out-of-scope	ticket_plan.yaml:648-658	none mapped	unrepresented	out_of_scope_lexical_inventory		INFERRED exact-path scope; source not read
1074	lexical hit not semantically classified: cwd=target_repo, text=True, capture_output=True, check=False, timeout=180,	specs/.history/modular-fuzzing-epic/ticket-017-MF-031/ticket/current/production_adapters.py:1707	out-of-scope	ticket_plan.yaml:648-658	none mapped	unrepresented	out_of_scope_lexical_inventory		INFERRED exact-path scope; source not read
1075	lexical hit not semantically classified: cwd=target_repo, text=True, capture_output=True, check=False, timeout=180,	specs/.history/modular-fuzzing-epic/ticket-017-MF-031/ticket/current/production_adapters.py:1828	out-of-scope	ticket_plan.yaml:648-658	none mapped	unrepresented	out_of_scope_lexical_inventory		INFERRED exact-path scope; source not read
1076	lexical hit not semantically classified: timeout=180,	specs/.history/modular-fuzzing-epic/ticket-017-MF-031/ticket/current/production_adapters.py:1962	out-of-scope	ticket_plan.yaml:648-658	none mapped	unrepresented	out_of_scope_lexical_inventory		INFERRED exact-path scope; source not read
1077	lexical hit not semantically classified: timeout=180,	specs/.history/modular-fuzzing-epic/ticket-017-MF-031/ticket/desired/production_adapters.py:1558	out-of-scope	ticket_plan.yaml:648-658	none mapped	unrepresented	out_of_scope_lexical_inventory		INFERRED exact-path scope; source not read
1078	lexical hit not semantically classified: cwd=target_repo, text=True, capture_output=True, check=False, timeout=180,	specs/.history/modular-fuzzing-epic/ticket-017-MF-031/ticket/desired/production_adapters.py:1707	out-of-scope	ticket_plan.yaml:648-658	none mapped	unrepresented	out_of_scope_lexical_inventory		INFERRED exact-path scope; source not read
1079	lexical hit not semantically classified: cwd=target_repo, text=True, capture_output=True, check=False, timeout=180,	specs/.history/modular-fuzzing-epic/ticket-017-MF-031/ticket/desired/production_adapters.py:1828	out-of-scope	ticket_plan.yaml:648-658	none mapped	unrepresented	out_of_scope_lexical_inventory		INFERRED exact-path scope; source not read
1080	lexical hit not semantically classified: timeout=180,	specs/.history/modular-fuzzing-epic/ticket-017-MF-031/ticket/desired/production_adapters.py:1962	out-of-scope	ticket_plan.yaml:648-658	none mapped	unrepresented	out_of_scope_lexical_inventory		INFERRED exact-path scope; source not read
1081	lexical hit not semantically classified: timeout=180,	specs/.history/modular-fuzzing-epic/ticket-018-MF-032/snapshots/current/production_adapters.py:1338	out-of-scope	ticket_plan.yaml:648-658	none mapped	unrepresented	out_of_scope_lexical_inventory		INFERRED exact-path scope; source not read
1082	lexical hit not semantically classified: cwd=target_repo, text=True, capture_output=True, check=False, timeout=180,	specs/.history/modular-fuzzing-epic/ticket-018-MF-032/snapshots/current/production_adapters.py:1487	out-of-scope	ticket_plan.yaml:648-658	none mapped	unrepresented	out_of_scope_lexical_inventory		INFERRED exact-path scope; source not read
1083	lexical hit not semantically classified: cwd=target_repo, text=True, capture_output=True, check=False, timeout=180,	specs/.history/modular-fuzzing-epic/ticket-018-MF-032/snapshots/current/production_adapters.py:1608	out-of-scope	ticket_plan.yaml:648-658	none mapped	unrepresented	out_of_scope_lexical_inventory		INFERRED exact-path scope; source not read
1084	lexical hit not semantically classified: timeout=180,	specs/.history/modular-fuzzing-epic/ticket-018-MF-032/snapshots/current/production_adapters.py:1742	out-of-scope	ticket_plan.yaml:648-658	none mapped	unrepresented	out_of_scope_lexical_inventory		INFERRED exact-path scope; source not read
1085	lexical hit not semantically classified: timeout=180,	specs/.history/modular-fuzzing-epic/ticket-018-MF-032/ticket/current/production_adapters.py:1338	out-of-scope	ticket_plan.yaml:648-658	none mapped	unrepresented	out_of_scope_lexical_inventory		INFERRED exact-path scope; source not read
1086	lexical hit not semantically classified: cwd=target_repo, text=True, capture_output=True, check=False, timeout=180,	specs/.history/modular-fuzzing-epic/ticket-018-MF-032/ticket/current/production_adapters.py:1487	out-of-scope	ticket_plan.yaml:648-658	none mapped	unrepresented	out_of_scope_lexical_inventory		INFERRED exact-path scope; source not read
1087	lexical hit not semantically classified: cwd=target_repo, text=True, capture_output=True, check=False, timeout=180,	specs/.history/modular-fuzzing-epic/ticket-018-MF-032/ticket/current/production_adapters.py:1608	out-of-scope	ticket_plan.yaml:648-658	none mapped	unrepresented	out_of_scope_lexical_inventory		INFERRED exact-path scope; source not read
1088	lexical hit not semantically classified: timeout=180,	specs/.history/modular-fuzzing-epic/ticket-018-MF-032/ticket/current/production_adapters.py:1742	out-of-scope	ticket_plan.yaml:648-658	none mapped	unrepresented	out_of_scope_lexical_inventory		INFERRED exact-path scope; source not read
1089	lexical hit not semantically classified: timeout=180,	specs/.history/modular-fuzzing-epic/ticket-018-MF-032/ticket/desired/production_adapters.py:1338	out-of-scope	ticket_plan.yaml:648-658	none mapped	unrepresented	out_of_scope_lexical_inventory		INFERRED exact-path scope; source not read
1090	lexical hit not semantically classified: cwd=target_repo, text=True, capture_output=True, check=False, timeout=180,	specs/.history/modular-fuzzing-epic/ticket-018-MF-032/ticket/desired/production_adapters.py:1487	out-of-scope	ticket_plan.yaml:648-658	none mapped	unrepresented	out_of_scope_lexical_inventory		INFERRED exact-path scope; source not read
1091	lexical hit not semantically classified: cwd=target_repo, text=True, capture_output=True, check=False, timeout=180,	specs/.history/modular-fuzzing-epic/ticket-018-MF-032/ticket/desired/production_adapters.py:1608	out-of-scope	ticket_plan.yaml:648-658	none mapped	unrepresented	out_of_scope_lexical_inventory		INFERRED exact-path scope; source not read
1092	lexical hit not semantically classified: timeout=180,	specs/.history/modular-fuzzing-epic/ticket-018-MF-032/ticket/desired/production_adapters.py:1742	out-of-scope	ticket_plan.yaml:648-658	none mapped	unrepresented	out_of_scope_lexical_inventory		INFERRED exact-path scope; source not read
1093	lexical hit not semantically classified: timeout=180,	specs/.history/modular-fuzzing-epic/ticket-019-MF-033/snapshots/current/production_adapters.py:1338	out-of-scope	ticket_plan.yaml:648-658	none mapped	unrepresented	out_of_scope_lexical_inventory		INFERRED exact-path scope; source not read
1094	lexical hit not semantically classified: cwd=target_repo, text=True, capture_output=True, check=False, timeout=180,	specs/.history/modular-fuzzing-epic/ticket-019-MF-033/snapshots/current/production_adapters.py:1487	out-of-scope	ticket_plan.yaml:648-658	none mapped	unrepresented	out_of_scope_lexical_inventory		INFERRED exact-path scope; source not read
1095	lexical hit not semantically classified: cwd=target_repo, text=True, capture_output=True, check=False, timeout=180,	specs/.history/modular-fuzzing-epic/ticket-019-MF-033/snapshots/current/production_adapters.py:1608	out-of-scope	ticket_plan.yaml:648-658	none mapped	unrepresented	out_of_scope_lexical_inventory		INFERRED exact-path scope; source not read
1096	lexical hit not semantically classified: timeout=180,	specs/.history/modular-fuzzing-epic/ticket-019-MF-033/snapshots/current/production_adapters.py:1742	out-of-scope	ticket_plan.yaml:648-658	none mapped	unrepresented	out_of_scope_lexical_inventory		INFERRED exact-path scope; source not read
1097	lexical hit not semantically classified: timeout=180,	specs/.history/modular-fuzzing-epic/ticket-019-MF-033/ticket/current/production_adapters.py:1338	out-of-scope	ticket_plan.yaml:648-658	none mapped	unrepresented	out_of_scope_lexical_inventory		INFERRED exact-path scope; source not read
1098	lexical hit not semantically classified: cwd=target_repo, text=True, capture_output=True, check=False, timeout=180,	specs/.history/modular-fuzzing-epic/ticket-019-MF-033/ticket/current/production_adapters.py:1487	out-of-scope	ticket_plan.yaml:648-658	none mapped	unrepresented	out_of_scope_lexical_inventory		INFERRED exact-path scope; source not read
1099	lexical hit not semantically classified: cwd=target_repo, text=True, capture_output=True, check=False, timeout=180,	specs/.history/modular-fuzzing-epic/ticket-019-MF-033/ticket/current/production_adapters.py:1608	out-of-scope	ticket_plan.yaml:648-658	none mapped	unrepresented	out_of_scope_lexical_inventory		INFERRED exact-path scope; source not read
1100	lexical hit not semantically classified: timeout=180,	specs/.history/modular-fuzzing-epic/ticket-019-MF-033/ticket/current/production_adapters.py:1742	out-of-scope	ticket_plan.yaml:648-658	none mapped	unrepresented	out_of_scope_lexical_inventory		INFERRED exact-path scope; source not read
1101	lexical hit not semantically classified: timeout=180,	specs/.history/modular-fuzzing-epic/ticket-019-MF-033/ticket/desired/production_adapters.py:1338	out-of-scope	ticket_plan.yaml:648-658	none mapped	unrepresented	out_of_scope_lexical_inventory		INFERRED exact-path scope; source not read
1102	lexical hit not semantically classified: cwd=target_repo, text=True, capture_output=True, check=False, timeout=180,	specs/.history/modular-fuzzing-epic/ticket-019-MF-033/ticket/desired/production_adapters.py:1487	out-of-scope	ticket_plan.yaml:648-658	none mapped	unrepresented	out_of_scope_lexical_inventory		INFERRED exact-path scope; source not read
1103	lexical hit not semantically classified: cwd=target_repo, text=True, capture_output=True, check=False, timeout=180,	specs/.history/modular-fuzzing-epic/ticket-019-MF-033/ticket/desired/production_adapters.py:1608	out-of-scope	ticket_plan.yaml:648-658	none mapped	unrepresented	out_of_scope_lexical_inventory		INFERRED exact-path scope; source not read
1104	lexical hit not semantically classified: timeout=180,	specs/.history/modular-fuzzing-epic/ticket-019-MF-033/ticket/desired/production_adapters.py:1742	out-of-scope	ticket_plan.yaml:648-658	none mapped	unrepresented	out_of_scope_lexical_inventory		INFERRED exact-path scope; source not read
1105	lexical hit not semantically classified: timeout=180,	specs/.history/modular-fuzzing-epic/ticket-020-MF-038/snapshots/current/production_adapters.py:1338	out-of-scope	ticket_plan.yaml:648-658	none mapped	unrepresented	out_of_scope_lexical_inventory		INFERRED exact-path scope; source not read
1106	lexical hit not semantically classified: cwd=target_repo, text=True, capture_output=True, check=False, timeout=180,	specs/.history/modular-fuzzing-epic/ticket-020-MF-038/snapshots/current/production_adapters.py:1487	out-of-scope	ticket_plan.yaml:648-658	none mapped	unrepresented	out_of_scope_lexical_inventory		INFERRED exact-path scope; source not read
1107	lexical hit not semantically classified: cwd=target_repo, text=True, capture_output=True, check=False, timeout=180,	specs/.history/modular-fuzzing-epic/ticket-020-MF-038/snapshots/current/production_adapters.py:1608	out-of-scope	ticket_plan.yaml:648-658	none mapped	unrepresented	out_of_scope_lexical_inventory		INFERRED exact-path scope; source not read
1108	lexical hit not semantically classified: timeout=180,	specs/.history/modular-fuzzing-epic/ticket-020-MF-038/snapshots/current/production_adapters.py:1742	out-of-scope	ticket_plan.yaml:648-658	none mapped	unrepresented	out_of_scope_lexical_inventory		INFERRED exact-path scope; source not read
1109	lexical hit not semantically classified: timeout=180,	specs/.history/modular-fuzzing-epic/ticket-020-MF-038/ticket/current/production_adapters.py:1338	out-of-scope	ticket_plan.yaml:648-658	none mapped	unrepresented	out_of_scope_lexical_inventory		INFERRED exact-path scope; source not read
1110	lexical hit not semantically classified: cwd=target_repo, text=True, capture_output=True, check=False, timeout=180,	specs/.history/modular-fuzzing-epic/ticket-020-MF-038/ticket/current/production_adapters.py:1487	out-of-scope	ticket_plan.yaml:648-658	none mapped	unrepresented	out_of_scope_lexical_inventory		INFERRED exact-path scope; source not read
1111	lexical hit not semantically classified: cwd=target_repo, text=True, capture_output=True, check=False, timeout=180,	specs/.history/modular-fuzzing-epic/ticket-020-MF-038/ticket/current/production_adapters.py:1608	out-of-scope	ticket_plan.yaml:648-658	none mapped	unrepresented	out_of_scope_lexical_inventory		INFERRED exact-path scope; source not read
1112	lexical hit not semantically classified: timeout=180,	specs/.history/modular-fuzzing-epic/ticket-020-MF-038/ticket/current/production_adapters.py:1742	out-of-scope	ticket_plan.yaml:648-658	none mapped	unrepresented	out_of_scope_lexical_inventory		INFERRED exact-path scope; source not read
1113	lexical hit not semantically classified: timeout=180,	specs/.history/modular-fuzzing-epic/ticket-020-MF-038/ticket/desired/production_adapters.py:1338	out-of-scope	ticket_plan.yaml:648-658	none mapped	unrepresented	out_of_scope_lexical_inventory		INFERRED exact-path scope; source not read
1114	lexical hit not semantically classified: cwd=target_repo, text=True, capture_output=True, check=False, timeout=180,	specs/.history/modular-fuzzing-epic/ticket-020-MF-038/ticket/desired/production_adapters.py:1487	out-of-scope	ticket_plan.yaml:648-658	none mapped	unrepresented	out_of_scope_lexical_inventory		INFERRED exact-path scope; source not read
1115	lexical hit not semantically classified: cwd=target_repo, text=True, capture_output=True, check=False, timeout=180,	specs/.history/modular-fuzzing-epic/ticket-020-MF-038/ticket/desired/production_adapters.py:1608	out-of-scope	ticket_plan.yaml:648-658	none mapped	unrepresented	out_of_scope_lexical_inventory		INFERRED exact-path scope; source not read
1116	lexical hit not semantically classified: timeout=180,	specs/.history/modular-fuzzing-epic/ticket-020-MF-038/ticket/desired/production_adapters.py:1742	out-of-scope	ticket_plan.yaml:648-658	none mapped	unrepresented	out_of_scope_lexical_inventory		INFERRED exact-path scope; source not read
1117	lexical hit not semantically classified: [--out <report.json>] [--timeout N]	specs/.history/modular-fuzzing-epic/ticket-020-MF-038/ticket/results/measure_kill_rate.py:20	out-of-scope	ticket_plan.yaml:648-658	none mapped	unrepresented	out_of_scope_lexical_inventory		INFERRED exact-path scope; source not read
1118	"lexical hit not semantically classified: ap.add_argument(""--timeout"", type=int, default=600)"	specs/.history/modular-fuzzing-epic/ticket-020-MF-038/ticket/results/measure_kill_rate.py:84	out-of-scope	ticket_plan.yaml:648-658	none mapped	unrepresented	out_of_scope_lexical_inventory		INFERRED exact-path scope; source not read
1119	lexical hit not semantically classified: runner = subprocess_case_runner(command, root=REPO_ROOT, timeout=args.timeout)	specs/.history/modular-fuzzing-epic/ticket-020-MF-038/ticket/results/measure_kill_rate.py:89	out-of-scope	ticket_plan.yaml:648-658	none mapped	unrepresented	out_of_scope_lexical_inventory		INFERRED exact-path scope; source not read
1120	lexical hit not semantically classified: timeout=180,	specs/.history/modular-fuzzing-epic/ticket-022-MF-036/snapshots/current/production_adapters.py:1267	out-of-scope	ticket_plan.yaml:648-658	none mapped	unrepresented	out_of_scope_lexical_inventory		INFERRED exact-path scope; source not read
1121	lexical hit not semantically classified: cwd=target_repo, text=True, capture_output=True, check=False, timeout=180,	specs/.history/modular-fuzzing-epic/ticket-022-MF-036/snapshots/current/production_adapters.py:1416	out-of-scope	ticket_plan.yaml:648-658	none mapped	unrepresented	out_of_scope_lexical_inventory		INFERRED exact-path scope; source not read
1122	lexical hit not semantically classified: cwd=target_repo, text=True, capture_output=True, check=False, timeout=180,	specs/.history/modular-fuzzing-epic/ticket-022-MF-036/snapshots/current/production_adapters.py:1537	out-of-scope	ticket_plan.yaml:648-658	none mapped	unrepresented	out_of_scope_lexical_inventory		INFERRED exact-path scope; source not read
1123	lexical hit not semantically classified: timeout=180,	specs/.history/modular-fuzzing-epic/ticket-022-MF-036/snapshots/current/production_adapters.py:1671	out-of-scope	ticket_plan.yaml:648-658	none mapped	unrepresented	out_of_scope_lexical_inventory		INFERRED exact-path scope; source not read
1124	lexical hit not semantically classified: timeout=180,	specs/.history/modular-fuzzing-epic/ticket-022-MF-036/ticket/current/production_adapters.py:1267	out-of-scope	ticket_plan.yaml:648-658	none mapped	unrepresented	out_of_scope_lexical_inventory		INFERRED exact-path scope; source not read
1125	lexical hit not semantically classified: cwd=target_repo, text=True, capture_output=True, check=False, timeout=180,	specs/.history/modular-fuzzing-epic/ticket-022-MF-036/ticket/current/production_adapters.py:1416	out-of-scope	ticket_plan.yaml:648-658	none mapped	unrepresented	out_of_scope_lexical_inventory		INFERRED exact-path scope; source not read
1126	lexical hit not semantically classified: cwd=target_repo, text=True, capture_output=True, check=False, timeout=180,	specs/.history/modular-fuzzing-epic/ticket-022-MF-036/ticket/current/production_adapters.py:1537	out-of-scope	ticket_plan.yaml:648-658	none mapped	unrepresented	out_of_scope_lexical_inventory		INFERRED exact-path scope; source not read
1127	lexical hit not semantically classified: timeout=180,	specs/.history/modular-fuzzing-epic/ticket-022-MF-036/ticket/current/production_adapters.py:1671	out-of-scope	ticket_plan.yaml:648-658	none mapped	unrepresented	out_of_scope_lexical_inventory		INFERRED exact-path scope; source not read
1128	lexical hit not semantically classified: timeout=180,	specs/.history/modular-fuzzing-epic/ticket-022-MF-036/ticket/desired/production_adapters.py:1267	out-of-scope	ticket_plan.yaml:648-658	none mapped	unrepresented	out_of_scope_lexical_inventory		INFERRED exact-path scope; source not read
1129	lexical hit not semantically classified: cwd=target_repo, text=True, capture_output=True, check=False, timeout=180,	specs/.history/modular-fuzzing-epic/ticket-022-MF-036/ticket/desired/production_adapters.py:1416	out-of-scope	ticket_plan.yaml:648-658	none mapped	unrepresented	out_of_scope_lexical_inventory		INFERRED exact-path scope; source not read
1130	lexical hit not semantically classified: cwd=target_repo, text=True, capture_output=True, check=False, timeout=180,	specs/.history/modular-fuzzing-epic/ticket-022-MF-036/ticket/desired/production_adapters.py:1537	out-of-scope	ticket_plan.yaml:648-658	none mapped	unrepresented	out_of_scope_lexical_inventory		INFERRED exact-path scope; source not read
1131	lexical hit not semantically classified: timeout=180,	specs/.history/modular-fuzzing-epic/ticket-022-MF-036/ticket/desired/production_adapters.py:1671	out-of-scope	ticket_plan.yaml:648-658	none mapped	unrepresented	out_of_scope_lexical_inventory		INFERRED exact-path scope; source not read
1132	lexical hit not semantically classified: timeout=180,	specs/.history/modular-fuzzing-epic/ticket-024-MF-023/snapshots/current/production_adapters.py:1338	out-of-scope	ticket_plan.yaml:648-658	none mapped	unrepresented	out_of_scope_lexical_inventory		INFERRED exact-path scope; source not read
1133	lexical hit not semantically classified: cwd=target_repo, text=True, capture_output=True, check=False, timeout=180,	specs/.history/modular-fuzzing-epic/ticket-024-MF-023/snapshots/current/production_adapters.py:1487	out-of-scope	ticket_plan.yaml:648-658	none mapped	unrepresented	out_of_scope_lexical_inventory		INFERRED exact-path scope; source not read
1134	lexical hit not semantically classified: cwd=target_repo, text=True, capture_output=True, check=False, timeout=180,	specs/.history/modular-fuzzing-epic/ticket-024-MF-023/snapshots/current/production_adapters.py:1608	out-of-scope	ticket_plan.yaml:648-658	none mapped	unrepresented	out_of_scope_lexical_inventory		INFERRED exact-path scope; source not read
1135	lexical hit not semantically classified: timeout=180,	specs/.history/modular-fuzzing-epic/ticket-024-MF-023/snapshots/current/production_adapters.py:1742	out-of-scope	ticket_plan.yaml:648-658	none mapped	unrepresented	out_of_scope_lexical_inventory		INFERRED exact-path scope; source not read
1136	lexical hit not semantically classified: timeout=180,	specs/.history/modular-fuzzing-epic/ticket-024-MF-023/ticket/current/production_adapters.py:1338	out-of-scope	ticket_plan.yaml:648-658	none mapped	unrepresented	out_of_scope_lexical_inventory		INFERRED exact-path scope; source not read
1137	lexical hit not semantically classified: cwd=target_repo, text=True, capture_output=True, check=False, timeout=180,	specs/.history/modular-fuzzing-epic/ticket-024-MF-023/ticket/current/production_adapters.py:1487	out-of-scope	ticket_plan.yaml:648-658	none mapped	unrepresented	out_of_scope_lexical_inventory		INFERRED exact-path scope; source not read
1138	lexical hit not semantically classified: cwd=target_repo, text=True, capture_output=True, check=False, timeout=180,	specs/.history/modular-fuzzing-epic/ticket-024-MF-023/ticket/current/production_adapters.py:1608	out-of-scope	ticket_plan.yaml:648-658	none mapped	unrepresented	out_of_scope_lexical_inventory		INFERRED exact-path scope; source not read
1139	lexical hit not semantically classified: timeout=180,	specs/.history/modular-fuzzing-epic/ticket-024-MF-023/ticket/current/production_adapters.py:1742	out-of-scope	ticket_plan.yaml:648-658	none mapped	unrepresented	out_of_scope_lexical_inventory		INFERRED exact-path scope; source not read
1140	lexical hit not semantically classified: timeout=180,	specs/.history/modular-fuzzing-epic/ticket-024-MF-023/ticket/desired/production_adapters.py:1338	out-of-scope	ticket_plan.yaml:648-658	none mapped	unrepresented	out_of_scope_lexical_inventory		INFERRED exact-path scope; source not read
1141	lexical hit not semantically classified: cwd=target_repo, text=True, capture_output=True, check=False, timeout=180,	specs/.history/modular-fuzzing-epic/ticket-024-MF-023/ticket/desired/production_adapters.py:1487	out-of-scope	ticket_plan.yaml:648-658	none mapped	unrepresented	out_of_scope_lexical_inventory		INFERRED exact-path scope; source not read
1142	lexical hit not semantically classified: cwd=target_repo, text=True, capture_output=True, check=False, timeout=180,	specs/.history/modular-fuzzing-epic/ticket-024-MF-023/ticket/desired/production_adapters.py:1608	out-of-scope	ticket_plan.yaml:648-658	none mapped	unrepresented	out_of_scope_lexical_inventory		INFERRED exact-path scope; source not read
1143	lexical hit not semantically classified: timeout=180,	specs/.history/modular-fuzzing-epic/ticket-024-MF-023/ticket/desired/production_adapters.py:1742	out-of-scope	ticket_plan.yaml:648-658	none mapped	unrepresented	out_of_scope_lexical_inventory		INFERRED exact-path scope; source not read
1144	lexical hit not semantically classified: timeout=180,	specs/current/production_adapters.py:1338	out-of-scope	ticket_plan.yaml:648-658	none mapped	unrepresented	out_of_scope_lexical_inventory		INFERRED exact-path scope; source not read
1145	lexical hit not semantically classified: cwd=target_repo, text=True, capture_output=True, check=False, timeout=180,	specs/current/production_adapters.py:1487	out-of-scope	ticket_plan.yaml:648-658	none mapped	unrepresented	out_of_scope_lexical_inventory		INFERRED exact-path scope; source not read
1146	lexical hit not semantically classified: cwd=target_repo, text=True, capture_output=True, check=False, timeout=180,	specs/current/production_adapters.py:1608	out-of-scope	ticket_plan.yaml:648-658	none mapped	unrepresented	out_of_scope_lexical_inventory		INFERRED exact-path scope; source not read
1147	lexical hit not semantically classified: timeout=180,	specs/current/production_adapters.py:1742	out-of-scope	ticket_plan.yaml:648-658	none mapped	unrepresented	out_of_scope_lexical_inventory		INFERRED exact-path scope; source not read
1148	lexical hit not semantically classified: *     dependsOn/tags/timeout/etc on top of what the script self-declared).	specs/tickets/MF-027/results/graph-reports/specWorkflow-20260719-194428-2cebfb33/cleanup-failure-probe-test-graph/build-logic/src/main/kotlin/com/hayden/testgraphsdk/GraphAssembler.kt:9	out-of-scope	ticket_plan.yaml:648-658	none mapped	unrepresented	out_of_scope_lexical_inventory		INFERRED exact-path scope; source not read
1149	"lexical hit not semantically classified: timeout = MiniJson.str(root[""timeout""]) ?: ""60s"","	specs/tickets/MF-027/results/graph-reports/specWorkflow-20260719-194428-2cebfb33/cleanup-failure-probe-test-graph/build-logic/src/main/kotlin/com/hayden/testgraphsdk/NodeDescribeLoader.kt:87	out-of-scope	ticket_plan.yaml:648-658	none mapped	unrepresented	out_of_scope_lexical_inventory		INFERRED exact-path scope; source not read
1150	lexical hit not semantically classified: *   - Scalars (timeout, cacheable) — OVERRIDE if set here; otherwise keep script's.	specs/tickets/MF-027/results/graph-reports/specWorkflow-20260719-194428-2cebfb33/cleanup-failure-probe-test-graph/build-logic/src/main/kotlin/com/hayden/testgraphsdk/TestGraphSpec.kt:13	out-of-scope	ticket_plan.yaml:648-658	none mapped	unrepresented	out_of_scope_lexical_inventory		INFERRED exact-path scope; source not read
1151	lexical hit not semantically classified: fun timeout(v: String): NodeOverlay { timeoutOverride = v; return this }	specs/tickets/MF-027/results/graph-reports/specWorkflow-20260719-194428-2cebfb33/cleanup-failure-probe-test-graph/build-logic/src/main/kotlin/com/hayden/testgraphsdk/TestGraphSpec.kt:30	out-of-scope	ticket_plan.yaml:648-658	none mapped	unrepresented	out_of_scope_lexical_inventory		INFERRED exact-path scope; source not read
1152	lexical hit not semantically classified: timeout = timeoutOverride ?: spec.timeout,	specs/tickets/MF-027/results/graph-reports/specWorkflow-20260719-194428-2cebfb33/cleanup-failure-probe-test-graph/build-logic/src/main/kotlin/com/hayden/testgraphsdk/TestGraphSpec.kt:39	out-of-scope	ticket_plan.yaml:648-658	none mapped	unrepresented	out_of_scope_lexical_inventory		INFERRED exact-path scope; source not read
1153	lexical hit not semantically classified: *    deps/tags/timeout on top of what the script self-declares)	specs/tickets/MF-027/results/graph-reports/specWorkflow-20260719-194428-2cebfb33/cleanup-failure-probe-test-graph/build-logic/src/main/kotlin/com/hayden/testgraphsdk/TestGraphSpec.kt:51	out-of-scope	ticket_plan.yaml:648-658	none mapped	unrepresented	out_of_scope_lexical_inventory		INFERRED exact-path scope; source not read
1154	lexical hit not semantically classified: * `.dependsOn(...)`, `.tags(...)`, `.timeout(...)`, etc. on.	specs/tickets/MF-027/results/graph-reports/specWorkflow-20260719-194428-2cebfb33/cleanup-failure-probe-test-graph/build-logic/src/main/kotlin/com/hayden/testgraphsdk/TestGraphSpec.kt:65	out-of-scope	ticket_plan.yaml:648-658	none mapped	unrepresented	out_of_scope_lexical_inventory		INFERRED exact-path scope; source not read
1155	"lexical hit not semantically classified: val timeout: String = ""60s"","	specs/tickets/MF-027/results/graph-reports/specWorkflow-20260719-194428-2cebfb33/cleanup-failure-probe-test-graph/build-logic/src/main/kotlin/com/hayden/testgraphsdk/ValidationNodeSpec.kt:16	out-of-scope	ticket_plan.yaml:648-658	none mapped	unrepresented	out_of_scope_lexical_inventory		INFERRED exact-path scope; source not read
1156	"lexical hit not semantically classified: * exceeds its [timeout]. Default 0 means ""fail fast on first timeout""."	specs/tickets/MF-027/results/graph-reports/specWorkflow-20260719-194428-2cebfb33/cleanup-failure-probe-test-graph/build-logic/src/main/kotlin/com/hayden/testgraphsdk/ValidationNodeSpec.kt:19	out-of-scope	ticket_plan.yaml:648-658	none mapped	unrepresented	out_of_scope_lexical_inventory		INFERRED exact-path scope; source not read
1157	lexical hit not semantically classified: * Retries trigger ONLY on a timeout outcome — a body-returned	specs/tickets/MF-027/results/graph-reports/specWorkflow-20260719-194428-2cebfb33/cleanup-failure-probe-test-graph/build-logic/src/main/kotlin/com/hayden/testgraphsdk/ValidationNodeSpec.kt:20	out-of-scope	ticket_plan.yaml:648-658	none mapped	unrepresented	out_of_scope_lexical_inventory		INFERRED exact-path scope; source not read
1158	lexical hit not semantically classified: * timeout [retries], which are automatic executor attempts.	specs/tickets/MF-027/results/graph-reports/specWorkflow-20260719-194428-2cebfb33/cleanup-failure-probe-test-graph/build-logic/src/main/kotlin/com/hayden/testgraphsdk/ValidationNodeSpec.kt:29	out-of-scope	ticket_plan.yaml:648-658	none mapped	unrepresented	out_of_scope_lexical_inventory		INFERRED exact-path scope; source not read
1159	lexical hit not semantically classified: * [ValidationNodeSpec.timeout] by `PlanExecutor`. Executors enforce	specs/tickets/MF-027/results/graph-reports/specWorkflow-20260719-194428-2cebfb33/cleanup-failure-probe-test-graph/build-logic/src/main/kotlin/com/hayden/testgraphsdk/exec/Executors.kt:41	out-of-scope	ticket_plan.yaml:648-658	none mapped	unrepresented	out_of_scope_lexical_inventory		INFERRED exact-path scope; source not read
1160	lexical hit not semantically classified: * timeout is.	specs/tickets/MF-027/results/graph-reports/specWorkflow-20260719-194428-2cebfb33/cleanup-failure-probe-test-graph/build-logic/src/main/kotlin/com/hayden/testgraphsdk/exec/Executors.kt:54	out-of-scope	ticket_plan.yaml:648-658	none mapped	unrepresented	out_of_scope_lexical_inventory		INFERRED exact-path scope; source not read
1161	lexical hit not semantically classified: * by every concrete [ValidationExecutor] so the timeout-enforcement	specs/tickets/MF-027/results/graph-reports/specWorkflow-20260719-194428-2cebfb33/cleanup-failure-probe-test-graph/build-logic/src/main/kotlin/com/hayden/testgraphsdk/exec/Executors.kt:91	out-of-scope	ticket_plan.yaml:648-658	none mapped	unrepresented	out_of_scope_lexical_inventory		INFERRED exact-path scope; source not read
1162	lexical hit not semantically classified: val timeoutMillis = TimeoutParser.parseMillis(spec.timeout)	specs/tickets/MF-027/results/graph-reports/specWorkflow-20260719-194428-2cebfb33/cleanup-failure-probe-test-graph/build-logic/src/main/kotlin/com/hayden/testgraphsdk/exec/PlanExecutor.kt:134	out-of-scope	ticket_plan.yaml:648-658	none mapped	unrepresented	out_of_scope_lexical_inventory		INFERRED exact-path scope; source not read
1163	"lexical hit not semantically classified: ""    retry ${attempt - 1}/${spec.retries} after timeout — "" +"	specs/tickets/MF-027/results/graph-reports/specWorkflow-20260719-194428-2cebfb33/cleanup-failure-probe-test-graph/build-logic/src/main/kotlin/com/hayden/testgraphsdk/exec/PlanExecutor.kt:143	out-of-scope	ticket_plan.yaml:648-658	none mapped	unrepresented	out_of_scope_lexical_inventory		INFERRED exact-path scope; source not read
1164	"lexical hit not semantically classified: ""previous attempt exceeded ${spec.timeout}"""	specs/tickets/MF-027/results/graph-reports/specWorkflow-20260719-194428-2cebfb33/cleanup-failure-probe-test-graph/build-logic/src/main/kotlin/com/hayden/testgraphsdk/exec/PlanExecutor.kt:144	out-of-scope	ticket_plan.yaml:648-658	none mapped	unrepresented	out_of_scope_lexical_inventory		INFERRED exact-path scope; source not read
1165	"lexical hit not semantically classified: *   0. executor reported a timeout → synthesize an ""errored"""	specs/tickets/MF-027/results/graph-reports/specWorkflow-20260719-194428-2cebfb33/cleanup-failure-probe-test-graph/build-logic/src/main/kotlin/com/hayden/testgraphsdk/exec/PlanExecutor.kt:308	out-of-scope	ticket_plan.yaml:648-658	none mapped	unrepresented	out_of_scope_lexical_inventory		INFERRED exact-path scope; source not read
1166	"lexical hit not semantically classified: ""node timed out after ${spec.timeout}$attemptsClause; "" +"	specs/tickets/MF-027/results/graph-reports/specWorkflow-20260719-194428-2cebfb33/cleanup-failure-probe-test-graph/build-logic/src/main/kotlin/com/hayden/testgraphsdk/exec/PlanExecutor.kt:341	out-of-scope	ticket_plan.yaml:648-658	none mapped	unrepresented	out_of_scope_lexical_inventory		INFERRED exact-path scope; source not read
1167	lexical hit not semantically classified: * Parses the `NodeSpec.timeout(...)` string into milliseconds.	specs/tickets/MF-027/results/graph-reports/specWorkflow-20260719-194428-2cebfb33/cleanup-failure-probe-test-graph/build-logic/src/main/kotlin/com/hayden/testgraphsdk/exec/TimeoutParser.kt:4	out-of-scope	ticket_plan.yaml:648-658	none mapped	unrepresented	out_of_scope_lexical_inventory		INFERRED exact-path scope; source not read
1168	"lexical hit not semantically classified: private String timeout = ""60s"";"	specs/tickets/MF-027/results/graph-reports/specWorkflow-20260719-194428-2cebfb33/cleanup-failure-probe-test-graph/sdk/java/src/main/java/com/hayden/testgraphsdk/sdk/NodeSpec.java:30	out-of-scope	ticket_plan.yaml:648-658	none mapped	unrepresented	out_of_scope_lexical_inventory		INFERRED exact-path scope; source not read
1169	lexical hit not semantically classified: public NodeSpec timeout(String v)                { this.timeout = v; return this; }	specs/tickets/MF-027/results/graph-reports/specWorkflow-20260719-194428-2cebfb33/cleanup-failure-probe-test-graph/sdk/java/src/main/java/com/hayden/testgraphsdk/sdk/NodeSpec.java:48	out-of-scope	ticket_plan.yaml:648-658	none mapped	unrepresented	out_of_scope_lexical_inventory		INFERRED exact-path scope; source not read
1170	lexical hit not semantically classified: * spawned node-process exceeds {@link #timeout(String)}. Default 0 —	specs/tickets/MF-027/results/graph-reports/specWorkflow-20260719-194428-2cebfb33/cleanup-failure-probe-test-graph/sdk/java/src/main/java/com/hayden/testgraphsdk/sdk/NodeSpec.java:51	out-of-scope	ticket_plan.yaml:648-658	none mapped	unrepresented	out_of_scope_lexical_inventory		INFERRED exact-path scope; source not read
1171	lexical hit not semantically classified: * fail fast on the first timeout. Anything {@code > 0} only kicks in	specs/tickets/MF-027/results/graph-reports/specWorkflow-20260719-194428-2cebfb33/cleanup-failure-probe-test-graph/sdk/java/src/main/java/com/hayden/testgraphsdk/sdk/NodeSpec.java:52	out-of-scope	ticket_plan.yaml:648-658	none mapped	unrepresented	out_of_scope_lexical_inventory		INFERRED exact-path scope; source not read
1172	lexical hit not semantically classified: * <p>Retries trigger only on a timeout outcome from the executor;	specs/tickets/MF-027/results/graph-reports/specWorkflow-20260719-194428-2cebfb33/cleanup-failure-probe-test-graph/sdk/java/src/main/java/com/hayden/testgraphsdk/sdk/NodeSpec.java:57	out-of-scope	ticket_plan.yaml:648-658	none mapped	unrepresented	out_of_scope_lexical_inventory		INFERRED exact-path scope; source not read
1173	lexical hit not semantically classified: * non-timeout exit code) is final on the first attempt.	specs/tickets/MF-027/results/graph-reports/specWorkflow-20260719-194428-2cebfb33/cleanup-failure-probe-test-graph/sdk/java/src/main/java/com/hayden/testgraphsdk/sdk/NodeSpec.java:59	out-of-scope	ticket_plan.yaml:648-658	none mapped	unrepresented	out_of_scope_lexical_inventory		INFERRED exact-path scope; source not read
1174	"lexical hit not semantically classified: out.put(""timeout"", timeout);"	specs/tickets/MF-027/results/graph-reports/specWorkflow-20260719-194428-2cebfb33/cleanup-failure-probe-test-graph/sdk/java/src/main/java/com/hayden/testgraphsdk/sdk/NodeSpec.java:101	out-of-scope	ticket_plan.yaml:648-658	none mapped	unrepresented	out_of_scope_lexical_inventory		INFERRED exact-path scope; source not read
1175	"lexical hit not semantically classified: def timeout(self, v: str) -> ""NodeSpec"":"	specs/tickets/MF-027/results/graph-reports/specWorkflow-20260719-194428-2cebfb33/cleanup-failure-probe-test-graph/sdk/python/src/testgraphsdk/node_spec.py:48	out-of-scope	ticket_plan.yaml:648-658	none mapped	unrepresented	out_of_scope_lexical_inventory		INFERRED exact-path scope; source not read
1176	"lexical hit not semantically classified: """"""Extra attempts the executor makes on a timeout outcome."	specs/tickets/MF-027/results/graph-reports/specWorkflow-20260719-194428-2cebfb33/cleanup-failure-probe-test-graph/sdk/python/src/testgraphsdk/node_spec.py:53	out-of-scope	ticket_plan.yaml:648-658	none mapped	unrepresented	out_of_scope_lexical_inventory		INFERRED exact-path scope; source not read
1177	lexical hit not semantically classified: Default 0 — fail fast on the first timeout. Only set ``> 0`` for	specs/tickets/MF-027/results/graph-reports/specWorkflow-20260719-194428-2cebfb33/cleanup-failure-probe-test-graph/sdk/python/src/testgraphsdk/node_spec.py:55	out-of-scope	ticket_plan.yaml:648-658	none mapped	unrepresented	out_of_scope_lexical_inventory		INFERRED exact-path scope; source not read
1178	lexical hit not semantically classified: orphaned state on retry. Triggers only on timeout, never on a	specs/tickets/MF-027/results/graph-reports/specWorkflow-20260719-194428-2cebfb33/cleanup-failure-probe-test-graph/sdk/python/src/testgraphsdk/node_spec.py:58	out-of-scope	ticket_plan.yaml:648-658	none mapped	unrepresented	out_of_scope_lexical_inventory		INFERRED exact-path scope; source not read
1179	"lexical hit not semantically classified: ""timeout"": self._timeout,"	specs/tickets/MF-027/results/graph-reports/specWorkflow-20260719-194428-2cebfb33/cleanup-failure-probe-test-graph/sdk/python/src/testgraphsdk/node_spec.py:110	out-of-scope	ticket_plan.yaml:648-658	none mapped	unrepresented	out_of_scope_lexical_inventory		INFERRED exact-path scope; source not read
1180	"lexical hit not semantically classified: .timeout(""30s"")"	specs/tickets/MF-027/results/graph-reports/specWorkflow-20260719-194428-2cebfb33/cleanup-failure-probe-test-graph/sources/spec_workflow_cleanup.py:21	out-of-scope	ticket_plan.yaml:648-658	none mapped	unrepresented	out_of_scope_lexical_inventory		INFERRED exact-path scope; source not read
1181	"lexical hit not semantically classified: .timeout(""60s"")"	specs/tickets/MF-027/results/graph-reports/specWorkflow-20260719-194428-2cebfb33/cleanup-failure-probe-test-graph/sources/spec_workflow_close_ticket.py:23	out-of-scope	ticket_plan.yaml:648-658	none mapped	unrepresented	out_of_scope_lexical_inventory		INFERRED exact-path scope; source not read
1182	"lexical hit not semantically classified: .timeout(""60s"")"	specs/tickets/MF-027/results/graph-reports/specWorkflow-20260719-194428-2cebfb33/cleanup-failure-probe-test-graph/sources/spec_workflow_complete_ticket.py:20	out-of-scope	ticket_plan.yaml:648-658	none mapped	unrepresented	out_of_scope_lexical_inventory		INFERRED exact-path scope; source not read
1183	"lexical hit not semantically classified: .timeout(""60s"")"	specs/tickets/MF-027/results/graph-reports/specWorkflow-20260719-194428-2cebfb33/cleanup-failure-probe-test-graph/sources/spec_workflow_create_repo.py:21	out-of-scope	ticket_plan.yaml:648-658	none mapped	unrepresented	out_of_scope_lexical_inventory		INFERRED exact-path scope; source not read
1184	"lexical hit not semantically classified: .timeout(""180s"")"	specs/tickets/MF-027/results/graph-reports/specWorkflow-20260719-194428-2cebfb33/cleanup-failure-probe-test-graph/sources/spec_workflow_failure_cleanup_probe.py:23	out-of-scope	ticket_plan.yaml:648-658	none mapped	unrepresented	out_of_scope_lexical_inventory		INFERRED exact-path scope; source not read
1185	"lexical hit not semantically classified: .timeout(""30s"")"	specs/tickets/MF-027/results/graph-reports/specWorkflow-20260719-194428-2cebfb33/cleanup-failure-probe-test-graph/sources/spec_workflow_force_failure.py:20	out-of-scope	ticket_plan.yaml:648-658	none mapped	unrepresented	out_of_scope_lexical_inventory		INFERRED exact-path scope; source not read
1186	"lexical hit not semantically classified: .timeout(""60s"")"	specs/tickets/MF-027/results/graph-reports/specWorkflow-20260719-194428-2cebfb33/cleanup-failure-probe-test-graph/sources/spec_workflow_spec_units.py:20	out-of-scope	ticket_plan.yaml:648-658	none mapped	unrepresented	out_of_scope_lexical_inventory		INFERRED exact-path scope; source not read
1187	"lexical hit not semantically classified: .timeout(""60s"")"	specs/tickets/MF-027/results/graph-reports/specWorkflow-20260719-194428-2cebfb33/cleanup-failure-probe-test-graph/sources/spec_workflow_start_ticket.py:19	out-of-scope	ticket_plan.yaml:648-658	none mapped	unrepresented	out_of_scope_lexical_inventory		INFERRED exact-path scope; source not read
1188	"lexical hit not semantically classified: .timeout(""60s"")"	specs/tickets/MF-027/results/graph-reports/specWorkflow-20260719-194428-2cebfb33/cleanup-failure-probe-test-graph/sources/tla_spec_dev_cli_help.py:20	out-of-scope	ticket_plan.yaml:648-658	none mapped	unrepresented	out_of_scope_lexical_inventory		INFERRED exact-path scope; source not read
1189	"lexical hit not semantically classified: .timeout(""60s"")"	specs/tickets/MF-027/results/graph-reports/specWorkflow-20260719-194428-2cebfb33/cleanup-failure-probe-test-graph/sources/tla_spec_dev_cli_install.py:20	out-of-scope	ticket_plan.yaml:648-658	none mapped	unrepresented	out_of_scope_lexical_inventory		INFERRED exact-path scope; source not read
1190	lexical hit not semantically classified: *     dependsOn/tags/timeout/etc on top of what the script self-declared).	specs/tickets/MF-027/results/graph-reports/specWorkflow-20260719-195414-d28e3b52/cleanup-failure-probe-test-graph/build-logic/src/main/kotlin/com/hayden/testgraphsdk/GraphAssembler.kt:9	out-of-scope	ticket_plan.yaml:648-658	none mapped	unrepresented	out_of_scope_lexical_inventory		INFERRED exact-path scope; source not read
1191	"lexical hit not semantically classified: timeout = MiniJson.str(root[""timeout""]) ?: ""60s"","	specs/tickets/MF-027/results/graph-reports/specWorkflow-20260719-195414-d28e3b52/cleanup-failure-probe-test-graph/build-logic/src/main/kotlin/com/hayden/testgraphsdk/NodeDescribeLoader.kt:87	out-of-scope	ticket_plan.yaml:648-658	none mapped	unrepresented	out_of_scope_lexical_inventory		INFERRED exact-path scope; source not read
1192	lexical hit not semantically classified: *   - Scalars (timeout, cacheable) — OVERRIDE if set here; otherwise keep script's.	specs/tickets/MF-027/results/graph-reports/specWorkflow-20260719-195414-d28e3b52/cleanup-failure-probe-test-graph/build-logic/src/main/kotlin/com/hayden/testgraphsdk/TestGraphSpec.kt:13	out-of-scope	ticket_plan.yaml:648-658	none mapped	unrepresented	out_of_scope_lexical_inventory		INFERRED exact-path scope; source not read
1193	lexical hit not semantically classified: fun timeout(v: String): NodeOverlay { timeoutOverride = v; return this }	specs/tickets/MF-027/results/graph-reports/specWorkflow-20260719-195414-d28e3b52/cleanup-failure-probe-test-graph/build-logic/src/main/kotlin/com/hayden/testgraphsdk/TestGraphSpec.kt:30	out-of-scope	ticket_plan.yaml:648-658	none mapped	unrepresented	out_of_scope_lexical_inventory		INFERRED exact-path scope; source not read
1194	lexical hit not semantically classified: timeout = timeoutOverride ?: spec.timeout,	specs/tickets/MF-027/results/graph-reports/specWorkflow-20260719-195414-d28e3b52/cleanup-failure-probe-test-graph/build-logic/src/main/kotlin/com/hayden/testgraphsdk/TestGraphSpec.kt:39	out-of-scope	ticket_plan.yaml:648-658	none mapped	unrepresented	out_of_scope_lexical_inventory		INFERRED exact-path scope; source not read
1195	lexical hit not semantically classified: *    deps/tags/timeout on top of what the script self-declares)	specs/tickets/MF-027/results/graph-reports/specWorkflow-20260719-195414-d28e3b52/cleanup-failure-probe-test-graph/build-logic/src/main/kotlin/com/hayden/testgraphsdk/TestGraphSpec.kt:51	out-of-scope	ticket_plan.yaml:648-658	none mapped	unrepresented	out_of_scope_lexical_inventory		INFERRED exact-path scope; source not read
1196	lexical hit not semantically classified: * `.dependsOn(...)`, `.tags(...)`, `.timeout(...)`, etc. on.	specs/tickets/MF-027/results/graph-reports/specWorkflow-20260719-195414-d28e3b52/cleanup-failure-probe-test-graph/build-logic/src/main/kotlin/com/hayden/testgraphsdk/TestGraphSpec.kt:65	out-of-scope	ticket_plan.yaml:648-658	none mapped	unrepresented	out_of_scope_lexical_inventory		INFERRED exact-path scope; source not read
1197	"lexical hit not semantically classified: val timeout: String = ""60s"","	specs/tickets/MF-027/results/graph-reports/specWorkflow-20260719-195414-d28e3b52/cleanup-failure-probe-test-graph/build-logic/src/main/kotlin/com/hayden/testgraphsdk/ValidationNodeSpec.kt:16	out-of-scope	ticket_plan.yaml:648-658	none mapped	unrepresented	out_of_scope_lexical_inventory		INFERRED exact-path scope; source not read
1198	"lexical hit not semantically classified: * exceeds its [timeout]. Default 0 means ""fail fast on first timeout""."	specs/tickets/MF-027/results/graph-reports/specWorkflow-20260719-195414-d28e3b52/cleanup-failure-probe-test-graph/build-logic/src/main/kotlin/com/hayden/testgraphsdk/ValidationNodeSpec.kt:19	out-of-scope	ticket_plan.yaml:648-658	none mapped	unrepresented	out_of_scope_lexical_inventory		INFERRED exact-path scope; source not read
1199	lexical hit not semantically classified: * Retries trigger ONLY on a timeout outcome — a body-returned	specs/tickets/MF-027/results/graph-reports/specWorkflow-20260719-195414-d28e3b52/cleanup-failure-probe-test-graph/build-logic/src/main/kotlin/com/hayden/testgraphsdk/ValidationNodeSpec.kt:20	out-of-scope	ticket_plan.yaml:648-658	none mapped	unrepresented	out_of_scope_lexical_inventory		INFERRED exact-path scope; source not read
1200	lexical hit not semantically classified: * timeout [retries], which are automatic executor attempts.	specs/tickets/MF-027/results/graph-reports/specWorkflow-20260719-195414-d28e3b52/cleanup-failure-probe-test-graph/build-logic/src/main/kotlin/com/hayden/testgraphsdk/ValidationNodeSpec.kt:29	out-of-scope	ticket_plan.yaml:648-658	none mapped	unrepresented	out_of_scope_lexical_inventory		INFERRED exact-path scope; source not read
1201	lexical hit not semantically classified: * [ValidationNodeSpec.timeout] by `PlanExecutor`. Executors enforce	specs/tickets/MF-027/results/graph-reports/specWorkflow-20260719-195414-d28e3b52/cleanup-failure-probe-test-graph/build-logic/src/main/kotlin/com/hayden/testgraphsdk/exec/Executors.kt:41	out-of-scope	ticket_plan.yaml:648-658	none mapped	unrepresented	out_of_scope_lexical_inventory		INFERRED exact-path scope; source not read
1202	lexical hit not semantically classified: * timeout is.	specs/tickets/MF-027/results/graph-reports/specWorkflow-20260719-195414-d28e3b52/cleanup-failure-probe-test-graph/build-logic/src/main/kotlin/com/hayden/testgraphsdk/exec/Executors.kt:54	out-of-scope	ticket_plan.yaml:648-658	none mapped	unrepresented	out_of_scope_lexical_inventory		INFERRED exact-path scope; source not read
1203	lexical hit not semantically classified: * by every concrete [ValidationExecutor] so the timeout-enforcement	specs/tickets/MF-027/results/graph-reports/specWorkflow-20260719-195414-d28e3b52/cleanup-failure-probe-test-graph/build-logic/src/main/kotlin/com/hayden/testgraphsdk/exec/Executors.kt:91	out-of-scope	ticket_plan.yaml:648-658	none mapped	unrepresented	out_of_scope_lexical_inventory		INFERRED exact-path scope; source not read
1204	lexical hit not semantically classified: val timeoutMillis = TimeoutParser.parseMillis(spec.timeout)	specs/tickets/MF-027/results/graph-reports/specWorkflow-20260719-195414-d28e3b52/cleanup-failure-probe-test-graph/build-logic/src/main/kotlin/com/hayden/testgraphsdk/exec/PlanExecutor.kt:134	out-of-scope	ticket_plan.yaml:648-658	none mapped	unrepresented	out_of_scope_lexical_inventory		INFERRED exact-path scope; source not read
1205	"lexical hit not semantically classified: ""    retry ${attempt - 1}/${spec.retries} after timeout — "" +"	specs/tickets/MF-027/results/graph-reports/specWorkflow-20260719-195414-d28e3b52/cleanup-failure-probe-test-graph/build-logic/src/main/kotlin/com/hayden/testgraphsdk/exec/PlanExecutor.kt:143	out-of-scope	ticket_plan.yaml:648-658	none mapped	unrepresented	out_of_scope_lexical_inventory		INFERRED exact-path scope; source not read
1206	"lexical hit not semantically classified: ""previous attempt exceeded ${spec.timeout}"""	specs/tickets/MF-027/results/graph-reports/specWorkflow-20260719-195414-d28e3b52/cleanup-failure-probe-test-graph/build-logic/src/main/kotlin/com/hayden/testgraphsdk/exec/PlanExecutor.kt:144	out-of-scope	ticket_plan.yaml:648-658	none mapped	unrepresented	out_of_scope_lexical_inventory		INFERRED exact-path scope; source not read
1207	"lexical hit not semantically classified: *   0. executor reported a timeout → synthesize an ""errored"""	specs/tickets/MF-027/results/graph-reports/specWorkflow-20260719-195414-d28e3b52/cleanup-failure-probe-test-graph/build-logic/src/main/kotlin/com/hayden/testgraphsdk/exec/PlanExecutor.kt:308	out-of-scope	ticket_plan.yaml:648-658	none mapped	unrepresented	out_of_scope_lexical_inventory		INFERRED exact-path scope; source not read
1208	"lexical hit not semantically classified: ""node timed out after ${spec.timeout}$attemptsClause; "" +"	specs/tickets/MF-027/results/graph-reports/specWorkflow-20260719-195414-d28e3b52/cleanup-failure-probe-test-graph/build-logic/src/main/kotlin/com/hayden/testgraphsdk/exec/PlanExecutor.kt:341	out-of-scope	ticket_plan.yaml:648-658	none mapped	unrepresented	out_of_scope_lexical_inventory		INFERRED exact-path scope; source not read
1209	lexical hit not semantically classified: * Parses the `NodeSpec.timeout(...)` string into milliseconds.	specs/tickets/MF-027/results/graph-reports/specWorkflow-20260719-195414-d28e3b52/cleanup-failure-probe-test-graph/build-logic/src/main/kotlin/com/hayden/testgraphsdk/exec/TimeoutParser.kt:4	out-of-scope	ticket_plan.yaml:648-658	none mapped	unrepresented	out_of_scope_lexical_inventory		INFERRED exact-path scope; source not read
1210	"lexical hit not semantically classified: private String timeout = ""60s"";"	specs/tickets/MF-027/results/graph-reports/specWorkflow-20260719-195414-d28e3b52/cleanup-failure-probe-test-graph/sdk/java/src/main/java/com/hayden/testgraphsdk/sdk/NodeSpec.java:30	out-of-scope	ticket_plan.yaml:648-658	none mapped	unrepresented	out_of_scope_lexical_inventory		INFERRED exact-path scope; source not read
1211	lexical hit not semantically classified: public NodeSpec timeout(String v)                { this.timeout = v; return this; }	specs/tickets/MF-027/results/graph-reports/specWorkflow-20260719-195414-d28e3b52/cleanup-failure-probe-test-graph/sdk/java/src/main/java/com/hayden/testgraphsdk/sdk/NodeSpec.java:48	out-of-scope	ticket_plan.yaml:648-658	none mapped	unrepresented	out_of_scope_lexical_inventory		INFERRED exact-path scope; source not read
1212	lexical hit not semantically classified: * spawned node-process exceeds {@link #timeout(String)}. Default 0 —	specs/tickets/MF-027/results/graph-reports/specWorkflow-20260719-195414-d28e3b52/cleanup-failure-probe-test-graph/sdk/java/src/main/java/com/hayden/testgraphsdk/sdk/NodeSpec.java:51	out-of-scope	ticket_plan.yaml:648-658	none mapped	unrepresented	out_of_scope_lexical_inventory		INFERRED exact-path scope; source not read
1213	lexical hit not semantically classified: * fail fast on the first timeout. Anything {@code > 0} only kicks in	specs/tickets/MF-027/results/graph-reports/specWorkflow-20260719-195414-d28e3b52/cleanup-failure-probe-test-graph/sdk/java/src/main/java/com/hayden/testgraphsdk/sdk/NodeSpec.java:52	out-of-scope	ticket_plan.yaml:648-658	none mapped	unrepresented	out_of_scope_lexical_inventory		INFERRED exact-path scope; source not read
1214	lexical hit not semantically classified: * <p>Retries trigger only on a timeout outcome from the executor;	specs/tickets/MF-027/results/graph-reports/specWorkflow-20260719-195414-d28e3b52/cleanup-failure-probe-test-graph/sdk/java/src/main/java/com/hayden/testgraphsdk/sdk/NodeSpec.java:57	out-of-scope	ticket_plan.yaml:648-658	none mapped	unrepresented	out_of_scope_lexical_inventory		INFERRED exact-path scope; source not read
1215	lexical hit not semantically classified: * non-timeout exit code) is final on the first attempt.	specs/tickets/MF-027/results/graph-reports/specWorkflow-20260719-195414-d28e3b52/cleanup-failure-probe-test-graph/sdk/java/src/main/java/com/hayden/testgraphsdk/sdk/NodeSpec.java:59	out-of-scope	ticket_plan.yaml:648-658	none mapped	unrepresented	out_of_scope_lexical_inventory		INFERRED exact-path scope; source not read
1216	"lexical hit not semantically classified: out.put(""timeout"", timeout);"	specs/tickets/MF-027/results/graph-reports/specWorkflow-20260719-195414-d28e3b52/cleanup-failure-probe-test-graph/sdk/java/src/main/java/com/hayden/testgraphsdk/sdk/NodeSpec.java:101	out-of-scope	ticket_plan.yaml:648-658	none mapped	unrepresented	out_of_scope_lexical_inventory		INFERRED exact-path scope; source not read
1217	"lexical hit not semantically classified: def timeout(self, v: str) -> ""NodeSpec"":"	specs/tickets/MF-027/results/graph-reports/specWorkflow-20260719-195414-d28e3b52/cleanup-failure-probe-test-graph/sdk/python/src/testgraphsdk/node_spec.py:48	out-of-scope	ticket_plan.yaml:648-658	none mapped	unrepresented	out_of_scope_lexical_inventory		INFERRED exact-path scope; source not read
1218	"lexical hit not semantically classified: """"""Extra attempts the executor makes on a timeout outcome."	specs/tickets/MF-027/results/graph-reports/specWorkflow-20260719-195414-d28e3b52/cleanup-failure-probe-test-graph/sdk/python/src/testgraphsdk/node_spec.py:53	out-of-scope	ticket_plan.yaml:648-658	none mapped	unrepresented	out_of_scope_lexical_inventory		INFERRED exact-path scope; source not read
1219	lexical hit not semantically classified: Default 0 — fail fast on the first timeout. Only set ``> 0`` for	specs/tickets/MF-027/results/graph-reports/specWorkflow-20260719-195414-d28e3b52/cleanup-failure-probe-test-graph/sdk/python/src/testgraphsdk/node_spec.py:55	out-of-scope	ticket_plan.yaml:648-658	none mapped	unrepresented	out_of_scope_lexical_inventory		INFERRED exact-path scope; source not read
1220	lexical hit not semantically classified: orphaned state on retry. Triggers only on timeout, never on a	specs/tickets/MF-027/results/graph-reports/specWorkflow-20260719-195414-d28e3b52/cleanup-failure-probe-test-graph/sdk/python/src/testgraphsdk/node_spec.py:58	out-of-scope	ticket_plan.yaml:648-658	none mapped	unrepresented	out_of_scope_lexical_inventory		INFERRED exact-path scope; source not read
1221	"lexical hit not semantically classified: ""timeout"": self._timeout,"	specs/tickets/MF-027/results/graph-reports/specWorkflow-20260719-195414-d28e3b52/cleanup-failure-probe-test-graph/sdk/python/src/testgraphsdk/node_spec.py:110	out-of-scope	ticket_plan.yaml:648-658	none mapped	unrepresented	out_of_scope_lexical_inventory		INFERRED exact-path scope; source not read
1222	"lexical hit not semantically classified: .timeout(""30s"")"	specs/tickets/MF-027/results/graph-reports/specWorkflow-20260719-195414-d28e3b52/cleanup-failure-probe-test-graph/sources/spec_workflow_cleanup.py:21	out-of-scope	ticket_plan.yaml:648-658	none mapped	unrepresented	out_of_scope_lexical_inventory		INFERRED exact-path scope; source not read
1223	"lexical hit not semantically classified: .timeout(""60s"")"	specs/tickets/MF-027/results/graph-reports/specWorkflow-20260719-195414-d28e3b52/cleanup-failure-probe-test-graph/sources/spec_workflow_close_ticket.py:23	out-of-scope	ticket_plan.yaml:648-658	none mapped	unrepresented	out_of_scope_lexical_inventory		INFERRED exact-path scope; source not read
1224	"lexical hit not semantically classified: .timeout(""60s"")"	specs/tickets/MF-027/results/graph-reports/specWorkflow-20260719-195414-d28e3b52/cleanup-failure-probe-test-graph/sources/spec_workflow_complete_ticket.py:20	out-of-scope	ticket_plan.yaml:648-658	none mapped	unrepresented	out_of_scope_lexical_inventory		INFERRED exact-path scope; source not read
1225	"lexical hit not semantically classified: .timeout(""60s"")"	specs/tickets/MF-027/results/graph-reports/specWorkflow-20260719-195414-d28e3b52/cleanup-failure-probe-test-graph/sources/spec_workflow_create_repo.py:21	out-of-scope	ticket_plan.yaml:648-658	none mapped	unrepresented	out_of_scope_lexical_inventory		INFERRED exact-path scope; source not read
1226	"lexical hit not semantically classified: .timeout(""180s"")"	specs/tickets/MF-027/results/graph-reports/specWorkflow-20260719-195414-d28e3b52/cleanup-failure-probe-test-graph/sources/spec_workflow_failure_cleanup_probe.py:23	out-of-scope	ticket_plan.yaml:648-658	none mapped	unrepresented	out_of_scope_lexical_inventory		INFERRED exact-path scope; source not read
1227	"lexical hit not semantically classified: .timeout(""30s"")"	specs/tickets/MF-027/results/graph-reports/specWorkflow-20260719-195414-d28e3b52/cleanup-failure-probe-test-graph/sources/spec_workflow_force_failure.py:20	out-of-scope	ticket_plan.yaml:648-658	none mapped	unrepresented	out_of_scope_lexical_inventory		INFERRED exact-path scope; source not read
1228	"lexical hit not semantically classified: .timeout(""60s"")"	specs/tickets/MF-027/results/graph-reports/specWorkflow-20260719-195414-d28e3b52/cleanup-failure-probe-test-graph/sources/spec_workflow_spec_units.py:20	out-of-scope	ticket_plan.yaml:648-658	none mapped	unrepresented	out_of_scope_lexical_inventory		INFERRED exact-path scope; source not read
1229	"lexical hit not semantically classified: .timeout(""60s"")"	specs/tickets/MF-027/results/graph-reports/specWorkflow-20260719-195414-d28e3b52/cleanup-failure-probe-test-graph/sources/spec_workflow_start_ticket.py:19	out-of-scope	ticket_plan.yaml:648-658	none mapped	unrepresented	out_of_scope_lexical_inventory		INFERRED exact-path scope; source not read
1230	"lexical hit not semantically classified: .timeout(""60s"")"	specs/tickets/MF-027/results/graph-reports/specWorkflow-20260719-195414-d28e3b52/cleanup-failure-probe-test-graph/sources/tla_spec_dev_cli_help.py:20	out-of-scope	ticket_plan.yaml:648-658	none mapped	unrepresented	out_of_scope_lexical_inventory		INFERRED exact-path scope; source not read
1231	"lexical hit not semantically classified: .timeout(""60s"")"	specs/tickets/MF-027/results/graph-reports/specWorkflow-20260719-195414-d28e3b52/cleanup-failure-probe-test-graph/sources/tla_spec_dev_cli_install.py:20	out-of-scope	ticket_plan.yaml:648-658	none mapped	unrepresented	out_of_scope_lexical_inventory		INFERRED exact-path scope; source not read
1232	lexical hit not semantically classified: *     dependsOn/tags/timeout/etc on top of what the script self-declared).	test_graph/build-logic/src/main/kotlin/com/hayden/testgraphsdk/GraphAssembler.kt:9	out-of-scope	ticket_plan.yaml:648-658	none mapped	unrepresented	out_of_scope_lexical_inventory		INFERRED exact-path scope; source not read
1233	"lexical hit not semantically classified: timeout = MiniJson.str(root[""timeout""]) ?: ""60s"","	test_graph/build-logic/src/main/kotlin/com/hayden/testgraphsdk/NodeDescribeLoader.kt:87	out-of-scope	ticket_plan.yaml:648-658	none mapped	unrepresented	out_of_scope_lexical_inventory		INFERRED exact-path scope; source not read
1234	lexical hit not semantically classified: *   - Scalars (timeout, cacheable) — OVERRIDE if set here; otherwise keep script's.	test_graph/build-logic/src/main/kotlin/com/hayden/testgraphsdk/TestGraphSpec.kt:13	out-of-scope	ticket_plan.yaml:648-658	none mapped	unrepresented	out_of_scope_lexical_inventory		INFERRED exact-path scope; source not read
1235	lexical hit not semantically classified: fun timeout(v: String): NodeOverlay { timeoutOverride = v; return this }	test_graph/build-logic/src/main/kotlin/com/hayden/testgraphsdk/TestGraphSpec.kt:30	out-of-scope	ticket_plan.yaml:648-658	none mapped	unrepresented	out_of_scope_lexical_inventory		INFERRED exact-path scope; source not read
1236	lexical hit not semantically classified: timeout = timeoutOverride ?: spec.timeout,	test_graph/build-logic/src/main/kotlin/com/hayden/testgraphsdk/TestGraphSpec.kt:39	out-of-scope	ticket_plan.yaml:648-658	none mapped	unrepresented	out_of_scope_lexical_inventory		INFERRED exact-path scope; source not read
1237	lexical hit not semantically classified: *    deps/tags/timeout on top of what the script self-declares)	test_graph/build-logic/src/main/kotlin/com/hayden/testgraphsdk/TestGraphSpec.kt:51	out-of-scope	ticket_plan.yaml:648-658	none mapped	unrepresented	out_of_scope_lexical_inventory		INFERRED exact-path scope; source not read
1238	lexical hit not semantically classified: * `.dependsOn(...)`, `.tags(...)`, `.timeout(...)`, etc. on.	test_graph/build-logic/src/main/kotlin/com/hayden/testgraphsdk/TestGraphSpec.kt:65	out-of-scope	ticket_plan.yaml:648-658	none mapped	unrepresented	out_of_scope_lexical_inventory		INFERRED exact-path scope; source not read
1239	"lexical hit not semantically classified: val timeout: String = ""60s"","	test_graph/build-logic/src/main/kotlin/com/hayden/testgraphsdk/ValidationNodeSpec.kt:16	out-of-scope	ticket_plan.yaml:648-658	none mapped	unrepresented	out_of_scope_lexical_inventory		INFERRED exact-path scope; source not read
1240	"lexical hit not semantically classified: * exceeds its [timeout]. Default 0 means ""fail fast on first timeout""."	test_graph/build-logic/src/main/kotlin/com/hayden/testgraphsdk/ValidationNodeSpec.kt:19	out-of-scope	ticket_plan.yaml:648-658	none mapped	unrepresented	out_of_scope_lexical_inventory		INFERRED exact-path scope; source not read
1241	lexical hit not semantically classified: * Retries trigger ONLY on a timeout outcome — a body-returned	test_graph/build-logic/src/main/kotlin/com/hayden/testgraphsdk/ValidationNodeSpec.kt:20	out-of-scope	ticket_plan.yaml:648-658	none mapped	unrepresented	out_of_scope_lexical_inventory		INFERRED exact-path scope; source not read
1242	lexical hit not semantically classified: * timeout [retries], which are automatic executor attempts.	test_graph/build-logic/src/main/kotlin/com/hayden/testgraphsdk/ValidationNodeSpec.kt:29	out-of-scope	ticket_plan.yaml:648-658	none mapped	unrepresented	out_of_scope_lexical_inventory		INFERRED exact-path scope; source not read
1243	lexical hit not semantically classified: * [ValidationNodeSpec.timeout] by `PlanExecutor`. Executors enforce	test_graph/build-logic/src/main/kotlin/com/hayden/testgraphsdk/exec/Executors.kt:41	out-of-scope	ticket_plan.yaml:648-658	none mapped	unrepresented	out_of_scope_lexical_inventory		INFERRED exact-path scope; source not read
1244	lexical hit not semantically classified: * timeout is.	test_graph/build-logic/src/main/kotlin/com/hayden/testgraphsdk/exec/Executors.kt:54	out-of-scope	ticket_plan.yaml:648-658	none mapped	unrepresented	out_of_scope_lexical_inventory		INFERRED exact-path scope; source not read
1245	lexical hit not semantically classified: * by every concrete [ValidationExecutor] so the timeout-enforcement	test_graph/build-logic/src/main/kotlin/com/hayden/testgraphsdk/exec/Executors.kt:91	out-of-scope	ticket_plan.yaml:648-658	none mapped	unrepresented	out_of_scope_lexical_inventory		INFERRED exact-path scope; source not read
1246	lexical hit not semantically classified: val timeoutMillis = TimeoutParser.parseMillis(spec.timeout)	test_graph/build-logic/src/main/kotlin/com/hayden/testgraphsdk/exec/PlanExecutor.kt:134	out-of-scope	ticket_plan.yaml:648-658	none mapped	unrepresented	out_of_scope_lexical_inventory		INFERRED exact-path scope; source not read
1247	"lexical hit not semantically classified: ""    retry ${attempt - 1}/${spec.retries} after timeout — "" +"	test_graph/build-logic/src/main/kotlin/com/hayden/testgraphsdk/exec/PlanExecutor.kt:143	out-of-scope	ticket_plan.yaml:648-658	none mapped	unrepresented	out_of_scope_lexical_inventory		INFERRED exact-path scope; source not read
1248	"lexical hit not semantically classified: ""previous attempt exceeded ${spec.timeout}"""	test_graph/build-logic/src/main/kotlin/com/hayden/testgraphsdk/exec/PlanExecutor.kt:144	out-of-scope	ticket_plan.yaml:648-658	none mapped	unrepresented	out_of_scope_lexical_inventory		INFERRED exact-path scope; source not read
1249	"lexical hit not semantically classified: *   0. executor reported a timeout → synthesize an ""errored"""	test_graph/build-logic/src/main/kotlin/com/hayden/testgraphsdk/exec/PlanExecutor.kt:308	out-of-scope	ticket_plan.yaml:648-658	none mapped	unrepresented	out_of_scope_lexical_inventory		INFERRED exact-path scope; source not read
1250	"lexical hit not semantically classified: ""node timed out after ${spec.timeout}$attemptsClause; "" +"	test_graph/build-logic/src/main/kotlin/com/hayden/testgraphsdk/exec/PlanExecutor.kt:341	out-of-scope	ticket_plan.yaml:648-658	none mapped	unrepresented	out_of_scope_lexical_inventory		INFERRED exact-path scope; source not read
1251	lexical hit not semantically classified: * Parses the `NodeSpec.timeout(...)` string into milliseconds.	test_graph/build-logic/src/main/kotlin/com/hayden/testgraphsdk/exec/TimeoutParser.kt:4	out-of-scope	ticket_plan.yaml:648-658	none mapped	unrepresented	out_of_scope_lexical_inventory		INFERRED exact-path scope; source not read
1252	"lexical hit not semantically classified: private String timeout = ""60s"";"	test_graph/sdk/java/src/main/java/com/hayden/testgraphsdk/sdk/NodeSpec.java:30	out-of-scope	ticket_plan.yaml:648-658	none mapped	unrepresented	out_of_scope_lexical_inventory		INFERRED exact-path scope; source not read
1253	lexical hit not semantically classified: public NodeSpec timeout(String v)                { this.timeout = v; return this; }	test_graph/sdk/java/src/main/java/com/hayden/testgraphsdk/sdk/NodeSpec.java:48	out-of-scope	ticket_plan.yaml:648-658	none mapped	unrepresented	out_of_scope_lexical_inventory		INFERRED exact-path scope; source not read
1254	lexical hit not semantically classified: * spawned node-process exceeds {@link #timeout(String)}. Default 0 —	test_graph/sdk/java/src/main/java/com/hayden/testgraphsdk/sdk/NodeSpec.java:51	out-of-scope	ticket_plan.yaml:648-658	none mapped	unrepresented	out_of_scope_lexical_inventory		INFERRED exact-path scope; source not read
1255	lexical hit not semantically classified: * fail fast on the first timeout. Anything {@code > 0} only kicks in	test_graph/sdk/java/src/main/java/com/hayden/testgraphsdk/sdk/NodeSpec.java:52	out-of-scope	ticket_plan.yaml:648-658	none mapped	unrepresented	out_of_scope_lexical_inventory		INFERRED exact-path scope; source not read
1256	lexical hit not semantically classified: * <p>Retries trigger only on a timeout outcome from the executor;	test_graph/sdk/java/src/main/java/com/hayden/testgraphsdk/sdk/NodeSpec.java:57	out-of-scope	ticket_plan.yaml:648-658	none mapped	unrepresented	out_of_scope_lexical_inventory		INFERRED exact-path scope; source not read
1257	lexical hit not semantically classified: * non-timeout exit code) is final on the first attempt.	test_graph/sdk/java/src/main/java/com/hayden/testgraphsdk/sdk/NodeSpec.java:59	out-of-scope	ticket_plan.yaml:648-658	none mapped	unrepresented	out_of_scope_lexical_inventory		INFERRED exact-path scope; source not read
1258	"lexical hit not semantically classified: out.put(""timeout"", timeout);"	test_graph/sdk/java/src/main/java/com/hayden/testgraphsdk/sdk/NodeSpec.java:101	out-of-scope	ticket_plan.yaml:648-658	none mapped	unrepresented	out_of_scope_lexical_inventory		INFERRED exact-path scope; source not read
1259	"lexical hit not semantically classified: def timeout(self, v: str) -> ""NodeSpec"":"	test_graph/sdk/python/src/testgraphsdk/node_spec.py:48	out-of-scope	ticket_plan.yaml:648-658	none mapped	unrepresented	out_of_scope_lexical_inventory		INFERRED exact-path scope; source not read
1260	"lexical hit not semantically classified: """"""Extra attempts the executor makes on a timeout outcome."	test_graph/sdk/python/src/testgraphsdk/node_spec.py:53	out-of-scope	ticket_plan.yaml:648-658	none mapped	unrepresented	out_of_scope_lexical_inventory		INFERRED exact-path scope; source not read
1261	lexical hit not semantically classified: Default 0 — fail fast on the first timeout. Only set ``> 0`` for	test_graph/sdk/python/src/testgraphsdk/node_spec.py:55	out-of-scope	ticket_plan.yaml:648-658	none mapped	unrepresented	out_of_scope_lexical_inventory		INFERRED exact-path scope; source not read
1262	lexical hit not semantically classified: orphaned state on retry. Triggers only on timeout, never on a	test_graph/sdk/python/src/testgraphsdk/node_spec.py:58	out-of-scope	ticket_plan.yaml:648-658	none mapped	unrepresented	out_of_scope_lexical_inventory		INFERRED exact-path scope; source not read
1263	"lexical hit not semantically classified: ""timeout"": self._timeout,"	test_graph/sdk/python/src/testgraphsdk/node_spec.py:110	out-of-scope	ticket_plan.yaml:648-658	none mapped	unrepresented	out_of_scope_lexical_inventory		INFERRED exact-path scope; source not read
1264	"lexical hit not semantically classified: .timeout(""240s"")"	test_graph/sources/effect_provider_examples.py:25	out-of-scope	ticket_plan.yaml:648-658	none mapped	unrepresented	out_of_scope_lexical_inventory		INFERRED exact-path scope; source not read
1265	"lexical hit not semantically classified: .timeout(""30s"")"	test_graph/sources/spec_workflow_cleanup.py:21	out-of-scope	ticket_plan.yaml:648-658	none mapped	unrepresented	out_of_scope_lexical_inventory		INFERRED exact-path scope; source not read
1266	"lexical hit not semantically classified: .timeout(""60s"")"	test_graph/sources/spec_workflow_close_ticket.py:23	out-of-scope	ticket_plan.yaml:648-658	none mapped	unrepresented	out_of_scope_lexical_inventory		INFERRED exact-path scope; source not read
1267	"lexical hit not semantically classified: .timeout(""60s"")"	test_graph/sources/spec_workflow_complete_ticket.py:20	out-of-scope	ticket_plan.yaml:648-658	none mapped	unrepresented	out_of_scope_lexical_inventory		INFERRED exact-path scope; source not read
1268	"lexical hit not semantically classified: .timeout(""60s"")"	test_graph/sources/spec_workflow_create_repo.py:21	out-of-scope	ticket_plan.yaml:648-658	none mapped	unrepresented	out_of_scope_lexical_inventory		INFERRED exact-path scope; source not read
1269	"lexical hit not semantically classified: .timeout(""180s"")"	test_graph/sources/spec_workflow_failure_cleanup_probe.py:23	out-of-scope	ticket_plan.yaml:648-658	none mapped	unrepresented	out_of_scope_lexical_inventory		INFERRED exact-path scope; source not read
1270	"lexical hit not semantically classified: .timeout(""30s"")"	test_graph/sources/spec_workflow_force_failure.py:20	out-of-scope	ticket_plan.yaml:648-658	none mapped	unrepresented	out_of_scope_lexical_inventory		INFERRED exact-path scope; source not read
1271	"lexical hit not semantically classified: .timeout(""60s"")"	test_graph/sources/spec_workflow_spec_units.py:20	out-of-scope	ticket_plan.yaml:648-658	none mapped	unrepresented	out_of_scope_lexical_inventory		INFERRED exact-path scope; source not read
1272	"lexical hit not semantically classified: .timeout(""60s"")"	test_graph/sources/spec_workflow_start_ticket.py:19	out-of-scope	ticket_plan.yaml:648-658	none mapped	unrepresented	out_of_scope_lexical_inventory		INFERRED exact-path scope; source not read
1273	"lexical hit not semantically classified: .timeout(""60s"")"	test_graph/sources/tla_spec_dev_cli_help.py:20	out-of-scope	ticket_plan.yaml:648-658	none mapped	unrepresented	out_of_scope_lexical_inventory		INFERRED exact-path scope; source not read
1274	"lexical hit not semantically classified: .timeout(""60s"")"	test_graph/sources/tla_spec_dev_cli_install.py:20	out-of-scope	ticket_plan.yaml:648-658	none mapped	unrepresented	out_of_scope_lexical_inventory		INFERRED exact-path scope; source not read
1275	"lexical hit not semantically classified: assert ""hard 120-second timeout"" in skill"	tests/test_new_ticket_workflow.py:19	out-of-scope	ticket_plan.yaml:648-658	none mapped	unrepresented	out_of_scope_lexical_inventory		INFERRED exact-path scope; source not read
1276	"lexical hit not semantically classified: assert ""Do not simply raise the timeout"" in skill"	tests/test_new_ticket_workflow.py:20	out-of-scope	ticket_plan.yaml:648-658	none mapped	unrepresented	out_of_scope_lexical_inventory		INFERRED exact-path scope; source not read
