#	Behavior	Trigger	In/Out	Plan line	Spec action/invariant	Verdict	Classification	Disposition gap ID	Review basis
1	lexical hit not semantically classified: try:	examples/distributed_history/ecommerce_backend/service.py:60	out-of-scope	ticket_plan.yaml:648-658	none mapped	unrepresented	out_of_scope_lexical_inventory		INFERRED exact-path scope; source not read
2	lexical hit not semantically classified: except urllib.error.HTTPError as exc:	examples/distributed_history/ecommerce_backend/service.py:63	out-of-scope	ticket_plan.yaml:648-658	none mapped	unrepresented	out_of_scope_lexical_inventory		INFERRED exact-path scope; source not read
3	lexical hit not semantically classified: except (OSError, TimeoutError, urllib.error.URLError):	examples/distributed_history/ecommerce_backend/service.py:65	out-of-scope	ticket_plan.yaml:648-658	none mapped	unrepresented	out_of_scope_lexical_inventory		INFERRED exact-path scope; source not read
4	lexical hit not semantically classified: raise	examples/distributed_history/ecommerce_backend/service.py:67	out-of-scope	ticket_plan.yaml:648-658	none mapped	unrepresented	out_of_scope_lexical_inventory		INFERRED exact-path scope; source not read
5	lexical hit not semantically classified: try:	examples/distributed_history/ecommerce_backend/service.py:301	out-of-scope	ticket_plan.yaml:648-658	none mapped	unrepresented	out_of_scope_lexical_inventory		INFERRED exact-path scope; source not read
6	lexical hit not semantically classified: raise SystemExit(main())	examples/distributed_history/ecommerce_backend/service.py:347	out-of-scope	ticket_plan.yaml:648-658	none mapped	unrepresented	out_of_scope_lexical_inventory		INFERRED exact-path scope; source not read
7	lexical hit not semantically classified: raise SystemExit(main())	examples/distributed_history/scripts/regenerate_tlc_cases.py:115	out-of-scope	ticket_plan.yaml:648-658	none mapped	unrepresented	out_of_scope_lexical_inventory		INFERRED exact-path scope; source not read
8	"lexical hit not semantically classified: raise AssertionError(f""{case.name} is missing its action label"")"	examples/distributed_history/specs/generated/spec_unit/ecommerce_internal_cases/validators.py:6	out-of-scope	ticket_plan.yaml:648-658	none mapped	unrepresented	out_of_scope_lexical_inventory		INFERRED exact-path scope; source not read
9	"lexical hit not semantically classified: raise AssertionError(f""{case.name} is not an internal case"")"	examples/distributed_history/specs/generated/spec_unit/ecommerce_internal_cases/validators.py:8	out-of-scope	ticket_plan.yaml:648-658	none mapped	unrepresented	out_of_scope_lexical_inventory		INFERRED exact-path scope; source not read
10	"lexical hit not semantically classified: raise AssertionError(f""{case.name} does not carry before/after states"")"	examples/distributed_history/specs/generated/spec_unit/ecommerce_internal_cases/validators.py:10	out-of-scope	ticket_plan.yaml:648-658	none mapped	unrepresented	out_of_scope_lexical_inventory		INFERRED exact-path scope; source not read
11	"lexical hit not semantically classified: raise AssertionError(f""{case.name} is missing its action label"")"	examples/distributed_history/specs/generated/testgraph/ecommerce_external_cases/validators.py:6	out-of-scope	ticket_plan.yaml:648-658	none mapped	unrepresented	out_of_scope_lexical_inventory		INFERRED exact-path scope; source not read
12	"lexical hit not semantically classified: raise AssertionError(f""{case.name} is not an external case"")"	examples/distributed_history/specs/generated/testgraph/ecommerce_external_cases/validators.py:8	out-of-scope	ticket_plan.yaml:648-658	none mapped	unrepresented	out_of_scope_lexical_inventory		INFERRED exact-path scope; source not read
13	"lexical hit not semantically classified: raise AssertionError(f""{case.name} must not export hidden internal progress"")"	examples/distributed_history/specs/generated/testgraph/ecommerce_external_cases/validators.py:10	out-of-scope	ticket_plan.yaml:648-658	none mapped	unrepresented	out_of_scope_lexical_inventory		INFERRED exact-path scope; source not read
14	lexical hit not semantically classified: try:	examples/distributed_history/specs/program_model/adapters.py:28	out-of-scope	ticket_plan.yaml:648-658	none mapped	unrepresented	out_of_scope_lexical_inventory		INFERRED exact-path scope; source not read
15	lexical hit not semantically classified: raise NotImplementedError	examples/distributed_history/specs/program_model/adapters.py:36	out-of-scope	ticket_plan.yaml:648-658	none mapped	unrepresented	out_of_scope_lexical_inventory		INFERRED exact-path scope; source not read
16	lexical hit not semantically classified: try:	examples/distributed_history/specs/program_model/adapters.py:73	out-of-scope	ticket_plan.yaml:648-658	none mapped	unrepresented	out_of_scope_lexical_inventory		INFERRED exact-path scope; source not read
17	lexical hit not semantically classified: except Exception:	examples/distributed_history/specs/program_model/adapters.py:75	out-of-scope	ticket_plan.yaml:648-658	none mapped	unrepresented	out_of_scope_lexical_inventory		INFERRED exact-path scope; source not read
18	lexical hit not semantically classified: raise NotImplementedError	examples/distributed_history/specs/program_model/adapters.py:92	out-of-scope	ticket_plan.yaml:648-658	none mapped	unrepresented	out_of_scope_lexical_inventory		INFERRED exact-path scope; source not read
19	lexical hit not semantically classified: try:	examples/distributed_history/specs/program_model/adapters.py:98	out-of-scope	ticket_plan.yaml:648-658	none mapped	unrepresented	out_of_scope_lexical_inventory		INFERRED exact-path scope; source not read
20	lexical hit not semantically classified: except Exception as exc:	examples/distributed_history/specs/program_model/adapters.py:101	out-of-scope	ticket_plan.yaml:648-658	none mapped	unrepresented	out_of_scope_lexical_inventory		INFERRED exact-path scope; source not read
21	"lexical hit not semantically classified: raise RuntimeError(f""service did not become healthy at {base_url}: {last_error}"")"	examples/distributed_history/specs/program_model/adapters.py:104	out-of-scope	ticket_plan.yaml:648-658	none mapped	unrepresented	out_of_scope_lexical_inventory		INFERRED exact-path scope; source not read
22	lexical hit not semantically classified: try:	examples/distributed_history/specs/program_model/adapters.py:118	out-of-scope	ticket_plan.yaml:648-658	none mapped	unrepresented	out_of_scope_lexical_inventory		INFERRED exact-path scope; source not read
23	lexical hit not semantically classified: except urllib.error.HTTPError as exc:	examples/distributed_history/specs/program_model/adapters.py:124	out-of-scope	ticket_plan.yaml:648-658	none mapped	unrepresented	out_of_scope_lexical_inventory		INFERRED exact-path scope; source not read
24	"lexical hit not semantically classified: raise AssertionError(f""projected cluster state mismatch for {context.case.name}; wrote {artifact}"")"	examples/distributed_history/specs/program_model/adapters.py:179	out-of-scope	ticket_plan.yaml:648-658	none mapped	unrepresented	out_of_scope_lexical_inventory		INFERRED exact-path scope; source not read
25	lexical hit not semantically classified: try:	examples/distributed_history/specs/program_model/tests/test_ecommerce_adapters.py:48	out-of-scope	ticket_plan.yaml:648-658	none mapped	unrepresented	out_of_scope_lexical_inventory		INFERRED exact-path scope; source not read
26	lexical hit not semantically classified: try:	examples/distributed_history/specs/program_model/tests/test_ecommerce_adapters.py:89	out-of-scope	ticket_plan.yaml:648-658	none mapped	unrepresented	out_of_scope_lexical_inventory		INFERRED exact-path scope; source not read
27	lexical hit not semantically classified: except Exception:	examples/distributed_history/specs/program_model/tests/test_ecommerce_adapters.py:93	out-of-scope	ticket_plan.yaml:648-658	none mapped	unrepresented	out_of_scope_lexical_inventory		INFERRED exact-path scope; source not read
28	"lexical hit not semantically classified: raise AssertionError(f""service did not become healthy at {base_url}"")"	examples/distributed_history/specs/program_model/tests/test_ecommerce_adapters.py:95	out-of-scope	ticket_plan.yaml:648-658	none mapped	unrepresented	out_of_scope_lexical_inventory		INFERRED exact-path scope; source not read
29	lexical hit not semantically classified: raise SystemExit(pytest.main([__file__]))	examples/distributed_history/specs/program_model/tests/test_ecommerce_adapters.py:101	out-of-scope	ticket_plan.yaml:648-658	none mapped	unrepresented	out_of_scope_lexical_inventory		INFERRED exact-path scope; source not read
30	"lexical hit not semantically classified: raise ValueError(f""no adapter output projection for {view} action {action}"")"	examples/distributed_history/specs/program_model/tlc_projection.py:55	out-of-scope	ticket_plan.yaml:648-658	none mapped	unrepresented	out_of_scope_lexical_inventory		INFERRED exact-path scope; source not read
31	"lexical hit not semantically classified: raise ValueError(f""response for {response_key!r} not found in TLC state"")"	examples/distributed_history/specs/program_model/tlc_projection.py:62	out-of-scope	ticket_plan.yaml:648-658	none mapped	unrepresented	out_of_scope_lexical_inventory		INFERRED exact-path scope; source not read
32	"lexical hit not semantically classified: raise ValueError(f""malformed TLC response for {response_key!r}: {response!r}"")"	examples/distributed_history/specs/program_model/tlc_projection.py:65	out-of-scope	ticket_plan.yaml:648-658	none mapped	unrepresented	out_of_scope_lexical_inventory		INFERRED exact-path scope; source not read
33	"lexical hit not semantically classified: raise TypeError(f""expected TLC mapping, got {value!r}"")"	examples/distributed_history/specs/program_model/tlc_projection.py:95	out-of-scope	ticket_plan.yaml:648-658	none mapped	unrepresented	out_of_scope_lexical_inventory		INFERRED exact-path scope; source not read
34	lexical hit not semantically classified: private val registry: ExecutorRegistry,	examples/distributed_history/test_graph/build-logic/src/main/kotlin/com/hayden/testgraphsdk/exec/PlanExecutor.kt:30	out-of-scope	ticket_plan.yaml:648-658	none mapped	unrepresented	out_of_scope_lexical_inventory		INFERRED exact-path scope; source not read
35	lexical hit not semantically classified: # you may not use this file except in compliance with the License.	examples/distributed_history/test_graph/gradlew:7	out-of-scope	ticket_plan.yaml:648-658	none mapped	unrepresented	out_of_scope_lexical_inventory		INFERRED exact-path scope; source not read
36	lexical hit not semantically classified: * without wrapping the whole lambda in try/catch. Any exception that	examples/distributed_history/test_graph/sdk/java/src/main/java/com/hayden/testgraphsdk/sdk/NodeBody.java:8	out-of-scope	ticket_plan.yaml:648-658	none mapped	unrepresented	out_of_scope_lexical_inventory		INFERRED exact-path scope; source not read
37	"lexical hit not semantically classified: * uniform — it never has to decide between ""exception escaped"" and"	examples/distributed_history/test_graph/sdk/java/src/main/java/com/hayden/testgraphsdk/sdk/Procs.java:29	out-of-scope	ticket_plan.yaml:648-658	none mapped	unrepresented	out_of_scope_lexical_inventory		INFERRED exact-path scope; source not read
38	lexical hit not semantically classified: raise RuntimeError(	examples/distributed_history/test_graph/sdk/python/src/testgraphsdk/context.py:52	out-of-scope	ticket_plan.yaml:648-658	none mapped	unrepresented	out_of_scope_lexical_inventory		INFERRED exact-path scope; source not read
39	"lexical hit not semantically classified: raise ValueError(f""invalid kind '{k}'; expected one of {sorted(VALID_KINDS)}"")"	examples/distributed_history/test_graph/sdk/python/src/testgraphsdk/node_spec.py:36	out-of-scope	ticket_plan.yaml:648-658	none mapped	unrepresented	out_of_scope_lexical_inventory		INFERRED exact-path scope; source not read
40	lexical hit not semantically classified: Never raises on spawn failure: if :func:`subprocess.Popen` blows up	examples/distributed_history/test_graph/sdk/python/src/testgraphsdk/procs.py:9	out-of-scope	ticket_plan.yaml:648-658	none mapped	unrepresented	out_of_scope_lexical_inventory		INFERRED exact-path scope; source not read
41	"lexical hit not semantically classified: between ""exception escaped"" and ""child exited non-zero""."	examples/distributed_history/test_graph/sdk/python/src/testgraphsdk/procs.py:13	out-of-scope	ticket_plan.yaml:648-658	none mapped	unrepresented	out_of_scope_lexical_inventory		INFERRED exact-path scope; source not read
42	lexical hit not semantically classified: try:	examples/distributed_history/test_graph/sdk/python/src/testgraphsdk/procs.py:55	out-of-scope	ticket_plan.yaml:648-658	none mapped	unrepresented	out_of_scope_lexical_inventory		INFERRED exact-path scope; source not read
43	lexical hit not semantically classified: except OSError as e:	examples/distributed_history/test_graph/sdk/python/src/testgraphsdk/procs.py:57	out-of-scope	ticket_plan.yaml:648-658	none mapped	unrepresented	out_of_scope_lexical_inventory		INFERRED exact-path scope; source not read
44	lexical hit not semantically classified: try:	examples/distributed_history/test_graph/sdk/python/src/testgraphsdk/procs.py:66	out-of-scope	ticket_plan.yaml:648-658	none mapped	unrepresented	out_of_scope_lexical_inventory		INFERRED exact-path scope; source not read
45	lexical hit not semantically classified: try:	examples/distributed_history/test_graph/sdk/python/src/testgraphsdk/procs.py:78	out-of-scope	ticket_plan.yaml:648-658	none mapped	unrepresented	out_of_scope_lexical_inventory		INFERRED exact-path scope; source not read
46	lexical hit not semantically classified: except KeyboardInterrupt:	examples/distributed_history/test_graph/sdk/python/src/testgraphsdk/procs.py:80	out-of-scope	ticket_plan.yaml:648-658	none mapped	unrepresented	out_of_scope_lexical_inventory		INFERRED exact-path scope; source not read
47	lexical hit not semantically classified: except (OSError, FileNotFoundError) as e:	examples/distributed_history/test_graph/sdk/python/src/testgraphsdk/procs.py:92	out-of-scope	ticket_plan.yaml:648-658	none mapped	unrepresented	out_of_scope_lexical_inventory		INFERRED exact-path scope; source not read
48	lexical hit not semantically classified: try:	examples/distributed_history/test_graph/sdk/python/src/testgraphsdk/procs.py:121	out-of-scope	ticket_plan.yaml:648-658	none mapped	unrepresented	out_of_scope_lexical_inventory		INFERRED exact-path scope; source not read
49	lexical hit not semantically classified: except ValueError:	examples/distributed_history/test_graph/sdk/python/src/testgraphsdk/procs.py:123	out-of-scope	ticket_plan.yaml:648-658	none mapped	unrepresented	out_of_scope_lexical_inventory		INFERRED exact-path scope; source not read
50	lexical hit not semantically classified: populated ``error`` message — the helper never raises, so the node	examples/distributed_history/test_graph/sdk/python/src/testgraphsdk/result.py:46	out-of-scope	ticket_plan.yaml:648-658	none mapped	unrepresented	out_of_scope_lexical_inventory		INFERRED exact-path scope; source not read
51	"lexical hit not semantically classified: error_stack="""".join(traceback.format_exception(exc)),"	examples/distributed_history/test_graph/sdk/python/src/testgraphsdk/result.py:121	out-of-scope	ticket_plan.yaml:648-658	none mapped	unrepresented	out_of_scope_lexical_inventory		INFERRED exact-path scope; source not read
52	lexical hit not semantically classified: raise RuntimeError(	examples/distributed_history/test_graph/sdk/python/src/testgraphsdk/runner.py:43	out-of-scope	ticket_plan.yaml:648-658	none mapped	unrepresented	out_of_scope_lexical_inventory		INFERRED exact-path scope; source not read
53	lexical hit not semantically classified: try:	examples/distributed_history/test_graph/sdk/python/src/testgraphsdk/runner.py:48	out-of-scope	ticket_plan.yaml:648-658	none mapped	unrepresented	out_of_scope_lexical_inventory		INFERRED exact-path scope; source not read
54	lexical hit not semantically classified: except BaseException as exc:	examples/distributed_history/test_graph/sdk/python/src/testgraphsdk/runner.py:50	out-of-scope	ticket_plan.yaml:648-658	none mapped	unrepresented	out_of_scope_lexical_inventory		INFERRED exact-path scope; source not read
55	lexical hit not semantically classified: try:	examples/distributed_history/test_graph/sdk/python/src/testgraphsdk/runner.py:70	out-of-scope	ticket_plan.yaml:648-658	none mapped	unrepresented	out_of_scope_lexical_inventory		INFERRED exact-path scope; source not read
56	lexical hit not semantically classified: except OSError as exc:	examples/distributed_history/test_graph/sdk/python/src/testgraphsdk/runner.py:74	out-of-scope	ticket_plan.yaml:648-658	none mapped	unrepresented	out_of_scope_lexical_inventory		INFERRED exact-path scope; source not read
57	lexical hit not semantically classified: try:	examples/distributed_history/test_graph/sources/cleanup_ecommerce.py:38	out-of-scope	ticket_plan.yaml:648-658	none mapped	unrepresented	out_of_scope_lexical_inventory		INFERRED exact-path scope; source not read
58	lexical hit not semantically classified: except ProcessLookupError:	examples/distributed_history/test_graph/sources/cleanup_ecommerce.py:40	out-of-scope	ticket_plan.yaml:648-658	none mapped	unrepresented	out_of_scope_lexical_inventory		INFERRED exact-path scope; source not read
59	lexical hit not semantically classified: try:	examples/distributed_history/test_graph/sources/deploy_ecommerce.py:80	out-of-scope	ticket_plan.yaml:648-658	none mapped	unrepresented	out_of_scope_lexical_inventory		INFERRED exact-path scope; source not read
60	lexical hit not semantically classified: except Exception as exc:	examples/distributed_history/test_graph/sources/deploy_ecommerce.py:82	out-of-scope	ticket_plan.yaml:648-658	none mapped	unrepresented	out_of_scope_lexical_inventory		INFERRED exact-path scope; source not read
61	lexical hit not semantically classified: raise exc	examples/distributed_history/test_graph/sources/deploy_ecommerce.py:84	out-of-scope	ticket_plan.yaml:648-658	none mapped	unrepresented	out_of_scope_lexical_inventory		INFERRED exact-path scope; source not read
62	lexical hit not semantically classified: try:	examples/distributed_history/test_graph/sources/deploy_ecommerce.py:161	out-of-scope	ticket_plan.yaml:648-658	none mapped	unrepresented	out_of_scope_lexical_inventory		INFERRED exact-path scope; source not read
63	lexical hit not semantically classified: except Exception:	examples/distributed_history/test_graph/sources/deploy_ecommerce.py:165	out-of-scope	ticket_plan.yaml:648-658	none mapped	unrepresented	out_of_scope_lexical_inventory		INFERRED exact-path scope; source not read
64	"lexical hit not semantically classified: raise RuntimeError(f""service did not become healthy at {base_url}"")"	examples/distributed_history/test_graph/sources/deploy_ecommerce.py:167	out-of-scope	ticket_plan.yaml:648-658	none mapped	unrepresented	out_of_scope_lexical_inventory		INFERRED exact-path scope; source not read
65	lexical hit not semantically classified: try:	examples/distributed_history/test_graph/sources/deploy_ecommerce.py:173	out-of-scope	ticket_plan.yaml:648-658	none mapped	unrepresented	out_of_scope_lexical_inventory		INFERRED exact-path scope; source not read
66	lexical hit not semantically classified: except Exception:	examples/distributed_history/test_graph/sources/deploy_ecommerce.py:177	out-of-scope	ticket_plan.yaml:648-658	none mapped	unrepresented	out_of_scope_lexical_inventory		INFERRED exact-path scope; source not read
67	"lexical hit not semantically classified: raise RuntimeError(f""service did not expose projected debug state at {base_url}"")"	examples/distributed_history/test_graph/sources/deploy_ecommerce.py:179	out-of-scope	ticket_plan.yaml:648-658	none mapped	unrepresented	out_of_scope_lexical_inventory		INFERRED exact-path scope; source not read
68	lexical hit not semantically classified: try:	examples/distributed_history/tests/test_ecommerce_backend.py:15	out-of-scope	ticket_plan.yaml:648-658	none mapped	unrepresented	out_of_scope_lexical_inventory		INFERRED exact-path scope; source not read
69	lexical hit not semantically classified: raise SystemExit(pytest.main([__file__]))	examples/distributed_history/tests/test_ecommerce_backend.py:42	out-of-scope	ticket_plan.yaml:648-658	none mapped	unrepresented	out_of_scope_lexical_inventory		INFERRED exact-path scope; source not read
70	"lexical hit not semantically classified: raise AssertionError(f""projected state mismatch for {context.case.name}"")"	examples/effect_providers/atomic_publisher/adapters.py:79	out-of-scope	ticket_plan.yaml:648-658	none mapped	unrepresented	out_of_scope_lexical_inventory		INFERRED exact-path scope; source not read
71	read/write/replace/delete exception path	examples/effect_providers/atomic_publisher/application.py:49	in-scope	ticket_plan.yaml:566-573,621-633	Atomic terminal actions	partial	semantic_behavior	CA-02	READ
72	read/write/replace/delete exception path	examples/effect_providers/atomic_publisher/application.py:52	in-scope	ticket_plan.yaml:566-573,621-633	Atomic terminal actions	partial	semantic_behavior	CA-02	READ
73	read/write/replace/delete exception path	examples/effect_providers/atomic_publisher/application.py:54	in-scope	ticket_plan.yaml:566-573,621-633	Atomic terminal actions	partial	semantic_behavior	CA-02	READ
74	read/write/replace/delete exception path	examples/effect_providers/atomic_publisher/application.py:86	in-scope	ticket_plan.yaml:566-573,621-633	Atomic terminal actions	partial	semantic_behavior	CA-02	READ
75	read/write/replace/delete exception path	examples/effect_providers/atomic_publisher/application.py:96	in-scope	ticket_plan.yaml:566-573,621-633	Atomic terminal actions	partial	semantic_behavior	CA-02	READ
76	read/write/replace/delete exception path	examples/effect_providers/atomic_publisher/application.py:103	in-scope	ticket_plan.yaml:566-573,621-633	Atomic terminal actions	partial	semantic_behavior	CA-02	READ
77	read/write/replace/delete exception path	examples/effect_providers/atomic_publisher/application.py:108	in-scope	ticket_plan.yaml:566-573,621-633	Atomic terminal actions	partial	semantic_behavior	CA-02	READ
78	read/write/replace/delete exception path	examples/effect_providers/atomic_publisher/application.py:120	in-scope	ticket_plan.yaml:566-573,621-633	Atomic terminal actions	partial	semantic_behavior	CA-02	READ
79	read/write/replace/delete exception path	examples/effect_providers/atomic_publisher/application.py:122	in-scope	ticket_plan.yaml:566-573,621-633	Atomic terminal actions	partial	semantic_behavior	CA-02	READ
80	fault-injection selector	examples/effect_providers/atomic_publisher/application.py:129	out-of-scope behavior	ticket_plan.yaml:634-647	none	unrepresented	excluded_mutant_behavior		READ
81	CLI process exit	examples/effect_providers/atomic_publisher/atomic_cli.py:38	in-scope	ticket_plan.yaml:566-573,621-633	external terminal actions	partial	semantic_behavior	CA-03	READ
82	"lexical hit not semantically classified: raise PermissionError(errno.EACCES, ""real adapter injected read denial"")"	examples/effect_providers/atomic_publisher/conformance.py:58	out-of-scope	ticket_plan.yaml:648-658	none mapped	unrepresented	out_of_scope_lexical_inventory		INFERRED exact-path scope; source not read
83	lexical hit not semantically classified: raise FileNotFoundError(command.path)	examples/effect_providers/atomic_publisher/conformance.py:62	out-of-scope	ticket_plan.yaml:648-658	none mapped	unrepresented	out_of_scope_lexical_inventory		INFERRED exact-path scope; source not read
84	"lexical hit not semantically classified: raise OSError(errno.ENOSPC, ""real adapter injected full disk"")"	examples/effect_providers/atomic_publisher/conformance.py:70	out-of-scope	ticket_plan.yaml:648-658	none mapped	unrepresented	out_of_scope_lexical_inventory		INFERRED exact-path scope; source not read
85	"lexical hit not semantically classified: raise PermissionError(errno.EACCES, ""real adapter injected replace denial"")"	examples/effect_providers/atomic_publisher/conformance.py:80	out-of-scope	ticket_plan.yaml:648-658	none mapped	unrepresented	out_of_scope_lexical_inventory		INFERRED exact-path scope; source not read
86	lexical hit not semantically classified: raise FileNotFoundError(command.path)	examples/effect_providers/atomic_publisher/conformance.py:90	out-of-scope	ticket_plan.yaml:648-658	none mapped	unrepresented	out_of_scope_lexical_inventory		INFERRED exact-path scope; source not read
87	lexical hit not semantically classified: try:	examples/effect_providers/atomic_publisher/conformance.py:98	out-of-scope	ticket_plan.yaml:648-658	none mapped	unrepresented	out_of_scope_lexical_inventory		INFERRED exact-path scope; source not read
88	lexical hit not semantically classified: except Exception:	examples/effect_providers/atomic_publisher/conformance.py:100	out-of-scope	ticket_plan.yaml:648-658	none mapped	unrepresented	out_of_scope_lexical_inventory		INFERRED exact-path scope; source not read
89	lexical hit not semantically classified: try:	examples/effect_providers/atomic_publisher/conformance.py:172	out-of-scope	ticket_plan.yaml:648-658	none mapped	unrepresented	out_of_scope_lexical_inventory		INFERRED exact-path scope; source not read
90	"lexical hit not semantically classified: raise AssertionError(f""TemporaryDirectory leaked after {scenario}: {temp_path}"")"	examples/effect_providers/atomic_publisher/conformance.py:199	out-of-scope	ticket_plan.yaml:648-658	none mapped	unrepresented	out_of_scope_lexical_inventory		INFERRED exact-path scope; source not read
91	"lexical hit not semantically classified: raise AssertionError(f""real filesystem conformance failed: {rows!r}"")"	examples/effect_providers/atomic_publisher/conformance.py:204	out-of-scope	ticket_plan.yaml:648-658	none mapped	unrepresented	out_of_scope_lexical_inventory		INFERRED exact-path scope; source not read
92	lexical hit not semantically classified: try:	examples/effect_providers/atomic_publisher/conformance.py:211	out-of-scope	ticket_plan.yaml:648-658	none mapped	unrepresented	out_of_scope_lexical_inventory		INFERRED exact-path scope; source not read
93	"lexical hit not semantically classified: raise ValueError(""CLI adapter requires a case work directory"")"	examples/effect_providers/atomic_publisher/external_adapter.py:22	out-of-scope	ticket_plan.yaml:648-658	none mapped	unrepresented	out_of_scope_lexical_inventory		INFERRED exact-path scope; source not read
94	lexical hit not semantically classified: raise AssertionError(	examples/effect_providers/atomic_publisher/external_adapter.py:47	out-of-scope	ticket_plan.yaml:648-658	none mapped	unrepresented	out_of_scope_lexical_inventory		INFERRED exact-path scope; source not read
95	"lexical hit not semantically classified: raise AssertionError(""atomic CLI left its staging file behind"")"	examples/effect_providers/atomic_publisher/external_adapter.py:67	out-of-scope	ticket_plan.yaml:648-658	none mapped	unrepresented	out_of_scope_lexical_inventory		INFERRED exact-path scope; source not read
96	lexical hit not semantically classified: raise AssertionError(	examples/effect_providers/atomic_publisher/external_adapter.py:74	out-of-scope	ticket_plan.yaml:648-658	none mapped	unrepresented	out_of_scope_lexical_inventory		INFERRED exact-path scope; source not read
97	"lexical hit not semantically classified: raise AssertionError(f""read from unexpected path {command.path!r}"")"	examples/effect_providers/atomic_publisher/providers.py:80	out-of-scope	ticket_plan.yaml:648-658	none mapped	unrepresented	out_of_scope_lexical_inventory		INFERRED exact-path scope; source not read
98	lexical hit not semantically classified: raise self.read_error	examples/effect_providers/atomic_publisher/providers.py:83	out-of-scope	ticket_plan.yaml:648-658	none mapped	unrepresented	out_of_scope_lexical_inventory		INFERRED exact-path scope; source not read
99	lexical hit not semantically classified: raise FileNotFoundError(command.path)	examples/effect_providers/atomic_publisher/providers.py:86	out-of-scope	ticket_plan.yaml:648-658	none mapped	unrepresented	out_of_scope_lexical_inventory		INFERRED exact-path scope; source not read
100	lexical hit not semantically classified: raise self.write_error	examples/effect_providers/atomic_publisher/providers.py:95	out-of-scope	ticket_plan.yaml:648-658	none mapped	unrepresented	out_of_scope_lexical_inventory		INFERRED exact-path scope; source not read
101	lexical hit not semantically classified: raise self.replace_error	examples/effect_providers/atomic_publisher/providers.py:106	out-of-scope	ticket_plan.yaml:648-658	none mapped	unrepresented	out_of_scope_lexical_inventory		INFERRED exact-path scope; source not read
102	lexical hit not semantically classified: raise FileNotFoundError(command.source)	examples/effect_providers/atomic_publisher/providers.py:109	out-of-scope	ticket_plan.yaml:648-658	none mapped	unrepresented	out_of_scope_lexical_inventory		INFERRED exact-path scope; source not read
103	lexical hit not semantically classified: raise FileNotFoundError(command.path)	examples/effect_providers/atomic_publisher/providers.py:116	out-of-scope	ticket_plan.yaml:648-658	none mapped	unrepresented	out_of_scope_lexical_inventory		INFERRED exact-path scope; source not read
104	lexical hit not semantically classified: try:	examples/effect_providers/atomic_publisher/providers.py:124	out-of-scope	ticket_plan.yaml:648-658	none mapped	unrepresented	out_of_scope_lexical_inventory		INFERRED exact-path scope; source not read
105	lexical hit not semantically classified: except Exception:	examples/effect_providers/atomic_publisher/providers.py:126	out-of-scope	ticket_plan.yaml:648-658	none mapped	unrepresented	out_of_scope_lexical_inventory		INFERRED exact-path scope; source not read
106	lexical hit not semantically classified: try:	examples/effect_providers/atomic_publisher/providers.py:176	out-of-scope	ticket_plan.yaml:648-658	none mapped	unrepresented	out_of_scope_lexical_inventory		INFERRED exact-path scope; source not read
107	lexical hit not semantically classified: except BaseException as exc:	examples/effect_providers/atomic_publisher/providers.py:179	out-of-scope	ticket_plan.yaml:648-658	none mapped	unrepresented	out_of_scope_lexical_inventory		INFERRED exact-path scope; source not read
108	lexical hit not semantically classified: raise ExceptionGroup(	examples/effect_providers/atomic_publisher/providers.py:221	out-of-scope	ticket_plan.yaml:648-658	none mapped	unrepresented	out_of_scope_lexical_inventory		INFERRED exact-path scope; source not read
109	lexical hit not semantically classified: raise cleanup_failure from cleanup_error	examples/effect_providers/atomic_publisher/providers.py:225	out-of-scope	ticket_plan.yaml:648-658	none mapped	unrepresented	out_of_scope_lexical_inventory		INFERRED exact-path scope; source not read
110	lexical hit not semantically classified: raise ExceptionGroup(	examples/effect_providers/atomic_publisher/providers.py:231	out-of-scope	ticket_plan.yaml:648-658	none mapped	unrepresented	out_of_scope_lexical_inventory		INFERRED exact-path scope; source not read
111	lexical hit not semantically classified: raise cleanup_failure	examples/effect_providers/atomic_publisher/providers.py:235	out-of-scope	ticket_plan.yaml:648-658	none mapped	unrepresented	out_of_scope_lexical_inventory		INFERRED exact-path scope; source not read
112	lexical hit not semantically classified: raise local_error	examples/effect_providers/atomic_publisher/providers.py:237	out-of-scope	ticket_plan.yaml:648-658	none mapped	unrepresented	out_of_scope_lexical_inventory		INFERRED exact-path scope; source not read
113	lexical hit not semantically classified: try:	examples/effect_providers/atomic_publisher/providers.py:310	out-of-scope	ticket_plan.yaml:648-658	none mapped	unrepresented	out_of_scope_lexical_inventory		INFERRED exact-path scope; source not read
114	lexical hit not semantically classified: except ValueError:	examples/effect_providers/atomic_publisher/providers.py:312	out-of-scope	ticket_plan.yaml:648-658	none mapped	unrepresented	out_of_scope_lexical_inventory		INFERRED exact-path scope; source not read
115	lexical hit not semantically classified: raise AssertionError(	examples/effect_providers/atomic_publisher/regenerate.py:105	out-of-scope	ticket_plan.yaml:648-658	none mapped	unrepresented	out_of_scope_lexical_inventory		INFERRED exact-path scope; source not read
116	"lexical hit not semantically classified: raise AssertionError(""internal generator did not preserve all seven semantic outcomes"")"	examples/effect_providers/atomic_publisher/regenerate.py:109	out-of-scope	ticket_plan.yaml:648-658	none mapped	unrepresented	out_of_scope_lexical_inventory		INFERRED exact-path scope; source not read
117	lexical hit not semantically classified: raise SystemExit(completed.returncode)	examples/effect_providers/atomic_publisher/regenerate.py:155	out-of-scope	ticket_plan.yaml:648-658	none mapped	unrepresented	out_of_scope_lexical_inventory		INFERRED exact-path scope; source not read
118	lexical hit not semantically classified: try:	examples/effect_providers/atomic_publisher/regenerate.py:161	out-of-scope	ticket_plan.yaml:648-658	none mapped	unrepresented	out_of_scope_lexical_inventory		INFERRED exact-path scope; source not read
119	lexical hit not semantically classified: raise SystemExit(main())	examples/effect_providers/atomic_publisher/regenerate.py:200	out-of-scope	ticket_plan.yaml:648-658	none mapped	unrepresented	out_of_scope_lexical_inventory		INFERRED exact-path scope; source not read
120	"lexical hit not semantically classified: raise SystemExit(""--repetitions must be at least one"")"	examples/effect_providers/atomic_publisher/run_experiment.py:58	out-of-scope	ticket_plan.yaml:648-658	none mapped	unrepresented	out_of_scope_lexical_inventory		INFERRED exact-path scope; source not read
121	"lexical hit not semantically classified: raise AssertionError(f""red unmutated control in {label}: {control['diagnostics']!r}"")"	examples/effect_providers/atomic_publisher/run_experiment.py:128	out-of-scope	ticket_plan.yaml:648-658	none mapped	unrepresented	out_of_scope_lexical_inventory		INFERRED exact-path scope; source not read
122	"lexical hit not semantically classified: raise AssertionError(f""control executed {len(control['points'])} points, expected {7 * ITERATIONS}"")"	examples/effect_providers/atomic_publisher/run_experiment.py:130	out-of-scope	ticket_plan.yaml:648-658	none mapped	unrepresented	out_of_scope_lexical_inventory		INFERRED exact-path scope; source not read
123	"lexical hit not semantically classified: raise AssertionError(f""control action coverage mismatch: {actions!r}"")"	examples/effect_providers/atomic_publisher/run_experiment.py:142	out-of-scope	ticket_plan.yaml:648-658	none mapped	unrepresented	out_of_scope_lexical_inventory		INFERRED exact-path scope; source not read
124	"lexical hit not semantically classified: raise AssertionError(f""control iteration coverage mismatch: {iterations!r}"")"	examples/effect_providers/atomic_publisher/run_experiment.py:145	out-of-scope	ticket_plan.yaml:648-658	none mapped	unrepresented	out_of_scope_lexical_inventory		INFERRED exact-path scope; source not read
125	"lexical hit not semantically classified: raise AssertionError(f""provider lifecycle roots leaked inside campaign: {leaked!r}"")"	examples/effect_providers/atomic_publisher/run_experiment.py:255	out-of-scope	ticket_plan.yaml:648-658	none mapped	unrepresented	out_of_scope_lexical_inventory		INFERRED exact-path scope; source not read
126	"lexical hit not semantically classified: raise AssertionError(""generated provenance missing; run regenerate.py"")"	examples/effect_providers/atomic_publisher/run_experiment.py:354	out-of-scope	ticket_plan.yaml:648-658	none mapped	unrepresented	out_of_scope_lexical_inventory		INFERRED exact-path scope; source not read
127	"lexical hit not semantically classified: raise AssertionError(f""stale generated package: {name} digest {actual} != {expected}"")"	examples/effect_providers/atomic_publisher/run_experiment.py:359	out-of-scope	ticket_plan.yaml:648-658	none mapped	unrepresented	out_of_scope_lexical_inventory		INFERRED exact-path scope; source not read
128	lexical hit not semantically classified: raise AssertionError(	examples/effect_providers/atomic_publisher/run_experiment.py:366	out-of-scope	ticket_plan.yaml:648-658	none mapped	unrepresented	out_of_scope_lexical_inventory		INFERRED exact-path scope; source not read
129	lexical hit not semantically classified: raise AssertionError(	examples/effect_providers/atomic_publisher/run_experiment.py:542	out-of-scope	ticket_plan.yaml:648-658	none mapped	unrepresented	out_of_scope_lexical_inventory		INFERRED exact-path scope; source not read
130	lexical hit not semantically classified: raise SystemExit(completed.returncode)	examples/effect_providers/atomic_publisher/run_experiment.py:622	out-of-scope	ticket_plan.yaml:648-658	none mapped	unrepresented	out_of_scope_lexical_inventory		INFERRED exact-path scope; source not read
131	lexical hit not semantically classified: raise SystemExit(main())	examples/effect_providers/atomic_publisher/run_experiment.py:626	out-of-scope	ticket_plan.yaml:648-658	none mapped	unrepresented	out_of_scope_lexical_inventory		INFERRED exact-path scope; source not read
132	"lexical hit not semantically classified: raise AssertionError(f""no method mapping for {command.__class__.__name__}"")"	examples/effect_providers/atomic_publisher/specs/program_model/generated/atomic_publisher_contract/contract_tests.py:38	out-of-scope	ticket_plan.yaml:648-658	none mapped	unrepresented	out_of_scope_lexical_inventory		INFERRED exact-path scope; source not read
133	lexical hit not semantically classified: raise NotImplementedError(	examples/effect_providers/atomic_publisher/specs/program_model/generated/atomic_publisher_contract/fake.py:21	out-of-scope	ticket_plan.yaml:648-658	none mapped	unrepresented	out_of_scope_lexical_inventory		INFERRED exact-path scope; source not read
134	lexical hit not semantically classified: raise NotImplementedError(	examples/effect_providers/atomic_publisher/specs/program_model/generated/atomic_publisher_contract/fake.py:26	out-of-scope	ticket_plan.yaml:648-658	none mapped	unrepresented	out_of_scope_lexical_inventory		INFERRED exact-path scope; source not read
135	lexical hit not semantically classified: raise NotImplementedError(	examples/effect_providers/atomic_publisher/specs/program_model/generated/atomic_publisher_contract/fake.py:31	out-of-scope	ticket_plan.yaml:648-658	none mapped	unrepresented	out_of_scope_lexical_inventory		INFERRED exact-path scope; source not read
136	lexical hit not semantically classified: raise NotImplementedError(	examples/effect_providers/atomic_publisher/specs/program_model/generated/atomic_publisher_contract/fake.py:36	out-of-scope	ticket_plan.yaml:648-658	none mapped	unrepresented	out_of_scope_lexical_inventory		INFERRED exact-path scope; source not read
137	lexical hit not semantically classified: try:	examples/effect_providers/atomic_publisher/specs/program_model/generated/atomic_publisher_contract/strategies.py:10	out-of-scope	ticket_plan.yaml:648-658	none mapped	unrepresented	out_of_scope_lexical_inventory		INFERRED exact-path scope; source not read
138	lexical hit not semantically classified: except Exception:  # pragma: no cover	examples/effect_providers/atomic_publisher/specs/program_model/generated/atomic_publisher_contract/strategies.py:12	out-of-scope	ticket_plan.yaml:648-658	none mapped	unrepresented	out_of_scope_lexical_inventory		INFERRED exact-path scope; source not read
139	"lexical hit not semantically classified: raise RuntimeError(""Hypothesis is required for generated strategies"")"	examples/effect_providers/atomic_publisher/specs/program_model/generated/atomic_publisher_contract/strategies.py:20	out-of-scope	ticket_plan.yaml:648-658	none mapped	unrepresented	out_of_scope_lexical_inventory		INFERRED exact-path scope; source not read
140	"lexical hit not semantically classified: raise NotImplementedError(""No state strategy template configured for FilesystemState"")"	examples/effect_providers/atomic_publisher/specs/program_model/generated/atomic_publisher_contract/strategies.py:25	out-of-scope	ticket_plan.yaml:648-658	none mapped	unrepresented	out_of_scope_lexical_inventory		INFERRED exact-path scope; source not read
141	lexical hit not semantically classified: try:	examples/effect_providers/atomic_publisher/specs/program_model/generated/atomic_publisher_contract/validators.py:18	out-of-scope	ticket_plan.yaml:648-658	none mapped	unrepresented	out_of_scope_lexical_inventory		INFERRED exact-path scope; source not read
142	lexical hit not semantically classified: except AssertionError as exc:	examples/effect_providers/atomic_publisher/specs/program_model/generated/atomic_publisher_contract/validators.py:20	out-of-scope	ticket_plan.yaml:648-658	none mapped	unrepresented	out_of_scope_lexical_inventory		INFERRED exact-path scope; source not read
143	"lexical hit not semantically classified: raise AssertionError(f""no generated transition dispatcher for {method_name}"")"	examples/effect_providers/atomic_publisher/specs/program_model/generated/atomic_publisher_contract/validators.py:35	out-of-scope	ticket_plan.yaml:648-658	none mapped	unrepresented	out_of_scope_lexical_inventory		INFERRED exact-path scope; source not read
144	"lexical hit not semantically classified: raise NotImplementedError(""No transition template configured for read"")"	examples/effect_providers/atomic_publisher/specs/program_model/generated/atomic_publisher_contract/validators.py:47	out-of-scope	ticket_plan.yaml:648-658	none mapped	unrepresented	out_of_scope_lexical_inventory		INFERRED exact-path scope; source not read
145	"lexical hit not semantically classified: raise NotImplementedError(""No transition template configured for write"")"	examples/effect_providers/atomic_publisher/specs/program_model/generated/atomic_publisher_contract/validators.py:56	out-of-scope	ticket_plan.yaml:648-658	none mapped	unrepresented	out_of_scope_lexical_inventory		INFERRED exact-path scope; source not read
146	"lexical hit not semantically classified: raise NotImplementedError(""No transition template configured for replace"")"	examples/effect_providers/atomic_publisher/specs/program_model/generated/atomic_publisher_contract/validators.py:65	out-of-scope	ticket_plan.yaml:648-658	none mapped	unrepresented	out_of_scope_lexical_inventory		INFERRED exact-path scope; source not read
147	"lexical hit not semantically classified: raise NotImplementedError(""No transition template configured for delete"")"	examples/effect_providers/atomic_publisher/specs/program_model/generated/atomic_publisher_contract/validators.py:74	out-of-scope	ticket_plan.yaml:648-658	none mapped	unrepresented	out_of_scope_lexical_inventory		INFERRED exact-path scope; source not read
148	"lexical hit not semantically classified: raise AssertionError(f""no transition validator for {command.__class__.__name__}"")"	examples/effect_providers/atomic_publisher/specs/program_model/generated/atomic_publisher_contract/validators.py:98	out-of-scope	ticket_plan.yaml:648-658	none mapped	unrepresented	out_of_scope_lexical_inventory		INFERRED exact-path scope; source not read
149	"lexical hit not semantically classified: raise AssertionError(f""unexpected input for {self.case.name}: {value!r}"")"	examples/effect_providers/atomic_publisher/specs/program_model/generated/cases/spec-unit/atomic_internal_cases/doubles.py:22	out-of-scope	ticket_plan.yaml:648-658	none mapped	unrepresented	out_of_scope_lexical_inventory		INFERRED exact-path scope; source not read
150	"lexical hit not semantically classified: raise AssertionError(f""case already consumed: {self.case.name}"")"	examples/effect_providers/atomic_publisher/specs/program_model/generated/cases/spec-unit/atomic_internal_cases/doubles.py:24	out-of-scope	ticket_plan.yaml:648-658	none mapped	unrepresented	out_of_scope_lexical_inventory		INFERRED exact-path scope; source not read
151	"lexical hit not semantically classified: raise AssertionError(f""unexpected input for {self.case.name}: {value!r}"")"	examples/effect_providers/atomic_publisher/specs/program_model/generated/cases/testgraph/atomic_external_cases/doubles.py:22	out-of-scope	ticket_plan.yaml:648-658	none mapped	unrepresented	out_of_scope_lexical_inventory		INFERRED exact-path scope; source not read
152	"lexical hit not semantically classified: raise AssertionError(f""case already consumed: {self.case.name}"")"	examples/effect_providers/atomic_publisher/specs/program_model/generated/cases/testgraph/atomic_external_cases/doubles.py:24	out-of-scope	ticket_plan.yaml:648-658	none mapped	unrepresented	out_of_scope_lexical_inventory		INFERRED exact-path scope; source not read
153	"lexical hit not semantically classified: raise AssertionError(f""unexpected input for {self.case.name}: {value!r}"")"	examples/effect_providers/legacy_payment_http/generated/spec-unit/payment_http_internal_cases/doubles.py:22	out-of-scope	ticket_plan.yaml:648-658	none mapped	unrepresented	out_of_scope_lexical_inventory		INFERRED exact-path scope; source not read
154	"lexical hit not semantically classified: raise AssertionError(f""case already consumed: {self.case.name}"")"	examples/effect_providers/legacy_payment_http/generated/spec-unit/payment_http_internal_cases/doubles.py:24	out-of-scope	ticket_plan.yaml:648-658	none mapped	unrepresented	out_of_scope_lexical_inventory		INFERRED exact-path scope; source not read
155	"lexical hit not semantically classified: raise AssertionError(f""unexpected input for {self.case.name}: {value!r}"")"	examples/effect_providers/legacy_payment_http/generated/testgraph/payment_http_external_cases/doubles.py:22	out-of-scope	ticket_plan.yaml:648-658	none mapped	unrepresented	out_of_scope_lexical_inventory		INFERRED exact-path scope; source not read
156	"lexical hit not semantically classified: raise AssertionError(f""case already consumed: {self.case.name}"")"	examples/effect_providers/legacy_payment_http/generated/testgraph/payment_http_external_cases/doubles.py:24	out-of-scope	ticket_plan.yaml:648-658	none mapped	unrepresented	out_of_scope_lexical_inventory		INFERRED exact-path scope; source not read
157	CLI process exit	examples/effect_providers/legacy_payment_http/legacy_payment_http_app/__main__.py:27	in-scope	ticket_plan.yaml:566-573,621-633	external terminal actions	partial	semantic_behavior	CH-01	READ
158	timeout or response-JSON normalization path	examples/effect_providers/legacy_payment_http/legacy_payment_http_app/application.py:76	in-scope	ticket_plan.yaml:566-573,621-633	Authorize* actions	partial	semantic_behavior	CH-04	READ
159	timeout or response-JSON normalization path	examples/effect_providers/legacy_payment_http/legacy_payment_http_app/application.py:81	in-scope	ticket_plan.yaml:566-573,621-633	Authorize* actions	partial	semantic_behavior	CH-04	READ
160	timeout or response-JSON normalization path	examples/effect_providers/legacy_payment_http/legacy_payment_http_app/application.py:109	in-scope	ticket_plan.yaml:566-573,621-633	Authorize* actions	partial	semantic_behavior	CH-04	READ
161	timeout or response-JSON normalization path	examples/effect_providers/legacy_payment_http/legacy_payment_http_app/application.py:111	in-scope	ticket_plan.yaml:566-573,621-633	Authorize* actions	partial	semantic_behavior	CH-04	READ
162	"lexical hit not semantically classified: raise AssertionError(""self-installed PaymentHttpPort must bind None"")"	examples/effect_providers/legacy_payment_http/payment_effects/adapters.py:16	out-of-scope	ticket_plan.yaml:648-658	none mapped	unrepresented	out_of_scope_lexical_inventory		INFERRED exact-path scope; source not read
163	lexical hit not semantically classified: try:	examples/effect_providers/legacy_payment_http/payment_effects/baseline.py:66	out-of-scope	ticket_plan.yaml:648-658	none mapped	unrepresented	out_of_scope_lexical_inventory		INFERRED exact-path scope; source not read
164	lexical hit not semantically classified: try:	examples/effect_providers/legacy_payment_http/payment_effects/baseline.py:75	out-of-scope	ticket_plan.yaml:648-658	none mapped	unrepresented	out_of_scope_lexical_inventory		INFERRED exact-path scope; source not read
165	lexical hit not semantically classified: except Exception as exc:	examples/effect_providers/legacy_payment_http/payment_effects/baseline.py:77	out-of-scope	ticket_plan.yaml:648-658	none mapped	unrepresented	out_of_scope_lexical_inventory		INFERRED exact-path scope; source not read
166	"lexical hit not semantically classified: raise AssertionError(f""hand-written baseline control is red: {control}"")"	examples/effect_providers/legacy_payment_http/payment_effects/baseline.py:96	out-of-scope	ticket_plan.yaml:648-658	none mapped	unrepresented	out_of_scope_lexical_inventory		INFERRED exact-path scope; source not read
167	"lexical hit not semantically classified: raise AssertionError(""application exceeded hand-written response script"")"	examples/effect_providers/legacy_payment_http/payment_effects/baseline.py:154	out-of-scope	ticket_plan.yaml:648-658	none mapped	unrepresented	out_of_scope_lexical_inventory		INFERRED exact-path scope; source not read
168	lexical hit not semantically classified: try:	examples/effect_providers/legacy_payment_http/payment_effects/external.py:30	out-of-scope	ticket_plan.yaml:648-658	none mapped	unrepresented	out_of_scope_lexical_inventory		INFERRED exact-path scope; source not read
169	lexical hit not semantically classified: raise AssertionError(completed.stderr)	examples/effect_providers/legacy_payment_http/payment_effects/external.py:58	out-of-scope	ticket_plan.yaml:648-658	none mapped	unrepresented	out_of_scope_lexical_inventory		INFERRED exact-path scope; source not read
170	lexical hit not semantically classified: try:	examples/effect_providers/legacy_payment_http/payment_effects/probes.py:33	out-of-scope	ticket_plan.yaml:648-658	none mapped	unrepresented	out_of_scope_lexical_inventory		INFERRED exact-path scope; source not read
171	lexical hit not semantically classified: try:	examples/effect_providers/legacy_payment_http/payment_effects/probes.py:36	out-of-scope	ticket_plan.yaml:648-658	none mapped	unrepresented	out_of_scope_lexical_inventory		INFERRED exact-path scope; source not read
172	lexical hit not semantically classified: except OutboundSocketAttempt as exc:	examples/effect_providers/legacy_payment_http/payment_effects/probes.py:39	out-of-scope	ticket_plan.yaml:648-658	none mapped	unrepresented	out_of_scope_lexical_inventory		INFERRED exact-path scope; source not read
173	lexical hit not semantically classified: try:	examples/effect_providers/legacy_payment_http/payment_effects/probes.py:45	out-of-scope	ticket_plan.yaml:648-658	none mapped	unrepresented	out_of_scope_lexical_inventory		INFERRED exact-path scope; source not read
174	lexical hit not semantically classified: try:	examples/effect_providers/legacy_payment_http/payment_effects/probes.py:47	out-of-scope	ticket_plan.yaml:648-658	none mapped	unrepresented	out_of_scope_lexical_inventory		INFERRED exact-path scope; source not read
175	lexical hit not semantically classified: except OutboundSocketAttempt as exc:	examples/effect_providers/legacy_payment_http/payment_effects/probes.py:52	out-of-scope	ticket_plan.yaml:648-658	none mapped	unrepresented	out_of_scope_lexical_inventory		INFERRED exact-path scope; source not read
176	"lexical hit not semantically classified: raise RuntimeError(""PaymentHttpPort provider is not active"")"	examples/effect_providers/legacy_payment_http/payment_effects/provider.py:53	out-of-scope	ticket_plan.yaml:648-658	none mapped	unrepresented	out_of_scope_lexical_inventory		INFERRED exact-path scope; source not read
177	"lexical hit not semantically classified: raise RuntimeError(""PaymentHttpPort provider scopes may not overlap"")"	examples/effect_providers/legacy_payment_http/payment_effects/provider.py:95	out-of-scope	ticket_plan.yaml:648-658	none mapped	unrepresented	out_of_scope_lexical_inventory		INFERRED exact-path scope; source not read
178	lexical hit not semantically classified: try:	examples/effect_providers/legacy_payment_http/payment_effects/provider.py:101	out-of-scope	ticket_plan.yaml:648-658	none mapped	unrepresented	out_of_scope_lexical_inventory		INFERRED exact-path scope; source not read
179	lexical hit not semantically classified: except BaseException:	examples/effect_providers/legacy_payment_http/payment_effects/provider.py:120	out-of-scope	ticket_plan.yaml:648-658	none mapped	unrepresented	out_of_scope_lexical_inventory		INFERRED exact-path scope; source not read
180	lexical hit not semantically classified: raise	examples/effect_providers/legacy_payment_http/payment_effects/provider.py:124	out-of-scope	ticket_plan.yaml:648-658	none mapped	unrepresented	out_of_scope_lexical_inventory		INFERRED exact-path scope; source not read
181	lexical hit not semantically classified: try:	examples/effect_providers/legacy_payment_http/payment_effects/provider.py:131	out-of-scope	ticket_plan.yaml:648-658	none mapped	unrepresented	out_of_scope_lexical_inventory		INFERRED exact-path scope; source not read
182	lexical hit not semantically classified: except BaseException as caught:	examples/effect_providers/legacy_payment_http/payment_effects/provider.py:133	out-of-scope	ticket_plan.yaml:648-658	none mapped	unrepresented	out_of_scope_lexical_inventory		INFERRED exact-path scope; source not read
183	lexical hit not semantically classified: try:	examples/effect_providers/legacy_payment_http/payment_effects/provider.py:136	out-of-scope	ticket_plan.yaml:648-658	none mapped	unrepresented	out_of_scope_lexical_inventory		INFERRED exact-path scope; source not read
184	lexical hit not semantically classified: raise assertion_error	examples/effect_providers/legacy_payment_http/payment_effects/provider.py:151	out-of-scope	ticket_plan.yaml:648-658	none mapped	unrepresented	out_of_scope_lexical_inventory		INFERRED exact-path scope; source not read
185	"lexical hit not semantically classified: self.responses.append({""exception"": self.timeout_type.__name__})"	examples/effect_providers/legacy_payment_http/payment_effects/provider.py:191	out-of-scope	ticket_plan.yaml:648-658	none mapped	unrepresented	out_of_scope_lexical_inventory		INFERRED exact-path scope; source not read
186	lexical hit not semantically classified: raise error	examples/effect_providers/legacy_payment_http/payment_effects/provider.py:192	out-of-scope	ticket_plan.yaml:648-658	none mapped	unrepresented	out_of_scope_lexical_inventory		INFERRED exact-path scope; source not read
187	"lexical hit not semantically classified: self.responses.append({""exception"": self.timeout_type.__name__})"	examples/effect_providers/legacy_payment_http/payment_effects/provider.py:197	out-of-scope	ticket_plan.yaml:648-658	none mapped	unrepresented	out_of_scope_lexical_inventory		INFERRED exact-path scope; source not read
188	lexical hit not semantically classified: raise error	examples/effect_providers/legacy_payment_http/payment_effects/provider.py:198	out-of-scope	ticket_plan.yaml:648-658	none mapped	unrepresented	out_of_scope_lexical_inventory		INFERRED exact-path scope; source not read
189	lexical hit not semantically classified: try:	examples/effect_providers/legacy_payment_http/payment_effects/provider.py:234	out-of-scope	ticket_plan.yaml:648-658	none mapped	unrepresented	out_of_scope_lexical_inventory		INFERRED exact-path scope; source not read
190	lexical hit not semantically classified: except ValueError:	examples/effect_providers/legacy_payment_http/payment_effects/provider.py:236	out-of-scope	ticket_plan.yaml:648-658	none mapped	unrepresented	out_of_scope_lexical_inventory		INFERRED exact-path scope; source not read
191	"lexical hit not semantically classified: raise OutboundSocketAttempt(f""blocked socket.connect to {address!r}"")"	examples/effect_providers/legacy_payment_http/payment_effects/provider.py:316	out-of-scope	ticket_plan.yaml:648-658	none mapped	unrepresented	out_of_scope_lexical_inventory		INFERRED exact-path scope; source not read
192	"lexical hit not semantically classified: raise OutboundSocketAttempt(f""blocked socket.create_connection to {address!r}"")"	examples/effect_providers/legacy_payment_http/payment_effects/provider.py:320	out-of-scope	ticket_plan.yaml:648-658	none mapped	unrepresented	out_of_scope_lexical_inventory		INFERRED exact-path scope; source not read
193	lexical hit not semantically classified: raise ProviderLocalAssertion(message)	examples/effect_providers/legacy_payment_http/payment_effects/provider.py:324	out-of-scope	ticket_plan.yaml:648-658	none mapped	unrepresented	out_of_scope_lexical_inventory		INFERRED exact-path scope; source not read
194	lexical hit not semantically classified: raise SystemExit(	examples/effect_providers/legacy_payment_http/scripts/regenerate.py:100	out-of-scope	ticket_plan.yaml:648-658	none mapped	unrepresented	out_of_scope_lexical_inventory		INFERRED exact-path scope; source not read
195	lexical hit not semantically classified: raise SystemExit(	examples/effect_providers/legacy_payment_http/scripts/regenerate.py:108	out-of-scope	ticket_plan.yaml:648-658	none mapped	unrepresented	out_of_scope_lexical_inventory		INFERRED exact-path scope; source not read
196	lexical hit not semantically classified: raise SystemExit(completed.returncode)	examples/effect_providers/legacy_payment_http/scripts/regenerate.py:170	out-of-scope	ticket_plan.yaml:648-658	none mapped	unrepresented	out_of_scope_lexical_inventory		INFERRED exact-path scope; source not read
197	lexical hit not semantically classified: raise SystemExit(main())	examples/effect_providers/legacy_payment_http/scripts/regenerate.py:203	out-of-scope	ticket_plan.yaml:648-658	none mapped	unrepresented	out_of_scope_lexical_inventory		INFERRED exact-path scope; source not read
198	"lexical hit not semantically classified: raise RuntimeError(f""required experiment dependency is unavailable: {package}"")"	examples/effect_providers/legacy_payment_http/scripts/run_experiment.py:135	out-of-scope	ticket_plan.yaml:648-658	none mapped	unrepresented	out_of_scope_lexical_inventory		INFERRED exact-path scope; source not read
199	lexical hit not semantically classified: raise SystemExit(	examples/effect_providers/legacy_payment_http/scripts/run_experiment.py:165	out-of-scope	ticket_plan.yaml:648-658	none mapped	unrepresented	out_of_scope_lexical_inventory		INFERRED exact-path scope; source not read
200	"lexical hit not semantically classified: raise SystemExit(""ERROR: unmutated generated/effectful control is red; mutants were not scored"")"	examples/effect_providers/legacy_payment_http/scripts/run_experiment.py:176	out-of-scope	ticket_plan.yaml:648-658	none mapped	unrepresented	out_of_scope_lexical_inventory		INFERRED exact-path scope; source not read
201	lexical hit not semantically classified: try:	examples/effect_providers/legacy_payment_http/scripts/run_experiment.py:700	out-of-scope	ticket_plan.yaml:648-658	none mapped	unrepresented	out_of_scope_lexical_inventory		INFERRED exact-path scope; source not read
202	lexical hit not semantically classified: except json.JSONDecodeError:	examples/effect_providers/legacy_payment_http/scripts/run_experiment.py:702	out-of-scope	ticket_plan.yaml:648-658	none mapped	unrepresented	out_of_scope_lexical_inventory		INFERRED exact-path scope; source not read
203	lexical hit not semantically classified: raise SystemExit(	examples/effect_providers/legacy_payment_http/scripts/run_experiment.py:742	out-of-scope	ticket_plan.yaml:648-658	none mapped	unrepresented	out_of_scope_lexical_inventory		INFERRED exact-path scope; source not read
204	lexical hit not semantically classified: raise SystemExit(	examples/effect_providers/legacy_payment_http/scripts/run_experiment.py:750	out-of-scope	ticket_plan.yaml:648-658	none mapped	unrepresented	out_of_scope_lexical_inventory		INFERRED exact-path scope; source not read
205	"lexical hit not semantically classified: raise SystemExit(""ERROR: generated cases lost their semantic action label"")"	examples/effect_providers/legacy_payment_http/scripts/run_experiment.py:754	out-of-scope	ticket_plan.yaml:648-658	none mapped	unrepresented	out_of_scope_lexical_inventory		INFERRED exact-path scope; source not read
206	"lexical hit not semantically classified: raise SystemExit(f""ERROR: expected 56 complete generated cases, got {len(cases)}"")"	examples/effect_providers/legacy_payment_http/scripts/run_experiment.py:756	out-of-scope	ticket_plan.yaml:648-658	none mapped	unrepresented	out_of_scope_lexical_inventory		INFERRED exact-path scope; source not read
207	"lexical hit not semantically classified: raise SystemExit(f""ERROR: generated corpus provenance is stale for {name}"")"	examples/effect_providers/legacy_payment_http/scripts/run_experiment.py:761	out-of-scope	ticket_plan.yaml:648-658	none mapped	unrepresented	out_of_scope_lexical_inventory		INFERRED exact-path scope; source not read
208	lexical hit not semantically classified: raise SystemExit(completed.returncode)	examples/effect_providers/legacy_payment_http/scripts/run_experiment.py:871	out-of-scope	ticket_plan.yaml:648-658	none mapped	unrepresented	out_of_scope_lexical_inventory		INFERRED exact-path scope; source not read
209	lexical hit not semantically classified: raise SystemExit(main())	examples/effect_providers/legacy_payment_http/scripts/run_experiment.py:1008	out-of-scope	ticket_plan.yaml:648-658	none mapped	unrepresented	out_of_scope_lexical_inventory		INFERRED exact-path scope; source not read
210	lexical hit not semantically classified: raise SystemExit(main())	examples/effect_providers/legacy_payment_http/scripts/write_cost_evidence.py:145	out-of-scope	ticket_plan.yaml:648-658	none mapped	unrepresented	out_of_scope_lexical_inventory		INFERRED exact-path scope; source not read
211	"lexical hit not semantically classified: raise AssertionError(f""no method mapping for {command.__class__.__name__}"")"	examples/effect_providers/legacy_payment_http/specs/program_model/generated/payment_http_contract/contract_tests.py:32	out-of-scope	ticket_plan.yaml:648-658	none mapped	unrepresented	out_of_scope_lexical_inventory		INFERRED exact-path scope; source not read
212	lexical hit not semantically classified: raise NotImplementedError(	examples/effect_providers/legacy_payment_http/specs/program_model/generated/payment_http_contract/fake.py:21	out-of-scope	ticket_plan.yaml:648-658	none mapped	unrepresented	out_of_scope_lexical_inventory		INFERRED exact-path scope; source not read
213	lexical hit not semantically classified: try:	examples/effect_providers/legacy_payment_http/specs/program_model/generated/payment_http_contract/strategies.py:10	out-of-scope	ticket_plan.yaml:648-658	none mapped	unrepresented	out_of_scope_lexical_inventory		INFERRED exact-path scope; source not read
214	lexical hit not semantically classified: except Exception:  # pragma: no cover	examples/effect_providers/legacy_payment_http/specs/program_model/generated/payment_http_contract/strategies.py:12	out-of-scope	ticket_plan.yaml:648-658	none mapped	unrepresented	out_of_scope_lexical_inventory		INFERRED exact-path scope; source not read
215	"lexical hit not semantically classified: raise RuntimeError(""Hypothesis is required for generated strategies"")"	examples/effect_providers/legacy_payment_http/specs/program_model/generated/payment_http_contract/strategies.py:20	out-of-scope	ticket_plan.yaml:648-658	none mapped	unrepresented	out_of_scope_lexical_inventory		INFERRED exact-path scope; source not read
216	"lexical hit not semantically classified: raise NotImplementedError(""No state strategy template configured for PaymentHttpState"")"	examples/effect_providers/legacy_payment_http/specs/program_model/generated/payment_http_contract/strategies.py:25	out-of-scope	ticket_plan.yaml:648-658	none mapped	unrepresented	out_of_scope_lexical_inventory		INFERRED exact-path scope; source not read
217	lexical hit not semantically classified: try:	examples/effect_providers/legacy_payment_http/specs/program_model/generated/payment_http_contract/validators.py:19	out-of-scope	ticket_plan.yaml:648-658	none mapped	unrepresented	out_of_scope_lexical_inventory		INFERRED exact-path scope; source not read
218	lexical hit not semantically classified: except AssertionError as exc:	examples/effect_providers/legacy_payment_http/specs/program_model/generated/payment_http_contract/validators.py:21	out-of-scope	ticket_plan.yaml:648-658	none mapped	unrepresented	out_of_scope_lexical_inventory		INFERRED exact-path scope; source not read
219	"lexical hit not semantically classified: raise AssertionError(f""no generated transition dispatcher for {method_name}"")"	examples/effect_providers/legacy_payment_http/specs/program_model/generated/payment_http_contract/validators.py:36	out-of-scope	ticket_plan.yaml:648-658	none mapped	unrepresented	out_of_scope_lexical_inventory		INFERRED exact-path scope; source not read
220	"lexical hit not semantically classified: raise NotImplementedError(""No invariant template configured for TypeInvariant"")"	examples/effect_providers/legacy_payment_http/specs/program_model/generated/payment_http_contract/validators.py:43	out-of-scope	ticket_plan.yaml:648-658	none mapped	unrepresented	out_of_scope_lexical_inventory		INFERRED exact-path scope; source not read
221	"lexical hit not semantically classified: raise NotImplementedError(""No invariant template configured for ResultInvariant"")"	examples/effect_providers/legacy_payment_http/specs/program_model/generated/payment_http_contract/validators.py:47	out-of-scope	ticket_plan.yaml:648-658	none mapped	unrepresented	out_of_scope_lexical_inventory		INFERRED exact-path scope; source not read
222	"lexical hit not semantically classified: raise NotImplementedError(""No transition template configured for send"")"	examples/effect_providers/legacy_payment_http/specs/program_model/generated/payment_http_contract/validators.py:56	out-of-scope	ticket_plan.yaml:648-658	none mapped	unrepresented	out_of_scope_lexical_inventory		INFERRED exact-path scope; source not read
223	"lexical hit not semantically classified: raise AssertionError(f""no transition validator for {command.__class__.__name__}"")"	examples/effect_providers/legacy_payment_http/specs/program_model/generated/payment_http_contract/validators.py:68	out-of-scope	ticket_plan.yaml:648-658	none mapped	unrepresented	out_of_scope_lexical_inventory		INFERRED exact-path scope; source not read
224	lexical hit not semantically classified: try:	examples/effect_providers/legacy_payment_http/tests/test_project.py:194	out-of-scope	ticket_plan.yaml:648-658	none mapped	unrepresented	out_of_scope_lexical_inventory		INFERRED exact-path scope; source not read
225	"lexical hit not semantically classified: raise AssertionError(""DETECTOR[shared_journal] providers did not share one point state"")"	examples/effect_providers/reminder_worker/adapter.py:24	out-of-scope	ticket_plan.yaml:648-658	none mapped	unrepresented	out_of_scope_lexical_inventory		INFERRED exact-path scope; source not read
226	lexical hit not semantically classified: try:	examples/effect_providers/reminder_worker/adapter.py:31	out-of-scope	ticket_plan.yaml:648-658	none mapped	unrepresented	out_of_scope_lexical_inventory		INFERRED exact-path scope; source not read
227	lexical hit not semantically classified: except BaseException as exc:	examples/effect_providers/reminder_worker/adapter.py:39	out-of-scope	ticket_plan.yaml:648-658	none mapped	unrepresented	out_of_scope_lexical_inventory		INFERRED exact-path scope; source not read
228	lexical hit not semantically classified: raise	examples/effect_providers/reminder_worker/adapter.py:41	out-of-scope	ticket_plan.yaml:648-658	none mapped	unrepresented	out_of_scope_lexical_inventory		INFERRED exact-path scope; source not read
229	retryable/permanent notification path	examples/effect_providers/reminder_worker/app.py:100	in-scope	ticket_plan.yaml:566-573,621-633	ProcessRetryable/ProcessPermanent	partial	semantic_behavior	CR-02	READ
230	retryable/permanent notification path	examples/effect_providers/reminder_worker/app.py:104	in-scope	ticket_plan.yaml:566-573,621-633	ProcessRetryable/ProcessPermanent	partial	semantic_behavior	CR-04	READ
231	retryable/permanent notification path	examples/effect_providers/reminder_worker/app.py:110	in-scope	ticket_plan.yaml:566-573,621-633	ProcessRetryable/ProcessPermanent	partial	semantic_behavior	CR-04	READ
232	"lexical hit not semantically classified: raise ValueError(""process adapter requires a case work directory"")"	examples/effect_providers/reminder_worker/external_adapter.py:22	out-of-scope	ticket_plan.yaml:648-658	none mapped	unrepresented	out_of_scope_lexical_inventory		INFERRED exact-path scope; source not read
233	lexical hit not semantically classified: raise AssertionError(	examples/effect_providers/reminder_worker/external_adapter.py:48	out-of-scope	ticket_plan.yaml:648-658	none mapped	unrepresented	out_of_scope_lexical_inventory		INFERRED exact-path scope; source not read
234	"lexical hit not semantically classified: raise AssertionError(f""unexpected input for {self.case.name}: {value!r}"")"	examples/effect_providers/reminder_worker/generated/cases/spec-unit/reminder_internal_cases/doubles.py:22	out-of-scope	ticket_plan.yaml:648-658	none mapped	unrepresented	out_of_scope_lexical_inventory		INFERRED exact-path scope; source not read
235	"lexical hit not semantically classified: raise AssertionError(f""case already consumed: {self.case.name}"")"	examples/effect_providers/reminder_worker/generated/cases/spec-unit/reminder_internal_cases/doubles.py:24	out-of-scope	ticket_plan.yaml:648-658	none mapped	unrepresented	out_of_scope_lexical_inventory		INFERRED exact-path scope; source not read
236	"lexical hit not semantically classified: raise AssertionError(f""unexpected input for {self.case.name}: {value!r}"")"	examples/effect_providers/reminder_worker/generated/cases/testgraph/reminder_external_cases/doubles.py:22	out-of-scope	ticket_plan.yaml:648-658	none mapped	unrepresented	out_of_scope_lexical_inventory		INFERRED exact-path scope; source not read
237	"lexical hit not semantically classified: raise AssertionError(f""case already consumed: {self.case.name}"")"	examples/effect_providers/reminder_worker/generated/cases/testgraph/reminder_external_cases/doubles.py:24	out-of-scope	ticket_plan.yaml:648-658	none mapped	unrepresented	out_of_scope_lexical_inventory		INFERRED exact-path scope; source not read
238	"lexical hit not semantically classified: raise AssertionError(f""no method mapping for {command.__class__.__name__}"")"	examples/effect_providers/reminder_worker/generated/reminder_contract/contract_tests.py:44	out-of-scope	ticket_plan.yaml:648-658	none mapped	unrepresented	out_of_scope_lexical_inventory		INFERRED exact-path scope; source not read
239	lexical hit not semantically classified: raise NotImplementedError(	examples/effect_providers/reminder_worker/generated/reminder_contract/fake.py:21	out-of-scope	ticket_plan.yaml:648-658	none mapped	unrepresented	out_of_scope_lexical_inventory		INFERRED exact-path scope; source not read
240	lexical hit not semantically classified: raise NotImplementedError(	examples/effect_providers/reminder_worker/generated/reminder_contract/fake.py:26	out-of-scope	ticket_plan.yaml:648-658	none mapped	unrepresented	out_of_scope_lexical_inventory		INFERRED exact-path scope; source not read
241	lexical hit not semantically classified: raise NotImplementedError(	examples/effect_providers/reminder_worker/generated/reminder_contract/fake.py:31	out-of-scope	ticket_plan.yaml:648-658	none mapped	unrepresented	out_of_scope_lexical_inventory		INFERRED exact-path scope; source not read
242	lexical hit not semantically classified: raise NotImplementedError(	examples/effect_providers/reminder_worker/generated/reminder_contract/fake.py:36	out-of-scope	ticket_plan.yaml:648-658	none mapped	unrepresented	out_of_scope_lexical_inventory		INFERRED exact-path scope; source not read
243	lexical hit not semantically classified: raise NotImplementedError(	examples/effect_providers/reminder_worker/generated/reminder_contract/fake.py:41	out-of-scope	ticket_plan.yaml:648-658	none mapped	unrepresented	out_of_scope_lexical_inventory		INFERRED exact-path scope; source not read
244	lexical hit not semantically classified: raise NotImplementedError(	examples/effect_providers/reminder_worker/generated/reminder_contract/fake.py:46	out-of-scope	ticket_plan.yaml:648-658	none mapped	unrepresented	out_of_scope_lexical_inventory		INFERRED exact-path scope; source not read
245	lexical hit not semantically classified: raise NotImplementedError(	examples/effect_providers/reminder_worker/generated/reminder_contract/fake.py:51	out-of-scope	ticket_plan.yaml:648-658	none mapped	unrepresented	out_of_scope_lexical_inventory		INFERRED exact-path scope; source not read
246	lexical hit not semantically classified: try:	examples/effect_providers/reminder_worker/generated/reminder_contract/strategies.py:10	out-of-scope	ticket_plan.yaml:648-658	none mapped	unrepresented	out_of_scope_lexical_inventory		INFERRED exact-path scope; source not read
247	lexical hit not semantically classified: except Exception:  # pragma: no cover	examples/effect_providers/reminder_worker/generated/reminder_contract/strategies.py:12	out-of-scope	ticket_plan.yaml:648-658	none mapped	unrepresented	out_of_scope_lexical_inventory		INFERRED exact-path scope; source not read
248	"lexical hit not semantically classified: raise RuntimeError(""Hypothesis is required for generated strategies"")"	examples/effect_providers/reminder_worker/generated/reminder_contract/strategies.py:20	out-of-scope	ticket_plan.yaml:648-658	none mapped	unrepresented	out_of_scope_lexical_inventory		INFERRED exact-path scope; source not read
249	"lexical hit not semantically classified: raise NotImplementedError(""No state strategy template configured for ReminderState"")"	examples/effect_providers/reminder_worker/generated/reminder_contract/strategies.py:25	out-of-scope	ticket_plan.yaml:648-658	none mapped	unrepresented	out_of_scope_lexical_inventory		INFERRED exact-path scope; source not read
250	lexical hit not semantically classified: try:	examples/effect_providers/reminder_worker/generated/reminder_contract/validators.py:18	out-of-scope	ticket_plan.yaml:648-658	none mapped	unrepresented	out_of_scope_lexical_inventory		INFERRED exact-path scope; source not read
251	lexical hit not semantically classified: except AssertionError as exc:	examples/effect_providers/reminder_worker/generated/reminder_contract/validators.py:20	out-of-scope	ticket_plan.yaml:648-658	none mapped	unrepresented	out_of_scope_lexical_inventory		INFERRED exact-path scope; source not read
252	"lexical hit not semantically classified: raise AssertionError(f""no generated transition dispatcher for {method_name}"")"	examples/effect_providers/reminder_worker/generated/reminder_contract/validators.py:35	out-of-scope	ticket_plan.yaml:648-658	none mapped	unrepresented	out_of_scope_lexical_inventory		INFERRED exact-path scope; source not read
253	"lexical hit not semantically classified: raise NotImplementedError(""No transition template configured for now"")"	examples/effect_providers/reminder_worker/generated/reminder_contract/validators.py:47	out-of-scope	ticket_plan.yaml:648-658	none mapped	unrepresented	out_of_scope_lexical_inventory		INFERRED exact-path scope; source not read
254	"lexical hit not semantically classified: raise NotImplementedError(""No transition template configured for claim"")"	examples/effect_providers/reminder_worker/generated/reminder_contract/validators.py:56	out-of-scope	ticket_plan.yaml:648-658	none mapped	unrepresented	out_of_scope_lexical_inventory		INFERRED exact-path scope; source not read
255	"lexical hit not semantically classified: raise NotImplementedError(""No transition template configured for dead_letter"")"	examples/effect_providers/reminder_worker/generated/reminder_contract/validators.py:65	out-of-scope	ticket_plan.yaml:648-658	none mapped	unrepresented	out_of_scope_lexical_inventory		INFERRED exact-path scope; source not read
256	"lexical hit not semantically classified: raise NotImplementedError(""No transition template configured for lookup"")"	examples/effect_providers/reminder_worker/generated/reminder_contract/validators.py:74	out-of-scope	ticket_plan.yaml:648-658	none mapped	unrepresented	out_of_scope_lexical_inventory		INFERRED exact-path scope; source not read
257	"lexical hit not semantically classified: raise NotImplementedError(""No transition template configured for stage"")"	examples/effect_providers/reminder_worker/generated/reminder_contract/validators.py:83	out-of-scope	ticket_plan.yaml:648-658	none mapped	unrepresented	out_of_scope_lexical_inventory		INFERRED exact-path scope; source not read
258	"lexical hit not semantically classified: raise NotImplementedError(""No transition template configured for mark_sent"")"	examples/effect_providers/reminder_worker/generated/reminder_contract/validators.py:92	out-of-scope	ticket_plan.yaml:648-658	none mapped	unrepresented	out_of_scope_lexical_inventory		INFERRED exact-path scope; source not read
259	"lexical hit not semantically classified: raise NotImplementedError(""No transition template configured for send"")"	examples/effect_providers/reminder_worker/generated/reminder_contract/validators.py:101	out-of-scope	ticket_plan.yaml:648-658	none mapped	unrepresented	out_of_scope_lexical_inventory		INFERRED exact-path scope; source not read
260	"lexical hit not semantically classified: raise AssertionError(f""no transition validator for {command.__class__.__name__}"")"	examples/effect_providers/reminder_worker/generated/reminder_contract/validators.py:137	out-of-scope	ticket_plan.yaml:648-658	none mapped	unrepresented	out_of_scope_lexical_inventory		INFERRED exact-path scope; source not read
261	lexical hit not semantically classified: class Entry:	examples/effect_providers/reminder_worker/providers.py:38	out-of-scope	ticket_plan.yaml:648-658	none mapped	unrepresented	out_of_scope_lexical_inventory		INFERRED exact-path scope; source not read
262	lexical hit not semantically classified: exception_kind: str	examples/effect_providers/reminder_worker/providers.py:50	out-of-scope	ticket_plan.yaml:648-658	none mapped	unrepresented	out_of_scope_lexical_inventory		INFERRED exact-path scope; source not read
263	lexical hit not semantically classified: exception_variant: int	examples/effect_providers/reminder_worker/providers.py:51	out-of-scope	ticket_plan.yaml:648-658	none mapped	unrepresented	out_of_scope_lexical_inventory		INFERRED exact-path scope; source not read
264	"lexical hit not semantically classified: exception_kind=""retryable"" if scenario == ""retryable"" else ""permanent"" if scenario == ""permanent"" else ""none"","	examples/effect_providers/reminder_worker/providers.py:82	out-of-scope	ticket_plan.yaml:648-658	none mapped	unrepresented	out_of_scope_lexical_inventory		INFERRED exact-path scope; source not read
265	lexical hit not semantically classified: exception_variant=rng.randrange(2),	examples/effect_providers/reminder_worker/providers.py:83	out-of-scope	ticket_plan.yaml:648-658	none mapped	unrepresented	out_of_scope_lexical_inventory		INFERRED exact-path scope; source not read
266	lexical hit not semantically classified: try:	examples/effect_providers/reminder_worker/providers.py:110	out-of-scope	ticket_plan.yaml:648-658	none mapped	unrepresented	out_of_scope_lexical_inventory		INFERRED exact-path scope; source not read
267	lexical hit not semantically classified: except ValueError:	examples/effect_providers/reminder_worker/providers.py:112	out-of-scope	ticket_plan.yaml:648-658	none mapped	unrepresented	out_of_scope_lexical_inventory		INFERRED exact-path scope; source not read
268	"lexical hit not semantically classified: raise DetectorFailure(""shared_journal"", f""stage must precede send: {self.journal!r}"")"	examples/effect_providers/reminder_worker/providers.py:118	out-of-scope	ticket_plan.yaml:648-658	none mapped	unrepresented	out_of_scope_lexical_inventory		INFERRED exact-path scope; source not read
269	"lexical hit not semantically classified: raise DetectorFailure(""shared_journal"", f""send < mark < ack required: {self.journal!r}"")"	examples/effect_providers/reminder_worker/providers.py:126	out-of-scope	ticket_plan.yaml:648-658	none mapped	unrepresented	out_of_scope_lexical_inventory		INFERRED exact-path scope; source not read
270	"lexical hit not semantically classified: raise DetectorFailure(""provider_local_assertion"", ""clock read more than once"")"	examples/effect_providers/reminder_worker/providers.py:226	out-of-scope	ticket_plan.yaml:648-658	none mapped	unrepresented	out_of_scope_lexical_inventory		INFERRED exact-path scope; source not read
271	"lexical hit not semantically classified: raise DetectorFailure(""provider_local_assertion"", ""queue job id mismatch"")"	examples/effect_providers/reminder_worker/providers.py:243	out-of-scope	ticket_plan.yaml:648-658	none mapped	unrepresented	out_of_scope_lexical_inventory		INFERRED exact-path scope; source not read
272	"lexical hit not semantically classified: raise DetectorFailure(""provider_local_assertion"", ""outbox lookup id mismatch"")"	examples/effect_providers/reminder_worker/providers.py:267	out-of-scope	ticket_plan.yaml:648-658	none mapped	unrepresented	out_of_scope_lexical_inventory		INFERRED exact-path scope; source not read
273	"lexical hit not semantically classified: raise DetectorFailure(""provider_local_assertion"", f""staged message mismatch: {actual!r}"")"	examples/effect_providers/reminder_worker/providers.py:278	out-of-scope	ticket_plan.yaml:648-658	none mapped	unrepresented	out_of_scope_lexical_inventory		INFERRED exact-path scope; source not read
274	"lexical hit not semantically classified: raise DetectorFailure(""provider_local_assertion"", ""mark-sent job id mismatch"")"	examples/effect_providers/reminder_worker/providers.py:284	out-of-scope	ticket_plan.yaml:648-658	none mapped	unrepresented	out_of_scope_lexical_inventory		INFERRED exact-path scope; source not read
275	"lexical hit not semantically classified: raise DetectorFailure(""provider_local_assertion"", ""duplicate notification send"")"	examples/effect_providers/reminder_worker/providers.py:297	out-of-scope	ticket_plan.yaml:648-658	none mapped	unrepresented	out_of_scope_lexical_inventory		INFERRED exact-path scope; source not read
276	"lexical hit not semantically classified: raise DetectorFailure(""provider_local_assertion"", f""notification payload mismatch: {actual!r}"")"	examples/effect_providers/reminder_worker/providers.py:301	out-of-scope	ticket_plan.yaml:648-658	none mapped	unrepresented	out_of_scope_lexical_inventory		INFERRED exact-path scope; source not read
277	"lexical hit not semantically classified: if self.state.bundle.exception_kind == ""retryable"":"	examples/effect_providers/reminder_worker/providers.py:304	out-of-scope	ticket_plan.yaml:648-658	none mapped	unrepresented	out_of_scope_lexical_inventory		INFERRED exact-path scope; source not read
278	lexical hit not semantically classified: if self.state.bundle.exception_variant == 0	examples/effect_providers/reminder_worker/providers.py:307	out-of-scope	ticket_plan.yaml:648-658	none mapped	unrepresented	out_of_scope_lexical_inventory		INFERRED exact-path scope; source not read
279	"lexical hit not semantically classified: raise error_type(""provider-selected retryable failure"")"	examples/effect_providers/reminder_worker/providers.py:310	out-of-scope	ticket_plan.yaml:648-658	none mapped	unrepresented	out_of_scope_lexical_inventory		INFERRED exact-path scope; source not read
280	"lexical hit not semantically classified: if self.state.bundle.exception_kind == ""permanent"":"	examples/effect_providers/reminder_worker/providers.py:311	out-of-scope	ticket_plan.yaml:648-658	none mapped	unrepresented	out_of_scope_lexical_inventory		INFERRED exact-path scope; source not read
281	lexical hit not semantically classified: if self.state.bundle.exception_variant == 0	examples/effect_providers/reminder_worker/providers.py:314	out-of-scope	ticket_plan.yaml:648-658	none mapped	unrepresented	out_of_scope_lexical_inventory		INFERRED exact-path scope; source not read
282	"lexical hit not semantically classified: raise error_type(""provider-selected permanent failure"")"	examples/effect_providers/reminder_worker/providers.py:317	out-of-scope	ticket_plan.yaml:648-658	none mapped	unrepresented	out_of_scope_lexical_inventory		INFERRED exact-path scope; source not read
283	lexical hit not semantically classified: raise SystemExit(main())	examples/effect_providers/reminder_worker/regenerate.py:118	out-of-scope	ticket_plan.yaml:648-658	none mapped	unrepresented	out_of_scope_lexical_inventory		INFERRED exact-path scope; source not read
285	command-correlation assertion, simulated notifier error, or process exit	examples/effect_providers/reminder_worker/reminder_cli.py:82	in-scope	ticket_plan.yaml:566-573,621-633	Run* terminal actions	partial	semantic_behavior	CR-03	READ
286	command-correlation assertion, simulated notifier error, or process exit	examples/effect_providers/reminder_worker/reminder_cli.py:104	in-scope	ticket_plan.yaml:566-573,621-633	Run* terminal actions	partial	semantic_behavior	CR-03	READ
287	command-correlation assertion, simulated notifier error, or process exit	examples/effect_providers/reminder_worker/reminder_cli.py:117	in-scope	ticket_plan.yaml:566-573,621-633	Run* terminal actions	partial	semantic_behavior	CR-03	READ
288	command-correlation assertion, simulated notifier error, or process exit	examples/effect_providers/reminder_worker/reminder_cli.py:124	in-scope	ticket_plan.yaml:566-573,621-633	Run* terminal actions	partial	semantic_behavior	CR-03	READ
289	command-correlation assertion, simulated notifier error, or process exit	examples/effect_providers/reminder_worker/reminder_cli.py:140	in-scope	ticket_plan.yaml:566-573,621-633	Run* terminal actions	partial	semantic_behavior	CR-03	READ
290	command-correlation assertion, simulated notifier error, or process exit	examples/effect_providers/reminder_worker/reminder_cli.py:145	in-scope	ticket_plan.yaml:566-573,621-633	Run* terminal actions	partial	semantic_behavior	CR-03	READ
291	command-correlation assertion, simulated notifier error, or process exit	examples/effect_providers/reminder_worker/reminder_cli.py:147	in-scope	ticket_plan.yaml:566-573,621-633	Run* terminal actions	partial	semantic_behavior	CR-03	READ
292	command-correlation assertion, simulated notifier error, or process exit	examples/effect_providers/reminder_worker/reminder_cli.py:204	in-scope	ticket_plan.yaml:566-573,621-633	Run* terminal actions	partial	semantic_behavior	CR-03	READ
293	"lexical hit not semantically classified: raise AssertionError(f""preregistered mutant ids changed: {ids!r}"")"	examples/effect_providers/reminder_worker/run_experiment.py:90	out-of-scope	ticket_plan.yaml:648-658	none mapped	unrepresented	out_of_scope_lexical_inventory		INFERRED exact-path scope; source not read
294	"lexical hit not semantically classified: raise AssertionError(f""preregistered detectors changed: {detectors!r}"")"	examples/effect_providers/reminder_worker/run_experiment.py:92	out-of-scope	ticket_plan.yaml:648-658	none mapped	unrepresented	out_of_scope_lexical_inventory		INFERRED exact-path scope; source not read
295	"lexical hit not semantically classified: raise AssertionError(f""preregistered iterations changed: {iterations!r}"")"	examples/effect_providers/reminder_worker/run_experiment.py:94	out-of-scope	ticket_plan.yaml:648-658	none mapped	unrepresented	out_of_scope_lexical_inventory		INFERRED exact-path scope; source not read
296	"lexical hit not semantically classified: raise AssertionError(""no-framework-change rule missing from preregistration"")"	examples/effect_providers/reminder_worker/run_experiment.py:96	out-of-scope	ticket_plan.yaml:648-658	none mapped	unrepresented	out_of_scope_lexical_inventory		INFERRED exact-path scope; source not read
297	"lexical hit not semantically classified: raise AssertionError(f""generated action/outcome coverage changed: {actions!r}"")"	examples/effect_providers/reminder_worker/run_experiment.py:130	out-of-scope	ticket_plan.yaml:648-658	none mapped	unrepresented	out_of_scope_lexical_inventory		INFERRED exact-path scope; source not read
298	"lexical hit not semantically classified: raise AssertionError(""generated scenario parameter does not refine the before state"")"	examples/effect_providers/reminder_worker/run_experiment.py:132	out-of-scope	ticket_plan.yaml:648-658	none mapped	unrepresented	out_of_scope_lexical_inventory		INFERRED exact-path scope; source not read
299	lexical hit not semantically classified: try:	examples/effect_providers/reminder_worker/run_experiment.py:349	out-of-scope	ticket_plan.yaml:648-658	none mapped	unrepresented	out_of_scope_lexical_inventory		INFERRED exact-path scope; source not read
300	lexical hit not semantically classified: try:	examples/effect_providers/reminder_worker/run_experiment.py:372	out-of-scope	ticket_plan.yaml:648-658	none mapped	unrepresented	out_of_scope_lexical_inventory		INFERRED exact-path scope; source not read
301	"lexical hit not semantically classified: raise AssertionError(""hand baseline output mismatch"")"	examples/effect_providers/reminder_worker/run_experiment.py:375	out-of-scope	ticket_plan.yaml:648-658	none mapped	unrepresented	out_of_scope_lexical_inventory		INFERRED exact-path scope; source not read
302	lexical hit not semantically classified: try:	examples/effect_providers/reminder_worker/run_experiment.py:390	out-of-scope	ticket_plan.yaml:648-658	none mapped	unrepresented	out_of_scope_lexical_inventory		INFERRED exact-path scope; source not read
303	lexical hit not semantically classified: except BaseException as exc:	examples/effect_providers/reminder_worker/run_experiment.py:396	out-of-scope	ticket_plan.yaml:648-658	none mapped	unrepresented	out_of_scope_lexical_inventory		INFERRED exact-path scope; source not read
304	"lexical hit not semantically classified: raise OSError(""passive probe blocked direct network bypass"")"	examples/effect_providers/reminder_worker/run_experiment.py:428	out-of-scope	ticket_plan.yaml:648-658	none mapped	unrepresented	out_of_scope_lexical_inventory		INFERRED exact-path scope; source not read
305	lexical hit not semantically classified: try:	examples/effect_providers/reminder_worker/run_experiment.py:432	out-of-scope	ticket_plan.yaml:648-658	none mapped	unrepresented	out_of_scope_lexical_inventory		INFERRED exact-path scope; source not read
306	lexical hit not semantically classified: try:	examples/effect_providers/reminder_worker/run_experiment.py:434	out-of-scope	ticket_plan.yaml:648-658	none mapped	unrepresented	out_of_scope_lexical_inventory		INFERRED exact-path scope; source not read
307	lexical hit not semantically classified: except OSError:	examples/effect_providers/reminder_worker/run_experiment.py:437	out-of-scope	ticket_plan.yaml:648-658	none mapped	unrepresented	out_of_scope_lexical_inventory		INFERRED exact-path scope; source not read
308	"lexical hit not semantically classified: raise SystemExit(f""refusing to overwrite evidence run {run_root}"")"	examples/effect_providers/reminder_worker/run_experiment.py:547	out-of-scope	ticket_plan.yaml:648-658	none mapped	unrepresented	out_of_scope_lexical_inventory		INFERRED exact-path scope; source not read
309	"lexical hit not semantically classified: raise SystemExit(f""regeneration failed; see {run_root / 'regenerate.txt'}"")"	examples/effect_providers/reminder_worker/run_experiment.py:562	out-of-scope	ticket_plan.yaml:648-658	none mapped	unrepresented	out_of_scope_lexical_inventory		INFERRED exact-path scope; source not read
310	"lexical hit not semantically classified: ""concrete unicode identifier, timestamp, receipt, and exception instance"","	examples/effect_providers/reminder_worker/run_experiment.py:704	out-of-scope	ticket_plan.yaml:648-658	none mapped	unrepresented	out_of_scope_lexical_inventory		INFERRED exact-path scope; source not read
311	"lexical hit not semantically classified: ""provider maps scenario/action to notifier success or retryable/permanent exception class"","	examples/effect_providers/reminder_worker/run_experiment.py:708	out-of-scope	ticket_plan.yaml:648-658	none mapped	unrepresented	out_of_scope_lexical_inventory		INFERRED exact-path scope; source not read
312	lexical hit not semantically classified: raise SystemExit(main())	examples/effect_providers/reminder_worker/run_experiment.py:740	out-of-scope	ticket_plan.yaml:648-658	none mapped	unrepresented	out_of_scope_lexical_inventory		INFERRED exact-path scope; source not read
313	lexical hit not semantically classified: try:	examples/run_distributed_history_validation.py:47	out-of-scope	ticket_plan.yaml:648-658	none mapped	unrepresented	out_of_scope_lexical_inventory		INFERRED exact-path scope; source not read
314	"lexical hit not semantically classified: raise SystemExit(f""kill test wrote no evidence to {report_path}:\n{combined}"")"	examples/run_distributed_history_validation.py:177	out-of-scope	ticket_plan.yaml:648-658	none mapped	unrepresented	out_of_scope_lexical_inventory		INFERRED exact-path scope; source not read
315	lexical hit not semantically classified: raise SystemExit(	examples/run_distributed_history_validation.py:183	out-of-scope	ticket_plan.yaml:648-658	none mapped	unrepresented	out_of_scope_lexical_inventory		INFERRED exact-path scope; source not read
316	lexical hit not semantically classified: raise SystemExit(	examples/run_distributed_history_validation.py:188	out-of-scope	ticket_plan.yaml:648-658	none mapped	unrepresented	out_of_scope_lexical_inventory		INFERRED exact-path scope; source not read
317	"lexical hit not semantically classified: raise SystemExit(f""surviving mutant carries no refinement pointer: {pointer}"")"	examples/run_distributed_history_validation.py:194	out-of-scope	ticket_plan.yaml:648-658	none mapped	unrepresented	out_of_scope_lexical_inventory		INFERRED exact-path scope; source not read
318	lexical hit not semantically classified: raise SystemExit(	examples/run_distributed_history_validation.py:197	out-of-scope	ticket_plan.yaml:648-658	none mapped	unrepresented	out_of_scope_lexical_inventory		INFERRED exact-path scope; source not read
319	lexical hit not semantically classified: try:	examples/run_distributed_history_validation.py:223	out-of-scope	ticket_plan.yaml:648-658	none mapped	unrepresented	out_of_scope_lexical_inventory		INFERRED exact-path scope; source not read
320	"lexical hit not semantically classified: raise SystemExit(""negative projected-state check unexpectedly passed"")"	examples/run_distributed_history_validation.py:267	out-of-scope	ticket_plan.yaml:648-658	none mapped	unrepresented	out_of_scope_lexical_inventory		INFERRED exact-path scope; source not read
321	"lexical hit not semantically classified: raise SystemExit(f""negative projected-state check failed for the wrong reason:\n{combined}"")"	examples/run_distributed_history_validation.py:269	out-of-scope	ticket_plan.yaml:648-658	none mapped	unrepresented	out_of_scope_lexical_inventory		INFERRED exact-path scope; source not read
322	"lexical hit not semantically classified: raise SystemExit(f""negative projected-state check did not write exactly one evidence file: {mismatch_files}"")"	examples/run_distributed_history_validation.py:272	out-of-scope	ticket_plan.yaml:648-658	none mapped	unrepresented	out_of_scope_lexical_inventory		INFERRED exact-path scope; source not read
323	"lexical hit not semantically classified: raise SystemExit(f""negative projected-state evidence did not record matched=false: {mismatch}"")"	examples/run_distributed_history_validation.py:276	out-of-scope	ticket_plan.yaml:648-658	none mapped	unrepresented	out_of_scope_lexical_inventory		INFERRED exact-path scope; source not read
324	lexical hit not semantically classified: try:	examples/run_distributed_history_validation.py:280	out-of-scope	ticket_plan.yaml:648-658	none mapped	unrepresented	out_of_scope_lexical_inventory		INFERRED exact-path scope; source not read
325	lexical hit not semantically classified: except subprocess.TimeoutExpired:	examples/run_distributed_history_validation.py:282	out-of-scope	ticket_plan.yaml:648-658	none mapped	unrepresented	out_of_scope_lexical_inventory		INFERRED exact-path scope; source not read
326	"lexical hit not semantically classified: raise SystemExit(f""no validation reports found under {reports_root}"")"	examples/run_distributed_history_validation.py:335	out-of-scope	ticket_plan.yaml:648-658	none mapped	unrepresented	out_of_scope_lexical_inventory		INFERRED exact-path scope; source not read
327	"lexical hit not semantically classified: raise SystemExit(f""test graph did not pass: {report_dir / 'summary.json'}"")"	examples/run_distributed_history_validation.py:343	out-of-scope	ticket_plan.yaml:648-658	none mapped	unrepresented	out_of_scope_lexical_inventory		INFERRED exact-path scope; source not read
328	"lexical hit not semantically classified: raise SystemExit(f""test graph did not pass: {failed}"")"	examples/run_distributed_history_validation.py:350	out-of-scope	ticket_plan.yaml:648-658	none mapped	unrepresented	out_of_scope_lexical_inventory		INFERRED exact-path scope; source not read
329	"lexical hit not semantically classified: raise SystemExit(f""missing projected-state aggregate artifact: {aggregate}"")"	examples/run_distributed_history_validation.py:357	out-of-scope	ticket_plan.yaml:648-658	none mapped	unrepresented	out_of_scope_lexical_inventory		INFERRED exact-path scope; source not read
330	"lexical hit not semantically classified: raise SystemExit(f""expected projected-state cases {expected_cases}, got {record_cases}"")"	examples/run_distributed_history_validation.py:361	out-of-scope	ticket_plan.yaml:648-658	none mapped	unrepresented	out_of_scope_lexical_inventory		INFERRED exact-path scope; source not read
331	"lexical hit not semantically classified: raise SystemExit(f""projected-state record missing fields {missing}: {record}"")"	examples/run_distributed_history_validation.py:374	out-of-scope	ticket_plan.yaml:648-658	none mapped	unrepresented	out_of_scope_lexical_inventory		INFERRED exact-path scope; source not read
332	"lexical hit not semantically classified: raise SystemExit(f""projected-state assertion did not match: {record['case']}"")"	examples/run_distributed_history_validation.py:376	out-of-scope	ticket_plan.yaml:648-658	none mapped	unrepresented	out_of_scope_lexical_inventory		INFERRED exact-path scope; source not read
333	"lexical hit not semantically classified: raise SystemExit(f""projected-state payload mismatch: {record['case']}"")"	examples/run_distributed_history_validation.py:378	out-of-scope	ticket_plan.yaml:648-658	none mapped	unrepresented	out_of_scope_lexical_inventory		INFERRED exact-path scope; source not read
334	"lexical hit not semantically classified: raise SystemExit(f""expected per-case program-state files {expected_cases}, got {file_cases}"")"	examples/run_distributed_history_validation.py:387	out-of-scope	ticket_plan.yaml:648-658	none mapped	unrepresented	out_of_scope_lexical_inventory		INFERRED exact-path scope; source not read
335	lexical hit not semantically classified: try:	examples/run_distributed_history_validation.py:422	out-of-scope	ticket_plan.yaml:648-658	none mapped	unrepresented	out_of_scope_lexical_inventory		INFERRED exact-path scope; source not read
336	lexical hit not semantically classified: except Exception:	examples/run_distributed_history_validation.py:426	out-of-scope	ticket_plan.yaml:648-658	none mapped	unrepresented	out_of_scope_lexical_inventory		INFERRED exact-path scope; source not read
337	"lexical hit not semantically classified: raise SystemExit(f""service did not become healthy at {base_url}"")"	examples/run_distributed_history_validation.py:428	out-of-scope	ticket_plan.yaml:648-658	none mapped	unrepresented	out_of_scope_lexical_inventory		INFERRED exact-path scope; source not read
338	lexical hit not semantically classified: raise SystemExit(main())	examples/run_distributed_history_validation.py:432	out-of-scope	ticket_plan.yaml:648-658	none mapped	unrepresented	out_of_scope_lexical_inventory		INFERRED exact-path scope; source not read
339	"lexical hit not semantically classified: raise SystemExit(f""split desired scaffold failed: missing={missing} stale={stale}"")"	examples/validate_split_desired_workflow.py:51	out-of-scope	ticket_plan.yaml:648-658	none mapped	unrepresented	out_of_scope_lexical_inventory		INFERRED exact-path scope; source not read
340	"lexical hit not semantically classified: raise SystemExit(f""closed program_model still contains desired files: {stale_program_desired}"")"	examples/validate_split_desired_workflow.py:56	out-of-scope	ticket_plan.yaml:648-658	none mapped	unrepresented	out_of_scope_lexical_inventory		INFERRED exact-path scope; source not read
341	lexical hit not semantically classified: raise SystemExit(main())	examples/validate_split_desired_workflow.py:65	out-of-scope	ticket_plan.yaml:648-658	none mapped	unrepresented	out_of_scope_lexical_inventory		INFERRED exact-path scope; source not read
342	lexical hit not semantically classified: nothing. ``--tlc-report``/``--baseline-tlc`` compare TLC runs and raise a	scripts/analyze_complexity.py:36	out-of-scope	ticket_plan.yaml:648-658	none mapped	unrepresented	out_of_scope_lexical_inventory		INFERRED exact-path scope; source not read
343	lexical hit not semantically classified: raise ModuleResolutionError(	scripts/analyze_complexity.py:283	out-of-scope	ticket_plan.yaml:648-658	none mapped	unrepresented	out_of_scope_lexical_inventory		INFERRED exact-path scope; source not read
344	lexical hit not semantically classified: raise UnsupportedModuleConstructError(	scripts/analyze_complexity.py:295	out-of-scope	ticket_plan.yaml:648-658	none mapped	unrepresented	out_of_scope_lexical_inventory		INFERRED exact-path scope; source not read
345	lexical hit not semantically classified: raise UnsupportedModuleConstructError(	scripts/analyze_complexity.py:303	out-of-scope	ticket_plan.yaml:648-658	none mapped	unrepresented	out_of_scope_lexical_inventory		INFERRED exact-path scope; source not read
346	lexical hit not semantically classified: raise UnresolvedExtendsError(	scripts/analyze_complexity.py:325	out-of-scope	ticket_plan.yaml:648-658	none mapped	unrepresented	out_of_scope_lexical_inventory		INFERRED exact-path scope; source not read
347	"lexical hit not semantically classified: """"""True when the scan raised no complexity warnings."	scripts/analyze_complexity.py:956	out-of-scope	ticket_plan.yaml:648-658	none mapped	unrepresented	out_of_scope_lexical_inventory		INFERRED exact-path scope; source not read
348	"lexical hit not semantically classified: False result means ""the scan raised warnings the owner should read"", not"	scripts/analyze_complexity.py:959	out-of-scope	ticket_plan.yaml:648-658	none mapped	unrepresented	out_of_scope_lexical_inventory		INFERRED exact-path scope; source not read
349	lexical hit not semantically classified: # resolve_module raises ModuleResolutionError (fails closed) on any	scripts/analyze_complexity.py:1012	out-of-scope	ticket_plan.yaml:648-658	none mapped	unrepresented	out_of_scope_lexical_inventory		INFERRED exact-path scope; source not read
350	lexical hit not semantically classified: try:	scripts/analyze_complexity.py:1045	out-of-scope	ticket_plan.yaml:648-658	none mapped	unrepresented	out_of_scope_lexical_inventory		INFERRED exact-path scope; source not read
351	lexical hit not semantically classified: except Exception:	scripts/analyze_complexity.py:1049	out-of-scope	ticket_plan.yaml:648-658	none mapped	unrepresented	out_of_scope_lexical_inventory		INFERRED exact-path scope; source not read
352	"lexical hit not semantically classified: ""reachable space (see the SUGGESTED MOVE above), or raise """	scripts/analyze_complexity.py:1196	out-of-scope	ticket_plan.yaml:648-658	none mapped	unrepresented	out_of_scope_lexical_inventory		INFERRED exact-path scope; source not read
353	lexical hit not semantically classified: raised no complexity warnings; a False value means the caller should print	scripts/analyze_complexity.py:1594	out-of-scope	ticket_plan.yaml:648-658	none mapped	unrepresented	out_of_scope_lexical_inventory		INFERRED exact-path scope; source not read
354	lexical hit not semantically classified: try:	scripts/analyze_complexity.py:1603	out-of-scope	ticket_plan.yaml:648-658	none mapped	unrepresented	out_of_scope_lexical_inventory		INFERRED exact-path scope; source not read
355	lexical hit not semantically classified: except ModuleResolutionError as exc:	scripts/analyze_complexity.py:1605	out-of-scope	ticket_plan.yaml:648-658	none mapped	unrepresented	out_of_scope_lexical_inventory		INFERRED exact-path scope; source not read
356	lexical hit not semantically classified: try:	scripts/analyze_complexity.py:1671	out-of-scope	ticket_plan.yaml:648-658	none mapped	unrepresented	out_of_scope_lexical_inventory		INFERRED exact-path scope; source not read
357	lexical hit not semantically classified: except ModuleResolutionError as exc:	scripts/analyze_complexity.py:1679	out-of-scope	ticket_plan.yaml:648-658	none mapped	unrepresented	out_of_scope_lexical_inventory		INFERRED exact-path scope; source not read
358	lexical hit not semantically classified: # the scan raised -- complexity never blocks promotion.	scripts/analyze_complexity.py:1700	out-of-scope	ticket_plan.yaml:648-658	none mapped	unrepresented	out_of_scope_lexical_inventory		INFERRED exact-path scope; source not read
359	lexical hit not semantically classified: raise SystemExit(main())	scripts/analyze_complexity.py:1724	out-of-scope	ticket_plan.yaml:648-658	none mapped	unrepresented	out_of_scope_lexical_inventory		INFERRED exact-path scope; source not read
360	lexical hit not semantically classified: try:	scripts/budgets.py:105	out-of-scope	ticket_plan.yaml:648-658	none mapped	unrepresented	out_of_scope_lexical_inventory		INFERRED exact-path scope; source not read
361	lexical hit not semantically classified: except ImportError:  # direct-script import, where sys.path[0] is scripts/	scripts/budgets.py:107	out-of-scope	ticket_plan.yaml:648-658	none mapped	unrepresented	out_of_scope_lexical_inventory		INFERRED exact-path scope; source not read
362	lexical hit not semantically classified: try:	scripts/budgets.py:109	out-of-scope	ticket_plan.yaml:648-658	none mapped	unrepresented	out_of_scope_lexical_inventory		INFERRED exact-path scope; source not read
363	lexical hit not semantically classified: except Exception:	scripts/budgets.py:111	out-of-scope	ticket_plan.yaml:648-658	none mapped	unrepresented	out_of_scope_lexical_inventory		INFERRED exact-path scope; source not read
364	"lexical hit not semantically classified: can arrive as the string ``""0.8""``; comparing that against a float raises."	scripts/budgets.py:121	out-of-scope	ticket_plan.yaml:648-658	none mapped	unrepresented	out_of_scope_lexical_inventory		INFERRED exact-path scope; source not read
365	lexical hit not semantically classified: try:	scripts/budgets.py:128	out-of-scope	ticket_plan.yaml:648-658	none mapped	unrepresented	out_of_scope_lexical_inventory		INFERRED exact-path scope; source not read
366	lexical hit not semantically classified: except (TypeError, ValueError):	scripts/budgets.py:130	out-of-scope	ticket_plan.yaml:648-658	none mapped	unrepresented	out_of_scope_lexical_inventory		INFERRED exact-path scope; source not read
367	lexical hit not semantically classified: raise SystemExit(main())	scripts/close-spec-workflow.py:8	out-of-scope	ticket_plan.yaml:648-658	none mapped	unrepresented	out_of_scope_lexical_inventory		INFERRED exact-path scope; source not read
368	lexical hit not semantically classified: raise SystemExit(main())	scripts/close-ticket.py:8	out-of-scope	ticket_plan.yaml:648-658	none mapped	unrepresented	out_of_scope_lexical_inventory		INFERRED exact-path scope; source not read
369	lexical hit not semantically classified: try:	scripts/close_spec_workflow.py:10	out-of-scope	ticket_plan.yaml:648-658	none mapped	unrepresented	out_of_scope_lexical_inventory		INFERRED exact-path scope; source not read
370	lexical hit not semantically classified: except ImportError:  # pragma: no cover - direct script execution	scripts/close_spec_workflow.py:12	out-of-scope	ticket_plan.yaml:648-658	none mapped	unrepresented	out_of_scope_lexical_inventory		INFERRED exact-path scope; source not read
371	lexical hit not semantically classified: raise SystemExit(main())	scripts/close_spec_workflow.py:56	out-of-scope	ticket_plan.yaml:648-658	none mapped	unrepresented	out_of_scope_lexical_inventory		INFERRED exact-path scope; source not read
372	lexical hit not semantically classified: try:	scripts/close_ticket.py:9	out-of-scope	ticket_plan.yaml:648-658	none mapped	unrepresented	out_of_scope_lexical_inventory		INFERRED exact-path scope; source not read
373	lexical hit not semantically classified: except ImportError:  # pragma: no cover - direct script execution	scripts/close_ticket.py:11	out-of-scope	ticket_plan.yaml:648-658	none mapped	unrepresented	out_of_scope_lexical_inventory		INFERRED exact-path scope; source not read
374	lexical hit not semantically classified: raise SystemExit(main())	scripts/close_ticket.py:58	out-of-scope	ticket_plan.yaml:648-658	none mapped	unrepresented	out_of_scope_lexical_inventory		INFERRED exact-path scope; source not read
375	lexical hit not semantically classified: try:	scripts/close_tickets.py:18	out-of-scope	ticket_plan.yaml:648-658	none mapped	unrepresented	out_of_scope_lexical_inventory		INFERRED exact-path scope; source not read
376	lexical hit not semantically classified: except ImportError:  # pragma: no cover - direct script execution	scripts/close_tickets.py:20	out-of-scope	ticket_plan.yaml:648-658	none mapped	unrepresented	out_of_scope_lexical_inventory		INFERRED exact-path scope; source not read
377	"lexical hit not semantically classified: history_entry: str = ""closed-snapshot"","	scripts/close_tickets.py:164	out-of-scope	ticket_plan.yaml:648-658	none mapped	unrepresented	out_of_scope_lexical_inventory		INFERRED exact-path scope; source not read
378	"lexical hit not semantically classified: raise SystemExit(f""cannot accept new workflow state: missing model directory: {desired_dir}"")"	scripts/close_tickets.py:175	out-of-scope	ticket_plan.yaml:648-658	none mapped	unrepresented	out_of_scope_lexical_inventory		INFERRED exact-path scope; source not read
379	lexical hit not semantically classified: raise SystemExit(	scripts/close_tickets.py:178	out-of-scope	ticket_plan.yaml:648-658	none mapped	unrepresented	out_of_scope_lexical_inventory		INFERRED exact-path scope; source not read
380	lexical hit not semantically classified: raise SystemExit(	scripts/close_tickets.py:196	out-of-scope	ticket_plan.yaml:648-658	none mapped	unrepresented	out_of_scope_lexical_inventory		INFERRED exact-path scope; source not read
381	lexical hit not semantically classified: raise SystemExit(main())	scripts/close_tickets.py:273	out-of-scope	ticket_plan.yaml:648-658	none mapped	unrepresented	out_of_scope_lexical_inventory		INFERRED exact-path scope; source not read
382	lexical hit not semantically classified: try:  # pragma: no cover - import shim for direct script execution	scripts/complexity_ledger.py:70	out-of-scope	ticket_plan.yaml:648-658	none mapped	unrepresented	out_of_scope_lexical_inventory		INFERRED exact-path scope; source not read
383	lexical hit not semantically classified: except ImportError:  # pragma: no cover	scripts/complexity_ledger.py:72	out-of-scope	ticket_plan.yaml:648-658	none mapped	unrepresented	out_of_scope_lexical_inventory		INFERRED exact-path scope; source not read
384	lexical hit not semantically classified: try:  # pragma: no cover	scripts/complexity_ledger.py:75	out-of-scope	ticket_plan.yaml:648-658	none mapped	unrepresented	out_of_scope_lexical_inventory		INFERRED exact-path scope; source not read
385	lexical hit not semantically classified: except ImportError:  # pragma: no cover	scripts/complexity_ledger.py:77	out-of-scope	ticket_plan.yaml:648-658	none mapped	unrepresented	out_of_scope_lexical_inventory		INFERRED exact-path scope; source not read
386	lexical hit not semantically classified: entry: dict[str, Any]	scripts/complexity_ledger.py:244	out-of-scope	ticket_plan.yaml:648-658	none mapped	unrepresented	out_of_scope_lexical_inventory		INFERRED exact-path scope; source not read
387	lexical hit not semantically classified: would raise on a YAML ledger -- and a fallback that fails on the real input	scripts/complexity_ledger.py:351	out-of-scope	ticket_plan.yaml:648-658	none mapped	unrepresented	out_of_scope_lexical_inventory		INFERRED exact-path scope; source not read
388	lexical hit not semantically classified: try:  # pragma: no cover - exercised only without pyyaml	scripts/complexity_ledger.py:358	out-of-scope	ticket_plan.yaml:648-658	none mapped	unrepresented	out_of_scope_lexical_inventory		INFERRED exact-path scope; source not read
389	lexical hit not semantically classified: except ImportError:  # pragma: no cover	scripts/complexity_ledger.py:360	out-of-scope	ticket_plan.yaml:648-658	none mapped	unrepresented	out_of_scope_lexical_inventory		INFERRED exact-path scope; source not read
390	lexical hit not semantically classified: def append_entry(path: Path, entry: dict[str, Any]) -> Path:	scripts/complexity_ledger.py:378	out-of-scope	ticket_plan.yaml:648-658	none mapped	unrepresented	out_of_scope_lexical_inventory		INFERRED exact-path scope; source not read
391	"lexical hit not semantically classified: entry: dict[str, Any] = {""before"": before, ""after"": after, ""delta"": change}"	scripts/complexity_ledger.py:409	out-of-scope	ticket_plan.yaml:648-658	none mapped	unrepresented	out_of_scope_lexical_inventory		INFERRED exact-path scope; source not read
392	lexical hit not semantically classified: raise LedgerError(	scripts/complexity_ledger.py:516	out-of-scope	ticket_plan.yaml:648-658	none mapped	unrepresented	out_of_scope_lexical_inventory		INFERRED exact-path scope; source not read
393	"lexical hit not semantically classified: raise LedgerError(f""complexity ledger input is not a mapping: {path}"")"	scripts/complexity_ledger.py:523	out-of-scope	ticket_plan.yaml:648-658	none mapped	unrepresented	out_of_scope_lexical_inventory		INFERRED exact-path scope; source not read
394	lexical hit not semantically classified: try:	scripts/corpus_diagnostics.py:58	out-of-scope	ticket_plan.yaml:648-658	none mapped	unrepresented	out_of_scope_lexical_inventory		INFERRED exact-path scope; source not read
395	lexical hit not semantically classified: except ImportError:  # pragma: no cover - direct script execution	scripts/corpus_diagnostics.py:60	out-of-scope	ticket_plan.yaml:648-658	none mapped	unrepresented	out_of_scope_lexical_inventory		INFERRED exact-path scope; source not read
396	lexical hit not semantically classified: ``report.passed`` and either fix the diagram or raise the cap.	scripts/corpus_diagnostics.py:533	out-of-scope	ticket_plan.yaml:648-658	none mapped	unrepresented	out_of_scope_lexical_inventory		INFERRED exact-path scope; source not read
397	"lexical hit not semantically classified: raise ValueError(f""unsupported view {view!r}; expected one of {sorted(CAP_BUDGET_FOR_VIEW)}"")"	scripts/corpus_diagnostics.py:536	out-of-scope	ticket_plan.yaml:648-658	none mapped	unrepresented	out_of_scope_lexical_inventory		INFERRED exact-path scope; source not read
398	"lexical hit not semantically classified: """"""The exact manifest edit that raises the cap, with its rationale slot."	scripts/corpus_diagnostics.py:599	out-of-scope	ticket_plan.yaml:648-658	none mapped	unrepresented	out_of_scope_lexical_inventory		INFERRED exact-path scope; source not read
399	"lexical hit not semantically classified: f""ACCEPT PATH -- raise the cap, with a rationale, in {where}:\n"""	scripts/corpus_diagnostics.py:609	out-of-scope	ticket_plan.yaml:648-658	none mapped	unrepresented	out_of_scope_lexical_inventory		INFERRED exact-path scope; source not read
400	"lexical hit not semantically classified: """"""Hard gate: print and raise ``SystemExit(2)`` when over cap."	scripts/corpus_diagnostics.py:801	out-of-scope	ticket_plan.yaml:648-658	none mapped	unrepresented	out_of_scope_lexical_inventory		INFERRED exact-path scope; source not read
401	"lexical hit not semantically classified: ""REFUSING to accept this corpus. Fix the diagram, or raise the cap with a\n"""	scripts/corpus_diagnostics.py:819	out-of-scope	ticket_plan.yaml:648-658	none mapped	unrepresented	out_of_scope_lexical_inventory		INFERRED exact-path scope; source not read
402	lexical hit not semantically classified: raise SystemExit(2)	scripts/corpus_diagnostics.py:823	out-of-scope	ticket_plan.yaml:648-658	none mapped	unrepresented	out_of_scope_lexical_inventory		INFERRED exact-path scope; source not read
403	lexical hit not semantically classified: try:	scripts/corpus_diagnostics.py:886	out-of-scope	ticket_plan.yaml:648-658	none mapped	unrepresented	out_of_scope_lexical_inventory		INFERRED exact-path scope; source not read
404	lexical hit not semantically classified: except ImportError:  # pragma: no cover - direct script execution	scripts/corpus_diagnostics.py:888	out-of-scope	ticket_plan.yaml:648-658	none mapped	unrepresented	out_of_scope_lexical_inventory		INFERRED exact-path scope; source not read
405	"lexical hit not semantically classified: raise SystemExit(f""ERROR: no generated cases or trace JSON files in {cases_dir}"")"	scripts/corpus_diagnostics.py:896	out-of-scope	ticket_plan.yaml:648-658	none mapped	unrepresented	out_of_scope_lexical_inventory		INFERRED exact-path scope; source not read
406	lexical hit not semantically classified: raise SystemExit(main())	scripts/corpus_diagnostics.py:938	out-of-scope	ticket_plan.yaml:648-658	none mapped	unrepresented	out_of_scope_lexical_inventory		INFERRED exact-path scope; source not read
407	"lexical hit not semantically classified: raise EffectDeclarationError(f""effects block must be a mapping, got {type(data).__name__}"")"	scripts/effect_conformance.py:466	out-of-scope	ticket_plan.yaml:648-658	none mapped	unrepresented	out_of_scope_lexical_inventory		INFERRED exact-path scope; source not read
408	"lexical hit not semantically classified: raise EffectDeclarationError(f""effects block must be a mapping, got {type(block).__name__}"")"	scripts/effect_conformance.py:472	out-of-scope	ticket_plan.yaml:648-658	none mapped	unrepresented	out_of_scope_lexical_inventory		INFERRED exact-path scope; source not read
409	"lexical hit not semantically classified: raise EffectDeclarationError(""effects.components must be a mapping of component -> ports"")"	scripts/effect_conformance.py:479	out-of-scope	ticket_plan.yaml:648-658	none mapped	unrepresented	out_of_scope_lexical_inventory		INFERRED exact-path scope; source not read
410	"lexical hit not semantically classified: raise EffectDeclarationError(f""effects.components.{component} must be a mapping"")"	scripts/effect_conformance.py:483	out-of-scope	ticket_plan.yaml:648-658	none mapped	unrepresented	out_of_scope_lexical_inventory		INFERRED exact-path scope; source not read
411	"lexical hit not semantically classified: raise EffectDeclarationError(f""effects.components.{component}.ports must be a mapping"")"	scripts/effect_conformance.py:486	out-of-scope	ticket_plan.yaml:648-658	none mapped	unrepresented	out_of_scope_lexical_inventory		INFERRED exact-path scope; source not read
412	"lexical hit not semantically classified: raise EffectDeclarationError(f""port {component}.{port} must be a mapping"")"	scripts/effect_conformance.py:489	out-of-scope	ticket_plan.yaml:648-658	none mapped	unrepresented	out_of_scope_lexical_inventory		INFERRED exact-path scope; source not read
413	"lexical hit not semantically classified: raise EffectDeclarationError(f""port {component}.{port} declares no type"")"	scripts/effect_conformance.py:495	out-of-scope	ticket_plan.yaml:648-658	none mapped	unrepresented	out_of_scope_lexical_inventory		INFERRED exact-path scope; source not read
414	lexical hit not semantically classified: raise EffectDeclarationError(	scripts/effect_conformance.py:497	out-of-scope	ticket_plan.yaml:648-658	none mapped	unrepresented	out_of_scope_lexical_inventory		INFERRED exact-path scope; source not read
415	"lexical hit not semantically classified: raise EffectDeclarationError(f""port {component}.{port} declares no target pattern"")"	scripts/effect_conformance.py:502	out-of-scope	ticket_plan.yaml:648-658	none mapped	unrepresented	out_of_scope_lexical_inventory		INFERRED exact-path scope; source not read
416	"lexical hit not semantically classified: raise EffectDeclarationError(f""duplicate port name {port!r}"")"	scripts/effect_conformance.py:504	out-of-scope	ticket_plan.yaml:648-658	none mapped	unrepresented	out_of_scope_lexical_inventory		INFERRED exact-path scope; source not read
417	"lexical hit not semantically classified: raise EffectDeclarationError(""effects.actions must be a mapping of action -> [port]"")"	scripts/effect_conformance.py:511	out-of-scope	ticket_plan.yaml:648-658	none mapped	unrepresented	out_of_scope_lexical_inventory		INFERRED exact-path scope; source not read
418	"lexical hit not semantically classified: raise EffectDeclarationError(f""effects.actions.{action} must be a list of port names"")"	scripts/effect_conformance.py:518	out-of-scope	ticket_plan.yaml:648-658	none mapped	unrepresented	out_of_scope_lexical_inventory		INFERRED exact-path scope; source not read
419	lexical hit not semantically classified: raise EffectDeclarationError(	scripts/effect_conformance.py:521	out-of-scope	ticket_plan.yaml:648-658	none mapped	unrepresented	out_of_scope_lexical_inventory		INFERRED exact-path scope; source not read
420	lexical hit not semantically classified: try:	scripts/effect_conformance.py:774	out-of-scope	ticket_plan.yaml:648-658	none mapped	unrepresented	out_of_scope_lexical_inventory		INFERRED exact-path scope; source not read
421	lexical hit not semantically classified: except ImportError:  # pragma: no cover	scripts/effect_conformance.py:776	out-of-scope	ticket_plan.yaml:648-658	none mapped	unrepresented	out_of_scope_lexical_inventory		INFERRED exact-path scope; source not read
422	lexical hit not semantically classified: try:	scripts/effect_conformance.py:872	out-of-scope	ticket_plan.yaml:648-658	none mapped	unrepresented	out_of_scope_lexical_inventory		INFERRED exact-path scope; source not read
423	lexical hit not semantically classified: except OSError:	scripts/effect_conformance.py:876	out-of-scope	ticket_plan.yaml:648-658	none mapped	unrepresented	out_of_scope_lexical_inventory		INFERRED exact-path scope; source not read
424	lexical hit not semantically classified: try:	scripts/effect_conformance.py:936	out-of-scope	ticket_plan.yaml:648-658	none mapped	unrepresented	out_of_scope_lexical_inventory		INFERRED exact-path scope; source not read
425	lexical hit not semantically classified: except (TypeError, ValueError, OSError):	scripts/effect_conformance.py:938	out-of-scope	ticket_plan.yaml:648-658	none mapped	unrepresented	out_of_scope_lexical_inventory		INFERRED exact-path scope; source not read
426	lexical hit not semantically classified: # so the boundary is fully accounted for and no finding is raised.	scripts/effect_conformance.py:1226	out-of-scope	ticket_plan.yaml:648-658	none mapped	unrepresented	out_of_scope_lexical_inventory		INFERRED exact-path scope; source not read
427	lexical hit not semantically classified: try:	scripts/effect_conformance_report.py:73	out-of-scope	ticket_plan.yaml:648-658	none mapped	unrepresented	out_of_scope_lexical_inventory		INFERRED exact-path scope; source not read
428	lexical hit not semantically classified: except EffectDeclarationError as exc:	scripts/effect_conformance_report.py:75	out-of-scope	ticket_plan.yaml:648-658	none mapped	unrepresented	out_of_scope_lexical_inventory		INFERRED exact-path scope; source not read
429	lexical hit not semantically classified: raise SystemExit(main())	scripts/effect_conformance_report.py:194	out-of-scope	ticket_plan.yaml:648-658	none mapped	unrepresented	out_of_scope_lexical_inventory		INFERRED exact-path scope; source not read
430	lexical hit not semantically classified: try:	scripts/export_testgraph_cases.py:13	out-of-scope	ticket_plan.yaml:648-658	none mapped	unrepresented	out_of_scope_lexical_inventory		INFERRED exact-path scope; source not read
431	lexical hit not semantically classified: except ImportError:  # pragma: no cover - direct script execution	scripts/export_testgraph_cases.py:24	out-of-scope	ticket_plan.yaml:648-658	none mapped	unrepresented	out_of_scope_lexical_inventory		INFERRED exact-path scope; source not read
432	"lexical hit not semantically classified: raise ValueError(f""case {case.name} is {case_view(case)!r}, not external"")"	scripts/export_testgraph_cases.py:49	out-of-scope	ticket_plan.yaml:648-658	none mapped	unrepresented	out_of_scope_lexical_inventory		INFERRED exact-path scope; source not read
433	"lexical hit not semantically classified: raise ValueError(f""case {case.name} is hidden and must not be exported as a Test Graph step"")"	scripts/export_testgraph_cases.py:51	out-of-scope	ticket_plan.yaml:648-658	none mapped	unrepresented	out_of_scope_lexical_inventory		INFERRED exact-path scope; source not read
434	lexical hit not semantically classified: try:	scripts/export_testgraph_cases.py:189	out-of-scope	ticket_plan.yaml:648-658	none mapped	unrepresented	out_of_scope_lexical_inventory		INFERRED exact-path scope; source not read
435	lexical hit not semantically classified: except ChannelEnforcementError as exc:	scripts/export_testgraph_cases.py:194	out-of-scope	ticket_plan.yaml:648-658	none mapped	unrepresented	out_of_scope_lexical_inventory		INFERRED exact-path scope; source not read
436	lexical hit not semantically classified: raise SystemExit(str(exc))	scripts/export_testgraph_cases.py:195	out-of-scope	ticket_plan.yaml:648-658	none mapped	unrepresented	out_of_scope_lexical_inventory		INFERRED exact-path scope; source not read
437	"lexical hit not semantically classified: raise SystemExit(""ERROR: no external cases selected"")"	scripts/export_testgraph_cases.py:204	out-of-scope	ticket_plan.yaml:648-658	none mapped	unrepresented	out_of_scope_lexical_inventory		INFERRED exact-path scope; source not read
438	lexical hit not semantically classified: raise SystemExit(main())	scripts/export_testgraph_cases.py:216	out-of-scope	ticket_plan.yaml:648-658	none mapped	unrepresented	out_of_scope_lexical_inventory		INFERRED exact-path scope; source not read
439	"lexical hit not semantically classified: raise ValueError(f""expected key/value entry, got: {content!r}"")"	scripts/extract_spec_manifest.py:57	out-of-scope	ticket_plan.yaml:648-658	none mapped	unrepresented	out_of_scope_lexical_inventory		INFERRED exact-path scope; source not read
440	"lexical hit not semantically classified: raise ValueError(""tabs are not supported in spec manifests"")"	scripts/extract_spec_manifest.py:69	out-of-scope	ticket_plan.yaml:648-658	none mapped	unrepresented	out_of_scope_lexical_inventory		INFERRED exact-path scope; source not read
441	"lexical hit not semantically classified: raise ValueError(f""unexpected indentation at: {content!r}"")"	scripts/extract_spec_manifest.py:108	out-of-scope	ticket_plan.yaml:648-658	none mapped	unrepresented	out_of_scope_lexical_inventory		INFERRED exact-path scope; source not read
442	"lexical hit not semantically classified: raise ValueError(f""unexpected indentation at: {content!r}"")"	scripts/extract_spec_manifest.py:135	out-of-scope	ticket_plan.yaml:648-658	none mapped	unrepresented	out_of_scope_lexical_inventory		INFERRED exact-path scope; source not read
443	"lexical hit not semantically classified: # parser raised ""unexpected indentation"" on any manifest carrying a"	scripts/extract_spec_manifest.py:173	out-of-scope	ticket_plan.yaml:648-658	none mapped	unrepresented	out_of_scope_lexical_inventory		INFERRED exact-path scope; source not read
444	"lexical hit not semantically classified: # entire ""raise the cap with a rationale"" accept path depends on"	scripts/extract_spec_manifest.py:180	out-of-scope	ticket_plan.yaml:648-658	none mapped	unrepresented	out_of_scope_lexical_inventory		INFERRED exact-path scope; source not read
445	"lexical hit not semantically classified: raise ValueError(f""unparsed manifest content at row {index + 1}"")"	scripts/extract_spec_manifest.py:203	out-of-scope	ticket_plan.yaml:648-658	none mapped	unrepresented	out_of_scope_lexical_inventory		INFERRED exact-path scope; source not read
446	"lexical hit not semantically classified: raise ValueError(""manifest root must be a mapping"")"	scripts/extract_spec_manifest.py:205	out-of-scope	ticket_plan.yaml:648-658	none mapped	unrepresented	out_of_scope_lexical_inventory		INFERRED exact-path scope; source not read
447	lexical hit not semantically classified: try:	scripts/extract_spec_manifest.py:211	out-of-scope	ticket_plan.yaml:648-658	none mapped	unrepresented	out_of_scope_lexical_inventory		INFERRED exact-path scope; source not read
448	lexical hit not semantically classified: except Exception:	scripts/extract_spec_manifest.py:213	out-of-scope	ticket_plan.yaml:648-658	none mapped	unrepresented	out_of_scope_lexical_inventory		INFERRED exact-path scope; source not read
449	"lexical hit not semantically classified: raise ValueError(""manifest root must be a mapping"")"	scripts/extract_spec_manifest.py:217	out-of-scope	ticket_plan.yaml:648-658	none mapped	unrepresented	out_of_scope_lexical_inventory		INFERRED exact-path scope; source not read
450	lexical hit not semantically classified: raise SystemExit(main())	scripts/extract_spec_manifest.py:323	out-of-scope	ticket_plan.yaml:648-658	none mapped	unrepresented	out_of_scope_lexical_inventory		INFERRED exact-path scope; source not read
451	lexical hit not semantically classified: try:	scripts/generate_cases_from_tlc_dump.py:23	out-of-scope	ticket_plan.yaml:648-658	none mapped	unrepresented	out_of_scope_lexical_inventory		INFERRED exact-path scope; source not read
452	lexical hit not semantically classified: except ImportError:  # pragma: no cover - direct script execution	scripts/generate_cases_from_tlc_dump.py:28	out-of-scope	ticket_plan.yaml:648-658	none mapped	unrepresented	out_of_scope_lexical_inventory		INFERRED exact-path scope; source not read
453	lexical hit not semantically classified: try:	scripts/generate_cases_from_tlc_dump.py:94	out-of-scope	ticket_plan.yaml:648-658	none mapped	unrepresented	out_of_scope_lexical_inventory		INFERRED exact-path scope; source not read
454	"lexical hit not semantically classified: raise ValueError(f""expected string or list of strings, got {value!r}"")"	scripts/generate_cases_from_tlc_dump.py:281	out-of-scope	ticket_plan.yaml:648-658	none mapped	unrepresented	out_of_scope_lexical_inventory		INFERRED exact-path scope; source not read
455	"lexical hit not semantically classified: raise ValueError(f""action metadata root must be a mapping: {metadata_path}"")"	scripts/generate_cases_from_tlc_dump.py:300	out-of-scope	ticket_plan.yaml:648-658	none mapped	unrepresented	out_of_scope_lexical_inventory		INFERRED exact-path scope; source not read
456	"lexical hit not semantically classified: raise ValueError(f""action metadata for {action} must be a mapping"")"	scripts/generate_cases_from_tlc_dump.py:307	out-of-scope	ticket_plan.yaml:648-658	none mapped	unrepresented	out_of_scope_lexical_inventory		INFERRED exact-path scope; source not read
457	"lexical hit not semantically classified: raise ValueError(f""unsupported layer for {action}: {layer}"")"	scripts/generate_cases_from_tlc_dump.py:310	out-of-scope	ticket_plan.yaml:648-658	none mapped	unrepresented	out_of_scope_lexical_inventory		INFERRED exact-path scope; source not read
458	"lexical hit not semantically classified: raise ValueError(f""unsupported controllability for {action}: {controllability}"")"	scripts/generate_cases_from_tlc_dump.py:313	out-of-scope	ticket_plan.yaml:648-658	none mapped	unrepresented	out_of_scope_lexical_inventory		INFERRED exact-path scope; source not read
459	"lexical hit not semantically classified: raise ValueError(f""object path must be module:object, got {path!r}"")"	scripts/generate_cases_from_tlc_dump.py:444	out-of-scope	ticket_plan.yaml:648-658	none mapped	unrepresented	out_of_scope_lexical_inventory		INFERRED exact-path scope; source not read
460	lexical hit not semantically classified: try:	scripts/generate_cases_from_tlc_dump.py:462	out-of-scope	ticket_plan.yaml:648-658	none mapped	unrepresented	out_of_scope_lexical_inventory		INFERRED exact-path scope; source not read
461	lexical hit not semantically classified: except TypeError as exc:	scripts/generate_cases_from_tlc_dump.py:464	out-of-scope	ticket_plan.yaml:648-658	none mapped	unrepresented	out_of_scope_lexical_inventory		INFERRED exact-path scope; source not read
462	lexical hit not semantically classified: raise	scripts/generate_cases_from_tlc_dump.py:466	out-of-scope	ticket_plan.yaml:648-658	none mapped	unrepresented	out_of_scope_lexical_inventory		INFERRED exact-path scope; source not read
463	lexical hit not semantically classified: try:	scripts/generate_cases_from_tlc_dump.py:482	out-of-scope	ticket_plan.yaml:648-658	none mapped	unrepresented	out_of_scope_lexical_inventory		INFERRED exact-path scope; source not read
464	lexical hit not semantically classified: except TypeError as exc:	scripts/generate_cases_from_tlc_dump.py:484	out-of-scope	ticket_plan.yaml:648-658	none mapped	unrepresented	out_of_scope_lexical_inventory		INFERRED exact-path scope; source not read
465	lexical hit not semantically classified: raise	scripts/generate_cases_from_tlc_dump.py:486	out-of-scope	ticket_plan.yaml:648-658	none mapped	unrepresented	out_of_scope_lexical_inventory		INFERRED exact-path scope; source not read
466	"lexical hit not semantically classified: raise TypeError(f""state projector must return a dict, got {type(projected).__name__}"")"	scripts/generate_cases_from_tlc_dump.py:489	out-of-scope	ticket_plan.yaml:648-658	none mapped	unrepresented	out_of_scope_lexical_inventory		INFERRED exact-path scope; source not read
467	lexical hit not semantically classified: try:	scripts/generate_cases_from_tlc_dump.py:507	out-of-scope	ticket_plan.yaml:648-658	none mapped	unrepresented	out_of_scope_lexical_inventory		INFERRED exact-path scope; source not read
468	lexical hit not semantically classified: except TypeError as exc:	scripts/generate_cases_from_tlc_dump.py:518	out-of-scope	ticket_plan.yaml:648-658	none mapped	unrepresented	out_of_scope_lexical_inventory		INFERRED exact-path scope; source not read
469	lexical hit not semantically classified: raise	scripts/generate_cases_from_tlc_dump.py:520	out-of-scope	ticket_plan.yaml:648-658	none mapped	unrepresented	out_of_scope_lexical_inventory		INFERRED exact-path scope; source not read
470	"lexical hit not semantically classified: ""            raise AssertionError(f\""unexpected input for {self.case.name}: {value!r}\"")\n"""	scripts/generate_cases_from_tlc_dump.py:792	out-of-scope	ticket_plan.yaml:648-658	none mapped	unrepresented	out_of_scope_lexical_inventory		INFERRED exact-path scope; source not read
471	"lexical hit not semantically classified: ""            raise AssertionError(f\""case already consumed: {self.case.name}\"")\n"""	scripts/generate_cases_from_tlc_dump.py:794	out-of-scope	ticket_plan.yaml:648-658	none mapped	unrepresented	out_of_scope_lexical_inventory		INFERRED exact-path scope; source not read
472	lexical hit not semantically classified: try:	scripts/generate_cases_from_tlc_dump.py:860	out-of-scope	ticket_plan.yaml:648-658	none mapped	unrepresented	out_of_scope_lexical_inventory		INFERRED exact-path scope; source not read
473	lexical hit not semantically classified: except ImportError:  # direct-script import, where sys.path[0] is scripts/	scripts/generate_cases_from_tlc_dump.py:862	out-of-scope	ticket_plan.yaml:648-658	none mapped	unrepresented	out_of_scope_lexical_inventory		INFERRED exact-path scope; source not read
474	lexical hit not semantically classified: try:	scripts/generate_cases_from_tlc_dump.py:865	out-of-scope	ticket_plan.yaml:648-658	none mapped	unrepresented	out_of_scope_lexical_inventory		INFERRED exact-path scope; source not read
475	lexical hit not semantically classified: except Exception as exc:  # a scan that cannot parse must not block generation	scripts/generate_cases_from_tlc_dump.py:869	out-of-scope	ticket_plan.yaml:648-658	none mapped	unrepresented	out_of_scope_lexical_inventory		INFERRED exact-path scope; source not read
476	"lexical hit not semantically classified: raise SystemExit(f""ERROR: config not found: {cfg_path} (spec directory: {spec_dir})"")"	scripts/generate_cases_from_tlc_dump.py:931	out-of-scope	ticket_plan.yaml:648-658	none mapped	unrepresented	out_of_scope_lexical_inventory		INFERRED exact-path scope; source not read
477	"lexical hit not semantically classified: raise SystemExit(f""ERROR: no states parsed from {dot_path}"")"	scripts/generate_cases_from_tlc_dump.py:951	out-of-scope	ticket_plan.yaml:648-658	none mapped	unrepresented	out_of_scope_lexical_inventory		INFERRED exact-path scope; source not read
478	lexical hit not semantically classified: # nonzero -- fix the diagram, or raise the cap with a recorded rationale.	scripts/generate_cases_from_tlc_dump.py:990	out-of-scope	ticket_plan.yaml:648-658	none mapped	unrepresented	out_of_scope_lexical_inventory		INFERRED exact-path scope; source not read
479	lexical hit not semantically classified: raise SystemExit(main())	scripts/generate_cases_from_tlc_dump.py:1001	out-of-scope	ticket_plan.yaml:648-658	none mapped	unrepresented	out_of_scope_lexical_inventory		INFERRED exact-path scope; source not read
480	lexical hit not semantically classified: raise SystemExit(main())	scripts/generate_docs.py:37	out-of-scope	ticket_plan.yaml:648-658	none mapped	unrepresented	out_of_scope_lexical_inventory		INFERRED exact-path scope; source not read
481	"lexical hit not semantically classified: raise ValueError(""manifest must define at least one state class"")"	scripts/generate_python.py:63	out-of-scope	ticket_plan.yaml:648-658	none mapped	unrepresented	out_of_scope_lexical_inventory		INFERRED exact-path scope; source not read
482	"lexical hit not semantically classified: raise ValueError(f""no port method found for command {command_name}"")"	scripts/generate_python.py:87	out-of-scope	ticket_plan.yaml:648-658	none mapped	unrepresented	out_of_scope_lexical_inventory		INFERRED exact-path scope; source not read
483	"lexical hit not semantically classified: ""        raise NotImplementedError(\n"""	scripts/generate_python.py:198	out-of-scope	ticket_plan.yaml:648-658	none mapped	unrepresented	out_of_scope_lexical_inventory		INFERRED exact-path scope; source not read
484	"lexical hit not semantically classified: ""    try:\n"","	scripts/generate_python.py:245	out-of-scope	ticket_plan.yaml:648-658	none mapped	unrepresented	out_of_scope_lexical_inventory		INFERRED exact-path scope; source not read
485	"lexical hit not semantically classified: ""    except AssertionError as exc:\n"","	scripts/generate_python.py:247	out-of-scope	ticket_plan.yaml:648-658	none mapped	unrepresented	out_of_scope_lexical_inventory		INFERRED exact-path scope; source not read
486	"lexical hit not semantically classified: ""            raise AssertionError(f\""no generated transition dispatcher for {method_name}\"")\n"","	scripts/generate_python.py:258	out-of-scope	ticket_plan.yaml:648-658	none mapped	unrepresented	out_of_scope_lexical_inventory		INFERRED exact-path scope; source not read
487	"lexical hit not semantically classified: ""            raise AssertionError(\n"","	scripts/generate_python.py:279	out-of-scope	ticket_plan.yaml:648-658	none mapped	unrepresented	out_of_scope_lexical_inventory		INFERRED exact-path scope; source not read
488	"lexical hit not semantically classified: lines.append(f""    raise NotImplementedError(\""No invariant template configured for {name}\"")\n\n\n"")"	scripts/generate_python.py:285	out-of-scope	ticket_plan.yaml:648-658	none mapped	unrepresented	out_of_scope_lexical_inventory		INFERRED exact-path scope; source not read
489	"lexical hit not semantically classified: lines.append(f""    raise NotImplementedError(\""No transition template configured for {method_name}\"")\n\n\n"")"	scripts/generate_python.py:319	out-of-scope	ticket_plan.yaml:648-658	none mapped	unrepresented	out_of_scope_lexical_inventory		INFERRED exact-path scope; source not read
490	"lexical hit not semantically classified: lines.append(""    raise AssertionError(f\""no transition validator for {command.__class__.__name__}\"")\n"")"	scripts/generate_python.py:330	out-of-scope	ticket_plan.yaml:648-658	none mapped	unrepresented	out_of_scope_lexical_inventory		INFERRED exact-path scope; source not read
491	"lexical hit not semantically classified: ""try:\n"","	scripts/generate_python.py:372	out-of-scope	ticket_plan.yaml:648-658	none mapped	unrepresented	out_of_scope_lexical_inventory		INFERRED exact-path scope; source not read
492	"lexical hit not semantically classified: ""except Exception:  # pragma: no cover\n"","	scripts/generate_python.py:374	out-of-scope	ticket_plan.yaml:648-658	none mapped	unrepresented	out_of_scope_lexical_inventory		INFERRED exact-path scope; source not read
493	"lexical hit not semantically classified: ""        raise RuntimeError(\""Hypothesis is required for generated strategies\"")\n\n\n"","	scripts/generate_python.py:379	out-of-scope	ticket_plan.yaml:648-658	none mapped	unrepresented	out_of_scope_lexical_inventory		INFERRED exact-path scope; source not read
494	"lexical hit not semantically classified: lines.append(f""    raise NotImplementedError(\""No state strategy template configured for {state}\"")\n\n\n"")"	scripts/generate_python.py:408	out-of-scope	ticket_plan.yaml:648-658	none mapped	unrepresented	out_of_scope_lexical_inventory		INFERRED exact-path scope; source not read
495	"lexical hit not semantically classified: lines.append(""    raise AssertionError(f\""no method mapping for {command.__class__.__name__}\"")\n"")"	scripts/generate_python.py:480	out-of-scope	ticket_plan.yaml:648-658	none mapped	unrepresented	out_of_scope_lexical_inventory		INFERRED exact-path scope; source not read
496	"lexical hit not semantically classified: raise SystemExit(""\n"".join(f""ERROR: {error}"" for error in errors))"	scripts/generate_python.py:525	out-of-scope	ticket_plan.yaml:648-658	none mapped	unrepresented	out_of_scope_lexical_inventory		INFERRED exact-path scope; source not read
497	lexical hit not semantically classified: raise SystemExit(main())	scripts/generate_python.py:556	out-of-scope	ticket_plan.yaml:648-658	none mapped	unrepresented	out_of_scope_lexical_inventory		INFERRED exact-path scope; source not read
498	lexical hit not semantically classified: ``except-index``	scripts/infer_action_params.py:26	out-of-scope	ticket_plan.yaml:648-658	none mapped	unrepresented	out_of_scope_lexical_inventory		INFERRED exact-path scope; source not read
499	"lexical hit not semantically classified: EXCEPT_INDEX = ""except-index"""	scripts/infer_action_params.py:59	out-of-scope	ticket_plan.yaml:648-658	none mapped	unrepresented	out_of_scope_lexical_inventory		INFERRED exact-path scope; source not read
500	lexical hit not semantically classified: Preference order is guard-pinned, then except-index, then written-through:	scripts/infer_action_params.py:219	out-of-scope	ticket_plan.yaml:648-658	none mapped	unrepresented	out_of_scope_lexical_inventory		INFERRED exact-path scope; source not read
501	lexical hit not semantically classified: # 2. except-index: `v' = [v EXCEPT ![param] = ...]`, possibly inside an IF.	scripts/infer_action_params.py:235	out-of-scope	ticket_plan.yaml:648-658	none mapped	unrepresented	out_of_scope_lexical_inventory		INFERRED exact-path scope; source not read
502	lexical hit not semantically classified: except_index = re.compile(	scripts/infer_action_params.py:237	out-of-scope	ticket_plan.yaml:648-658	none mapped	unrepresented	out_of_scope_lexical_inventory		INFERRED exact-path scope; source not read
503	lexical hit not semantically classified: if except_index.search(body):	scripts/infer_action_params.py:241	out-of-scope	ticket_plan.yaml:648-658	none mapped	unrepresented	out_of_scope_lexical_inventory		INFERRED exact-path scope; source not read
504	lexical hit not semantically classified: raise SystemExit(main())	scripts/infer_action_params.py:424	out-of-scope	ticket_plan.yaml:648-658	none mapped	unrepresented	out_of_scope_lexical_inventory		INFERRED exact-path scope; source not read
505	"lexical hit not semantically classified: raise KillTestCatalogError(f""{source}: catalog root must be a mapping"")"	scripts/kill_test.py:232	out-of-scope	ticket_plan.yaml:648-658	none mapped	unrepresented	out_of_scope_lexical_inventory		INFERRED exact-path scope; source not read
506	lexical hit not semantically classified: raise KillTestCatalogError(	scripts/kill_test.py:235	out-of-scope	ticket_plan.yaml:648-658	none mapped	unrepresented	out_of_scope_lexical_inventory		INFERRED exact-path scope; source not read
507	"lexical hit not semantically classified: raise KillTestCatalogError(f""{source}: mutant #{index} is not a mapping"")"	scripts/kill_test.py:245	out-of-scope	ticket_plan.yaml:648-658	none mapped	unrepresented	out_of_scope_lexical_inventory		INFERRED exact-path scope; source not read
508	lexical hit not semantically classified: raise KillTestCatalogError(	scripts/kill_test.py:248	out-of-scope	ticket_plan.yaml:648-658	none mapped	unrepresented	out_of_scope_lexical_inventory		INFERRED exact-path scope; source not read
509	lexical hit not semantically classified: raise KillTestCatalogError(	scripts/kill_test.py:255	out-of-scope	ticket_plan.yaml:648-658	none mapped	unrepresented	out_of_scope_lexical_inventory		INFERRED exact-path scope; source not read
510	"lexical hit not semantically classified: raise KillTestCatalogError(f""{source}: duplicate mutant id {mutant_id!r}"")"	scripts/kill_test.py:261	out-of-scope	ticket_plan.yaml:648-658	none mapped	unrepresented	out_of_scope_lexical_inventory		INFERRED exact-path scope; source not read
511	lexical hit not semantically classified: raise KillTestCatalogError(	scripts/kill_test.py:304	out-of-scope	ticket_plan.yaml:648-658	none mapped	unrepresented	out_of_scope_lexical_inventory		INFERRED exact-path scope; source not read
512	lexical hit not semantically classified: try:	scripts/kill_test.py:308	out-of-scope	ticket_plan.yaml:648-658	none mapped	unrepresented	out_of_scope_lexical_inventory		INFERRED exact-path scope; source not read
513	lexical hit not semantically classified: except ModuleNotFoundError:  # pragma: no cover - Python < 3.11	scripts/kill_test.py:310	out-of-scope	ticket_plan.yaml:648-658	none mapped	unrepresented	out_of_scope_lexical_inventory		INFERRED exact-path scope; source not read
514	lexical hit not semantically classified: try:	scripts/kill_test.py:311	out-of-scope	ticket_plan.yaml:648-658	none mapped	unrepresented	out_of_scope_lexical_inventory		INFERRED exact-path scope; source not read
515	lexical hit not semantically classified: except ModuleNotFoundError as exc:	scripts/kill_test.py:313	out-of-scope	ticket_plan.yaml:648-658	none mapped	unrepresented	out_of_scope_lexical_inventory		INFERRED exact-path scope; source not read
516	lexical hit not semantically classified: raise KillTestCatalogError(	scripts/kill_test.py:320	out-of-scope	ticket_plan.yaml:648-658	none mapped	unrepresented	out_of_scope_lexical_inventory		INFERRED exact-path scope; source not read
517	lexical hit not semantically classified: try:	scripts/kill_test.py:328	out-of-scope	ticket_plan.yaml:648-658	none mapped	unrepresented	out_of_scope_lexical_inventory		INFERRED exact-path scope; source not read
518	lexical hit not semantically classified: except Exception as exc:  # noqa: BLE001 - surfaced as a refusal	scripts/kill_test.py:330	out-of-scope	ticket_plan.yaml:648-658	none mapped	unrepresented	out_of_scope_lexical_inventory		INFERRED exact-path scope; source not read
519	"lexical hit not semantically classified: raise KillTestCatalogError(f""{path}: could not parse catalog: {exc}"") from exc"	scripts/kill_test.py:331	out-of-scope	ticket_plan.yaml:648-658	none mapped	unrepresented	out_of_scope_lexical_inventory		INFERRED exact-path scope; source not read
520	lexical hit not semantically classified: raise KillTestCatalogError(	scripts/kill_test.py:474	out-of-scope	ticket_plan.yaml:648-658	none mapped	unrepresented	out_of_scope_lexical_inventory		INFERRED exact-path scope; source not read
521	lexical hit not semantically classified: The restore is in a ``finally`` so an exception mid-run cannot leave a	scripts/kill_test.py:529	out-of-scope	ticket_plan.yaml:648-658	none mapped	unrepresented	out_of_scope_lexical_inventory		INFERRED exact-path scope; source not read
522	"lexical hit not semantically classified: raise KillTestCatalogError(f""mutant {mutant.id}: no such file {target}"")"	scripts/kill_test.py:536	out-of-scope	ticket_plan.yaml:648-658	none mapped	unrepresented	out_of_scope_lexical_inventory		INFERRED exact-path scope; source not read
523	lexical hit not semantically classified: raise KillTestCatalogError(	scripts/kill_test.py:539	out-of-scope	ticket_plan.yaml:648-658	none mapped	unrepresented	out_of_scope_lexical_inventory		INFERRED exact-path scope; source not read
524	"lexical hit not semantically classified: raise KillTestCatalogError(f""mutant {mutant.id}: substitution changed nothing"")"	scripts/kill_test.py:546	out-of-scope	ticket_plan.yaml:648-658	none mapped	unrepresented	out_of_scope_lexical_inventory		INFERRED exact-path scope; source not read
525	lexical hit not semantically classified: try:	scripts/kill_test.py:547	out-of-scope	ticket_plan.yaml:648-658	none mapped	unrepresented	out_of_scope_lexical_inventory		INFERRED exact-path scope; source not read
526	lexical hit not semantically classified: try:	scripts/kill_test.py:1072	out-of-scope	ticket_plan.yaml:648-658	none mapped	unrepresented	out_of_scope_lexical_inventory		INFERRED exact-path scope; source not read
527	lexical hit not semantically classified: except ModuleNotFoundError:	scripts/kill_test.py:1076	out-of-scope	ticket_plan.yaml:648-658	none mapped	unrepresented	out_of_scope_lexical_inventory		INFERRED exact-path scope; source not read
528	lexical hit not semantically classified: try:	scripts/kill_test.py:1078	out-of-scope	ticket_plan.yaml:648-658	none mapped	unrepresented	out_of_scope_lexical_inventory		INFERRED exact-path scope; source not read
529	lexical hit not semantically classified: except Exception:  # noqa: BLE001	scripts/kill_test.py:1082	out-of-scope	ticket_plan.yaml:648-658	none mapped	unrepresented	out_of_scope_lexical_inventory		INFERRED exact-path scope; source not read
530	"lexical hit not semantically classified: raise SystemExit(""ticket ids must contain at least one safe path character"")"	scripts/new_ticket_workflow.py:78	out-of-scope	ticket_plan.yaml:648-658	none mapped	unrepresented	out_of_scope_lexical_inventory		INFERRED exact-path scope; source not read
531	lexical hit not semantically classified: try:	scripts/new_ticket_workflow.py:108	out-of-scope	ticket_plan.yaml:648-658	none mapped	unrepresented	out_of_scope_lexical_inventory		INFERRED exact-path scope; source not read
532	lexical hit not semantically classified: except ValueError:	scripts/new_ticket_workflow.py:110	out-of-scope	ticket_plan.yaml:648-658	none mapped	unrepresented	out_of_scope_lexical_inventory		INFERRED exact-path scope; source not read
533	lexical hit not semantically classified: raise SystemExit(	scripts/new_ticket_workflow.py:143	out-of-scope	ticket_plan.yaml:648-658	none mapped	unrepresented	out_of_scope_lexical_inventory		INFERRED exact-path scope; source not read
534	lexical hit not semantically classified: raise SystemExit(	scripts/new_ticket_workflow.py:183	out-of-scope	ticket_plan.yaml:648-658	none mapped	unrepresented	out_of_scope_lexical_inventory		INFERRED exact-path scope; source not read
535	"lexical hit not semantically classified: raise SystemExit(f""missing ticket plan: {path}"")"	scripts/new_ticket_workflow.py:317	out-of-scope	ticket_plan.yaml:648-658	none mapped	unrepresented	out_of_scope_lexical_inventory		INFERRED exact-path scope; source not read
536	"lexical hit not semantically classified: raise SystemExit(f""ticket plan must contain a tickets list: {path}"")"	scripts/new_ticket_workflow.py:320	out-of-scope	ticket_plan.yaml:648-658	none mapped	unrepresented	out_of_scope_lexical_inventory		INFERRED exact-path scope; source not read
537	"lexical hit not semantically classified: raise SystemExit(""ticket plan has no tickets list"")"	scripts/new_ticket_workflow.py:327	out-of-scope	ticket_plan.yaml:648-658	none mapped	unrepresented	out_of_scope_lexical_inventory		INFERRED exact-path scope; source not read
538	"lexical hit not semantically classified: raise SystemExit(f""ticket {ticket_ref!r} was not found in {plan_source}"")"	scripts/new_ticket_workflow.py:337	out-of-scope	ticket_plan.yaml:648-658	none mapped	unrepresented	out_of_scope_lexical_inventory		INFERRED exact-path scope; source not read
539	lexical hit not semantically classified: raise SystemExit(main())	scripts/new_ticket_workflow.py:1036	out-of-scope	ticket_plan.yaml:648-658	none mapped	unrepresented	out_of_scope_lexical_inventory		INFERRED exact-path scope; source not read
540	lexical hit not semantically classified: try:	scripts/onboard_program_model.py:89	out-of-scope	ticket_plan.yaml:648-658	none mapped	unrepresented	out_of_scope_lexical_inventory		INFERRED exact-path scope; source not read
541	lexical hit not semantically classified: except ValueError:	scripts/onboard_program_model.py:91	out-of-scope	ticket_plan.yaml:648-658	none mapped	unrepresented	out_of_scope_lexical_inventory		INFERRED exact-path scope; source not read
542	lexical hit not semantically classified: raise NotImplementedError(	scripts/onboard_program_model.py:491	out-of-scope	ticket_plan.yaml:648-658	none mapped	unrepresented	out_of_scope_lexical_inventory		INFERRED exact-path scope; source not read
543	lexical hit not semantically classified: raise NotImplementedError(	scripts/onboard_program_model.py:509	out-of-scope	ticket_plan.yaml:648-658	none mapped	unrepresented	out_of_scope_lexical_inventory		INFERRED exact-path scope; source not read
544	lexical hit not semantically classified: SCAFFOLD: every ``apply``/``observe`` below raises NotImplementedError. Replace	scripts/onboard_program_model.py:644	out-of-scope	ticket_plan.yaml:648-658	none mapped	unrepresented	out_of_scope_lexical_inventory		INFERRED exact-path scope; source not read
545	lexical hit not semantically classified: raise NotImplementedError(	scripts/onboard_program_model.py:685	out-of-scope	ticket_plan.yaml:648-658	none mapped	unrepresented	out_of_scope_lexical_inventory		INFERRED exact-path scope; source not read
546	lexical hit not semantically classified: raise NotImplementedError(	scripts/onboard_program_model.py:691	out-of-scope	ticket_plan.yaml:648-658	none mapped	unrepresented	out_of_scope_lexical_inventory		INFERRED exact-path scope; source not read
547	lexical hit not semantically classified: raise NotImplementedError	scripts/onboard_program_model.py:696	out-of-scope	ticket_plan.yaml:648-658	none mapped	unrepresented	out_of_scope_lexical_inventory		INFERRED exact-path scope; source not read
548	"lexical hit not semantically classified: raise NotImplementedError(""call the real RegisterActor boundary"")"	scripts/onboard_program_model.py:701	out-of-scope	ticket_plan.yaml:648-658	none mapped	unrepresented	out_of_scope_lexical_inventory		INFERRED exact-path scope; source not read
549	"lexical hit not semantically classified: raise NotImplementedError(""call the real AcceptRecord boundary"")"	scripts/onboard_program_model.py:706	out-of-scope	ticket_plan.yaml:648-658	none mapped	unrepresented	out_of_scope_lexical_inventory		INFERRED exact-path scope; source not read
550	"lexical hit not semantically classified: raise NotImplementedError(""call the real PublishRecord boundary"")"	scripts/onboard_program_model.py:711	out-of-scope	ticket_plan.yaml:648-658	none mapped	unrepresented	out_of_scope_lexical_inventory		INFERRED exact-path scope; source not read
551	lexical hit not semantically classified: raise NotImplementedError(	scripts/onboard_program_model.py:740	out-of-scope	ticket_plan.yaml:648-658	none mapped	unrepresented	out_of_scope_lexical_inventory		INFERRED exact-path scope; source not read
552	lexical hit not semantically classified: raise NotImplementedError	scripts/onboard_program_model.py:752	out-of-scope	ticket_plan.yaml:648-658	none mapped	unrepresented	out_of_scope_lexical_inventory		INFERRED exact-path scope; source not read
553	"lexical hit not semantically classified: raise NotImplementedError(""drive the real public RegisterActor surface"")"	scripts/onboard_program_model.py:757	out-of-scope	ticket_plan.yaml:648-658	none mapped	unrepresented	out_of_scope_lexical_inventory		INFERRED exact-path scope; source not read
554	"lexical hit not semantically classified: raise NotImplementedError(""drive the real public AcceptRecord surface"")"	scripts/onboard_program_model.py:762	out-of-scope	ticket_plan.yaml:648-658	none mapped	unrepresented	out_of_scope_lexical_inventory		INFERRED exact-path scope; source not read
555	"lexical hit not semantically classified: raise NotImplementedError(""drive the real public publish-worker surface"")"	scripts/onboard_program_model.py:767	out-of-scope	ticket_plan.yaml:648-658	none mapped	unrepresented	out_of_scope_lexical_inventory		INFERRED exact-path scope; source not read
556	lexical hit not semantically classified: raise NotImplementedError(	scripts/onboard_program_model.py:786	out-of-scope	ticket_plan.yaml:648-658	none mapped	unrepresented	out_of_scope_lexical_inventory		INFERRED exact-path scope; source not read
557	lexical hit not semantically classified: raise AssertionError(	scripts/onboard_program_model.py:808	out-of-scope	ticket_plan.yaml:648-658	none mapped	unrepresented	out_of_scope_lexical_inventory		INFERRED exact-path scope; source not read
558	"lexical hit not semantically classified: raise ValueError(f""no adapter output projection for {{view}} action {{action}}"")"	scripts/onboard_program_model.py:895	out-of-scope	ticket_plan.yaml:648-658	none mapped	unrepresented	out_of_scope_lexical_inventory		INFERRED exact-path scope; source not read
559	"lexical hit not semantically classified: raise ValueError(f""response for {{response_key!r}} not found in TLC state"")"	scripts/onboard_program_model.py:902	out-of-scope	ticket_plan.yaml:648-658	none mapped	unrepresented	out_of_scope_lexical_inventory		INFERRED exact-path scope; source not read
560	"lexical hit not semantically classified: raise ValueError(f""malformed TLC response for {{response_key!r}}: {{response!r}}"")"	scripts/onboard_program_model.py:905	out-of-scope	ticket_plan.yaml:648-658	none mapped	unrepresented	out_of_scope_lexical_inventory		INFERRED exact-path scope; source not read
561	"lexical hit not semantically classified: raise TypeError(f""expected TLC mapping, got {{value!r}}"")"	scripts/onboard_program_model.py:912	out-of-scope	ticket_plan.yaml:648-658	none mapped	unrepresented	out_of_scope_lexical_inventory		INFERRED exact-path scope; source not read
562	lexical hit not semantically classified: raise SystemExit(pytest.main([__file__]))	scripts/onboard_program_model.py:1263	out-of-scope	ticket_plan.yaml:648-658	none mapped	unrepresented	out_of_scope_lexical_inventory		INFERRED exact-path scope; source not read
563	lexical hit not semantically classified: raise SystemExit(main())	scripts/onboard_program_model.py:1368	out-of-scope	ticket_plan.yaml:648-658	none mapped	unrepresented	out_of_scope_lexical_inventory		INFERRED exact-path scope; source not read
564	lexical hit not semantically classified: try:	scripts/run_generated_case_adapters.py:29	out-of-scope	ticket_plan.yaml:648-658	none mapped	unrepresented	out_of_scope_lexical_inventory		INFERRED exact-path scope; source not read
565	lexical hit not semantically classified: except ImportError:  # pragma: no cover - direct script execution	scripts/run_generated_case_adapters.py:40	out-of-scope	ticket_plan.yaml:648-658	none mapped	unrepresented	out_of_scope_lexical_inventory		INFERRED exact-path scope; source not read
566	lexical hit not semantically classified: try:	scripts/run_generated_case_adapters.py:52	out-of-scope	ticket_plan.yaml:648-658	none mapped	unrepresented	out_of_scope_lexical_inventory		INFERRED exact-path scope; source not read
567	lexical hit not semantically classified: except ModuleNotFoundError:  # pragma: no cover	scripts/run_generated_case_adapters.py:54	out-of-scope	ticket_plan.yaml:648-658	none mapped	unrepresented	out_of_scope_lexical_inventory		INFERRED exact-path scope; source not read
568	"lexical hit not semantically classified: raise ValueError(f""[adapters.{label}] must be a table"")"	scripts/run_generated_case_adapters.py:163	out-of-scope	ticket_plan.yaml:648-658	none mapped	unrepresented	out_of_scope_lexical_inventory		INFERRED exact-path scope; source not read
569	"lexical hit not semantically classified: raise ValueError(f""[adapters.{label}] must define adapter = \""module:object\"""")"	scripts/run_generated_case_adapters.py:166	out-of-scope	ticket_plan.yaml:648-658	none mapped	unrepresented	out_of_scope_lexical_inventory		INFERRED exact-path scope; source not read
570	"lexical hit not semantically classified: raise ValueError(f""[adapters.{label}] output_projection must be \""module:object\"""")"	scripts/run_generated_case_adapters.py:169	out-of-scope	ticket_plan.yaml:648-658	none mapped	unrepresented	out_of_scope_lexical_inventory		INFERRED exact-path scope; source not read
571	"lexical hit not semantically classified: raise ValueError(f""[adapters.{label}] expected_projection must be \""module:object\"""")"	scripts/run_generated_case_adapters.py:172	out-of-scope	ticket_plan.yaml:648-658	none mapped	unrepresented	out_of_scope_lexical_inventory		INFERRED exact-path scope; source not read
572	"lexical hit not semantically classified: raise ValueError(f""[[adapter]] entry {index} must be a table"")"	scripts/run_generated_case_adapters.py:186	out-of-scope	ticket_plan.yaml:648-658	none mapped	unrepresented	out_of_scope_lexical_inventory		INFERRED exact-path scope; source not read
573	"lexical hit not semantically classified: raise ValueError(f""[[adapter]] entry {index} must define adapter = \""module:object\"""")"	scripts/run_generated_case_adapters.py:190	out-of-scope	ticket_plan.yaml:648-658	none mapped	unrepresented	out_of_scope_lexical_inventory		INFERRED exact-path scope; source not read
574	"lexical hit not semantically classified: raise ValueError(f""[[adapter]] entry {index} must define label or labels"")"	scripts/run_generated_case_adapters.py:194	out-of-scope	ticket_plan.yaml:648-658	none mapped	unrepresented	out_of_scope_lexical_inventory		INFERRED exact-path scope; source not read
575	"lexical hit not semantically classified: raise ValueError(f""[actions.{label}] must be a table"")"	scripts/run_generated_case_adapters.py:209	out-of-scope	ticket_plan.yaml:648-658	none mapped	unrepresented	out_of_scope_lexical_inventory		INFERRED exact-path scope; source not read
576	"lexical hit not semantically classified: raise ValueError(f""[actions.{label}] adapter must be \""module:object\"""")"	scripts/run_generated_case_adapters.py:212	out-of-scope	ticket_plan.yaml:648-658	none mapped	unrepresented	out_of_scope_lexical_inventory		INFERRED exact-path scope; source not read
577	"lexical hit not semantically classified: raise ValueError(f""[actions.{label}] output_projection must be \""module:object\"""")"	scripts/run_generated_case_adapters.py:215	out-of-scope	ticket_plan.yaml:648-658	none mapped	unrepresented	out_of_scope_lexical_inventory		INFERRED exact-path scope; source not read
578	"lexical hit not semantically classified: raise ValueError(f""[actions.{label}] expected_projection must be \""module:object\"""")"	scripts/run_generated_case_adapters.py:218	out-of-scope	ticket_plan.yaml:648-658	none mapped	unrepresented	out_of_scope_lexical_inventory		INFERRED exact-path scope; source not read
579	"lexical hit not semantically classified: raise ValueError(f""[actions.{label}] projector must be \""module:object\"""")"	scripts/run_generated_case_adapters.py:221	out-of-scope	ticket_plan.yaml:648-658	none mapped	unrepresented	out_of_scope_lexical_inventory		INFERRED exact-path scope; source not read
580	"lexical hit not semantically classified: raise ValueError(f""[actions.{label}] assertion must be \""module:object\"""")"	scripts/run_generated_case_adapters.py:224	out-of-scope	ticket_plan.yaml:648-658	none mapped	unrepresented	out_of_scope_lexical_inventory		INFERRED exact-path scope; source not read
581	"lexical hit not semantically classified: raise ValueError(f""no adapter mappings found in {path}"")"	scripts/run_generated_case_adapters.py:241	out-of-scope	ticket_plan.yaml:648-658	none mapped	unrepresented	out_of_scope_lexical_inventory		INFERRED exact-path scope; source not read
582	"lexical hit not semantically classified: raise ValueError(f""duplicate [adapters.{label}] table"")"	scripts/run_generated_case_adapters.py:275	out-of-scope	ticket_plan.yaml:648-658	none mapped	unrepresented	out_of_scope_lexical_inventory		INFERRED exact-path scope; source not read
583	"lexical hit not semantically classified: raise ValueError(f""duplicate [actions.{label}] table"")"	scripts/run_generated_case_adapters.py:283	out-of-scope	ticket_plan.yaml:648-658	none mapped	unrepresented	out_of_scope_lexical_inventory		INFERRED exact-path scope; source not read
584	"lexical hit not semantically classified: raise ValueError(f""duplicate [effect_providers.{port_name}] table"")"	scripts/run_generated_case_adapters.py:291	out-of-scope	ticket_plan.yaml:648-658	none mapped	unrepresented	out_of_scope_lexical_inventory		INFERRED exact-path scope; source not read
585	"lexical hit not semantically classified: raise ValueError(f""unsupported TOML line: {raw_line!r}"")"	scripts/run_generated_case_adapters.py:296	out-of-scope	ticket_plan.yaml:648-658	none mapped	unrepresented	out_of_scope_lexical_inventory		INFERRED exact-path scope; source not read
586	"lexical hit not semantically classified: raise ValueError(f""duplicate key {key!r} in TOML table"")"	scripts/run_generated_case_adapters.py:300	out-of-scope	ticket_plan.yaml:648-658	none mapped	unrepresented	out_of_scope_lexical_inventory		INFERRED exact-path scope; source not read
587	"lexical hit not semantically classified: raise ValueError(f""unsupported TOML value: {value!r}"")"	scripts/run_generated_case_adapters.py:313	out-of-scope	ticket_plan.yaml:648-658	none mapped	unrepresented	out_of_scope_lexical_inventory		INFERRED exact-path scope; source not read
588	lexical hit not semantically classified: raise EffectProviderConfigurationError(	scripts/run_generated_case_adapters.py:319	out-of-scope	ticket_plan.yaml:648-658	none mapped	unrepresented	out_of_scope_lexical_inventory		INFERRED exact-path scope; source not read
589	lexical hit not semantically classified: try:	scripts/run_generated_case_adapters.py:332	out-of-scope	ticket_plan.yaml:648-658	none mapped	unrepresented	out_of_scope_lexical_inventory		INFERRED exact-path scope; source not read
590	lexical hit not semantically classified: except Exception as exc:	scripts/run_generated_case_adapters.py:337	out-of-scope	ticket_plan.yaml:648-658	none mapped	unrepresented	out_of_scope_lexical_inventory		INFERRED exact-path scope; source not read
591	lexical hit not semantically classified: raise EffectProviderConfigurationError(	scripts/run_generated_case_adapters.py:338	out-of-scope	ticket_plan.yaml:648-658	none mapped	unrepresented	out_of_scope_lexical_inventory		INFERRED exact-path scope; source not read
592	lexical hit not semantically classified: raise RuntimeError(	scripts/run_generated_case_adapters.py:359	out-of-scope	ticket_plan.yaml:648-658	none mapped	unrepresented	out_of_scope_lexical_inventory		INFERRED exact-path scope; source not read
593	"lexical hit not semantically classified: raise EffectProviderConfigurationError(""[effect_providers] must contain one table per typed port"")"	scripts/run_generated_case_adapters.py:370	out-of-scope	ticket_plan.yaml:648-658	none mapped	unrepresented	out_of_scope_lexical_inventory		INFERRED exact-path scope; source not read
594	"lexical hit not semantically classified: raise EffectProviderConfigurationError(""semantic effect provider port names must be non-empty and trimmed"")"	scripts/run_generated_case_adapters.py:375	out-of-scope	ticket_plan.yaml:648-658	none mapped	unrepresented	out_of_scope_lexical_inventory		INFERRED exact-path scope; source not read
595	"lexical hit not semantically classified: raise EffectProviderConfigurationError(f""[effect_providers.{name}] must be a table"")"	scripts/run_generated_case_adapters.py:377	out-of-scope	ticket_plan.yaml:648-658	none mapped	unrepresented	out_of_scope_lexical_inventory		INFERRED exact-path scope; source not read
596	lexical hit not semantically classified: raise EffectProviderConfigurationError(	scripts/run_generated_case_adapters.py:380	out-of-scope	ticket_plan.yaml:648-658	none mapped	unrepresented	out_of_scope_lexical_inventory		INFERRED exact-path scope; source not read
597	lexical hit not semantically classified: raise EffectProviderConfigurationError(	scripts/run_generated_case_adapters.py:385	out-of-scope	ticket_plan.yaml:648-658	none mapped	unrepresented	out_of_scope_lexical_inventory		INFERRED exact-path scope; source not read
598	lexical hit not semantically classified: try:	scripts/run_generated_case_adapters.py:400	out-of-scope	ticket_plan.yaml:648-658	none mapped	unrepresented	out_of_scope_lexical_inventory		INFERRED exact-path scope; source not read
599	lexical hit not semantically classified: except (ImportError, AttributeError) as exc:	scripts/run_generated_case_adapters.py:403	out-of-scope	ticket_plan.yaml:648-658	none mapped	unrepresented	out_of_scope_lexical_inventory		INFERRED exact-path scope; source not read
600	lexical hit not semantically classified: raise EffectProviderConfigurationError(	scripts/run_generated_case_adapters.py:404	out-of-scope	ticket_plan.yaml:648-658	none mapped	unrepresented	out_of_scope_lexical_inventory		INFERRED exact-path scope; source not read
601	"lexical hit not semantically classified: raise EffectProviderConfigurationError(f""generated port {module_name}:{port_name} is not a Protocol"")"	scripts/run_generated_case_adapters.py:409	out-of-scope	ticket_plan.yaml:648-658	none mapped	unrepresented	out_of_scope_lexical_inventory		INFERRED exact-path scope; source not read
602	lexical hit not semantically classified: raise EffectProviderConfigurationError(	scripts/run_generated_case_adapters.py:411	out-of-scope	ticket_plan.yaml:648-658	none mapped	unrepresented	out_of_scope_lexical_inventory		INFERRED exact-path scope; source not read
603	lexical hit not semantically classified: try:	scripts/run_generated_case_adapters.py:420	out-of-scope	ticket_plan.yaml:648-658	none mapped	unrepresented	out_of_scope_lexical_inventory		INFERRED exact-path scope; source not read
604	lexical hit not semantically classified: except Exception as exc:	scripts/run_generated_case_adapters.py:423	out-of-scope	ticket_plan.yaml:648-658	none mapped	unrepresented	out_of_scope_lexical_inventory		INFERRED exact-path scope; source not read
605	"lexical hit not semantically classified: raise EffectProviderConfigurationError(f""could not load provider {reference!r}: {exc}"") from exc"	scripts/run_generated_case_adapters.py:424	out-of-scope	ticket_plan.yaml:648-658	none mapped	unrepresented	out_of_scope_lexical_inventory		INFERRED exact-path scope; source not read
606	lexical hit not semantically classified: raise EffectProviderConfigurationError(	scripts/run_generated_case_adapters.py:426	out-of-scope	ticket_plan.yaml:648-658	none mapped	unrepresented	out_of_scope_lexical_inventory		INFERRED exact-path scope; source not read
607	lexical hit not semantically classified: try:	scripts/run_generated_case_adapters.py:447	out-of-scope	ticket_plan.yaml:648-658	none mapped	unrepresented	out_of_scope_lexical_inventory		INFERRED exact-path scope; source not read
608	lexical hit not semantically classified: except Exception as exc:	scripts/run_generated_case_adapters.py:449	out-of-scope	ticket_plan.yaml:648-658	none mapped	unrepresented	out_of_scope_lexical_inventory		INFERRED exact-path scope; source not read
609	"lexical hit not semantically classified: raise EffectProviderConfigurationError(f""invalid provider mapping {mapping_path}: {exc}"") from exc"	scripts/run_generated_case_adapters.py:450	out-of-scope	ticket_plan.yaml:648-658	none mapped	unrepresented	out_of_scope_lexical_inventory		INFERRED exact-path scope; source not read
610	lexical hit not semantically classified: raise EffectProviderConfigurationError(	scripts/run_generated_case_adapters.py:454	out-of-scope	ticket_plan.yaml:648-658	none mapped	unrepresented	out_of_scope_lexical_inventory		INFERRED exact-path scope; source not read
611	lexical hit not semantically classified: raise EffectProviderConfigurationError(	scripts/run_generated_case_adapters.py:464	out-of-scope	ticket_plan.yaml:648-658	none mapped	unrepresented	out_of_scope_lexical_inventory		INFERRED exact-path scope; source not read
612	"lexical hit not semantically classified: raise EffectProviderConfigurationError(""spec_manifest.yaml ports must be a mapping"")"	scripts/run_generated_case_adapters.py:474	out-of-scope	ticket_plan.yaml:648-658	none mapped	unrepresented	out_of_scope_lexical_inventory		INFERRED exact-path scope; source not read
613	"lexical hit not semantically classified: raise EffectProviderConfigurationError(""actions.yml actions must be a mapping"")"	scripts/run_generated_case_adapters.py:476	out-of-scope	ticket_plan.yaml:648-658	none mapped	unrepresented	out_of_scope_lexical_inventory		INFERRED exact-path scope; source not read
614	lexical hit not semantically classified: raise EffectProviderConfigurationError(	scripts/run_generated_case_adapters.py:495	out-of-scope	ticket_plan.yaml:648-658	none mapped	unrepresented	out_of_scope_lexical_inventory		INFERRED exact-path scope; source not read
615	lexical hit not semantically classified: raise EffectProviderConfigurationError(	scripts/run_generated_case_adapters.py:502	out-of-scope	ticket_plan.yaml:648-658	none mapped	unrepresented	out_of_scope_lexical_inventory		INFERRED exact-path scope; source not read
616	lexical hit not semantically classified: raise EffectProviderConfigurationError(	scripts/run_generated_case_adapters.py:518	out-of-scope	ticket_plan.yaml:648-658	none mapped	unrepresented	out_of_scope_lexical_inventory		INFERRED exact-path scope; source not read
617	"lexical hit not semantically classified: raise EffectProviderConfigurationError(f""actions.yml action {action} must be a mapping"")"	scripts/run_generated_case_adapters.py:524	out-of-scope	ticket_plan.yaml:648-658	none mapped	unrepresented	out_of_scope_lexical_inventory		INFERRED exact-path scope; source not read
618	lexical hit not semantically classified: raise EffectProviderConfigurationError(	scripts/run_generated_case_adapters.py:526	out-of-scope	ticket_plan.yaml:648-658	none mapped	unrepresented	out_of_scope_lexical_inventory		INFERRED exact-path scope; source not read
619	"lexical hit not semantically classified: raise EffectProviderConfigurationError(f""actions.yml action {action} effect_ports must be a list of port names"")"	scripts/run_generated_case_adapters.py:533	out-of-scope	ticket_plan.yaml:648-658	none mapped	unrepresented	out_of_scope_lexical_inventory		INFERRED exact-path scope; source not read
620	lexical hit not semantically classified: raise EffectProviderConfigurationError(	scripts/run_generated_case_adapters.py:539	out-of-scope	ticket_plan.yaml:648-658	none mapped	unrepresented	out_of_scope_lexical_inventory		INFERRED exact-path scope; source not read
621	lexical hit not semantically classified: raise EffectProviderConfigurationError(	scripts/run_generated_case_adapters.py:544	out-of-scope	ticket_plan.yaml:648-658	none mapped	unrepresented	out_of_scope_lexical_inventory		INFERRED exact-path scope; source not read
622	lexical hit not semantically classified: raise EffectProviderConfigurationError(	scripts/run_generated_case_adapters.py:550	out-of-scope	ticket_plan.yaml:648-658	none mapped	unrepresented	out_of_scope_lexical_inventory		INFERRED exact-path scope; source not read
623	lexical hit not semantically classified: raise EffectProviderConfigurationError(	scripts/run_generated_case_adapters.py:555	out-of-scope	ticket_plan.yaml:648-658	none mapped	unrepresented	out_of_scope_lexical_inventory		INFERRED exact-path scope; source not read
624	lexical hit not semantically classified: raise EffectProviderConfigurationError(	scripts/run_generated_case_adapters.py:583	out-of-scope	ticket_plan.yaml:648-658	none mapped	unrepresented	out_of_scope_lexical_inventory		INFERRED exact-path scope; source not read
625	lexical hit not semantically classified: raise SystemExit(	scripts/run_generated_case_adapters.py:598	out-of-scope	ticket_plan.yaml:648-658	none mapped	unrepresented	out_of_scope_lexical_inventory		INFERRED exact-path scope; source not read
626	lexical hit not semantically classified: raise SystemExit(	scripts/run_generated_case_adapters.py:657	out-of-scope	ticket_plan.yaml:648-658	none mapped	unrepresented	out_of_scope_lexical_inventory		INFERRED exact-path scope; source not read
627	"lexical hit not semantically classified: raise TypeError(f""binding for {mapping.label} does not define an executable adapter"")"	scripts/run_generated_case_adapters.py:738	out-of-scope	ticket_plan.yaml:648-658	none mapped	unrepresented	out_of_scope_lexical_inventory		INFERRED exact-path scope; source not read
628	lexical hit not semantically classified: try:	scripts/run_generated_case_adapters.py:774	out-of-scope	ticket_plan.yaml:648-658	none mapped	unrepresented	out_of_scope_lexical_inventory		INFERRED exact-path scope; source not read
629	lexical hit not semantically classified: except TypeError as exc:	scripts/run_generated_case_adapters.py:776	out-of-scope	ticket_plan.yaml:648-658	none mapped	unrepresented	out_of_scope_lexical_inventory		INFERRED exact-path scope; source not read
630	lexical hit not semantically classified: raise last_type_error	scripts/run_generated_case_adapters.py:779	out-of-scope	ticket_plan.yaml:648-658	none mapped	unrepresented	out_of_scope_lexical_inventory		INFERRED exact-path scope; source not read
631	"lexical hit not semantically classified: raise TypeError(f""{callable_obj!r} is not callable"")"	scripts/run_generated_case_adapters.py:780	out-of-scope	ticket_plan.yaml:648-658	none mapped	unrepresented	out_of_scope_lexical_inventory		INFERRED exact-path scope; source not read
632	"lexical hit not semantically classified: raise TypeError(f""{obj!r} is not callable and does not define one of {method_names}"")"	scripts/run_generated_case_adapters.py:790	out-of-scope	ticket_plan.yaml:648-658	none mapped	unrepresented	out_of_scope_lexical_inventory		INFERRED exact-path scope; source not read
633	"lexical hit not semantically classified: raise AssertionError(f""projected-state assertion for {assertion_context.case.name} requires a projector"")"	scripts/run_generated_case_adapters.py:810	out-of-scope	ticket_plan.yaml:648-658	none mapped	unrepresented	out_of_scope_lexical_inventory		INFERRED exact-path scope; source not read
634	"lexical hit not semantically classified: raise AssertionError(f""adapter output mismatch for {case.name}: {result.output!r} != {case.output!r}"")"	scripts/run_generated_case_adapters.py:884	out-of-scope	ticket_plan.yaml:648-658	none mapped	unrepresented	out_of_scope_lexical_inventory		INFERRED exact-path scope; source not read
635	"lexical hit not semantically classified: raise AssertionError(f""adapter after-state mismatch for {case.name}: {detail}"")"	scripts/run_generated_case_adapters.py:894	out-of-scope	ticket_plan.yaml:648-658	none mapped	unrepresented	out_of_scope_lexical_inventory		INFERRED exact-path scope; source not read
636	lexical hit not semantically classified: raise AssertionError(	scripts/run_generated_case_adapters.py:900	out-of-scope	ticket_plan.yaml:648-658	none mapped	unrepresented	out_of_scope_lexical_inventory		INFERRED exact-path scope; source not read
637	"lexical hit not semantically classified: raise AssertionError(f""projected state mismatch for {assertion_context.case.name}: {detail}"")"	scripts/run_generated_case_adapters.py:920	out-of-scope	ticket_plan.yaml:648-658	none mapped	unrepresented	out_of_scope_lexical_inventory		INFERRED exact-path scope; source not read
638	lexical hit not semantically classified: raise AssertionError(	scripts/run_generated_case_adapters.py:923	out-of-scope	ticket_plan.yaml:648-658	none mapped	unrepresented	out_of_scope_lexical_inventory		INFERRED exact-path scope; source not read
639	"lexical hit not semantically classified: raise AssertionError(f""projected state assertion returned False for {assertion_context.case.name}"")"	scripts/run_generated_case_adapters.py:939	out-of-scope	ticket_plan.yaml:648-658	none mapped	unrepresented	out_of_scope_lexical_inventory		INFERRED exact-path scope; source not read
640	"lexical hit not semantically classified: raise SystemExit(f""ERROR: adapter capability validation failed for {len(rejected)} cases\n{details}{suffix}"")"	scripts/run_generated_case_adapters.py:1002	out-of-scope	ticket_plan.yaml:648-658	none mapped	unrepresented	out_of_scope_lexical_inventory		INFERRED exact-path scope; source not read
641	lexical hit not semantically classified: raise SystemExit(main())	scripts/run_generated_case_adapters.py:1077	out-of-scope	ticket_plan.yaml:648-658	none mapped	unrepresented	out_of_scope_lexical_inventory		INFERRED exact-path scope; source not read
642	"lexical hit not semantically classified: raise AssertionError(f""no adapter mapping for case {case.name}: {sorted(case.labels)}"")"	scripts/run_generated_case_adapters.py:1095	out-of-scope	ticket_plan.yaml:648-658	none mapped	unrepresented	out_of_scope_lexical_inventory		INFERRED exact-path scope; source not read
643	"lexical hit not semantically classified: raise SystemExit(f""ERROR: case {case.name} via {mapping.label} has no executable adapter"")"	scripts/run_generated_case_adapters.py:1097	out-of-scope	ticket_plan.yaml:648-658	none mapped	unrepresented	out_of_scope_lexical_inventory		INFERRED exact-path scope; source not read
644	lexical hit not semantically classified: try:	scripts/run_generated_case_adapters.py:1128	out-of-scope	ticket_plan.yaml:648-658	none mapped	unrepresented	out_of_scope_lexical_inventory		INFERRED exact-path scope; source not read
645	lexical hit not semantically classified: except Exception as exc:	scripts/run_generated_case_adapters.py:1130	out-of-scope	ticket_plan.yaml:648-658	none mapped	unrepresented	out_of_scope_lexical_inventory		INFERRED exact-path scope; source not read
646	lexical hit not semantically classified: raise EffectProviderConfigurationError(	scripts/run_generated_case_adapters.py:1131	out-of-scope	ticket_plan.yaml:648-658	none mapped	unrepresented	out_of_scope_lexical_inventory		INFERRED exact-path scope; source not read
647	lexical hit not semantically classified: try:	scripts/run_generated_case_adapters.py:1135	out-of-scope	ticket_plan.yaml:648-658	none mapped	unrepresented	out_of_scope_lexical_inventory		INFERRED exact-path scope; source not read
648	lexical hit not semantically classified: except RuntimeError as exc:	scripts/run_generated_case_adapters.py:1141	out-of-scope	ticket_plan.yaml:648-658	none mapped	unrepresented	out_of_scope_lexical_inventory		INFERRED exact-path scope; source not read
649	lexical hit not semantically classified: raise EffectProviderConfigurationError(str(exc)) from exc	scripts/run_generated_case_adapters.py:1142	out-of-scope	ticket_plan.yaml:648-658	none mapped	unrepresented	out_of_scope_lexical_inventory		INFERRED exact-path scope; source not read
650	lexical hit not semantically classified: raise EffectProviderConfigurationError(	scripts/run_generated_case_adapters.py:1144	out-of-scope	ticket_plan.yaml:648-658	none mapped	unrepresented	out_of_scope_lexical_inventory		INFERRED exact-path scope; source not read
651	lexical hit not semantically classified: Provider cleanup must receive the real exception so ordinary context	scripts/run_generated_case_adapters.py:1168	out-of-scope	ticket_plan.yaml:648-658	none mapped	unrepresented	out_of_scope_lexical_inventory		INFERRED exact-path scope; source not read
652	lexical hit not semantically classified: cleanup exception is retained separately before normal ExitStack unwinding	scripts/run_generated_case_adapters.py:1171	out-of-scope	ticket_plan.yaml:648-658	none mapped	unrepresented	out_of_scope_lexical_inventory		INFERRED exact-path scope; source not read
653	lexical hit not semantically classified: try:	scripts/run_generated_case_adapters.py:1190	out-of-scope	ticket_plan.yaml:648-658	none mapped	unrepresented	out_of_scope_lexical_inventory		INFERRED exact-path scope; source not read
654	lexical hit not semantically classified: except Exception as cleanup_error:	scripts/run_generated_case_adapters.py:1192	out-of-scope	ticket_plan.yaml:648-658	none mapped	unrepresented	out_of_scope_lexical_inventory		INFERRED exact-path scope; source not read
655	lexical hit not semantically classified: raise	scripts/run_generated_case_adapters.py:1194	out-of-scope	ticket_plan.yaml:648-658	none mapped	unrepresented	out_of_scope_lexical_inventory		INFERRED exact-path scope; source not read
656	lexical hit not semantically classified: try:	scripts/run_generated_case_adapters.py:1328	out-of-scope	ticket_plan.yaml:648-658	none mapped	unrepresented	out_of_scope_lexical_inventory		INFERRED exact-path scope; source not read
657	lexical hit not semantically classified: except BaseException as exc:	scripts/run_generated_case_adapters.py:1330	out-of-scope	ticket_plan.yaml:648-658	none mapped	unrepresented	out_of_scope_lexical_inventory		INFERRED exact-path scope; source not read
658	lexical hit not semantically classified: raise _EffectProviderPhaseFailure(	scripts/run_generated_case_adapters.py:1331	out-of-scope	ticket_plan.yaml:648-658	none mapped	unrepresented	out_of_scope_lexical_inventory		INFERRED exact-path scope; source not read
659	lexical hit not semantically classified: try:	scripts/run_generated_case_adapters.py:1382	out-of-scope	ticket_plan.yaml:648-658	none mapped	unrepresented	out_of_scope_lexical_inventory		INFERRED exact-path scope; source not read
660	lexical hit not semantically classified: except _EffectProviderPhaseFailure as exc:	scripts/run_generated_case_adapters.py:1390	out-of-scope	ticket_plan.yaml:648-658	none mapped	unrepresented	out_of_scope_lexical_inventory		INFERRED exact-path scope; source not read
661	"lexical hit not semantically classified: raise SystemExit(f""ERROR: semantic effect provider bind failed\n{diagnostic}"") from exc"	scripts/run_generated_case_adapters.py:1400	out-of-scope	ticket_plan.yaml:648-658	none mapped	unrepresented	out_of_scope_lexical_inventory		INFERRED exact-path scope; source not read
662	lexical hit not semantically classified: except EffectProviderConfigurationError as exc:	scripts/run_generated_case_adapters.py:1401	out-of-scope	ticket_plan.yaml:648-658	none mapped	unrepresented	out_of_scope_lexical_inventory		INFERRED exact-path scope; source not read
663	"lexical hit not semantically classified: raise SystemExit(f""ERROR: invalid semantic effect provider configuration: {exc}"") from exc"	scripts/run_generated_case_adapters.py:1402	out-of-scope	ticket_plan.yaml:648-658	none mapped	unrepresented	out_of_scope_lexical_inventory		INFERRED exact-path scope; source not read
664	lexical hit not semantically classified: try:	scripts/run_generated_case_adapters.py:1468	out-of-scope	ticket_plan.yaml:648-658	none mapped	unrepresented	out_of_scope_lexical_inventory		INFERRED exact-path scope; source not read
665	lexical hit not semantically classified: except Exception as exc:	scripts/run_generated_case_adapters.py:1470	out-of-scope	ticket_plan.yaml:648-658	none mapped	unrepresented	out_of_scope_lexical_inventory		INFERRED exact-path scope; source not read
666	lexical hit not semantically classified: raise	scripts/run_generated_case_adapters.py:1472	out-of-scope	ticket_plan.yaml:648-658	none mapped	unrepresented	out_of_scope_lexical_inventory		INFERRED exact-path scope; source not read
667	lexical hit not semantically classified: try:	scripts/run_generated_case_adapters.py:1485	out-of-scope	ticket_plan.yaml:648-658	none mapped	unrepresented	out_of_scope_lexical_inventory		INFERRED exact-path scope; source not read
668	lexical hit not semantically classified: except Exception as exc:	scripts/run_generated_case_adapters.py:1487	out-of-scope	ticket_plan.yaml:648-658	none mapped	unrepresented	out_of_scope_lexical_inventory		INFERRED exact-path scope; source not read
669	lexical hit not semantically classified: raise	scripts/run_generated_case_adapters.py:1489	out-of-scope	ticket_plan.yaml:648-658	none mapped	unrepresented	out_of_scope_lexical_inventory		INFERRED exact-path scope; source not read
670	lexical hit not semantically classified: try:	scripts/run_generated_case_adapters.py:1511	out-of-scope	ticket_plan.yaml:648-658	none mapped	unrepresented	out_of_scope_lexical_inventory		INFERRED exact-path scope; source not read
671	lexical hit not semantically classified: except Exception as exc:	scripts/run_generated_case_adapters.py:1525	out-of-scope	ticket_plan.yaml:648-658	none mapped	unrepresented	out_of_scope_lexical_inventory		INFERRED exact-path scope; source not read
672	lexical hit not semantically classified: try:	scripts/run_generated_case_adapters.py:1539	out-of-scope	ticket_plan.yaml:648-658	none mapped	unrepresented	out_of_scope_lexical_inventory		INFERRED exact-path scope; source not read
673	lexical hit not semantically classified: try:	scripts/run_generated_case_adapters.py:1548	out-of-scope	ticket_plan.yaml:648-658	none mapped	unrepresented	out_of_scope_lexical_inventory		INFERRED exact-path scope; source not read
674	lexical hit not semantically classified: except Exception as exc:	scripts/run_generated_case_adapters.py:1550	out-of-scope	ticket_plan.yaml:648-658	none mapped	unrepresented	out_of_scope_lexical_inventory		INFERRED exact-path scope; source not read
675	lexical hit not semantically classified: raise	scripts/run_generated_case_adapters.py:1552	out-of-scope	ticket_plan.yaml:648-658	none mapped	unrepresented	out_of_scope_lexical_inventory		INFERRED exact-path scope; source not read
676	lexical hit not semantically classified: try:	scripts/run_generated_case_adapters.py:1614	out-of-scope	ticket_plan.yaml:648-658	none mapped	unrepresented	out_of_scope_lexical_inventory		INFERRED exact-path scope; source not read
677	lexical hit not semantically classified: try:	scripts/run_generated_case_adapters.py:1624	out-of-scope	ticket_plan.yaml:648-658	none mapped	unrepresented	out_of_scope_lexical_inventory		INFERRED exact-path scope; source not read
678	lexical hit not semantically classified: except Exception:	scripts/run_generated_case_adapters.py:1637	out-of-scope	ticket_plan.yaml:648-658	none mapped	unrepresented	out_of_scope_lexical_inventory		INFERRED exact-path scope; source not read
679	lexical hit not semantically classified: raise	scripts/run_generated_case_adapters.py:1640	out-of-scope	ticket_plan.yaml:648-658	none mapped	unrepresented	out_of_scope_lexical_inventory		INFERRED exact-path scope; source not read
680	lexical hit not semantically classified: raise TypeError(	scripts/run_generated_case_adapters.py:1644	out-of-scope	ticket_plan.yaml:648-658	none mapped	unrepresented	out_of_scope_lexical_inventory		INFERRED exact-path scope; source not read
681	lexical hit not semantically classified: try:	scripts/run_generated_case_adapters.py:1652	out-of-scope	ticket_plan.yaml:648-658	none mapped	unrepresented	out_of_scope_lexical_inventory		INFERRED exact-path scope; source not read
682	lexical hit not semantically classified: except Exception as exc:	scripts/run_generated_case_adapters.py:1681	out-of-scope	ticket_plan.yaml:648-658	none mapped	unrepresented	out_of_scope_lexical_inventory		INFERRED exact-path scope; source not read
683	lexical hit not semantically classified: try:	scripts/run_generated_case_adapters.py:1690	out-of-scope	ticket_plan.yaml:648-658	none mapped	unrepresented	out_of_scope_lexical_inventory		INFERRED exact-path scope; source not read
684	lexical hit not semantically classified: except Exception as exc:	scripts/run_generated_case_adapters.py:1697	out-of-scope	ticket_plan.yaml:648-658	none mapped	unrepresented	out_of_scope_lexical_inventory		INFERRED exact-path scope; source not read
685	lexical hit not semantically classified: raise application_error	scripts/run_generated_case_adapters.py:1702	out-of-scope	ticket_plan.yaml:648-658	none mapped	unrepresented	out_of_scope_lexical_inventory		INFERRED exact-path scope; source not read
686	lexical hit not semantically classified: raise teardown_error	scripts/run_generated_case_adapters.py:1704	out-of-scope	ticket_plan.yaml:648-658	none mapped	unrepresented	out_of_scope_lexical_inventory		INFERRED exact-path scope; source not read
687	lexical hit not semantically classified: except Exception as exc:	scripts/run_generated_case_adapters.py:1705	out-of-scope	ticket_plan.yaml:648-658	none mapped	unrepresented	out_of_scope_lexical_inventory		INFERRED exact-path scope; source not read
688	lexical hit not semantically classified: try:	scripts/run_generated_case_adapters.py:1709	out-of-scope	ticket_plan.yaml:648-658	none mapped	unrepresented	out_of_scope_lexical_inventory		INFERRED exact-path scope; source not read
689	lexical hit not semantically classified: except Exception as exc:	scripts/run_generated_case_adapters.py:1715	out-of-scope	ticket_plan.yaml:648-658	none mapped	unrepresented	out_of_scope_lexical_inventory		INFERRED exact-path scope; source not read
690	lexical hit not semantically classified: # cleanup exception independently so no failure can replace	scripts/run_generated_case_adapters.py:1722	out-of-scope	ticket_plan.yaml:648-658	none mapped	unrepresented	out_of_scope_lexical_inventory		INFERRED exact-path scope; source not read
691	lexical hit not semantically classified: try:	scripts/run_generated_case_adapters.py:1831	out-of-scope	ticket_plan.yaml:648-658	none mapped	unrepresented	out_of_scope_lexical_inventory		INFERRED exact-path scope; source not read
692	lexical hit not semantically classified: except Exception as exc:	scripts/run_generated_case_adapters.py:1845	out-of-scope	ticket_plan.yaml:648-658	none mapped	unrepresented	out_of_scope_lexical_inventory		INFERRED exact-path scope; source not read
693	lexical hit not semantically classified: # like a broken assertion. Nothing between here and the raise consults a	scripts/run_generated_case_adapters.py:1862	out-of-scope	ticket_plan.yaml:648-658	none mapped	unrepresented	out_of_scope_lexical_inventory		INFERRED exact-path scope; source not read
694	lexical hit not semantically classified: # justification, an annotation, or a manifest entry: recording a finding is	scripts/run_generated_case_adapters.py:1863	out-of-scope	ticket_plan.yaml:648-658	none mapped	unrepresented	out_of_scope_lexical_inventory		INFERRED exact-path scope; source not read
695	"lexical hit not semantically classified: raise SystemExit(f""ERROR: {len(failures)} batched case executions failed\n{details}{suffix}"")"	scripts/run_generated_case_adapters.py:1883	out-of-scope	ticket_plan.yaml:648-658	none mapped	unrepresented	out_of_scope_lexical_inventory		INFERRED exact-path scope; source not read
696	"lexical hit not semantically classified: raise SystemExit(""ERROR: --fuzz-runs must be at least 1"")"	scripts/run_generated_case_adapters.py:1911	out-of-scope	ticket_plan.yaml:648-658	none mapped	unrepresented	out_of_scope_lexical_inventory		INFERRED exact-path scope; source not read
697	"lexical hit not semantically classified: raise SystemExit(""ERROR: --fuzz-iteration must be non-negative"")"	scripts/run_generated_case_adapters.py:1913	out-of-scope	ticket_plan.yaml:648-658	none mapped	unrepresented	out_of_scope_lexical_inventory		INFERRED exact-path scope; source not read
698	lexical hit not semantically classified: raise SystemExit(	scripts/run_generated_case_adapters.py:1921	out-of-scope	ticket_plan.yaml:648-658	none mapped	unrepresented	out_of_scope_lexical_inventory		INFERRED exact-path scope; source not read
699	"lexical hit not semantically classified: raise SystemExit(f""ERROR: {len(failures)} generated case programs failed\n{details}"")"	scripts/run_generated_case_adapters.py:2019	out-of-scope	ticket_plan.yaml:648-658	none mapped	unrepresented	out_of_scope_lexical_inventory		INFERRED exact-path scope; source not read
700	lexical hit not semantically classified: try:	scripts/run_generated_case_adapters.py:2080	out-of-scope	ticket_plan.yaml:648-658	none mapped	unrepresented	out_of_scope_lexical_inventory		INFERRED exact-path scope; source not read
701	lexical hit not semantically classified: except ChannelEnforcementError as exc:	scripts/run_generated_case_adapters.py:2082	out-of-scope	ticket_plan.yaml:648-658	none mapped	unrepresented	out_of_scope_lexical_inventory		INFERRED exact-path scope; source not read
702	lexical hit not semantically classified: raise SystemExit(str(exc))	scripts/run_generated_case_adapters.py:2083	out-of-scope	ticket_plan.yaml:648-658	none mapped	unrepresented	out_of_scope_lexical_inventory		INFERRED exact-path scope; source not read
703	"lexical hit not semantically classified: raise SystemExit(""ERROR: no cases selected"")"	scripts/run_generated_case_adapters.py:2086	out-of-scope	ticket_plan.yaml:648-658	none mapped	unrepresented	out_of_scope_lexical_inventory		INFERRED exact-path scope; source not read
704	lexical hit not semantically classified: try:	scripts/run_generated_case_adapters.py:2087	out-of-scope	ticket_plan.yaml:648-658	none mapped	unrepresented	out_of_scope_lexical_inventory		INFERRED exact-path scope; source not read
705	lexical hit not semantically classified: except EffectProviderConfigurationError as exc:	scripts/run_generated_case_adapters.py:2094	out-of-scope	ticket_plan.yaml:648-658	none mapped	unrepresented	out_of_scope_lexical_inventory		INFERRED exact-path scope; source not read
706	"lexical hit not semantically classified: raise SystemExit(f""ERROR: invalid semantic effect provider configuration: {exc}"") from exc"	scripts/run_generated_case_adapters.py:2095	out-of-scope	ticket_plan.yaml:648-658	none mapped	unrepresented	out_of_scope_lexical_inventory		INFERRED exact-path scope; source not read
707	"lexical hit not semantically classified: raise SystemExit(""ERROR: --fuzz-runs must be at least 1"")"	scripts/run_generated_case_adapters.py:2102	out-of-scope	ticket_plan.yaml:648-658	none mapped	unrepresented	out_of_scope_lexical_inventory		INFERRED exact-path scope; source not read
708	"lexical hit not semantically classified: raise SystemExit(""ERROR: --fuzz-iteration must be non-negative"")"	scripts/run_generated_case_adapters.py:2104	out-of-scope	ticket_plan.yaml:648-658	none mapped	unrepresented	out_of_scope_lexical_inventory		INFERRED exact-path scope; source not read
709	lexical hit not semantically classified: raise SystemExit(	scripts/run_generated_case_adapters.py:2107	out-of-scope	ticket_plan.yaml:648-658	none mapped	unrepresented	out_of_scope_lexical_inventory		INFERRED exact-path scope; source not read
710	lexical hit not semantically classified: try:	scripts/run_generated_case_adapters.py:2122	out-of-scope	ticket_plan.yaml:648-658	none mapped	unrepresented	out_of_scope_lexical_inventory		INFERRED exact-path scope; source not read
711	lexical hit not semantically classified: except EffectDeclarationError as exc:	scripts/run_generated_case_adapters.py:2124	out-of-scope	ticket_plan.yaml:648-658	none mapped	unrepresented	out_of_scope_lexical_inventory		INFERRED exact-path scope; source not read
712	"lexical hit not semantically classified: raise SystemExit(f""ERROR: malformed effect declarations: {exc}"")"	scripts/run_generated_case_adapters.py:2125	out-of-scope	ticket_plan.yaml:648-658	none mapped	unrepresented	out_of_scope_lexical_inventory		INFERRED exact-path scope; source not read
713	lexical hit not semantically classified: raise SystemExit(main())	scripts/run_generated_case_adapters.py:2164	out-of-scope	ticket_plan.yaml:648-658	none mapped	unrepresented	out_of_scope_lexical_inventory		INFERRED exact-path scope; source not read
714	lexical hit not semantically classified: try:	scripts/run_kill_test.py:133	out-of-scope	ticket_plan.yaml:648-658	none mapped	unrepresented	out_of_scope_lexical_inventory		INFERRED exact-path scope; source not read
715	lexical hit not semantically classified: except (OSError, json.JSONDecodeError) as exc:	scripts/run_kill_test.py:136	out-of-scope	ticket_plan.yaml:648-658	none mapped	unrepresented	out_of_scope_lexical_inventory		INFERRED exact-path scope; source not read
716	lexical hit not semantically classified: try:	scripts/run_kill_test.py:151	out-of-scope	ticket_plan.yaml:648-658	none mapped	unrepresented	out_of_scope_lexical_inventory		INFERRED exact-path scope; source not read
717	lexical hit not semantically classified: except KillTestCatalogError as exc:	scripts/run_kill_test.py:153	out-of-scope	ticket_plan.yaml:648-658	none mapped	unrepresented	out_of_scope_lexical_inventory		INFERRED exact-path scope; source not read
718	lexical hit not semantically classified: try:	scripts/run_kill_test.py:191	out-of-scope	ticket_plan.yaml:648-658	none mapped	unrepresented	out_of_scope_lexical_inventory		INFERRED exact-path scope; source not read
719	lexical hit not semantically classified: except (OSError, json.JSONDecodeError) as exc:	scripts/run_kill_test.py:193	out-of-scope	ticket_plan.yaml:648-658	none mapped	unrepresented	out_of_scope_lexical_inventory		INFERRED exact-path scope; source not read
720	lexical hit not semantically classified: try:	scripts/run_kill_test.py:200	out-of-scope	ticket_plan.yaml:648-658	none mapped	unrepresented	out_of_scope_lexical_inventory		INFERRED exact-path scope; source not read
721	lexical hit not semantically classified: except KillTestCatalogError as exc:	scripts/run_kill_test.py:212	out-of-scope	ticket_plan.yaml:648-658	none mapped	unrepresented	out_of_scope_lexical_inventory		INFERRED exact-path scope; source not read
722	lexical hit not semantically classified: raise SystemExit(main())	scripts/run_kill_test.py:235	out-of-scope	ticket_plan.yaml:648-658	none mapped	unrepresented	out_of_scope_lexical_inventory		INFERRED exact-path scope; source not read
723	"lexical hit not semantically classified: raise SystemExit(f""refusing to overwrite existing file: {path}"")"	scripts/scaffold_spec.py:38	out-of-scope	ticket_plan.yaml:648-658	none mapped	unrepresented	out_of_scope_lexical_inventory		INFERRED exact-path scope; source not read
724	"lexical hit not semantically classified: raise SystemExit(f""unsupported views: {', '.join(sorted(unknown))}"")"	scripts/scaffold_spec.py:54	out-of-scope	ticket_plan.yaml:648-658	none mapped	unrepresented	out_of_scope_lexical_inventory		INFERRED exact-path scope; source not read
725	lexical hit not semantically classified: raise NotImplementedError(	scripts/scaffold_spec.py:319	out-of-scope	ticket_plan.yaml:648-658	none mapped	unrepresented	out_of_scope_lexical_inventory		INFERRED exact-path scope; source not read
726	lexical hit not semantically classified: raise NotImplementedError(	scripts/scaffold_spec.py:334	out-of-scope	ticket_plan.yaml:648-658	none mapped	unrepresented	out_of_scope_lexical_inventory		INFERRED exact-path scope; source not read
727	"lexical hit not semantically classified: raise NotImplementedError(""load the TLA `before` state into the real component"")"	scripts/scaffold_spec.py:443	out-of-scope	ticket_plan.yaml:648-658	none mapped	unrepresented	out_of_scope_lexical_inventory		INFERRED exact-path scope; source not read
728	"lexical hit not semantically classified: raise NotImplementedError(""project real internal state back into the Internal.tla shape"")"	scripts/scaffold_spec.py:446	out-of-scope	ticket_plan.yaml:648-658	none mapped	unrepresented	out_of_scope_lexical_inventory		INFERRED exact-path scope; source not read
729	lexical hit not semantically classified: raise NotImplementedError	scripts/scaffold_spec.py:449	out-of-scope	ticket_plan.yaml:648-658	none mapped	unrepresented	out_of_scope_lexical_inventory		INFERRED exact-path scope; source not read
730	"lexical hit not semantically classified: raise NotImplementedError(""call the real Create boundary"")"	scripts/scaffold_spec.py:454	out-of-scope	ticket_plan.yaml:648-658	none mapped	unrepresented	out_of_scope_lexical_inventory		INFERRED exact-path scope; source not read
731	lexical hit not semantically classified: raise NotImplementedError(	scripts/scaffold_spec.py:475	out-of-scope	ticket_plan.yaml:648-658	none mapped	unrepresented	out_of_scope_lexical_inventory		INFERRED exact-path scope; source not read
732	lexical hit not semantically classified: raise NotImplementedError	scripts/scaffold_spec.py:487	out-of-scope	ticket_plan.yaml:648-658	none mapped	unrepresented	out_of_scope_lexical_inventory		INFERRED exact-path scope; source not read
733	"lexical hit not semantically classified: raise NotImplementedError(""drive the real public Submit surface"")"	scripts/scaffold_spec.py:492	out-of-scope	ticket_plan.yaml:648-658	none mapped	unrepresented	out_of_scope_lexical_inventory		INFERRED exact-path scope; source not read
734	lexical hit not semantically classified: raise NotImplementedError(	scripts/scaffold_spec.py:508	out-of-scope	ticket_plan.yaml:648-658	none mapped	unrepresented	out_of_scope_lexical_inventory		INFERRED exact-path scope; source not read
735	lexical hit not semantically classified: raise AssertionError(	scripts/scaffold_spec.py:529	out-of-scope	ticket_plan.yaml:648-658	none mapped	unrepresented	out_of_scope_lexical_inventory		INFERRED exact-path scope; source not read
736	"lexical hit not semantically classified: raise ValueError(f""no adapter output projection for {view} action {action}"")"	scripts/scaffold_spec.py:578	out-of-scope	ticket_plan.yaml:648-658	none mapped	unrepresented	out_of_scope_lexical_inventory		INFERRED exact-path scope; source not read
737	"lexical hit not semantically classified: raise ValueError(f""response for {response_key!r} not found in TLC state"")"	scripts/scaffold_spec.py:585	out-of-scope	ticket_plan.yaml:648-658	none mapped	unrepresented	out_of_scope_lexical_inventory		INFERRED exact-path scope; source not read
738	"lexical hit not semantically classified: raise TypeError(f""expected TLC mapping, got {value!r}"")"	scripts/scaffold_spec.py:592	out-of-scope	ticket_plan.yaml:648-658	none mapped	unrepresented	out_of_scope_lexical_inventory		INFERRED exact-path scope; source not read
739	lexical hit not semantically classified: raise SystemExit(main())	scripts/scaffold_spec.py:865	out-of-scope	ticket_plan.yaml:648-658	none mapped	unrepresented	out_of_scope_lexical_inventory		INFERRED exact-path scope; source not read
740	lexical hit not semantically classified: raise SystemExit(main())	scripts/scaffold_spec_workflow.py:53	out-of-scope	ticket_plan.yaml:648-658	none mapped	unrepresented	out_of_scope_lexical_inventory		INFERRED exact-path scope; source not read
741	lexical hit not semantically classified: class CloseOutEntry:	scripts/skill_feedback.py:156	out-of-scope	ticket_plan.yaml:648-658	none mapped	unrepresented	out_of_scope_lexical_inventory		INFERRED exact-path scope; source not read
742	"lexical hit not semantically classified: print(f""  appended entry: {record['close_out_entry']}"")"	scripts/skill_feedback.py:461	out-of-scope	ticket_plan.yaml:648-658	none mapped	unrepresented	out_of_scope_lexical_inventory		INFERRED exact-path scope; source not read
743	lexical hit not semantically classified: try:	scripts/spec_evolution.py:18	out-of-scope	ticket_plan.yaml:648-658	none mapped	unrepresented	out_of_scope_lexical_inventory		INFERRED exact-path scope; source not read
744	lexical hit not semantically classified: except ImportError:  # pragma: no cover - direct script execution	scripts/spec_evolution.py:20	out-of-scope	ticket_plan.yaml:648-658	none mapped	unrepresented	out_of_scope_lexical_inventory		INFERRED exact-path scope; source not read
745	lexical hit not semantically classified: try:	scripts/spec_evolution.py:23	out-of-scope	ticket_plan.yaml:648-658	none mapped	unrepresented	out_of_scope_lexical_inventory		INFERRED exact-path scope; source not read
746	lexical hit not semantically classified: except ImportError:  # pragma: no cover - direct script execution	scripts/spec_evolution.py:25	out-of-scope	ticket_plan.yaml:648-658	none mapped	unrepresented	out_of_scope_lexical_inventory		INFERRED exact-path scope; source not read
747	"lexical hit not semantically classified: raise SystemExit(""ERROR: history path segments must contain at least one safe character"")"	scripts/spec_evolution.py:85	out-of-scope	ticket_plan.yaml:648-658	none mapped	unrepresented	out_of_scope_lexical_inventory		INFERRED exact-path scope; source not read
748	lexical hit not semantically classified: try:	scripts/spec_evolution.py:91	out-of-scope	ticket_plan.yaml:648-658	none mapped	unrepresented	out_of_scope_lexical_inventory		INFERRED exact-path scope; source not read
749	lexical hit not semantically classified: except ValueError:	scripts/spec_evolution.py:93	out-of-scope	ticket_plan.yaml:648-658	none mapped	unrepresented	out_of_scope_lexical_inventory		INFERRED exact-path scope; source not read
750	lexical hit not semantically classified: try:	scripts/spec_evolution.py:98	out-of-scope	ticket_plan.yaml:648-658	none mapped	unrepresented	out_of_scope_lexical_inventory		INFERRED exact-path scope; source not read
751	lexical hit not semantically classified: except (OSError, subprocess.CalledProcessError):	scripts/spec_evolution.py:100	out-of-scope	ticket_plan.yaml:648-658	none mapped	unrepresented	out_of_scope_lexical_inventory		INFERRED exact-path scope; source not read
752	"lexical hit not semantically classified: raise SystemExit(f""ERROR: missing desired program ticket plan: {path}"")"	scripts/spec_evolution.py:180	out-of-scope	ticket_plan.yaml:648-658	none mapped	unrepresented	out_of_scope_lexical_inventory		INFERRED exact-path scope; source not read
753	"lexical hit not semantically classified: raise SystemExit(f""ERROR: ticket plan must be a mapping: {path}"")"	scripts/spec_evolution.py:183	out-of-scope	ticket_plan.yaml:648-658	none mapped	unrepresented	out_of_scope_lexical_inventory		INFERRED exact-path scope; source not read
754	"lexical hit not semantically classified: raise SystemExit(f""ERROR: ticket plan must contain a tickets list: {path}"")"	scripts/spec_evolution.py:185	out-of-scope	ticket_plan.yaml:648-658	none mapped	unrepresented	out_of_scope_lexical_inventory		INFERRED exact-path scope; source not read
755	"lexical hit not semantically classified: raise SystemExit(""ERROR: ticket plan has no tickets list"")"	scripts/spec_evolution.py:212	out-of-scope	ticket_plan.yaml:648-658	none mapped	unrepresented	out_of_scope_lexical_inventory		INFERRED exact-path scope; source not read
756	"lexical hit not semantically classified: raise SystemExit(f""ERROR: ticket {ticket_ref!r} was not found in desired_program_model/ticket_plan.yaml"")"	scripts/spec_evolution.py:224	out-of-scope	ticket_plan.yaml:648-658	none mapped	unrepresented	out_of_scope_lexical_inventory		INFERRED exact-path scope; source not read
757	"lexical hit not semantically classified: f""- Entry: `{manifest['entry_name']}`\n"","	scripts/spec_evolution.py:258	out-of-scope	ticket_plan.yaml:648-658	none mapped	unrepresented	out_of_scope_lexical_inventory		INFERRED exact-path scope; source not read
758	lexical hit not semantically classified: try:	scripts/spec_evolution.py:418	out-of-scope	ticket_plan.yaml:648-658	none mapped	unrepresented	out_of_scope_lexical_inventory		INFERRED exact-path scope; source not read
759	lexical hit not semantically classified: except (OSError, ValueError):	scripts/spec_evolution.py:420	out-of-scope	ticket_plan.yaml:648-658	none mapped	unrepresented	out_of_scope_lexical_inventory		INFERRED exact-path scope; source not read
760	lexical hit not semantically classified: try:	scripts/spec_evolution.py:421	out-of-scope	ticket_plan.yaml:648-658	none mapped	unrepresented	out_of_scope_lexical_inventory		INFERRED exact-path scope; source not read
761	"lexical hit not semantically classified: except Exception:  # noqa: BLE001 - an unreadable ticket.yaml means ""no evidence"""	scripts/spec_evolution.py:423	out-of-scope	ticket_plan.yaml:648-658	none mapped	unrepresented	out_of_scope_lexical_inventory		INFERRED exact-path scope; source not read
762	lexical hit not semantically classified: try:	scripts/spec_evolution.py:440	out-of-scope	ticket_plan.yaml:648-658	none mapped	unrepresented	out_of_scope_lexical_inventory		INFERRED exact-path scope; source not read
763	lexical hit not semantically classified: except StopIteration:	scripts/spec_evolution.py:442	out-of-scope	ticket_plan.yaml:648-658	none mapped	unrepresented	out_of_scope_lexical_inventory		INFERRED exact-path scope; source not read
764	lexical hit not semantically classified: raise SystemExit(	scripts/spec_evolution.py:584	out-of-scope	ticket_plan.yaml:648-658	none mapped	unrepresented	out_of_scope_lexical_inventory		INFERRED exact-path scope; source not read
765	lexical hit not semantically classified: try:	scripts/spec_evolution.py:590	out-of-scope	ticket_plan.yaml:648-658	none mapped	unrepresented	out_of_scope_lexical_inventory		INFERRED exact-path scope; source not read
766	lexical hit not semantically classified: except complexity_ledger.LedgerError as error:	scripts/spec_evolution.py:592	out-of-scope	ticket_plan.yaml:648-658	none mapped	unrepresented	out_of_scope_lexical_inventory		INFERRED exact-path scope; source not read
767	"lexical hit not semantically classified: raise SystemExit(f""ERROR: {error}"") from error"	scripts/spec_evolution.py:593	out-of-scope	ticket_plan.yaml:648-658	none mapped	unrepresented	out_of_scope_lexical_inventory		INFERRED exact-path scope; source not read
768	lexical hit not semantically classified: raise SystemExit(	scripts/spec_evolution.py:623	out-of-scope	ticket_plan.yaml:648-658	none mapped	unrepresented	out_of_scope_lexical_inventory		INFERRED exact-path scope; source not read
769	"lexical hit not semantically classified: raise SystemExit(f""ERROR: ticket {resolved_ticket_id} is not closed in ticket_plan.yaml: status={status or '(missing)'}"")"	scripts/spec_evolution.py:658	out-of-scope	ticket_plan.yaml:648-658	none mapped	unrepresented	out_of_scope_lexical_inventory		INFERRED exact-path scope; source not read
770	lexical hit not semantically classified: raise SystemExit(	scripts/spec_evolution.py:675	out-of-scope	ticket_plan.yaml:648-658	none mapped	unrepresented	out_of_scope_lexical_inventory		INFERRED exact-path scope; source not read
771	"lexical hit not semantically classified: raise SystemExit(f""ERROR: refusing to overwrite existing history entry: {entry_dir}"")"	scripts/spec_evolution.py:704	out-of-scope	ticket_plan.yaml:648-658	none mapped	unrepresented	out_of_scope_lexical_inventory		INFERRED exact-path scope; source not read
772	"lexical hit not semantically classified: raise SystemExit(""ERROR: cannot write closed workflow snapshot with open tickets:\n"" + ""\n"".join(f""- {item}"" for item in open_tickets))"	scripts/spec_evolution.py:830	out-of-scope	ticket_plan.yaml:648-658	none mapped	unrepresented	out_of_scope_lexical_inventory		INFERRED exact-path scope; source not read
773	"lexical hit not semantically classified: raise SystemExit(f""ERROR: refusing to overwrite existing history entry: {entry_dir}"")"	scripts/spec_evolution.py:848	out-of-scope	ticket_plan.yaml:648-658	none mapped	unrepresented	out_of_scope_lexical_inventory		INFERRED exact-path scope; source not read
774	"lexical hit not semantically classified: print(f""recorded spec history entry: {result.entry_dir}"")"	scripts/spec_evolution.py:955	out-of-scope	ticket_plan.yaml:648-658	none mapped	unrepresented	out_of_scope_lexical_inventory		INFERRED exact-path scope; source not read
775	lexical hit not semantically classified: try:	scripts/spec_paths.py:9	out-of-scope	ticket_plan.yaml:648-658	none mapped	unrepresented	out_of_scope_lexical_inventory		INFERRED exact-path scope; source not read
776	lexical hit not semantically classified: except ValueError:	scripts/spec_paths.py:11	out-of-scope	ticket_plan.yaml:648-658	none mapped	unrepresented	out_of_scope_lexical_inventory		INFERRED exact-path scope; source not read
777	"lexical hit not semantically classified: raise SystemExit(f""ERROR: spec not found: {resolved}"")"	scripts/spec_paths.py:25	out-of-scope	ticket_plan.yaml:648-658	none mapped	unrepresented	out_of_scope_lexical_inventory		INFERRED exact-path scope; source not read
778	lexical hit not semantically classified: try:	scripts/start_ticket.py:9	out-of-scope	ticket_plan.yaml:648-658	none mapped	unrepresented	out_of_scope_lexical_inventory		INFERRED exact-path scope; source not read
779	lexical hit not semantically classified: except ImportError:  # pragma: no cover - direct script execution	scripts/start_ticket.py:11	out-of-scope	ticket_plan.yaml:648-658	none mapped	unrepresented	out_of_scope_lexical_inventory		INFERRED exact-path scope; source not read
780	lexical hit not semantically classified: raise SystemExit(main())	scripts/start_ticket.py:39	out-of-scope	ticket_plan.yaml:648-658	none mapped	unrepresented	out_of_scope_lexical_inventory		INFERRED exact-path scope; source not read
781	lexical hit not semantically classified: try:	scripts/testgraph_channels.py:48	out-of-scope	ticket_plan.yaml:648-658	none mapped	unrepresented	out_of_scope_lexical_inventory		INFERRED exact-path scope; source not read
782	lexical hit not semantically classified: except ImportError:  # pragma: no cover - direct script execution	scripts/testgraph_channels.py:50	out-of-scope	ticket_plan.yaml:648-658	none mapped	unrepresented	out_of_scope_lexical_inventory		INFERRED exact-path scope; source not read
783	lexical hit not semantically classified: try:	scripts/testgraph_channels.py:143	out-of-scope	ticket_plan.yaml:648-658	none mapped	unrepresented	out_of_scope_lexical_inventory		INFERRED exact-path scope; source not read
784	lexical hit not semantically classified: except ImportError:  # pragma: no cover - direct script execution	scripts/testgraph_channels.py:145	out-of-scope	ticket_plan.yaml:648-658	none mapped	unrepresented	out_of_scope_lexical_inventory		INFERRED exact-path scope; source not read
785	"lexical hit not semantically classified: raise ValueError(f""{path}: bindings root must be a mapping"")"	scripts/testgraph_channels.py:149	out-of-scope	ticket_plan.yaml:648-658	none mapped	unrepresented	out_of_scope_lexical_inventory		INFERRED exact-path scope; source not read
786	lexical hit not semantically classified: raise ChannelEnforcementError(	scripts/testgraph_channels.py:157	out-of-scope	ticket_plan.yaml:648-658	none mapped	unrepresented	out_of_scope_lexical_inventory		INFERRED exact-path scope; source not read
787	lexical hit not semantically classified: raise ChannelEnforcementError(source, violations)	scripts/testgraph_channels.py:249	out-of-scope	ticket_plan.yaml:648-658	none mapped	unrepresented	out_of_scope_lexical_inventory		INFERRED exact-path scope; source not read
788	lexical hit not semantically classified: try:	scripts/testgraph_channels.py:339	out-of-scope	ticket_plan.yaml:648-658	none mapped	unrepresented	out_of_scope_lexical_inventory		INFERRED exact-path scope; source not read
789	lexical hit not semantically classified: except (OSError, SyntaxError):	scripts/testgraph_channels.py:341	out-of-scope	ticket_plan.yaml:648-658	none mapped	unrepresented	out_of_scope_lexical_inventory		INFERRED exact-path scope; source not read
790	lexical hit not semantically classified: raise ChannelEnforcementError(	scripts/testgraph_channels.py:398	out-of-scope	ticket_plan.yaml:648-658	none mapped	unrepresented	out_of_scope_lexical_inventory		INFERRED exact-path scope; source not read
791	lexical hit not semantically classified: raise ChannelEnforcementError(source, violations)	scripts/testgraph_channels.py:480	out-of-scope	ticket_plan.yaml:648-658	none mapped	unrepresented	out_of_scope_lexical_inventory		INFERRED exact-path scope; source not read
792	lexical hit not semantically classified: try:	scripts/tla_spec_dev.py:12	out-of-scope	ticket_plan.yaml:648-658	none mapped	unrepresented	out_of_scope_lexical_inventory		INFERRED exact-path scope; source not read
793	lexical hit not semantically classified: except ModuleNotFoundError:  # pragma: no cover - Python < 3.11 fallback	scripts/tla_spec_dev.py:14	out-of-scope	ticket_plan.yaml:648-658	none mapped	unrepresented	out_of_scope_lexical_inventory		INFERRED exact-path scope; source not read
794	lexical hit not semantically classified: try:	scripts/tla_spec_dev.py:28	out-of-scope	ticket_plan.yaml:648-658	none mapped	unrepresented	out_of_scope_lexical_inventory		INFERRED exact-path scope; source not read
795	lexical hit not semantically classified: except Exception:	scripts/tla_spec_dev.py:30	out-of-scope	ticket_plan.yaml:648-658	none mapped	unrepresented	out_of_scope_lexical_inventory		INFERRED exact-path scope; source not read
796	"lexical hit not semantically classified: next_step=""Fix the diagram so the redundant cases are never generated, or raise the cap with a rationale."","	scripts/tla_spec_dev.py:651	out-of-scope	ticket_plan.yaml:648-658	none mapped	unrepresented	out_of_scope_lexical_inventory		INFERRED exact-path scope; source not read
797	lexical hit not semantically classified: raise SystemExit(main())	scripts/tla_spec_dev.py:705	out-of-scope	ticket_plan.yaml:648-658	none mapped	unrepresented	out_of_scope_lexical_inventory		INFERRED exact-path scope; source not read
798	lexical hit not semantically classified: still own every concrete response, exception, state transition, and assertion.	spec_double_compiler/effects.py:4	out-of-scope	ticket_plan.yaml:648-658	none mapped	unrepresented	out_of_scope_lexical_inventory		INFERRED exact-path scope; source not read
799	"lexical hit not semantically classified: raise RuntimeError(""effect provider bindings are one-shot; call provider.bind(context) again"")"	spec_double_compiler/effects.py:91	out-of-scope	ticket_plan.yaml:648-658	none mapped	unrepresented	out_of_scope_lexical_inventory		INFERRED exact-path scope; source not read
800	lexical hit not semantically classified: try:	spec_double_compiler/effects.py:96	out-of-scope	ticket_plan.yaml:648-658	none mapped	unrepresented	out_of_scope_lexical_inventory		INFERRED exact-path scope; source not read
801	lexical hit not semantically classified: except BaseException as primary:	spec_double_compiler/effects.py:98	out-of-scope	ticket_plan.yaml:648-658	none mapped	unrepresented	out_of_scope_lexical_inventory		INFERRED exact-path scope; source not read
802	lexical hit not semantically classified: try:	spec_double_compiler/effects.py:102	out-of-scope	ticket_plan.yaml:648-658	none mapped	unrepresented	out_of_scope_lexical_inventory		INFERRED exact-path scope; source not read
803	lexical hit not semantically classified: except BaseException as cleanup_error:	spec_double_compiler/effects.py:104	out-of-scope	ticket_plan.yaml:648-658	none mapped	unrepresented	out_of_scope_lexical_inventory		INFERRED exact-path scope; source not read
804	lexical hit not semantically classified: raise EffectProviderEnterCleanupError(	spec_double_compiler/effects.py:106	out-of-scope	ticket_plan.yaml:648-658	none mapped	unrepresented	out_of_scope_lexical_inventory		INFERRED exact-path scope; source not read
805	lexical hit not semantically classified: # Cancellation/control-flow exceptions must remain the primary	spec_double_compiler/effects.py:110	out-of-scope	ticket_plan.yaml:648-658	none mapped	unrepresented	out_of_scope_lexical_inventory		INFERRED exact-path scope; source not read
806	lexical hit not semantically classified: raise primary.with_traceback(primary.__traceback__) from cleanup_error	spec_double_compiler/effects.py:114	out-of-scope	ticket_plan.yaml:648-658	none mapped	unrepresented	out_of_scope_lexical_inventory		INFERRED exact-path scope; source not read
807	lexical hit not semantically classified: raise	spec_double_compiler/effects.py:115	out-of-scope	ticket_plan.yaml:648-658	none mapped	unrepresented	out_of_scope_lexical_inventory		INFERRED exact-path scope; source not read
808	"lexical hit not semantically classified: raise ValueError(""temporary-root prefix must be a non-empty path-free filename prefix"")"	spec_double_compiler/effects.py:167	out-of-scope	ticket_plan.yaml:648-658	none mapped	unrepresented	out_of_scope_lexical_inventory		INFERRED exact-path scope; source not read
809	"lexical hit not semantically classified: raise ValueError(f""adapter path must be module:object, got {path!r}"")"	spec_double_compiler/runtime.py:111	out-of-scope	ticket_plan.yaml:648-658	none mapped	unrepresented	out_of_scope_lexical_inventory		INFERRED exact-path scope; source not read
810	"lexical hit not semantically classified: raise TypeError(f""adapter {adapter!r} does not define run(case, ...)"")"	spec_double_compiler/runtime.py:151	out-of-scope	ticket_plan.yaml:648-658	none mapped	unrepresented	out_of_scope_lexical_inventory		INFERRED exact-path scope; source not read
811	lexical hit not semantically classified: try:	spec_double_compiler/runtime.py:152	out-of-scope	ticket_plan.yaml:648-658	none mapped	unrepresented	out_of_scope_lexical_inventory		INFERRED exact-path scope; source not read
812	lexical hit not semantically classified: except TypeError as exc:	spec_double_compiler/runtime.py:154	out-of-scope	ticket_plan.yaml:648-658	none mapped	unrepresented	out_of_scope_lexical_inventory		INFERRED exact-path scope; source not read
813	lexical hit not semantically classified: raise	spec_double_compiler/runtime.py:156	out-of-scope	ticket_plan.yaml:648-658	none mapped	unrepresented	out_of_scope_lexical_inventory		INFERRED exact-path scope; source not read
814	lexical hit not semantically classified: try:	spec_double_compiler/runtime.py:170	out-of-scope	ticket_plan.yaml:648-658	none mapped	unrepresented	out_of_scope_lexical_inventory		INFERRED exact-path scope; source not read
815	lexical hit not semantically classified: except Exception as exc:	spec_double_compiler/runtime.py:172	out-of-scope	ticket_plan.yaml:648-658	none mapped	unrepresented	out_of_scope_lexical_inventory		INFERRED exact-path scope; source not read
816	lexical hit not semantically classified: try:	spec_double_compiler/runtime.py:178	out-of-scope	ticket_plan.yaml:648-658	none mapped	unrepresented	out_of_scope_lexical_inventory		INFERRED exact-path scope; source not read
817	lexical hit not semantically classified: except TypeError as exc:	spec_double_compiler/runtime.py:180	out-of-scope	ticket_plan.yaml:648-658	none mapped	unrepresented	out_of_scope_lexical_inventory		INFERRED exact-path scope; source not read
818	lexical hit not semantically classified: raise	spec_double_compiler/runtime.py:182	out-of-scope	ticket_plan.yaml:648-658	none mapped	unrepresented	out_of_scope_lexical_inventory		INFERRED exact-path scope; source not read
819	"lexical hit not semantically classified: raise AssertionError(f""adapter output mismatch for {case.name}: {result.output!r} != {case.output!r}"")"	spec_double_compiler/runtime.py:193	out-of-scope	ticket_plan.yaml:648-658	none mapped	unrepresented	out_of_scope_lexical_inventory		INFERRED exact-path scope; source not read
820	"lexical hit not semantically classified: raise AssertionError(f""adapter after-state mismatch for {case.name}"")"	spec_double_compiler/runtime.py:195	out-of-scope	ticket_plan.yaml:648-658	none mapped	unrepresented	out_of_scope_lexical_inventory		INFERRED exact-path scope; source not read
821	lexical hit not semantically classified: raise AssertionError(	spec_double_compiler/runtime.py:199	out-of-scope	ticket_plan.yaml:648-658	none mapped	unrepresented	out_of_scope_lexical_inventory		INFERRED exact-path scope; source not read
822	"lexical hit not semantically classified: raise RuntimeError(""could not locate tla-spec-dev repository root"")"	specs/.history/effect-provider-epic/ticket-000-EP-01/snapshots/current/adapter_case_runtime.py:30	out-of-scope	ticket_plan.yaml:648-658	none mapped	unrepresented	out_of_scope_lexical_inventory		INFERRED exact-path scope; source not read
823	lexical hit not semantically classified: This is the honest failure mode for case execution and it is raised, never	specs/.history/effect-provider-epic/ticket-000-EP-01/snapshots/current/adapter_case_runtime.py:117	out-of-scope	ticket_plan.yaml:648-658	none mapped	unrepresented	out_of_scope_lexical_inventory		INFERRED exact-path scope; source not read
824	"lexical hit not semantically classified: raise BeforeStateUnreachable(f""setup_phase {phase} is outside the modelled pipeline"")"	specs/.history/effect-provider-epic/ticket-000-EP-01/snapshots/current/adapter_case_runtime.py:142	out-of-scope	ticket_plan.yaml:648-658	none mapped	unrepresented	out_of_scope_lexical_inventory		INFERRED exact-path scope; source not read
825	"lexical hit not semantically classified: raise BeforeStateUnreachable(f""no replay defined for {step}"")"	specs/.history/effect-provider-epic/ticket-000-EP-01/snapshots/current/adapter_case_runtime.py:175	out-of-scope	ticket_plan.yaml:648-658	none mapped	unrepresented	out_of_scope_lexical_inventory		INFERRED exact-path scope; source not read
826	lexical hit not semantically classified: raise BeforeStateUnreachable(	specs/.history/effect-provider-epic/ticket-000-EP-01/snapshots/current/adapter_case_runtime.py:184	out-of-scope	ticket_plan.yaml:648-658	none mapped	unrepresented	out_of_scope_lexical_inventory		INFERRED exact-path scope; source not read
827	"lexical hit not semantically classified: raise BeforeStateUnreachable(f""cannot record budgets before scaffold project: {manifest} missing"")"	specs/.history/effect-provider-epic/ticket-000-EP-01/snapshots/current/adapter_case_runtime.py:208	out-of-scope	ticket_plan.yaml:648-658	none mapped	unrepresented	out_of_scope_lexical_inventory		INFERRED exact-path scope; source not read
828	"lexical hit not semantically classified: raise AssertionError(f""{getattr(case, 'name')}: projected after-state disagrees with the model -- {detail}"")"	specs/.history/effect-provider-epic/ticket-000-EP-01/snapshots/current/adapter_case_runtime.py:335	out-of-scope	ticket_plan.yaml:648-658	none mapped	unrepresented	out_of_scope_lexical_inventory		INFERRED exact-path scope; source not read
829	"lexical hit not semantically classified: raise BeforeStateUnreachable(f""ticket plan missing at {plan_path}; workflow was not scaffolded"")"	specs/.history/effect-provider-epic/ticket-000-EP-01/snapshots/current/adapter_case_runtime.py:351	out-of-scope	ticket_plan.yaml:648-658	none mapped	unrepresented	out_of_scope_lexical_inventory		INFERRED exact-path scope; source not read
830	"lexical hit not semantically classified: raise BeforeStateUnreachable(f""ticket {ticket!r} has no {tree} model to mark ready"")"	specs/.history/effect-provider-epic/ticket-000-EP-01/snapshots/current/adapter_case_runtime.py:381	out-of-scope	ticket_plan.yaml:648-658	none mapped	unrepresented	out_of_scope_lexical_inventory		INFERRED exact-path scope; source not read
831	lexical hit not semantically classified: raise BeforeStateUnreachable(	specs/.history/effect-provider-epic/ticket-000-EP-01/snapshots/current/adapter_case_runtime.py:413	out-of-scope	ticket_plan.yaml:648-658	none mapped	unrepresented	out_of_scope_lexical_inventory		INFERRED exact-path scope; source not read
832	lexical hit not semantically classified: raise BeforeStateUnreachable(	specs/.history/effect-provider-epic/ticket-000-EP-01/snapshots/current/adapter_case_runtime.py:423	out-of-scope	ticket_plan.yaml:648-658	none mapped	unrepresented	out_of_scope_lexical_inventory		INFERRED exact-path scope; source not read
833	lexical hit not semantically classified: raise BeforeStateUnreachable(	specs/.history/effect-provider-epic/ticket-000-EP-01/snapshots/current/adapter_case_runtime.py:433	out-of-scope	ticket_plan.yaml:648-658	none mapped	unrepresented	out_of_scope_lexical_inventory		INFERRED exact-path scope; source not read
834	lexical hit not semantically classified: def recover_ticket_except_index(case: object) -> str:	specs/.history/effect-provider-epic/ticket-000-EP-01/snapshots/current/adapter_case_runtime.py:480	out-of-scope	ticket_plan.yaml:648-658	none mapped	unrepresented	out_of_scope_lexical_inventory		INFERRED exact-path scope; source not read
835	"lexical hit not semantically classified: """"""MF-029 except-index recovery of the `ticket` argument."	specs/.history/effect-provider-epic/ticket-000-EP-01/snapshots/current/adapter_case_runtime.py:481	out-of-scope	ticket_plan.yaml:648-658	none mapped	unrepresented	out_of_scope_lexical_inventory		INFERRED exact-path scope; source not read
836	lexical hit not semantically classified: raise BeforeStateUnreachable(	specs/.history/effect-provider-epic/ticket-000-EP-01/snapshots/current/adapter_case_runtime.py:496	out-of-scope	ticket_plan.yaml:648-658	none mapped	unrepresented	out_of_scope_lexical_inventory		INFERRED exact-path scope; source not read
837	lexical hit not semantically classified: recover_ticket_except_index,	specs/.history/effect-provider-epic/ticket-000-EP-01/snapshots/current/production_adapters.py:43	out-of-scope	ticket_plan.yaml:648-658	none mapped	unrepresented	out_of_scope_lexical_inventory		INFERRED exact-path scope; source not read
838	lexical hit not semantically classified: 2. recovers the `ticket` argument by MF-029 except-index on `ticket_state`;	specs/.history/effect-provider-epic/ticket-000-EP-01/snapshots/current/production_adapters.py:62	out-of-scope	ticket_plan.yaml:648-658	none mapped	unrepresented	out_of_scope_lexical_inventory		INFERRED exact-path scope; source not read
839	lexical hit not semantically classified: try:	specs/.history/effect-provider-epic/ticket-000-EP-01/snapshots/current/production_adapters.py:90	out-of-scope	ticket_plan.yaml:648-658	none mapped	unrepresented	out_of_scope_lexical_inventory		INFERRED exact-path scope; source not read
840	lexical hit not semantically classified: ticket = recover_ticket_except_index(case)	specs/.history/effect-provider-epic/ticket-000-EP-01/snapshots/current/production_adapters.py:91	out-of-scope	ticket_plan.yaml:648-658	none mapped	unrepresented	out_of_scope_lexical_inventory		INFERRED exact-path scope; source not read
841	lexical hit not semantically classified: except BeforeStateUnreachable as exc:	specs/.history/effect-provider-epic/ticket-000-EP-01/snapshots/current/production_adapters.py:92	out-of-scope	ticket_plan.yaml:648-658	none mapped	unrepresented	out_of_scope_lexical_inventory		INFERRED exact-path scope; source not read
842	lexical hit not semantically classified: ticket = recover_ticket_except_index(case)	specs/.history/effect-provider-epic/ticket-000-EP-01/snapshots/current/production_adapters.py:109	out-of-scope	ticket_plan.yaml:648-658	none mapped	unrepresented	out_of_scope_lexical_inventory		INFERRED exact-path scope; source not read
843	"lexical hit not semantically classified: raise AssertionError(f""{getattr(case, 'name')}: stutter changed state"")"	specs/.history/effect-provider-epic/ticket-000-EP-01/snapshots/current/production_adapters.py:184	out-of-scope	ticket_plan.yaml:648-658	none mapped	unrepresented	out_of_scope_lexical_inventory		INFERRED exact-path scope; source not read
844	lexical hit not semantically classified: # recovered the same way UpdateTicket does it -- MF-029 except-index over the	specs/.history/effect-provider-epic/ticket-000-EP-01/snapshots/current/production_adapters.py:625	out-of-scope	ticket_plan.yaml:648-658	none mapped	unrepresented	out_of_scope_lexical_inventory		INFERRED exact-path scope; source not read
845	lexical hit not semantically classified: try:	specs/.history/effect-provider-epic/ticket-000-EP-01/snapshots/current/production_adapters.py:636	out-of-scope	ticket_plan.yaml:648-658	none mapped	unrepresented	out_of_scope_lexical_inventory		INFERRED exact-path scope; source not read
846	lexical hit not semantically classified: ticket = recover_ticket_except_index(case)	specs/.history/effect-provider-epic/ticket-000-EP-01/snapshots/current/production_adapters.py:637	out-of-scope	ticket_plan.yaml:648-658	none mapped	unrepresented	out_of_scope_lexical_inventory		INFERRED exact-path scope; source not read
847	lexical hit not semantically classified: except BeforeStateUnreachable as exc:	specs/.history/effect-provider-epic/ticket-000-EP-01/snapshots/current/production_adapters.py:638	out-of-scope	ticket_plan.yaml:648-658	none mapped	unrepresented	out_of_scope_lexical_inventory		INFERRED exact-path scope; source not read
848	lexical hit not semantically classified: ticket = recover_ticket_except_index(case)	specs/.history/effect-provider-epic/ticket-000-EP-01/snapshots/current/production_adapters.py:658	out-of-scope	ticket_plan.yaml:648-658	none mapped	unrepresented	out_of_scope_lexical_inventory		INFERRED exact-path scope; source not read
849	"lexical hit not semantically classified: raise BeforeStateUnreachable(f""open ticket {ticket} failed: {opened.stderr[-600:]}"")"	specs/.history/effect-provider-epic/ticket-000-EP-01/snapshots/current/production_adapters.py:665	out-of-scope	ticket_plan.yaml:648-658	none mapped	unrepresented	out_of_scope_lexical_inventory		INFERRED exact-path scope; source not read
850	"lexical hit not semantically classified: ""raised_cap_exit_code"": under.returncode,"	specs/.history/effect-provider-epic/ticket-000-EP-01/snapshots/current/production_adapters.py:1541	out-of-scope	ticket_plan.yaml:648-658	none mapped	unrepresented	out_of_scope_lexical_inventory		INFERRED exact-path scope; source not read
851	"lexical hit not semantically classified: ""cap_raise_accept_path_offered"": accept_path,"	specs/.history/effect-provider-epic/ticket-000-EP-01/snapshots/current/production_adapters.py:1549	out-of-scope	ticket_plan.yaml:648-658	none mapped	unrepresented	out_of_scope_lexical_inventory		INFERRED exact-path scope; source not read
852	lexical hit not semantically classified: `justification_does_not_change_the_verdict`: two fixtures identical except	specs/.history/effect-provider-epic/ticket-000-EP-01/snapshots/current/production_adapters.py:1565	out-of-scope	ticket_plan.yaml:648-658	none mapped	unrepresented	out_of_scope_lexical_inventory		INFERRED exact-path scope; source not read
853	lexical hit not semantically classified: 3. `waiver_does_not_change_the_verdict` -- two catalogs identical except	specs/.history/effect-provider-epic/ticket-000-EP-01/snapshots/current/production_adapters.py:1663	out-of-scope	ticket_plan.yaml:648-658	none mapped	unrepresented	out_of_scope_lexical_inventory		INFERRED exact-path scope; source not read
854	"lexical hit not semantically classified: raise AssertionError(""current spec_manifest.yaml has no status.active_ticket"")"	specs/.history/effect-provider-epic/ticket-000-EP-01/snapshots/current/tests/test_current_ticket_workflow.py:11	out-of-scope	ticket_plan.yaml:648-658	none mapped	unrepresented	out_of_scope_lexical_inventory		INFERRED exact-path scope; source not read
855	lexical hit not semantically classified: with pytest.raises(AssertionError):	specs/.history/effect-provider-epic/ticket-000-EP-01/snapshots/current/tests/test_tla_spec_dev_case_execution_run.py:109	out-of-scope	ticket_plan.yaml:648-658	none mapped	unrepresented	out_of_scope_lexical_inventory		INFERRED exact-path scope; source not read
856	lexical hit not semantically classified: with pytest.raises(AssertionError):	specs/.history/effect-provider-epic/ticket-000-EP-01/snapshots/current/tests/test_tla_spec_dev_case_execution_run.py:131	out-of-scope	ticket_plan.yaml:648-658	none mapped	unrepresented	out_of_scope_lexical_inventory		INFERRED exact-path scope; source not read
857	lexical hit not semantically classified: with pytest.raises(AssertionError):	specs/.history/effect-provider-epic/ticket-000-EP-01/snapshots/current/tests/test_tla_spec_dev_case_execution_run.py:153	out-of-scope	ticket_plan.yaml:648-658	none mapped	unrepresented	out_of_scope_lexical_inventory		INFERRED exact-path scope; source not read
858	lexical hit not semantically classified: with pytest.raises(AssertionError):	specs/.history/effect-provider-epic/ticket-000-EP-01/snapshots/current/tests/test_tla_spec_dev_case_execution_run.py:178	out-of-scope	ticket_plan.yaml:648-658	none mapped	unrepresented	out_of_scope_lexical_inventory		INFERRED exact-path scope; source not read
859	lexical hit not semantically classified: # except-index recovery succeeds and the stage guard is what rejects it.	specs/.history/effect-provider-epic/ticket-000-EP-01/snapshots/current/tests/test_tla_spec_dev_case_execution_run.py:187	out-of-scope	ticket_plan.yaml:648-658	none mapped	unrepresented	out_of_scope_lexical_inventory		INFERRED exact-path scope; source not read
860	"lexical hit not semantically classified: assert result[""raised_cap_exit_code""] == 0, result[""stderr""]"	specs/.history/effect-provider-epic/ticket-000-EP-01/snapshots/current/tests/test_tla_spec_dev_corpus_adapter.py:34	out-of-scope	ticket_plan.yaml:648-658	none mapped	unrepresented	out_of_scope_lexical_inventory		INFERRED exact-path scope; source not read
861	"lexical hit not semantically classified: assert result[""cap_raise_accept_path_offered""] is True"	specs/.history/effect-provider-epic/ticket-000-EP-01/snapshots/current/tests/test_tla_spec_dev_corpus_adapter.py:61	out-of-scope	ticket_plan.yaml:648-658	none mapped	unrepresented	out_of_scope_lexical_inventory		INFERRED exact-path scope; source not read
862	lexical hit not semantically classified: directories identical except that one carries a recorded justification produce	specs/.history/effect-provider-epic/ticket-000-EP-01/snapshots/current/tests/test_tla_spec_dev_effect_conformance_adapter.py:10	out-of-scope	ticket_plan.yaml:648-658	none mapped	unrepresented	out_of_scope_lexical_inventory		INFERRED exact-path scope; source not read
863	lexical hit not semantically classified: with pytest.raises(AssertionError):	specs/.history/effect-provider-epic/ticket-000-EP-01/snapshots/current/tests/test_tla_spec_dev_update_ticket_adapter.py:108	out-of-scope	ticket_plan.yaml:648-658	none mapped	unrepresented	out_of_scope_lexical_inventory		INFERRED exact-path scope; source not read
864	lexical hit not semantically classified: with pytest.raises(AssertionError):	specs/.history/effect-provider-epic/ticket-000-EP-01/snapshots/current/tests/test_tla_spec_dev_update_ticket_adapter.py:116	out-of-scope	ticket_plan.yaml:648-658	none mapped	unrepresented	out_of_scope_lexical_inventory		INFERRED exact-path scope; source not read
865	lexical hit not semantically classified: with pytest.raises((AssertionError, pa.BeforeStateUnreachable)):	specs/.history/effect-provider-epic/ticket-000-EP-01/snapshots/current/tests/test_tla_spec_dev_update_ticket_adapter.py:126	out-of-scope	ticket_plan.yaml:648-658	none mapped	unrepresented	out_of_scope_lexical_inventory		INFERRED exact-path scope; source not read
866	"lexical hit not semantically classified: raise RuntimeError(""could not locate tla-spec-dev repository root"")"	specs/.history/effect-provider-epic/ticket-000-EP-01/snapshots/desired_program_model/production_adapters.py:15	out-of-scope	ticket_plan.yaml:648-658	none mapped	unrepresented	out_of_scope_lexical_inventory		INFERRED exact-path scope; source not read
867	"lexical hit not semantically classified: raise RuntimeError(""could not locate tla-spec-dev repository root"")"	specs/.history/effect-provider-epic/ticket-000-EP-01/snapshots/program_model/production_adapters.py:15	out-of-scope	ticket_plan.yaml:648-658	none mapped	unrepresented	out_of_scope_lexical_inventory		INFERRED exact-path scope; source not read
868	"lexical hit not semantically classified: raise RuntimeError(""could not locate tla-spec-dev repository root"")"	specs/.history/effect-provider-epic/ticket-000-EP-01/ticket/current/adapter_case_runtime.py:30	out-of-scope	ticket_plan.yaml:648-658	none mapped	unrepresented	out_of_scope_lexical_inventory		INFERRED exact-path scope; source not read
869	lexical hit not semantically classified: This is the honest failure mode for case execution and it is raised, never	specs/.history/effect-provider-epic/ticket-000-EP-01/ticket/current/adapter_case_runtime.py:117	out-of-scope	ticket_plan.yaml:648-658	none mapped	unrepresented	out_of_scope_lexical_inventory		INFERRED exact-path scope; source not read
870	"lexical hit not semantically classified: raise BeforeStateUnreachable(f""setup_phase {phase} is outside the modelled pipeline"")"	specs/.history/effect-provider-epic/ticket-000-EP-01/ticket/current/adapter_case_runtime.py:142	out-of-scope	ticket_plan.yaml:648-658	none mapped	unrepresented	out_of_scope_lexical_inventory		INFERRED exact-path scope; source not read
871	"lexical hit not semantically classified: raise BeforeStateUnreachable(f""no replay defined for {step}"")"	specs/.history/effect-provider-epic/ticket-000-EP-01/ticket/current/adapter_case_runtime.py:175	out-of-scope	ticket_plan.yaml:648-658	none mapped	unrepresented	out_of_scope_lexical_inventory		INFERRED exact-path scope; source not read
872	lexical hit not semantically classified: raise BeforeStateUnreachable(	specs/.history/effect-provider-epic/ticket-000-EP-01/ticket/current/adapter_case_runtime.py:184	out-of-scope	ticket_plan.yaml:648-658	none mapped	unrepresented	out_of_scope_lexical_inventory		INFERRED exact-path scope; source not read
873	"lexical hit not semantically classified: raise BeforeStateUnreachable(f""cannot record budgets before scaffold project: {manifest} missing"")"	specs/.history/effect-provider-epic/ticket-000-EP-01/ticket/current/adapter_case_runtime.py:208	out-of-scope	ticket_plan.yaml:648-658	none mapped	unrepresented	out_of_scope_lexical_inventory		INFERRED exact-path scope; source not read
874	"lexical hit not semantically classified: raise AssertionError(f""{getattr(case, 'name')}: projected after-state disagrees with the model -- {detail}"")"	specs/.history/effect-provider-epic/ticket-000-EP-01/ticket/current/adapter_case_runtime.py:335	out-of-scope	ticket_plan.yaml:648-658	none mapped	unrepresented	out_of_scope_lexical_inventory		INFERRED exact-path scope; source not read
875	"lexical hit not semantically classified: raise BeforeStateUnreachable(f""ticket plan missing at {plan_path}; workflow was not scaffolded"")"	specs/.history/effect-provider-epic/ticket-000-EP-01/ticket/current/adapter_case_runtime.py:351	out-of-scope	ticket_plan.yaml:648-658	none mapped	unrepresented	out_of_scope_lexical_inventory		INFERRED exact-path scope; source not read
876	"lexical hit not semantically classified: raise BeforeStateUnreachable(f""ticket {ticket!r} has no {tree} model to mark ready"")"	specs/.history/effect-provider-epic/ticket-000-EP-01/ticket/current/adapter_case_runtime.py:381	out-of-scope	ticket_plan.yaml:648-658	none mapped	unrepresented	out_of_scope_lexical_inventory		INFERRED exact-path scope; source not read
877	lexical hit not semantically classified: raise BeforeStateUnreachable(	specs/.history/effect-provider-epic/ticket-000-EP-01/ticket/current/adapter_case_runtime.py:413	out-of-scope	ticket_plan.yaml:648-658	none mapped	unrepresented	out_of_scope_lexical_inventory		INFERRED exact-path scope; source not read
878	lexical hit not semantically classified: raise BeforeStateUnreachable(	specs/.history/effect-provider-epic/ticket-000-EP-01/ticket/current/adapter_case_runtime.py:423	out-of-scope	ticket_plan.yaml:648-658	none mapped	unrepresented	out_of_scope_lexical_inventory		INFERRED exact-path scope; source not read
879	lexical hit not semantically classified: raise BeforeStateUnreachable(	specs/.history/effect-provider-epic/ticket-000-EP-01/ticket/current/adapter_case_runtime.py:433	out-of-scope	ticket_plan.yaml:648-658	none mapped	unrepresented	out_of_scope_lexical_inventory		INFERRED exact-path scope; source not read
880	lexical hit not semantically classified: def recover_ticket_except_index(case: object) -> str:	specs/.history/effect-provider-epic/ticket-000-EP-01/ticket/current/adapter_case_runtime.py:480	out-of-scope	ticket_plan.yaml:648-658	none mapped	unrepresented	out_of_scope_lexical_inventory		INFERRED exact-path scope; source not read
881	"lexical hit not semantically classified: """"""MF-029 except-index recovery of the `ticket` argument."	specs/.history/effect-provider-epic/ticket-000-EP-01/ticket/current/adapter_case_runtime.py:481	out-of-scope	ticket_plan.yaml:648-658	none mapped	unrepresented	out_of_scope_lexical_inventory		INFERRED exact-path scope; source not read
882	lexical hit not semantically classified: raise BeforeStateUnreachable(	specs/.history/effect-provider-epic/ticket-000-EP-01/ticket/current/adapter_case_runtime.py:496	out-of-scope	ticket_plan.yaml:648-658	none mapped	unrepresented	out_of_scope_lexical_inventory		INFERRED exact-path scope; source not read
883	lexical hit not semantically classified: recover_ticket_except_index,	specs/.history/effect-provider-epic/ticket-000-EP-01/ticket/current/production_adapters.py:43	out-of-scope	ticket_plan.yaml:648-658	none mapped	unrepresented	out_of_scope_lexical_inventory		INFERRED exact-path scope; source not read
884	lexical hit not semantically classified: 2. recovers the `ticket` argument by MF-029 except-index on `ticket_state`;	specs/.history/effect-provider-epic/ticket-000-EP-01/ticket/current/production_adapters.py:62	out-of-scope	ticket_plan.yaml:648-658	none mapped	unrepresented	out_of_scope_lexical_inventory		INFERRED exact-path scope; source not read
885	lexical hit not semantically classified: try:	specs/.history/effect-provider-epic/ticket-000-EP-01/ticket/current/production_adapters.py:90	out-of-scope	ticket_plan.yaml:648-658	none mapped	unrepresented	out_of_scope_lexical_inventory		INFERRED exact-path scope; source not read
886	lexical hit not semantically classified: ticket = recover_ticket_except_index(case)	specs/.history/effect-provider-epic/ticket-000-EP-01/ticket/current/production_adapters.py:91	out-of-scope	ticket_plan.yaml:648-658	none mapped	unrepresented	out_of_scope_lexical_inventory		INFERRED exact-path scope; source not read
887	lexical hit not semantically classified: except BeforeStateUnreachable as exc:	specs/.history/effect-provider-epic/ticket-000-EP-01/ticket/current/production_adapters.py:92	out-of-scope	ticket_plan.yaml:648-658	none mapped	unrepresented	out_of_scope_lexical_inventory		INFERRED exact-path scope; source not read
888	lexical hit not semantically classified: ticket = recover_ticket_except_index(case)	specs/.history/effect-provider-epic/ticket-000-EP-01/ticket/current/production_adapters.py:109	out-of-scope	ticket_plan.yaml:648-658	none mapped	unrepresented	out_of_scope_lexical_inventory		INFERRED exact-path scope; source not read
889	"lexical hit not semantically classified: raise AssertionError(f""{getattr(case, 'name')}: stutter changed state"")"	specs/.history/effect-provider-epic/ticket-000-EP-01/ticket/current/production_adapters.py:184	out-of-scope	ticket_plan.yaml:648-658	none mapped	unrepresented	out_of_scope_lexical_inventory		INFERRED exact-path scope; source not read
890	lexical hit not semantically classified: # recovered the same way UpdateTicket does it -- MF-029 except-index over the	specs/.history/effect-provider-epic/ticket-000-EP-01/ticket/current/production_adapters.py:625	out-of-scope	ticket_plan.yaml:648-658	none mapped	unrepresented	out_of_scope_lexical_inventory		INFERRED exact-path scope; source not read
891	lexical hit not semantically classified: try:	specs/.history/effect-provider-epic/ticket-000-EP-01/ticket/current/production_adapters.py:636	out-of-scope	ticket_plan.yaml:648-658	none mapped	unrepresented	out_of_scope_lexical_inventory		INFERRED exact-path scope; source not read
892	lexical hit not semantically classified: ticket = recover_ticket_except_index(case)	specs/.history/effect-provider-epic/ticket-000-EP-01/ticket/current/production_adapters.py:637	out-of-scope	ticket_plan.yaml:648-658	none mapped	unrepresented	out_of_scope_lexical_inventory		INFERRED exact-path scope; source not read
893	lexical hit not semantically classified: except BeforeStateUnreachable as exc:	specs/.history/effect-provider-epic/ticket-000-EP-01/ticket/current/production_adapters.py:638	out-of-scope	ticket_plan.yaml:648-658	none mapped	unrepresented	out_of_scope_lexical_inventory		INFERRED exact-path scope; source not read
894	lexical hit not semantically classified: ticket = recover_ticket_except_index(case)	specs/.history/effect-provider-epic/ticket-000-EP-01/ticket/current/production_adapters.py:658	out-of-scope	ticket_plan.yaml:648-658	none mapped	unrepresented	out_of_scope_lexical_inventory		INFERRED exact-path scope; source not read
895	"lexical hit not semantically classified: raise BeforeStateUnreachable(f""open ticket {ticket} failed: {opened.stderr[-600:]}"")"	specs/.history/effect-provider-epic/ticket-000-EP-01/ticket/current/production_adapters.py:665	out-of-scope	ticket_plan.yaml:648-658	none mapped	unrepresented	out_of_scope_lexical_inventory		INFERRED exact-path scope; source not read
896	"lexical hit not semantically classified: ""raised_cap_exit_code"": under.returncode,"	specs/.history/effect-provider-epic/ticket-000-EP-01/ticket/current/production_adapters.py:1541	out-of-scope	ticket_plan.yaml:648-658	none mapped	unrepresented	out_of_scope_lexical_inventory		INFERRED exact-path scope; source not read
897	"lexical hit not semantically classified: ""cap_raise_accept_path_offered"": accept_path,"	specs/.history/effect-provider-epic/ticket-000-EP-01/ticket/current/production_adapters.py:1549	out-of-scope	ticket_plan.yaml:648-658	none mapped	unrepresented	out_of_scope_lexical_inventory		INFERRED exact-path scope; source not read
898	lexical hit not semantically classified: `justification_does_not_change_the_verdict`: two fixtures identical except	specs/.history/effect-provider-epic/ticket-000-EP-01/ticket/current/production_adapters.py:1565	out-of-scope	ticket_plan.yaml:648-658	none mapped	unrepresented	out_of_scope_lexical_inventory		INFERRED exact-path scope; source not read
899	lexical hit not semantically classified: 3. `waiver_does_not_change_the_verdict` -- two catalogs identical except	specs/.history/effect-provider-epic/ticket-000-EP-01/ticket/current/production_adapters.py:1663	out-of-scope	ticket_plan.yaml:648-658	none mapped	unrepresented	out_of_scope_lexical_inventory		INFERRED exact-path scope; source not read
900	lexical hit not semantically classified: with pytest.raises(AssertionError):	specs/.history/effect-provider-epic/ticket-000-EP-01/ticket/current/tests/test_tla_spec_dev_case_execution_run.py:109	out-of-scope	ticket_plan.yaml:648-658	none mapped	unrepresented	out_of_scope_lexical_inventory		INFERRED exact-path scope; source not read
901	lexical hit not semantically classified: with pytest.raises(AssertionError):	specs/.history/effect-provider-epic/ticket-000-EP-01/ticket/current/tests/test_tla_spec_dev_case_execution_run.py:131	out-of-scope	ticket_plan.yaml:648-658	none mapped	unrepresented	out_of_scope_lexical_inventory		INFERRED exact-path scope; source not read
902	lexical hit not semantically classified: with pytest.raises(AssertionError):	specs/.history/effect-provider-epic/ticket-000-EP-01/ticket/current/tests/test_tla_spec_dev_case_execution_run.py:153	out-of-scope	ticket_plan.yaml:648-658	none mapped	unrepresented	out_of_scope_lexical_inventory		INFERRED exact-path scope; source not read
903	lexical hit not semantically classified: with pytest.raises(AssertionError):	specs/.history/effect-provider-epic/ticket-000-EP-01/ticket/current/tests/test_tla_spec_dev_case_execution_run.py:178	out-of-scope	ticket_plan.yaml:648-658	none mapped	unrepresented	out_of_scope_lexical_inventory		INFERRED exact-path scope; source not read
904	lexical hit not semantically classified: # except-index recovery succeeds and the stage guard is what rejects it.	specs/.history/effect-provider-epic/ticket-000-EP-01/ticket/current/tests/test_tla_spec_dev_case_execution_run.py:187	out-of-scope	ticket_plan.yaml:648-658	none mapped	unrepresented	out_of_scope_lexical_inventory		INFERRED exact-path scope; source not read
905	"lexical hit not semantically classified: assert result[""raised_cap_exit_code""] == 0, result[""stderr""]"	specs/.history/effect-provider-epic/ticket-000-EP-01/ticket/current/tests/test_tla_spec_dev_corpus_adapter.py:34	out-of-scope	ticket_plan.yaml:648-658	none mapped	unrepresented	out_of_scope_lexical_inventory		INFERRED exact-path scope; source not read
906	"lexical hit not semantically classified: assert result[""cap_raise_accept_path_offered""] is True"	specs/.history/effect-provider-epic/ticket-000-EP-01/ticket/current/tests/test_tla_spec_dev_corpus_adapter.py:61	out-of-scope	ticket_plan.yaml:648-658	none mapped	unrepresented	out_of_scope_lexical_inventory		INFERRED exact-path scope; source not read
907	lexical hit not semantically classified: directories identical except that one carries a recorded justification produce	specs/.history/effect-provider-epic/ticket-000-EP-01/ticket/current/tests/test_tla_spec_dev_effect_conformance_adapter.py:10	out-of-scope	ticket_plan.yaml:648-658	none mapped	unrepresented	out_of_scope_lexical_inventory		INFERRED exact-path scope; source not read
908	lexical hit not semantically classified: with pytest.raises(AssertionError):	specs/.history/effect-provider-epic/ticket-000-EP-01/ticket/current/tests/test_tla_spec_dev_update_ticket_adapter.py:108	out-of-scope	ticket_plan.yaml:648-658	none mapped	unrepresented	out_of_scope_lexical_inventory		INFERRED exact-path scope; source not read
909	lexical hit not semantically classified: with pytest.raises(AssertionError):	specs/.history/effect-provider-epic/ticket-000-EP-01/ticket/current/tests/test_tla_spec_dev_update_ticket_adapter.py:116	out-of-scope	ticket_plan.yaml:648-658	none mapped	unrepresented	out_of_scope_lexical_inventory		INFERRED exact-path scope; source not read
910	lexical hit not semantically classified: with pytest.raises((AssertionError, pa.BeforeStateUnreachable)):	specs/.history/effect-provider-epic/ticket-000-EP-01/ticket/current/tests/test_tla_spec_dev_update_ticket_adapter.py:126	out-of-scope	ticket_plan.yaml:648-658	none mapped	unrepresented	out_of_scope_lexical_inventory		INFERRED exact-path scope; source not read
911	"lexical hit not semantically classified: raise RuntimeError(""could not locate tla-spec-dev repository root"")"	specs/.history/effect-provider-epic/ticket-000-EP-01/ticket/desired/adapter_case_runtime.py:30	out-of-scope	ticket_plan.yaml:648-658	none mapped	unrepresented	out_of_scope_lexical_inventory		INFERRED exact-path scope; source not read
912	lexical hit not semantically classified: This is the honest failure mode for case execution and it is raised, never	specs/.history/effect-provider-epic/ticket-000-EP-01/ticket/desired/adapter_case_runtime.py:117	out-of-scope	ticket_plan.yaml:648-658	none mapped	unrepresented	out_of_scope_lexical_inventory		INFERRED exact-path scope; source not read
913	"lexical hit not semantically classified: raise BeforeStateUnreachable(f""setup_phase {phase} is outside the modelled pipeline"")"	specs/.history/effect-provider-epic/ticket-000-EP-01/ticket/desired/adapter_case_runtime.py:142	out-of-scope	ticket_plan.yaml:648-658	none mapped	unrepresented	out_of_scope_lexical_inventory		INFERRED exact-path scope; source not read
914	"lexical hit not semantically classified: raise BeforeStateUnreachable(f""no replay defined for {step}"")"	specs/.history/effect-provider-epic/ticket-000-EP-01/ticket/desired/adapter_case_runtime.py:175	out-of-scope	ticket_plan.yaml:648-658	none mapped	unrepresented	out_of_scope_lexical_inventory		INFERRED exact-path scope; source not read
915	lexical hit not semantically classified: raise BeforeStateUnreachable(	specs/.history/effect-provider-epic/ticket-000-EP-01/ticket/desired/adapter_case_runtime.py:184	out-of-scope	ticket_plan.yaml:648-658	none mapped	unrepresented	out_of_scope_lexical_inventory		INFERRED exact-path scope; source not read
916	"lexical hit not semantically classified: raise BeforeStateUnreachable(f""cannot record budgets before scaffold project: {manifest} missing"")"	specs/.history/effect-provider-epic/ticket-000-EP-01/ticket/desired/adapter_case_runtime.py:208	out-of-scope	ticket_plan.yaml:648-658	none mapped	unrepresented	out_of_scope_lexical_inventory		INFERRED exact-path scope; source not read
917	"lexical hit not semantically classified: raise AssertionError(f""{getattr(case, 'name')}: projected after-state disagrees with the model -- {detail}"")"	specs/.history/effect-provider-epic/ticket-000-EP-01/ticket/desired/adapter_case_runtime.py:335	out-of-scope	ticket_plan.yaml:648-658	none mapped	unrepresented	out_of_scope_lexical_inventory		INFERRED exact-path scope; source not read
918	"lexical hit not semantically classified: raise BeforeStateUnreachable(f""ticket plan missing at {plan_path}; workflow was not scaffolded"")"	specs/.history/effect-provider-epic/ticket-000-EP-01/ticket/desired/adapter_case_runtime.py:351	out-of-scope	ticket_plan.yaml:648-658	none mapped	unrepresented	out_of_scope_lexical_inventory		INFERRED exact-path scope; source not read
919	"lexical hit not semantically classified: raise BeforeStateUnreachable(f""ticket {ticket!r} has no {tree} model to mark ready"")"	specs/.history/effect-provider-epic/ticket-000-EP-01/ticket/desired/adapter_case_runtime.py:381	out-of-scope	ticket_plan.yaml:648-658	none mapped	unrepresented	out_of_scope_lexical_inventory		INFERRED exact-path scope; source not read
920	lexical hit not semantically classified: raise BeforeStateUnreachable(	specs/.history/effect-provider-epic/ticket-000-EP-01/ticket/desired/adapter_case_runtime.py:413	out-of-scope	ticket_plan.yaml:648-658	none mapped	unrepresented	out_of_scope_lexical_inventory		INFERRED exact-path scope; source not read
921	lexical hit not semantically classified: raise BeforeStateUnreachable(	specs/.history/effect-provider-epic/ticket-000-EP-01/ticket/desired/adapter_case_runtime.py:423	out-of-scope	ticket_plan.yaml:648-658	none mapped	unrepresented	out_of_scope_lexical_inventory		INFERRED exact-path scope; source not read
922	lexical hit not semantically classified: raise BeforeStateUnreachable(	specs/.history/effect-provider-epic/ticket-000-EP-01/ticket/desired/adapter_case_runtime.py:433	out-of-scope	ticket_plan.yaml:648-658	none mapped	unrepresented	out_of_scope_lexical_inventory		INFERRED exact-path scope; source not read
923	lexical hit not semantically classified: def recover_ticket_except_index(case: object) -> str:	specs/.history/effect-provider-epic/ticket-000-EP-01/ticket/desired/adapter_case_runtime.py:480	out-of-scope	ticket_plan.yaml:648-658	none mapped	unrepresented	out_of_scope_lexical_inventory		INFERRED exact-path scope; source not read
924	"lexical hit not semantically classified: """"""MF-029 except-index recovery of the `ticket` argument."	specs/.history/effect-provider-epic/ticket-000-EP-01/ticket/desired/adapter_case_runtime.py:481	out-of-scope	ticket_plan.yaml:648-658	none mapped	unrepresented	out_of_scope_lexical_inventory		INFERRED exact-path scope; source not read
925	lexical hit not semantically classified: raise BeforeStateUnreachable(	specs/.history/effect-provider-epic/ticket-000-EP-01/ticket/desired/adapter_case_runtime.py:496	out-of-scope	ticket_plan.yaml:648-658	none mapped	unrepresented	out_of_scope_lexical_inventory		INFERRED exact-path scope; source not read
926	lexical hit not semantically classified: recover_ticket_except_index,	specs/.history/effect-provider-epic/ticket-000-EP-01/ticket/desired/production_adapters.py:43	out-of-scope	ticket_plan.yaml:648-658	none mapped	unrepresented	out_of_scope_lexical_inventory		INFERRED exact-path scope; source not read
927	lexical hit not semantically classified: 2. recovers the `ticket` argument by MF-029 except-index on `ticket_state`;	specs/.history/effect-provider-epic/ticket-000-EP-01/ticket/desired/production_adapters.py:62	out-of-scope	ticket_plan.yaml:648-658	none mapped	unrepresented	out_of_scope_lexical_inventory		INFERRED exact-path scope; source not read
928	lexical hit not semantically classified: try:	specs/.history/effect-provider-epic/ticket-000-EP-01/ticket/desired/production_adapters.py:90	out-of-scope	ticket_plan.yaml:648-658	none mapped	unrepresented	out_of_scope_lexical_inventory		INFERRED exact-path scope; source not read
929	lexical hit not semantically classified: ticket = recover_ticket_except_index(case)	specs/.history/effect-provider-epic/ticket-000-EP-01/ticket/desired/production_adapters.py:91	out-of-scope	ticket_plan.yaml:648-658	none mapped	unrepresented	out_of_scope_lexical_inventory		INFERRED exact-path scope; source not read
930	lexical hit not semantically classified: except BeforeStateUnreachable as exc:	specs/.history/effect-provider-epic/ticket-000-EP-01/ticket/desired/production_adapters.py:92	out-of-scope	ticket_plan.yaml:648-658	none mapped	unrepresented	out_of_scope_lexical_inventory		INFERRED exact-path scope; source not read
931	lexical hit not semantically classified: ticket = recover_ticket_except_index(case)	specs/.history/effect-provider-epic/ticket-000-EP-01/ticket/desired/production_adapters.py:109	out-of-scope	ticket_plan.yaml:648-658	none mapped	unrepresented	out_of_scope_lexical_inventory		INFERRED exact-path scope; source not read
932	"lexical hit not semantically classified: raise AssertionError(f""{getattr(case, 'name')}: stutter changed state"")"	specs/.history/effect-provider-epic/ticket-000-EP-01/ticket/desired/production_adapters.py:184	out-of-scope	ticket_plan.yaml:648-658	none mapped	unrepresented	out_of_scope_lexical_inventory		INFERRED exact-path scope; source not read
933	lexical hit not semantically classified: # recovered the same way UpdateTicket does it -- MF-029 except-index over the	specs/.history/effect-provider-epic/ticket-000-EP-01/ticket/desired/production_adapters.py:625	out-of-scope	ticket_plan.yaml:648-658	none mapped	unrepresented	out_of_scope_lexical_inventory		INFERRED exact-path scope; source not read
934	lexical hit not semantically classified: try:	specs/.history/effect-provider-epic/ticket-000-EP-01/ticket/desired/production_adapters.py:636	out-of-scope	ticket_plan.yaml:648-658	none mapped	unrepresented	out_of_scope_lexical_inventory		INFERRED exact-path scope; source not read
935	lexical hit not semantically classified: ticket = recover_ticket_except_index(case)	specs/.history/effect-provider-epic/ticket-000-EP-01/ticket/desired/production_adapters.py:637	out-of-scope	ticket_plan.yaml:648-658	none mapped	unrepresented	out_of_scope_lexical_inventory		INFERRED exact-path scope; source not read
936	lexical hit not semantically classified: except BeforeStateUnreachable as exc:	specs/.history/effect-provider-epic/ticket-000-EP-01/ticket/desired/production_adapters.py:638	out-of-scope	ticket_plan.yaml:648-658	none mapped	unrepresented	out_of_scope_lexical_inventory		INFERRED exact-path scope; source not read
937	lexical hit not semantically classified: ticket = recover_ticket_except_index(case)	specs/.history/effect-provider-epic/ticket-000-EP-01/ticket/desired/production_adapters.py:658	out-of-scope	ticket_plan.yaml:648-658	none mapped	unrepresented	out_of_scope_lexical_inventory		INFERRED exact-path scope; source not read
938	"lexical hit not semantically classified: raise BeforeStateUnreachable(f""open ticket {ticket} failed: {opened.stderr[-600:]}"")"	specs/.history/effect-provider-epic/ticket-000-EP-01/ticket/desired/production_adapters.py:665	out-of-scope	ticket_plan.yaml:648-658	none mapped	unrepresented	out_of_scope_lexical_inventory		INFERRED exact-path scope; source not read
939	"lexical hit not semantically classified: ""raised_cap_exit_code"": under.returncode,"	specs/.history/effect-provider-epic/ticket-000-EP-01/ticket/desired/production_adapters.py:1541	out-of-scope	ticket_plan.yaml:648-658	none mapped	unrepresented	out_of_scope_lexical_inventory		INFERRED exact-path scope; source not read
940	"lexical hit not semantically classified: ""cap_raise_accept_path_offered"": accept_path,"	specs/.history/effect-provider-epic/ticket-000-EP-01/ticket/desired/production_adapters.py:1549	out-of-scope	ticket_plan.yaml:648-658	none mapped	unrepresented	out_of_scope_lexical_inventory		INFERRED exact-path scope; source not read
941	lexical hit not semantically classified: `justification_does_not_change_the_verdict`: two fixtures identical except	specs/.history/effect-provider-epic/ticket-000-EP-01/ticket/desired/production_adapters.py:1565	out-of-scope	ticket_plan.yaml:648-658	none mapped	unrepresented	out_of_scope_lexical_inventory		INFERRED exact-path scope; source not read
942	lexical hit not semantically classified: 3. `waiver_does_not_change_the_verdict` -- two catalogs identical except	specs/.history/effect-provider-epic/ticket-000-EP-01/ticket/desired/production_adapters.py:1663	out-of-scope	ticket_plan.yaml:648-658	none mapped	unrepresented	out_of_scope_lexical_inventory		INFERRED exact-path scope; source not read
943	lexical hit not semantically classified: with pytest.raises(AssertionError):	specs/.history/effect-provider-epic/ticket-000-EP-01/ticket/desired/tests/test_tla_spec_dev_case_execution_run.py:109	out-of-scope	ticket_plan.yaml:648-658	none mapped	unrepresented	out_of_scope_lexical_inventory		INFERRED exact-path scope; source not read
944	lexical hit not semantically classified: with pytest.raises(AssertionError):	specs/.history/effect-provider-epic/ticket-000-EP-01/ticket/desired/tests/test_tla_spec_dev_case_execution_run.py:131	out-of-scope	ticket_plan.yaml:648-658	none mapped	unrepresented	out_of_scope_lexical_inventory		INFERRED exact-path scope; source not read
945	lexical hit not semantically classified: with pytest.raises(AssertionError):	specs/.history/effect-provider-epic/ticket-000-EP-01/ticket/desired/tests/test_tla_spec_dev_case_execution_run.py:153	out-of-scope	ticket_plan.yaml:648-658	none mapped	unrepresented	out_of_scope_lexical_inventory		INFERRED exact-path scope; source not read
946	lexical hit not semantically classified: with pytest.raises(AssertionError):	specs/.history/effect-provider-epic/ticket-000-EP-01/ticket/desired/tests/test_tla_spec_dev_case_execution_run.py:178	out-of-scope	ticket_plan.yaml:648-658	none mapped	unrepresented	out_of_scope_lexical_inventory		INFERRED exact-path scope; source not read
947	lexical hit not semantically classified: # except-index recovery succeeds and the stage guard is what rejects it.	specs/.history/effect-provider-epic/ticket-000-EP-01/ticket/desired/tests/test_tla_spec_dev_case_execution_run.py:187	out-of-scope	ticket_plan.yaml:648-658	none mapped	unrepresented	out_of_scope_lexical_inventory		INFERRED exact-path scope; source not read
948	"lexical hit not semantically classified: assert result[""raised_cap_exit_code""] == 0, result[""stderr""]"	specs/.history/effect-provider-epic/ticket-000-EP-01/ticket/desired/tests/test_tla_spec_dev_corpus_adapter.py:34	out-of-scope	ticket_plan.yaml:648-658	none mapped	unrepresented	out_of_scope_lexical_inventory		INFERRED exact-path scope; source not read
949	"lexical hit not semantically classified: assert result[""cap_raise_accept_path_offered""] is True"	specs/.history/effect-provider-epic/ticket-000-EP-01/ticket/desired/tests/test_tla_spec_dev_corpus_adapter.py:61	out-of-scope	ticket_plan.yaml:648-658	none mapped	unrepresented	out_of_scope_lexical_inventory		INFERRED exact-path scope; source not read
950	lexical hit not semantically classified: directories identical except that one carries a recorded justification produce	specs/.history/effect-provider-epic/ticket-000-EP-01/ticket/desired/tests/test_tla_spec_dev_effect_conformance_adapter.py:10	out-of-scope	ticket_plan.yaml:648-658	none mapped	unrepresented	out_of_scope_lexical_inventory		INFERRED exact-path scope; source not read
951	lexical hit not semantically classified: with pytest.raises(AssertionError):	specs/.history/effect-provider-epic/ticket-000-EP-01/ticket/desired/tests/test_tla_spec_dev_update_ticket_adapter.py:108	out-of-scope	ticket_plan.yaml:648-658	none mapped	unrepresented	out_of_scope_lexical_inventory		INFERRED exact-path scope; source not read
952	lexical hit not semantically classified: with pytest.raises(AssertionError):	specs/.history/effect-provider-epic/ticket-000-EP-01/ticket/desired/tests/test_tla_spec_dev_update_ticket_adapter.py:116	out-of-scope	ticket_plan.yaml:648-658	none mapped	unrepresented	out_of_scope_lexical_inventory		INFERRED exact-path scope; source not read
953	lexical hit not semantically classified: with pytest.raises((AssertionError, pa.BeforeStateUnreachable)):	specs/.history/effect-provider-epic/ticket-000-EP-01/ticket/desired/tests/test_tla_spec_dev_update_ticket_adapter.py:126	out-of-scope	ticket_plan.yaml:648-658	none mapped	unrepresented	out_of_scope_lexical_inventory		INFERRED exact-path scope; source not read
954	"lexical hit not semantically classified: raise RuntimeError(""could not locate tla-spec-dev repository root"")"	specs/.history/effect-provider-epic/ticket-001-EP-02/snapshots/current/adapter_case_runtime.py:30	out-of-scope	ticket_plan.yaml:648-658	none mapped	unrepresented	out_of_scope_lexical_inventory		INFERRED exact-path scope; source not read
955	lexical hit not semantically classified: This is the honest failure mode for case execution and it is raised, never	specs/.history/effect-provider-epic/ticket-001-EP-02/snapshots/current/adapter_case_runtime.py:117	out-of-scope	ticket_plan.yaml:648-658	none mapped	unrepresented	out_of_scope_lexical_inventory		INFERRED exact-path scope; source not read
956	"lexical hit not semantically classified: raise BeforeStateUnreachable(f""setup_phase {phase} is outside the modelled pipeline"")"	specs/.history/effect-provider-epic/ticket-001-EP-02/snapshots/current/adapter_case_runtime.py:142	out-of-scope	ticket_plan.yaml:648-658	none mapped	unrepresented	out_of_scope_lexical_inventory		INFERRED exact-path scope; source not read
957	"lexical hit not semantically classified: raise BeforeStateUnreachable(f""no replay defined for {step}"")"	specs/.history/effect-provider-epic/ticket-001-EP-02/snapshots/current/adapter_case_runtime.py:175	out-of-scope	ticket_plan.yaml:648-658	none mapped	unrepresented	out_of_scope_lexical_inventory		INFERRED exact-path scope; source not read
958	lexical hit not semantically classified: raise BeforeStateUnreachable(	specs/.history/effect-provider-epic/ticket-001-EP-02/snapshots/current/adapter_case_runtime.py:184	out-of-scope	ticket_plan.yaml:648-658	none mapped	unrepresented	out_of_scope_lexical_inventory		INFERRED exact-path scope; source not read
959	"lexical hit not semantically classified: raise BeforeStateUnreachable(f""cannot record budgets before scaffold project: {manifest} missing"")"	specs/.history/effect-provider-epic/ticket-001-EP-02/snapshots/current/adapter_case_runtime.py:208	out-of-scope	ticket_plan.yaml:648-658	none mapped	unrepresented	out_of_scope_lexical_inventory		INFERRED exact-path scope; source not read
960	"lexical hit not semantically classified: raise AssertionError(f""{getattr(case, 'name')}: projected after-state disagrees with the model -- {detail}"")"	specs/.history/effect-provider-epic/ticket-001-EP-02/snapshots/current/adapter_case_runtime.py:335	out-of-scope	ticket_plan.yaml:648-658	none mapped	unrepresented	out_of_scope_lexical_inventory		INFERRED exact-path scope; source not read
961	"lexical hit not semantically classified: raise BeforeStateUnreachable(f""ticket plan missing at {plan_path}; workflow was not scaffolded"")"	specs/.history/effect-provider-epic/ticket-001-EP-02/snapshots/current/adapter_case_runtime.py:351	out-of-scope	ticket_plan.yaml:648-658	none mapped	unrepresented	out_of_scope_lexical_inventory		INFERRED exact-path scope; source not read
962	"lexical hit not semantically classified: raise BeforeStateUnreachable(f""ticket {ticket!r} has no {tree} model to mark ready"")"	specs/.history/effect-provider-epic/ticket-001-EP-02/snapshots/current/adapter_case_runtime.py:381	out-of-scope	ticket_plan.yaml:648-658	none mapped	unrepresented	out_of_scope_lexical_inventory		INFERRED exact-path scope; source not read
963	lexical hit not semantically classified: raise BeforeStateUnreachable(	specs/.history/effect-provider-epic/ticket-001-EP-02/snapshots/current/adapter_case_runtime.py:413	out-of-scope	ticket_plan.yaml:648-658	none mapped	unrepresented	out_of_scope_lexical_inventory		INFERRED exact-path scope; source not read
964	lexical hit not semantically classified: raise BeforeStateUnreachable(	specs/.history/effect-provider-epic/ticket-001-EP-02/snapshots/current/adapter_case_runtime.py:423	out-of-scope	ticket_plan.yaml:648-658	none mapped	unrepresented	out_of_scope_lexical_inventory		INFERRED exact-path scope; source not read
965	lexical hit not semantically classified: raise BeforeStateUnreachable(	specs/.history/effect-provider-epic/ticket-001-EP-02/snapshots/current/adapter_case_runtime.py:433	out-of-scope	ticket_plan.yaml:648-658	none mapped	unrepresented	out_of_scope_lexical_inventory		INFERRED exact-path scope; source not read
966	lexical hit not semantically classified: def recover_ticket_except_index(case: object) -> str:	specs/.history/effect-provider-epic/ticket-001-EP-02/snapshots/current/adapter_case_runtime.py:480	out-of-scope	ticket_plan.yaml:648-658	none mapped	unrepresented	out_of_scope_lexical_inventory		INFERRED exact-path scope; source not read
967	"lexical hit not semantically classified: """"""MF-029 except-index recovery of the `ticket` argument."	specs/.history/effect-provider-epic/ticket-001-EP-02/snapshots/current/adapter_case_runtime.py:481	out-of-scope	ticket_plan.yaml:648-658	none mapped	unrepresented	out_of_scope_lexical_inventory		INFERRED exact-path scope; source not read
968	lexical hit not semantically classified: raise BeforeStateUnreachable(	specs/.history/effect-provider-epic/ticket-001-EP-02/snapshots/current/adapter_case_runtime.py:496	out-of-scope	ticket_plan.yaml:648-658	none mapped	unrepresented	out_of_scope_lexical_inventory		INFERRED exact-path scope; source not read
969	lexical hit not semantically classified: recover_ticket_except_index,	specs/.history/effect-provider-epic/ticket-001-EP-02/snapshots/current/production_adapters.py:43	out-of-scope	ticket_plan.yaml:648-658	none mapped	unrepresented	out_of_scope_lexical_inventory		INFERRED exact-path scope; source not read
970	lexical hit not semantically classified: 2. recovers the `ticket` argument by MF-029 except-index on `ticket_state`;	specs/.history/effect-provider-epic/ticket-001-EP-02/snapshots/current/production_adapters.py:62	out-of-scope	ticket_plan.yaml:648-658	none mapped	unrepresented	out_of_scope_lexical_inventory		INFERRED exact-path scope; source not read
971	lexical hit not semantically classified: try:	specs/.history/effect-provider-epic/ticket-001-EP-02/snapshots/current/production_adapters.py:90	out-of-scope	ticket_plan.yaml:648-658	none mapped	unrepresented	out_of_scope_lexical_inventory		INFERRED exact-path scope; source not read
972	lexical hit not semantically classified: ticket = recover_ticket_except_index(case)	specs/.history/effect-provider-epic/ticket-001-EP-02/snapshots/current/production_adapters.py:91	out-of-scope	ticket_plan.yaml:648-658	none mapped	unrepresented	out_of_scope_lexical_inventory		INFERRED exact-path scope; source not read
973	lexical hit not semantically classified: except BeforeStateUnreachable as exc:	specs/.history/effect-provider-epic/ticket-001-EP-02/snapshots/current/production_adapters.py:92	out-of-scope	ticket_plan.yaml:648-658	none mapped	unrepresented	out_of_scope_lexical_inventory		INFERRED exact-path scope; source not read
974	lexical hit not semantically classified: ticket = recover_ticket_except_index(case)	specs/.history/effect-provider-epic/ticket-001-EP-02/snapshots/current/production_adapters.py:109	out-of-scope	ticket_plan.yaml:648-658	none mapped	unrepresented	out_of_scope_lexical_inventory		INFERRED exact-path scope; source not read
975	"lexical hit not semantically classified: raise AssertionError(f""{getattr(case, 'name')}: stutter changed state"")"	specs/.history/effect-provider-epic/ticket-001-EP-02/snapshots/current/production_adapters.py:184	out-of-scope	ticket_plan.yaml:648-658	none mapped	unrepresented	out_of_scope_lexical_inventory		INFERRED exact-path scope; source not read
976	lexical hit not semantically classified: # recovered the same way UpdateTicket does it -- MF-029 except-index over the	specs/.history/effect-provider-epic/ticket-001-EP-02/snapshots/current/production_adapters.py:625	out-of-scope	ticket_plan.yaml:648-658	none mapped	unrepresented	out_of_scope_lexical_inventory		INFERRED exact-path scope; source not read
977	lexical hit not semantically classified: try:	specs/.history/effect-provider-epic/ticket-001-EP-02/snapshots/current/production_adapters.py:636	out-of-scope	ticket_plan.yaml:648-658	none mapped	unrepresented	out_of_scope_lexical_inventory		INFERRED exact-path scope; source not read
978	lexical hit not semantically classified: ticket = recover_ticket_except_index(case)	specs/.history/effect-provider-epic/ticket-001-EP-02/snapshots/current/production_adapters.py:637	out-of-scope	ticket_plan.yaml:648-658	none mapped	unrepresented	out_of_scope_lexical_inventory		INFERRED exact-path scope; source not read
979	lexical hit not semantically classified: except BeforeStateUnreachable as exc:	specs/.history/effect-provider-epic/ticket-001-EP-02/snapshots/current/production_adapters.py:638	out-of-scope	ticket_plan.yaml:648-658	none mapped	unrepresented	out_of_scope_lexical_inventory		INFERRED exact-path scope; source not read
980	lexical hit not semantically classified: ticket = recover_ticket_except_index(case)	specs/.history/effect-provider-epic/ticket-001-EP-02/snapshots/current/production_adapters.py:658	out-of-scope	ticket_plan.yaml:648-658	none mapped	unrepresented	out_of_scope_lexical_inventory		INFERRED exact-path scope; source not read
981	"lexical hit not semantically classified: raise BeforeStateUnreachable(f""open ticket {ticket} failed: {opened.stderr[-600:]}"")"	specs/.history/effect-provider-epic/ticket-001-EP-02/snapshots/current/production_adapters.py:665	out-of-scope	ticket_plan.yaml:648-658	none mapped	unrepresented	out_of_scope_lexical_inventory		INFERRED exact-path scope; source not read
982	"lexical hit not semantically classified: ""raised_cap_exit_code"": under.returncode,"	specs/.history/effect-provider-epic/ticket-001-EP-02/snapshots/current/production_adapters.py:1541	out-of-scope	ticket_plan.yaml:648-658	none mapped	unrepresented	out_of_scope_lexical_inventory		INFERRED exact-path scope; source not read
983	"lexical hit not semantically classified: ""cap_raise_accept_path_offered"": accept_path,"	specs/.history/effect-provider-epic/ticket-001-EP-02/snapshots/current/production_adapters.py:1549	out-of-scope	ticket_plan.yaml:648-658	none mapped	unrepresented	out_of_scope_lexical_inventory		INFERRED exact-path scope; source not read
984	lexical hit not semantically classified: `justification_does_not_change_the_verdict`: two fixtures identical except	specs/.history/effect-provider-epic/ticket-001-EP-02/snapshots/current/production_adapters.py:1565	out-of-scope	ticket_plan.yaml:648-658	none mapped	unrepresented	out_of_scope_lexical_inventory		INFERRED exact-path scope; source not read
985	lexical hit not semantically classified: 3. `waiver_does_not_change_the_verdict` -- two catalogs identical except	specs/.history/effect-provider-epic/ticket-001-EP-02/snapshots/current/production_adapters.py:1663	out-of-scope	ticket_plan.yaml:648-658	none mapped	unrepresented	out_of_scope_lexical_inventory		INFERRED exact-path scope; source not read
986	"lexical hit not semantically classified: raise AssertionError(""current spec_manifest.yaml has no status.active_ticket"")"	specs/.history/effect-provider-epic/ticket-001-EP-02/snapshots/current/tests/test_current_ticket_workflow.py:11	out-of-scope	ticket_plan.yaml:648-658	none mapped	unrepresented	out_of_scope_lexical_inventory		INFERRED exact-path scope; source not read
987	lexical hit not semantically classified: with pytest.raises(AssertionError):	specs/.history/effect-provider-epic/ticket-001-EP-02/snapshots/current/tests/test_tla_spec_dev_case_execution_run.py:109	out-of-scope	ticket_plan.yaml:648-658	none mapped	unrepresented	out_of_scope_lexical_inventory		INFERRED exact-path scope; source not read
988	lexical hit not semantically classified: with pytest.raises(AssertionError):	specs/.history/effect-provider-epic/ticket-001-EP-02/snapshots/current/tests/test_tla_spec_dev_case_execution_run.py:131	out-of-scope	ticket_plan.yaml:648-658	none mapped	unrepresented	out_of_scope_lexical_inventory		INFERRED exact-path scope; source not read
989	lexical hit not semantically classified: with pytest.raises(AssertionError):	specs/.history/effect-provider-epic/ticket-001-EP-02/snapshots/current/tests/test_tla_spec_dev_case_execution_run.py:153	out-of-scope	ticket_plan.yaml:648-658	none mapped	unrepresented	out_of_scope_lexical_inventory		INFERRED exact-path scope; source not read
990	lexical hit not semantically classified: with pytest.raises(AssertionError):	specs/.history/effect-provider-epic/ticket-001-EP-02/snapshots/current/tests/test_tla_spec_dev_case_execution_run.py:178	out-of-scope	ticket_plan.yaml:648-658	none mapped	unrepresented	out_of_scope_lexical_inventory		INFERRED exact-path scope; source not read
991	lexical hit not semantically classified: # except-index recovery succeeds and the stage guard is what rejects it.	specs/.history/effect-provider-epic/ticket-001-EP-02/snapshots/current/tests/test_tla_spec_dev_case_execution_run.py:187	out-of-scope	ticket_plan.yaml:648-658	none mapped	unrepresented	out_of_scope_lexical_inventory		INFERRED exact-path scope; source not read
992	"lexical hit not semantically classified: assert result[""raised_cap_exit_code""] == 0, result[""stderr""]"	specs/.history/effect-provider-epic/ticket-001-EP-02/snapshots/current/tests/test_tla_spec_dev_corpus_adapter.py:34	out-of-scope	ticket_plan.yaml:648-658	none mapped	unrepresented	out_of_scope_lexical_inventory		INFERRED exact-path scope; source not read
993	"lexical hit not semantically classified: assert result[""cap_raise_accept_path_offered""] is True"	specs/.history/effect-provider-epic/ticket-001-EP-02/snapshots/current/tests/test_tla_spec_dev_corpus_adapter.py:61	out-of-scope	ticket_plan.yaml:648-658	none mapped	unrepresented	out_of_scope_lexical_inventory		INFERRED exact-path scope; source not read
994	lexical hit not semantically classified: directories identical except that one carries a recorded justification produce	specs/.history/effect-provider-epic/ticket-001-EP-02/snapshots/current/tests/test_tla_spec_dev_effect_conformance_adapter.py:10	out-of-scope	ticket_plan.yaml:648-658	none mapped	unrepresented	out_of_scope_lexical_inventory		INFERRED exact-path scope; source not read
995	lexical hit not semantically classified: with pytest.raises(AssertionError):	specs/.history/effect-provider-epic/ticket-001-EP-02/snapshots/current/tests/test_tla_spec_dev_update_ticket_adapter.py:108	out-of-scope	ticket_plan.yaml:648-658	none mapped	unrepresented	out_of_scope_lexical_inventory		INFERRED exact-path scope; source not read
996	lexical hit not semantically classified: with pytest.raises(AssertionError):	specs/.history/effect-provider-epic/ticket-001-EP-02/snapshots/current/tests/test_tla_spec_dev_update_ticket_adapter.py:116	out-of-scope	ticket_plan.yaml:648-658	none mapped	unrepresented	out_of_scope_lexical_inventory		INFERRED exact-path scope; source not read
997	lexical hit not semantically classified: with pytest.raises((AssertionError, pa.BeforeStateUnreachable)):	specs/.history/effect-provider-epic/ticket-001-EP-02/snapshots/current/tests/test_tla_spec_dev_update_ticket_adapter.py:126	out-of-scope	ticket_plan.yaml:648-658	none mapped	unrepresented	out_of_scope_lexical_inventory		INFERRED exact-path scope; source not read
998	"lexical hit not semantically classified: raise RuntimeError(""could not locate tla-spec-dev repository root"")"	specs/.history/effect-provider-epic/ticket-001-EP-02/snapshots/desired_program_model/production_adapters.py:15	out-of-scope	ticket_plan.yaml:648-658	none mapped	unrepresented	out_of_scope_lexical_inventory		INFERRED exact-path scope; source not read
999	"lexical hit not semantically classified: raise RuntimeError(""could not locate tla-spec-dev repository root"")"	specs/.history/effect-provider-epic/ticket-001-EP-02/snapshots/program_model/production_adapters.py:15	out-of-scope	ticket_plan.yaml:648-658	none mapped	unrepresented	out_of_scope_lexical_inventory		INFERRED exact-path scope; source not read
1000	"lexical hit not semantically classified: raise RuntimeError(""could not locate tla-spec-dev repository root"")"	specs/.history/effect-provider-epic/ticket-001-EP-02/ticket/current/adapter_case_runtime.py:30	out-of-scope	ticket_plan.yaml:648-658	none mapped	unrepresented	out_of_scope_lexical_inventory		INFERRED exact-path scope; source not read
1001	lexical hit not semantically classified: This is the honest failure mode for case execution and it is raised, never	specs/.history/effect-provider-epic/ticket-001-EP-02/ticket/current/adapter_case_runtime.py:117	out-of-scope	ticket_plan.yaml:648-658	none mapped	unrepresented	out_of_scope_lexical_inventory		INFERRED exact-path scope; source not read
1002	"lexical hit not semantically classified: raise BeforeStateUnreachable(f""setup_phase {phase} is outside the modelled pipeline"")"	specs/.history/effect-provider-epic/ticket-001-EP-02/ticket/current/adapter_case_runtime.py:142	out-of-scope	ticket_plan.yaml:648-658	none mapped	unrepresented	out_of_scope_lexical_inventory		INFERRED exact-path scope; source not read
1003	"lexical hit not semantically classified: raise BeforeStateUnreachable(f""no replay defined for {step}"")"	specs/.history/effect-provider-epic/ticket-001-EP-02/ticket/current/adapter_case_runtime.py:175	out-of-scope	ticket_plan.yaml:648-658	none mapped	unrepresented	out_of_scope_lexical_inventory		INFERRED exact-path scope; source not read
1004	lexical hit not semantically classified: raise BeforeStateUnreachable(	specs/.history/effect-provider-epic/ticket-001-EP-02/ticket/current/adapter_case_runtime.py:184	out-of-scope	ticket_plan.yaml:648-658	none mapped	unrepresented	out_of_scope_lexical_inventory		INFERRED exact-path scope; source not read
1005	"lexical hit not semantically classified: raise BeforeStateUnreachable(f""cannot record budgets before scaffold project: {manifest} missing"")"	specs/.history/effect-provider-epic/ticket-001-EP-02/ticket/current/adapter_case_runtime.py:208	out-of-scope	ticket_plan.yaml:648-658	none mapped	unrepresented	out_of_scope_lexical_inventory		INFERRED exact-path scope; source not read
1006	"lexical hit not semantically classified: raise AssertionError(f""{getattr(case, 'name')}: projected after-state disagrees with the model -- {detail}"")"	specs/.history/effect-provider-epic/ticket-001-EP-02/ticket/current/adapter_case_runtime.py:335	out-of-scope	ticket_plan.yaml:648-658	none mapped	unrepresented	out_of_scope_lexical_inventory		INFERRED exact-path scope; source not read
1007	"lexical hit not semantically classified: raise BeforeStateUnreachable(f""ticket plan missing at {plan_path}; workflow was not scaffolded"")"	specs/.history/effect-provider-epic/ticket-001-EP-02/ticket/current/adapter_case_runtime.py:351	out-of-scope	ticket_plan.yaml:648-658	none mapped	unrepresented	out_of_scope_lexical_inventory		INFERRED exact-path scope; source not read
1008	"lexical hit not semantically classified: raise BeforeStateUnreachable(f""ticket {ticket!r} has no {tree} model to mark ready"")"	specs/.history/effect-provider-epic/ticket-001-EP-02/ticket/current/adapter_case_runtime.py:381	out-of-scope	ticket_plan.yaml:648-658	none mapped	unrepresented	out_of_scope_lexical_inventory		INFERRED exact-path scope; source not read
1009	lexical hit not semantically classified: raise BeforeStateUnreachable(	specs/.history/effect-provider-epic/ticket-001-EP-02/ticket/current/adapter_case_runtime.py:413	out-of-scope	ticket_plan.yaml:648-658	none mapped	unrepresented	out_of_scope_lexical_inventory		INFERRED exact-path scope; source not read
1010	lexical hit not semantically classified: raise BeforeStateUnreachable(	specs/.history/effect-provider-epic/ticket-001-EP-02/ticket/current/adapter_case_runtime.py:423	out-of-scope	ticket_plan.yaml:648-658	none mapped	unrepresented	out_of_scope_lexical_inventory		INFERRED exact-path scope; source not read
1011	lexical hit not semantically classified: raise BeforeStateUnreachable(	specs/.history/effect-provider-epic/ticket-001-EP-02/ticket/current/adapter_case_runtime.py:433	out-of-scope	ticket_plan.yaml:648-658	none mapped	unrepresented	out_of_scope_lexical_inventory		INFERRED exact-path scope; source not read
1012	lexical hit not semantically classified: def recover_ticket_except_index(case: object) -> str:	specs/.history/effect-provider-epic/ticket-001-EP-02/ticket/current/adapter_case_runtime.py:480	out-of-scope	ticket_plan.yaml:648-658	none mapped	unrepresented	out_of_scope_lexical_inventory		INFERRED exact-path scope; source not read
1013	"lexical hit not semantically classified: """"""MF-029 except-index recovery of the `ticket` argument."	specs/.history/effect-provider-epic/ticket-001-EP-02/ticket/current/adapter_case_runtime.py:481	out-of-scope	ticket_plan.yaml:648-658	none mapped	unrepresented	out_of_scope_lexical_inventory		INFERRED exact-path scope; source not read
1014	lexical hit not semantically classified: raise BeforeStateUnreachable(	specs/.history/effect-provider-epic/ticket-001-EP-02/ticket/current/adapter_case_runtime.py:496	out-of-scope	ticket_plan.yaml:648-658	none mapped	unrepresented	out_of_scope_lexical_inventory		INFERRED exact-path scope; source not read
1015	lexical hit not semantically classified: recover_ticket_except_index,	specs/.history/effect-provider-epic/ticket-001-EP-02/ticket/current/production_adapters.py:43	out-of-scope	ticket_plan.yaml:648-658	none mapped	unrepresented	out_of_scope_lexical_inventory		INFERRED exact-path scope; source not read
1016	lexical hit not semantically classified: 2. recovers the `ticket` argument by MF-029 except-index on `ticket_state`;	specs/.history/effect-provider-epic/ticket-001-EP-02/ticket/current/production_adapters.py:62	out-of-scope	ticket_plan.yaml:648-658	none mapped	unrepresented	out_of_scope_lexical_inventory		INFERRED exact-path scope; source not read
1017	lexical hit not semantically classified: try:	specs/.history/effect-provider-epic/ticket-001-EP-02/ticket/current/production_adapters.py:90	out-of-scope	ticket_plan.yaml:648-658	none mapped	unrepresented	out_of_scope_lexical_inventory		INFERRED exact-path scope; source not read
1018	lexical hit not semantically classified: ticket = recover_ticket_except_index(case)	specs/.history/effect-provider-epic/ticket-001-EP-02/ticket/current/production_adapters.py:91	out-of-scope	ticket_plan.yaml:648-658	none mapped	unrepresented	out_of_scope_lexical_inventory		INFERRED exact-path scope; source not read
1019	lexical hit not semantically classified: except BeforeStateUnreachable as exc:	specs/.history/effect-provider-epic/ticket-001-EP-02/ticket/current/production_adapters.py:92	out-of-scope	ticket_plan.yaml:648-658	none mapped	unrepresented	out_of_scope_lexical_inventory		INFERRED exact-path scope; source not read
1020	lexical hit not semantically classified: ticket = recover_ticket_except_index(case)	specs/.history/effect-provider-epic/ticket-001-EP-02/ticket/current/production_adapters.py:109	out-of-scope	ticket_plan.yaml:648-658	none mapped	unrepresented	out_of_scope_lexical_inventory		INFERRED exact-path scope; source not read
1021	"lexical hit not semantically classified: raise AssertionError(f""{getattr(case, 'name')}: stutter changed state"")"	specs/.history/effect-provider-epic/ticket-001-EP-02/ticket/current/production_adapters.py:184	out-of-scope	ticket_plan.yaml:648-658	none mapped	unrepresented	out_of_scope_lexical_inventory		INFERRED exact-path scope; source not read
1022	lexical hit not semantically classified: # recovered the same way UpdateTicket does it -- MF-029 except-index over the	specs/.history/effect-provider-epic/ticket-001-EP-02/ticket/current/production_adapters.py:625	out-of-scope	ticket_plan.yaml:648-658	none mapped	unrepresented	out_of_scope_lexical_inventory		INFERRED exact-path scope; source not read
1023	lexical hit not semantically classified: try:	specs/.history/effect-provider-epic/ticket-001-EP-02/ticket/current/production_adapters.py:636	out-of-scope	ticket_plan.yaml:648-658	none mapped	unrepresented	out_of_scope_lexical_inventory		INFERRED exact-path scope; source not read
1024	lexical hit not semantically classified: ticket = recover_ticket_except_index(case)	specs/.history/effect-provider-epic/ticket-001-EP-02/ticket/current/production_adapters.py:637	out-of-scope	ticket_plan.yaml:648-658	none mapped	unrepresented	out_of_scope_lexical_inventory		INFERRED exact-path scope; source not read
1025	lexical hit not semantically classified: except BeforeStateUnreachable as exc:	specs/.history/effect-provider-epic/ticket-001-EP-02/ticket/current/production_adapters.py:638	out-of-scope	ticket_plan.yaml:648-658	none mapped	unrepresented	out_of_scope_lexical_inventory		INFERRED exact-path scope; source not read
1026	lexical hit not semantically classified: ticket = recover_ticket_except_index(case)	specs/.history/effect-provider-epic/ticket-001-EP-02/ticket/current/production_adapters.py:658	out-of-scope	ticket_plan.yaml:648-658	none mapped	unrepresented	out_of_scope_lexical_inventory		INFERRED exact-path scope; source not read
1027	"lexical hit not semantically classified: raise BeforeStateUnreachable(f""open ticket {ticket} failed: {opened.stderr[-600:]}"")"	specs/.history/effect-provider-epic/ticket-001-EP-02/ticket/current/production_adapters.py:665	out-of-scope	ticket_plan.yaml:648-658	none mapped	unrepresented	out_of_scope_lexical_inventory		INFERRED exact-path scope; source not read
1028	"lexical hit not semantically classified: ""raised_cap_exit_code"": under.returncode,"	specs/.history/effect-provider-epic/ticket-001-EP-02/ticket/current/production_adapters.py:1541	out-of-scope	ticket_plan.yaml:648-658	none mapped	unrepresented	out_of_scope_lexical_inventory		INFERRED exact-path scope; source not read
1029	"lexical hit not semantically classified: ""cap_raise_accept_path_offered"": accept_path,"	specs/.history/effect-provider-epic/ticket-001-EP-02/ticket/current/production_adapters.py:1549	out-of-scope	ticket_plan.yaml:648-658	none mapped	unrepresented	out_of_scope_lexical_inventory		INFERRED exact-path scope; source not read
1030	lexical hit not semantically classified: `justification_does_not_change_the_verdict`: two fixtures identical except	specs/.history/effect-provider-epic/ticket-001-EP-02/ticket/current/production_adapters.py:1565	out-of-scope	ticket_plan.yaml:648-658	none mapped	unrepresented	out_of_scope_lexical_inventory		INFERRED exact-path scope; source not read
1031	lexical hit not semantically classified: 3. `waiver_does_not_change_the_verdict` -- two catalogs identical except	specs/.history/effect-provider-epic/ticket-001-EP-02/ticket/current/production_adapters.py:1663	out-of-scope	ticket_plan.yaml:648-658	none mapped	unrepresented	out_of_scope_lexical_inventory		INFERRED exact-path scope; source not read
1032	lexical hit not semantically classified: with pytest.raises(AssertionError):	specs/.history/effect-provider-epic/ticket-001-EP-02/ticket/current/tests/test_tla_spec_dev_case_execution_run.py:109	out-of-scope	ticket_plan.yaml:648-658	none mapped	unrepresented	out_of_scope_lexical_inventory		INFERRED exact-path scope; source not read
1033	lexical hit not semantically classified: with pytest.raises(AssertionError):	specs/.history/effect-provider-epic/ticket-001-EP-02/ticket/current/tests/test_tla_spec_dev_case_execution_run.py:131	out-of-scope	ticket_plan.yaml:648-658	none mapped	unrepresented	out_of_scope_lexical_inventory		INFERRED exact-path scope; source not read
1034	lexical hit not semantically classified: with pytest.raises(AssertionError):	specs/.history/effect-provider-epic/ticket-001-EP-02/ticket/current/tests/test_tla_spec_dev_case_execution_run.py:153	out-of-scope	ticket_plan.yaml:648-658	none mapped	unrepresented	out_of_scope_lexical_inventory		INFERRED exact-path scope; source not read
1035	lexical hit not semantically classified: with pytest.raises(AssertionError):	specs/.history/effect-provider-epic/ticket-001-EP-02/ticket/current/tests/test_tla_spec_dev_case_execution_run.py:178	out-of-scope	ticket_plan.yaml:648-658	none mapped	unrepresented	out_of_scope_lexical_inventory		INFERRED exact-path scope; source not read
1036	lexical hit not semantically classified: # except-index recovery succeeds and the stage guard is what rejects it.	specs/.history/effect-provider-epic/ticket-001-EP-02/ticket/current/tests/test_tla_spec_dev_case_execution_run.py:187	out-of-scope	ticket_plan.yaml:648-658	none mapped	unrepresented	out_of_scope_lexical_inventory		INFERRED exact-path scope; source not read
1037	"lexical hit not semantically classified: assert result[""raised_cap_exit_code""] == 0, result[""stderr""]"	specs/.history/effect-provider-epic/ticket-001-EP-02/ticket/current/tests/test_tla_spec_dev_corpus_adapter.py:34	out-of-scope	ticket_plan.yaml:648-658	none mapped	unrepresented	out_of_scope_lexical_inventory		INFERRED exact-path scope; source not read
1038	"lexical hit not semantically classified: assert result[""cap_raise_accept_path_offered""] is True"	specs/.history/effect-provider-epic/ticket-001-EP-02/ticket/current/tests/test_tla_spec_dev_corpus_adapter.py:61	out-of-scope	ticket_plan.yaml:648-658	none mapped	unrepresented	out_of_scope_lexical_inventory		INFERRED exact-path scope; source not read
1039	lexical hit not semantically classified: directories identical except that one carries a recorded justification produce	specs/.history/effect-provider-epic/ticket-001-EP-02/ticket/current/tests/test_tla_spec_dev_effect_conformance_adapter.py:10	out-of-scope	ticket_plan.yaml:648-658	none mapped	unrepresented	out_of_scope_lexical_inventory		INFERRED exact-path scope; source not read
1040	lexical hit not semantically classified: with pytest.raises(AssertionError):	specs/.history/effect-provider-epic/ticket-001-EP-02/ticket/current/tests/test_tla_spec_dev_update_ticket_adapter.py:108	out-of-scope	ticket_plan.yaml:648-658	none mapped	unrepresented	out_of_scope_lexical_inventory		INFERRED exact-path scope; source not read
1041	lexical hit not semantically classified: with pytest.raises(AssertionError):	specs/.history/effect-provider-epic/ticket-001-EP-02/ticket/current/tests/test_tla_spec_dev_update_ticket_adapter.py:116	out-of-scope	ticket_plan.yaml:648-658	none mapped	unrepresented	out_of_scope_lexical_inventory		INFERRED exact-path scope; source not read
1042	lexical hit not semantically classified: with pytest.raises((AssertionError, pa.BeforeStateUnreachable)):	specs/.history/effect-provider-epic/ticket-001-EP-02/ticket/current/tests/test_tla_spec_dev_update_ticket_adapter.py:126	out-of-scope	ticket_plan.yaml:648-658	none mapped	unrepresented	out_of_scope_lexical_inventory		INFERRED exact-path scope; source not read
1043	"lexical hit not semantically classified: raise RuntimeError(""could not locate tla-spec-dev repository root"")"	specs/.history/effect-provider-epic/ticket-001-EP-02/ticket/desired/adapter_case_runtime.py:30	out-of-scope	ticket_plan.yaml:648-658	none mapped	unrepresented	out_of_scope_lexical_inventory		INFERRED exact-path scope; source not read
1044	lexical hit not semantically classified: This is the honest failure mode for case execution and it is raised, never	specs/.history/effect-provider-epic/ticket-001-EP-02/ticket/desired/adapter_case_runtime.py:117	out-of-scope	ticket_plan.yaml:648-658	none mapped	unrepresented	out_of_scope_lexical_inventory		INFERRED exact-path scope; source not read
1045	"lexical hit not semantically classified: raise BeforeStateUnreachable(f""setup_phase {phase} is outside the modelled pipeline"")"	specs/.history/effect-provider-epic/ticket-001-EP-02/ticket/desired/adapter_case_runtime.py:142	out-of-scope	ticket_plan.yaml:648-658	none mapped	unrepresented	out_of_scope_lexical_inventory		INFERRED exact-path scope; source not read
1046	"lexical hit not semantically classified: raise BeforeStateUnreachable(f""no replay defined for {step}"")"	specs/.history/effect-provider-epic/ticket-001-EP-02/ticket/desired/adapter_case_runtime.py:175	out-of-scope	ticket_plan.yaml:648-658	none mapped	unrepresented	out_of_scope_lexical_inventory		INFERRED exact-path scope; source not read
1047	lexical hit not semantically classified: raise BeforeStateUnreachable(	specs/.history/effect-provider-epic/ticket-001-EP-02/ticket/desired/adapter_case_runtime.py:184	out-of-scope	ticket_plan.yaml:648-658	none mapped	unrepresented	out_of_scope_lexical_inventory		INFERRED exact-path scope; source not read
1048	"lexical hit not semantically classified: raise BeforeStateUnreachable(f""cannot record budgets before scaffold project: {manifest} missing"")"	specs/.history/effect-provider-epic/ticket-001-EP-02/ticket/desired/adapter_case_runtime.py:208	out-of-scope	ticket_plan.yaml:648-658	none mapped	unrepresented	out_of_scope_lexical_inventory		INFERRED exact-path scope; source not read
1049	"lexical hit not semantically classified: raise AssertionError(f""{getattr(case, 'name')}: projected after-state disagrees with the model -- {detail}"")"	specs/.history/effect-provider-epic/ticket-001-EP-02/ticket/desired/adapter_case_runtime.py:335	out-of-scope	ticket_plan.yaml:648-658	none mapped	unrepresented	out_of_scope_lexical_inventory		INFERRED exact-path scope; source not read
1050	"lexical hit not semantically classified: raise BeforeStateUnreachable(f""ticket plan missing at {plan_path}; workflow was not scaffolded"")"	specs/.history/effect-provider-epic/ticket-001-EP-02/ticket/desired/adapter_case_runtime.py:351	out-of-scope	ticket_plan.yaml:648-658	none mapped	unrepresented	out_of_scope_lexical_inventory		INFERRED exact-path scope; source not read
1051	"lexical hit not semantically classified: raise BeforeStateUnreachable(f""ticket {ticket!r} has no {tree} model to mark ready"")"	specs/.history/effect-provider-epic/ticket-001-EP-02/ticket/desired/adapter_case_runtime.py:381	out-of-scope	ticket_plan.yaml:648-658	none mapped	unrepresented	out_of_scope_lexical_inventory		INFERRED exact-path scope; source not read
1052	lexical hit not semantically classified: raise BeforeStateUnreachable(	specs/.history/effect-provider-epic/ticket-001-EP-02/ticket/desired/adapter_case_runtime.py:413	out-of-scope	ticket_plan.yaml:648-658	none mapped	unrepresented	out_of_scope_lexical_inventory		INFERRED exact-path scope; source not read
1053	lexical hit not semantically classified: raise BeforeStateUnreachable(	specs/.history/effect-provider-epic/ticket-001-EP-02/ticket/desired/adapter_case_runtime.py:423	out-of-scope	ticket_plan.yaml:648-658	none mapped	unrepresented	out_of_scope_lexical_inventory		INFERRED exact-path scope; source not read
1054	lexical hit not semantically classified: raise BeforeStateUnreachable(	specs/.history/effect-provider-epic/ticket-001-EP-02/ticket/desired/adapter_case_runtime.py:433	out-of-scope	ticket_plan.yaml:648-658	none mapped	unrepresented	out_of_scope_lexical_inventory		INFERRED exact-path scope; source not read
1055	lexical hit not semantically classified: def recover_ticket_except_index(case: object) -> str:	specs/.history/effect-provider-epic/ticket-001-EP-02/ticket/desired/adapter_case_runtime.py:480	out-of-scope	ticket_plan.yaml:648-658	none mapped	unrepresented	out_of_scope_lexical_inventory		INFERRED exact-path scope; source not read
1056	"lexical hit not semantically classified: """"""MF-029 except-index recovery of the `ticket` argument."	specs/.history/effect-provider-epic/ticket-001-EP-02/ticket/desired/adapter_case_runtime.py:481	out-of-scope	ticket_plan.yaml:648-658	none mapped	unrepresented	out_of_scope_lexical_inventory		INFERRED exact-path scope; source not read
1057	lexical hit not semantically classified: raise BeforeStateUnreachable(	specs/.history/effect-provider-epic/ticket-001-EP-02/ticket/desired/adapter_case_runtime.py:496	out-of-scope	ticket_plan.yaml:648-658	none mapped	unrepresented	out_of_scope_lexical_inventory		INFERRED exact-path scope; source not read
1058	lexical hit not semantically classified: recover_ticket_except_index,	specs/.history/effect-provider-epic/ticket-001-EP-02/ticket/desired/production_adapters.py:43	out-of-scope	ticket_plan.yaml:648-658	none mapped	unrepresented	out_of_scope_lexical_inventory		INFERRED exact-path scope; source not read
1059	lexical hit not semantically classified: 2. recovers the `ticket` argument by MF-029 except-index on `ticket_state`;	specs/.history/effect-provider-epic/ticket-001-EP-02/ticket/desired/production_adapters.py:62	out-of-scope	ticket_plan.yaml:648-658	none mapped	unrepresented	out_of_scope_lexical_inventory		INFERRED exact-path scope; source not read
1060	lexical hit not semantically classified: try:	specs/.history/effect-provider-epic/ticket-001-EP-02/ticket/desired/production_adapters.py:90	out-of-scope	ticket_plan.yaml:648-658	none mapped	unrepresented	out_of_scope_lexical_inventory		INFERRED exact-path scope; source not read
1061	lexical hit not semantically classified: ticket = recover_ticket_except_index(case)	specs/.history/effect-provider-epic/ticket-001-EP-02/ticket/desired/production_adapters.py:91	out-of-scope	ticket_plan.yaml:648-658	none mapped	unrepresented	out_of_scope_lexical_inventory		INFERRED exact-path scope; source not read
1062	lexical hit not semantically classified: except BeforeStateUnreachable as exc:	specs/.history/effect-provider-epic/ticket-001-EP-02/ticket/desired/production_adapters.py:92	out-of-scope	ticket_plan.yaml:648-658	none mapped	unrepresented	out_of_scope_lexical_inventory		INFERRED exact-path scope; source not read
1063	lexical hit not semantically classified: ticket = recover_ticket_except_index(case)	specs/.history/effect-provider-epic/ticket-001-EP-02/ticket/desired/production_adapters.py:109	out-of-scope	ticket_plan.yaml:648-658	none mapped	unrepresented	out_of_scope_lexical_inventory		INFERRED exact-path scope; source not read
1064	"lexical hit not semantically classified: raise AssertionError(f""{getattr(case, 'name')}: stutter changed state"")"	specs/.history/effect-provider-epic/ticket-001-EP-02/ticket/desired/production_adapters.py:184	out-of-scope	ticket_plan.yaml:648-658	none mapped	unrepresented	out_of_scope_lexical_inventory		INFERRED exact-path scope; source not read
1065	lexical hit not semantically classified: # recovered the same way UpdateTicket does it -- MF-029 except-index over the	specs/.history/effect-provider-epic/ticket-001-EP-02/ticket/desired/production_adapters.py:625	out-of-scope	ticket_plan.yaml:648-658	none mapped	unrepresented	out_of_scope_lexical_inventory		INFERRED exact-path scope; source not read
1066	lexical hit not semantically classified: try:	specs/.history/effect-provider-epic/ticket-001-EP-02/ticket/desired/production_adapters.py:636	out-of-scope	ticket_plan.yaml:648-658	none mapped	unrepresented	out_of_scope_lexical_inventory		INFERRED exact-path scope; source not read
1067	lexical hit not semantically classified: ticket = recover_ticket_except_index(case)	specs/.history/effect-provider-epic/ticket-001-EP-02/ticket/desired/production_adapters.py:637	out-of-scope	ticket_plan.yaml:648-658	none mapped	unrepresented	out_of_scope_lexical_inventory		INFERRED exact-path scope; source not read
1068	lexical hit not semantically classified: except BeforeStateUnreachable as exc:	specs/.history/effect-provider-epic/ticket-001-EP-02/ticket/desired/production_adapters.py:638	out-of-scope	ticket_plan.yaml:648-658	none mapped	unrepresented	out_of_scope_lexical_inventory		INFERRED exact-path scope; source not read
1069	lexical hit not semantically classified: ticket = recover_ticket_except_index(case)	specs/.history/effect-provider-epic/ticket-001-EP-02/ticket/desired/production_adapters.py:658	out-of-scope	ticket_plan.yaml:648-658	none mapped	unrepresented	out_of_scope_lexical_inventory		INFERRED exact-path scope; source not read
1070	"lexical hit not semantically classified: raise BeforeStateUnreachable(f""open ticket {ticket} failed: {opened.stderr[-600:]}"")"	specs/.history/effect-provider-epic/ticket-001-EP-02/ticket/desired/production_adapters.py:665	out-of-scope	ticket_plan.yaml:648-658	none mapped	unrepresented	out_of_scope_lexical_inventory		INFERRED exact-path scope; source not read
1071	"lexical hit not semantically classified: ""raised_cap_exit_code"": under.returncode,"	specs/.history/effect-provider-epic/ticket-001-EP-02/ticket/desired/production_adapters.py:1541	out-of-scope	ticket_plan.yaml:648-658	none mapped	unrepresented	out_of_scope_lexical_inventory		INFERRED exact-path scope; source not read
1072	"lexical hit not semantically classified: ""cap_raise_accept_path_offered"": accept_path,"	specs/.history/effect-provider-epic/ticket-001-EP-02/ticket/desired/production_adapters.py:1549	out-of-scope	ticket_plan.yaml:648-658	none mapped	unrepresented	out_of_scope_lexical_inventory		INFERRED exact-path scope; source not read
1073	lexical hit not semantically classified: `justification_does_not_change_the_verdict`: two fixtures identical except	specs/.history/effect-provider-epic/ticket-001-EP-02/ticket/desired/production_adapters.py:1565	out-of-scope	ticket_plan.yaml:648-658	none mapped	unrepresented	out_of_scope_lexical_inventory		INFERRED exact-path scope; source not read
1074	lexical hit not semantically classified: 3. `waiver_does_not_change_the_verdict` -- two catalogs identical except	specs/.history/effect-provider-epic/ticket-001-EP-02/ticket/desired/production_adapters.py:1663	out-of-scope	ticket_plan.yaml:648-658	none mapped	unrepresented	out_of_scope_lexical_inventory		INFERRED exact-path scope; source not read
1075	lexical hit not semantically classified: with pytest.raises(AssertionError):	specs/.history/effect-provider-epic/ticket-001-EP-02/ticket/desired/tests/test_tla_spec_dev_case_execution_run.py:109	out-of-scope	ticket_plan.yaml:648-658	none mapped	unrepresented	out_of_scope_lexical_inventory		INFERRED exact-path scope; source not read
1076	lexical hit not semantically classified: with pytest.raises(AssertionError):	specs/.history/effect-provider-epic/ticket-001-EP-02/ticket/desired/tests/test_tla_spec_dev_case_execution_run.py:131	out-of-scope	ticket_plan.yaml:648-658	none mapped	unrepresented	out_of_scope_lexical_inventory		INFERRED exact-path scope; source not read
1077	lexical hit not semantically classified: with pytest.raises(AssertionError):	specs/.history/effect-provider-epic/ticket-001-EP-02/ticket/desired/tests/test_tla_spec_dev_case_execution_run.py:153	out-of-scope	ticket_plan.yaml:648-658	none mapped	unrepresented	out_of_scope_lexical_inventory		INFERRED exact-path scope; source not read
1078	lexical hit not semantically classified: with pytest.raises(AssertionError):	specs/.history/effect-provider-epic/ticket-001-EP-02/ticket/desired/tests/test_tla_spec_dev_case_execution_run.py:178	out-of-scope	ticket_plan.yaml:648-658	none mapped	unrepresented	out_of_scope_lexical_inventory		INFERRED exact-path scope; source not read
1079	lexical hit not semantically classified: # except-index recovery succeeds and the stage guard is what rejects it.	specs/.history/effect-provider-epic/ticket-001-EP-02/ticket/desired/tests/test_tla_spec_dev_case_execution_run.py:187	out-of-scope	ticket_plan.yaml:648-658	none mapped	unrepresented	out_of_scope_lexical_inventory		INFERRED exact-path scope; source not read
1080	"lexical hit not semantically classified: assert result[""raised_cap_exit_code""] == 0, result[""stderr""]"	specs/.history/effect-provider-epic/ticket-001-EP-02/ticket/desired/tests/test_tla_spec_dev_corpus_adapter.py:34	out-of-scope	ticket_plan.yaml:648-658	none mapped	unrepresented	out_of_scope_lexical_inventory		INFERRED exact-path scope; source not read
1081	"lexical hit not semantically classified: assert result[""cap_raise_accept_path_offered""] is True"	specs/.history/effect-provider-epic/ticket-001-EP-02/ticket/desired/tests/test_tla_spec_dev_corpus_adapter.py:61	out-of-scope	ticket_plan.yaml:648-658	none mapped	unrepresented	out_of_scope_lexical_inventory		INFERRED exact-path scope; source not read
1082	lexical hit not semantically classified: directories identical except that one carries a recorded justification produce	specs/.history/effect-provider-epic/ticket-001-EP-02/ticket/desired/tests/test_tla_spec_dev_effect_conformance_adapter.py:10	out-of-scope	ticket_plan.yaml:648-658	none mapped	unrepresented	out_of_scope_lexical_inventory		INFERRED exact-path scope; source not read
1083	lexical hit not semantically classified: with pytest.raises(AssertionError):	specs/.history/effect-provider-epic/ticket-001-EP-02/ticket/desired/tests/test_tla_spec_dev_update_ticket_adapter.py:108	out-of-scope	ticket_plan.yaml:648-658	none mapped	unrepresented	out_of_scope_lexical_inventory		INFERRED exact-path scope; source not read
1084	lexical hit not semantically classified: with pytest.raises(AssertionError):	specs/.history/effect-provider-epic/ticket-001-EP-02/ticket/desired/tests/test_tla_spec_dev_update_ticket_adapter.py:116	out-of-scope	ticket_plan.yaml:648-658	none mapped	unrepresented	out_of_scope_lexical_inventory		INFERRED exact-path scope; source not read
1085	lexical hit not semantically classified: with pytest.raises((AssertionError, pa.BeforeStateUnreachable)):	specs/.history/effect-provider-epic/ticket-001-EP-02/ticket/desired/tests/test_tla_spec_dev_update_ticket_adapter.py:126	out-of-scope	ticket_plan.yaml:648-658	none mapped	unrepresented	out_of_scope_lexical_inventory		INFERRED exact-path scope; source not read
1086	"lexical hit not semantically classified: raise RuntimeError(""could not locate tla-spec-dev repository root"")"	specs/.history/effect-provider-epic/ticket-002-EP-03/snapshots/current/adapter_case_runtime.py:30	out-of-scope	ticket_plan.yaml:648-658	none mapped	unrepresented	out_of_scope_lexical_inventory		INFERRED exact-path scope; source not read
1087	lexical hit not semantically classified: This is the honest failure mode for case execution and it is raised, never	specs/.history/effect-provider-epic/ticket-002-EP-03/snapshots/current/adapter_case_runtime.py:117	out-of-scope	ticket_plan.yaml:648-658	none mapped	unrepresented	out_of_scope_lexical_inventory		INFERRED exact-path scope; source not read
1088	"lexical hit not semantically classified: raise BeforeStateUnreachable(f""setup_phase {phase} is outside the modelled pipeline"")"	specs/.history/effect-provider-epic/ticket-002-EP-03/snapshots/current/adapter_case_runtime.py:142	out-of-scope	ticket_plan.yaml:648-658	none mapped	unrepresented	out_of_scope_lexical_inventory		INFERRED exact-path scope; source not read
1089	"lexical hit not semantically classified: raise BeforeStateUnreachable(f""no replay defined for {step}"")"	specs/.history/effect-provider-epic/ticket-002-EP-03/snapshots/current/adapter_case_runtime.py:175	out-of-scope	ticket_plan.yaml:648-658	none mapped	unrepresented	out_of_scope_lexical_inventory		INFERRED exact-path scope; source not read
1090	lexical hit not semantically classified: raise BeforeStateUnreachable(	specs/.history/effect-provider-epic/ticket-002-EP-03/snapshots/current/adapter_case_runtime.py:184	out-of-scope	ticket_plan.yaml:648-658	none mapped	unrepresented	out_of_scope_lexical_inventory		INFERRED exact-path scope; source not read
1091	"lexical hit not semantically classified: raise BeforeStateUnreachable(f""cannot record budgets before scaffold project: {manifest} missing"")"	specs/.history/effect-provider-epic/ticket-002-EP-03/snapshots/current/adapter_case_runtime.py:208	out-of-scope	ticket_plan.yaml:648-658	none mapped	unrepresented	out_of_scope_lexical_inventory		INFERRED exact-path scope; source not read
1092	"lexical hit not semantically classified: raise AssertionError(f""{getattr(case, 'name')}: projected after-state disagrees with the model -- {detail}"")"	specs/.history/effect-provider-epic/ticket-002-EP-03/snapshots/current/adapter_case_runtime.py:335	out-of-scope	ticket_plan.yaml:648-658	none mapped	unrepresented	out_of_scope_lexical_inventory		INFERRED exact-path scope; source not read
1093	"lexical hit not semantically classified: raise BeforeStateUnreachable(f""ticket plan missing at {plan_path}; workflow was not scaffolded"")"	specs/.history/effect-provider-epic/ticket-002-EP-03/snapshots/current/adapter_case_runtime.py:351	out-of-scope	ticket_plan.yaml:648-658	none mapped	unrepresented	out_of_scope_lexical_inventory		INFERRED exact-path scope; source not read
1094	"lexical hit not semantically classified: raise BeforeStateUnreachable(f""ticket {ticket!r} has no {tree} model to mark ready"")"	specs/.history/effect-provider-epic/ticket-002-EP-03/snapshots/current/adapter_case_runtime.py:381	out-of-scope	ticket_plan.yaml:648-658	none mapped	unrepresented	out_of_scope_lexical_inventory		INFERRED exact-path scope; source not read
1095	lexical hit not semantically classified: raise BeforeStateUnreachable(	specs/.history/effect-provider-epic/ticket-002-EP-03/snapshots/current/adapter_case_runtime.py:413	out-of-scope	ticket_plan.yaml:648-658	none mapped	unrepresented	out_of_scope_lexical_inventory		INFERRED exact-path scope; source not read
1096	lexical hit not semantically classified: raise BeforeStateUnreachable(	specs/.history/effect-provider-epic/ticket-002-EP-03/snapshots/current/adapter_case_runtime.py:423	out-of-scope	ticket_plan.yaml:648-658	none mapped	unrepresented	out_of_scope_lexical_inventory		INFERRED exact-path scope; source not read
1097	lexical hit not semantically classified: raise BeforeStateUnreachable(	specs/.history/effect-provider-epic/ticket-002-EP-03/snapshots/current/adapter_case_runtime.py:433	out-of-scope	ticket_plan.yaml:648-658	none mapped	unrepresented	out_of_scope_lexical_inventory		INFERRED exact-path scope; source not read
1098	lexical hit not semantically classified: def recover_ticket_except_index(case: object) -> str:	specs/.history/effect-provider-epic/ticket-002-EP-03/snapshots/current/adapter_case_runtime.py:480	out-of-scope	ticket_plan.yaml:648-658	none mapped	unrepresented	out_of_scope_lexical_inventory		INFERRED exact-path scope; source not read
1099	"lexical hit not semantically classified: """"""MF-029 except-index recovery of the `ticket` argument."	specs/.history/effect-provider-epic/ticket-002-EP-03/snapshots/current/adapter_case_runtime.py:481	out-of-scope	ticket_plan.yaml:648-658	none mapped	unrepresented	out_of_scope_lexical_inventory		INFERRED exact-path scope; source not read
1100	lexical hit not semantically classified: raise BeforeStateUnreachable(	specs/.history/effect-provider-epic/ticket-002-EP-03/snapshots/current/adapter_case_runtime.py:496	out-of-scope	ticket_plan.yaml:648-658	none mapped	unrepresented	out_of_scope_lexical_inventory		INFERRED exact-path scope; source not read
1101	lexical hit not semantically classified: recover_ticket_except_index,	specs/.history/effect-provider-epic/ticket-002-EP-03/snapshots/current/production_adapters.py:43	out-of-scope	ticket_plan.yaml:648-658	none mapped	unrepresented	out_of_scope_lexical_inventory		INFERRED exact-path scope; source not read
1102	lexical hit not semantically classified: 2. recovers the `ticket` argument by MF-029 except-index on `ticket_state`;	specs/.history/effect-provider-epic/ticket-002-EP-03/snapshots/current/production_adapters.py:62	out-of-scope	ticket_plan.yaml:648-658	none mapped	unrepresented	out_of_scope_lexical_inventory		INFERRED exact-path scope; source not read
1103	lexical hit not semantically classified: try:	specs/.history/effect-provider-epic/ticket-002-EP-03/snapshots/current/production_adapters.py:90	out-of-scope	ticket_plan.yaml:648-658	none mapped	unrepresented	out_of_scope_lexical_inventory		INFERRED exact-path scope; source not read
1104	lexical hit not semantically classified: ticket = recover_ticket_except_index(case)	specs/.history/effect-provider-epic/ticket-002-EP-03/snapshots/current/production_adapters.py:91	out-of-scope	ticket_plan.yaml:648-658	none mapped	unrepresented	out_of_scope_lexical_inventory		INFERRED exact-path scope; source not read
1105	lexical hit not semantically classified: except BeforeStateUnreachable as exc:	specs/.history/effect-provider-epic/ticket-002-EP-03/snapshots/current/production_adapters.py:92	out-of-scope	ticket_plan.yaml:648-658	none mapped	unrepresented	out_of_scope_lexical_inventory		INFERRED exact-path scope; source not read
1106	lexical hit not semantically classified: ticket = recover_ticket_except_index(case)	specs/.history/effect-provider-epic/ticket-002-EP-03/snapshots/current/production_adapters.py:109	out-of-scope	ticket_plan.yaml:648-658	none mapped	unrepresented	out_of_scope_lexical_inventory		INFERRED exact-path scope; source not read
1107	"lexical hit not semantically classified: raise AssertionError(f""{getattr(case, 'name')}: stutter changed state"")"	specs/.history/effect-provider-epic/ticket-002-EP-03/snapshots/current/production_adapters.py:184	out-of-scope	ticket_plan.yaml:648-658	none mapped	unrepresented	out_of_scope_lexical_inventory		INFERRED exact-path scope; source not read
1108	lexical hit not semantically classified: # recovered the same way UpdateTicket does it -- MF-029 except-index over the	specs/.history/effect-provider-epic/ticket-002-EP-03/snapshots/current/production_adapters.py:625	out-of-scope	ticket_plan.yaml:648-658	none mapped	unrepresented	out_of_scope_lexical_inventory		INFERRED exact-path scope; source not read
1109	lexical hit not semantically classified: try:	specs/.history/effect-provider-epic/ticket-002-EP-03/snapshots/current/production_adapters.py:636	out-of-scope	ticket_plan.yaml:648-658	none mapped	unrepresented	out_of_scope_lexical_inventory		INFERRED exact-path scope; source not read
1110	lexical hit not semantically classified: ticket = recover_ticket_except_index(case)	specs/.history/effect-provider-epic/ticket-002-EP-03/snapshots/current/production_adapters.py:637	out-of-scope	ticket_plan.yaml:648-658	none mapped	unrepresented	out_of_scope_lexical_inventory		INFERRED exact-path scope; source not read
1111	lexical hit not semantically classified: except BeforeStateUnreachable as exc:	specs/.history/effect-provider-epic/ticket-002-EP-03/snapshots/current/production_adapters.py:638	out-of-scope	ticket_plan.yaml:648-658	none mapped	unrepresented	out_of_scope_lexical_inventory		INFERRED exact-path scope; source not read
1112	lexical hit not semantically classified: ticket = recover_ticket_except_index(case)	specs/.history/effect-provider-epic/ticket-002-EP-03/snapshots/current/production_adapters.py:658	out-of-scope	ticket_plan.yaml:648-658	none mapped	unrepresented	out_of_scope_lexical_inventory		INFERRED exact-path scope; source not read
1113	"lexical hit not semantically classified: raise BeforeStateUnreachable(f""open ticket {ticket} failed: {opened.stderr[-600:]}"")"	specs/.history/effect-provider-epic/ticket-002-EP-03/snapshots/current/production_adapters.py:665	out-of-scope	ticket_plan.yaml:648-658	none mapped	unrepresented	out_of_scope_lexical_inventory		INFERRED exact-path scope; source not read
1114	"lexical hit not semantically classified: ""raised_cap_exit_code"": under.returncode,"	specs/.history/effect-provider-epic/ticket-002-EP-03/snapshots/current/production_adapters.py:1541	out-of-scope	ticket_plan.yaml:648-658	none mapped	unrepresented	out_of_scope_lexical_inventory		INFERRED exact-path scope; source not read
1115	"lexical hit not semantically classified: ""cap_raise_accept_path_offered"": accept_path,"	specs/.history/effect-provider-epic/ticket-002-EP-03/snapshots/current/production_adapters.py:1549	out-of-scope	ticket_plan.yaml:648-658	none mapped	unrepresented	out_of_scope_lexical_inventory		INFERRED exact-path scope; source not read
1116	lexical hit not semantically classified: `justification_does_not_change_the_verdict`: two fixtures identical except	specs/.history/effect-provider-epic/ticket-002-EP-03/snapshots/current/production_adapters.py:1565	out-of-scope	ticket_plan.yaml:648-658	none mapped	unrepresented	out_of_scope_lexical_inventory		INFERRED exact-path scope; source not read
1117	lexical hit not semantically classified: 3. `waiver_does_not_change_the_verdict` -- two catalogs identical except	specs/.history/effect-provider-epic/ticket-002-EP-03/snapshots/current/production_adapters.py:1663	out-of-scope	ticket_plan.yaml:648-658	none mapped	unrepresented	out_of_scope_lexical_inventory		INFERRED exact-path scope; source not read
1118	"lexical hit not semantically classified: raise AssertionError(""current spec_manifest.yaml has no status.active_ticket"")"	specs/.history/effect-provider-epic/ticket-002-EP-03/snapshots/current/tests/test_current_ticket_workflow.py:11	out-of-scope	ticket_plan.yaml:648-658	none mapped	unrepresented	out_of_scope_lexical_inventory		INFERRED exact-path scope; source not read
1119	lexical hit not semantically classified: with pytest.raises(AssertionError):	specs/.history/effect-provider-epic/ticket-002-EP-03/snapshots/current/tests/test_tla_spec_dev_case_execution_run.py:109	out-of-scope	ticket_plan.yaml:648-658	none mapped	unrepresented	out_of_scope_lexical_inventory		INFERRED exact-path scope; source not read
1120	lexical hit not semantically classified: with pytest.raises(AssertionError):	specs/.history/effect-provider-epic/ticket-002-EP-03/snapshots/current/tests/test_tla_spec_dev_case_execution_run.py:131	out-of-scope	ticket_plan.yaml:648-658	none mapped	unrepresented	out_of_scope_lexical_inventory		INFERRED exact-path scope; source not read
1121	lexical hit not semantically classified: with pytest.raises(AssertionError):	specs/.history/effect-provider-epic/ticket-002-EP-03/snapshots/current/tests/test_tla_spec_dev_case_execution_run.py:153	out-of-scope	ticket_plan.yaml:648-658	none mapped	unrepresented	out_of_scope_lexical_inventory		INFERRED exact-path scope; source not read
1122	lexical hit not semantically classified: with pytest.raises(AssertionError):	specs/.history/effect-provider-epic/ticket-002-EP-03/snapshots/current/tests/test_tla_spec_dev_case_execution_run.py:178	out-of-scope	ticket_plan.yaml:648-658	none mapped	unrepresented	out_of_scope_lexical_inventory		INFERRED exact-path scope; source not read
1123	lexical hit not semantically classified: # except-index recovery succeeds and the stage guard is what rejects it.	specs/.history/effect-provider-epic/ticket-002-EP-03/snapshots/current/tests/test_tla_spec_dev_case_execution_run.py:187	out-of-scope	ticket_plan.yaml:648-658	none mapped	unrepresented	out_of_scope_lexical_inventory		INFERRED exact-path scope; source not read
1124	"lexical hit not semantically classified: assert result[""raised_cap_exit_code""] == 0, result[""stderr""]"	specs/.history/effect-provider-epic/ticket-002-EP-03/snapshots/current/tests/test_tla_spec_dev_corpus_adapter.py:34	out-of-scope	ticket_plan.yaml:648-658	none mapped	unrepresented	out_of_scope_lexical_inventory		INFERRED exact-path scope; source not read
1125	"lexical hit not semantically classified: assert result[""cap_raise_accept_path_offered""] is True"	specs/.history/effect-provider-epic/ticket-002-EP-03/snapshots/current/tests/test_tla_spec_dev_corpus_adapter.py:61	out-of-scope	ticket_plan.yaml:648-658	none mapped	unrepresented	out_of_scope_lexical_inventory		INFERRED exact-path scope; source not read
1126	lexical hit not semantically classified: directories identical except that one carries a recorded justification produce	specs/.history/effect-provider-epic/ticket-002-EP-03/snapshots/current/tests/test_tla_spec_dev_effect_conformance_adapter.py:10	out-of-scope	ticket_plan.yaml:648-658	none mapped	unrepresented	out_of_scope_lexical_inventory		INFERRED exact-path scope; source not read
1127	lexical hit not semantically classified: with pytest.raises(AssertionError):	specs/.history/effect-provider-epic/ticket-002-EP-03/snapshots/current/tests/test_tla_spec_dev_update_ticket_adapter.py:108	out-of-scope	ticket_plan.yaml:648-658	none mapped	unrepresented	out_of_scope_lexical_inventory		INFERRED exact-path scope; source not read
1128	lexical hit not semantically classified: with pytest.raises(AssertionError):	specs/.history/effect-provider-epic/ticket-002-EP-03/snapshots/current/tests/test_tla_spec_dev_update_ticket_adapter.py:116	out-of-scope	ticket_plan.yaml:648-658	none mapped	unrepresented	out_of_scope_lexical_inventory		INFERRED exact-path scope; source not read
1129	lexical hit not semantically classified: with pytest.raises((AssertionError, pa.BeforeStateUnreachable)):	specs/.history/effect-provider-epic/ticket-002-EP-03/snapshots/current/tests/test_tla_spec_dev_update_ticket_adapter.py:126	out-of-scope	ticket_plan.yaml:648-658	none mapped	unrepresented	out_of_scope_lexical_inventory		INFERRED exact-path scope; source not read
1130	"lexical hit not semantically classified: raise RuntimeError(""could not locate tla-spec-dev repository root"")"	specs/.history/effect-provider-epic/ticket-002-EP-03/snapshots/desired_program_model/production_adapters.py:15	out-of-scope	ticket_plan.yaml:648-658	none mapped	unrepresented	out_of_scope_lexical_inventory		INFERRED exact-path scope; source not read
1131	"lexical hit not semantically classified: raise RuntimeError(""could not locate tla-spec-dev repository root"")"	specs/.history/effect-provider-epic/ticket-002-EP-03/snapshots/program_model/production_adapters.py:15	out-of-scope	ticket_plan.yaml:648-658	none mapped	unrepresented	out_of_scope_lexical_inventory		INFERRED exact-path scope; source not read
1132	"lexical hit not semantically classified: raise RuntimeError(""could not locate tla-spec-dev repository root"")"	specs/.history/effect-provider-epic/ticket-002-EP-03/ticket/current/adapter_case_runtime.py:30	out-of-scope	ticket_plan.yaml:648-658	none mapped	unrepresented	out_of_scope_lexical_inventory		INFERRED exact-path scope; source not read
1133	lexical hit not semantically classified: This is the honest failure mode for case execution and it is raised, never	specs/.history/effect-provider-epic/ticket-002-EP-03/ticket/current/adapter_case_runtime.py:117	out-of-scope	ticket_plan.yaml:648-658	none mapped	unrepresented	out_of_scope_lexical_inventory		INFERRED exact-path scope; source not read
1134	"lexical hit not semantically classified: raise BeforeStateUnreachable(f""setup_phase {phase} is outside the modelled pipeline"")"	specs/.history/effect-provider-epic/ticket-002-EP-03/ticket/current/adapter_case_runtime.py:142	out-of-scope	ticket_plan.yaml:648-658	none mapped	unrepresented	out_of_scope_lexical_inventory		INFERRED exact-path scope; source not read
1135	"lexical hit not semantically classified: raise BeforeStateUnreachable(f""no replay defined for {step}"")"	specs/.history/effect-provider-epic/ticket-002-EP-03/ticket/current/adapter_case_runtime.py:175	out-of-scope	ticket_plan.yaml:648-658	none mapped	unrepresented	out_of_scope_lexical_inventory		INFERRED exact-path scope; source not read
1136	lexical hit not semantically classified: raise BeforeStateUnreachable(	specs/.history/effect-provider-epic/ticket-002-EP-03/ticket/current/adapter_case_runtime.py:184	out-of-scope	ticket_plan.yaml:648-658	none mapped	unrepresented	out_of_scope_lexical_inventory		INFERRED exact-path scope; source not read
1137	"lexical hit not semantically classified: raise BeforeStateUnreachable(f""cannot record budgets before scaffold project: {manifest} missing"")"	specs/.history/effect-provider-epic/ticket-002-EP-03/ticket/current/adapter_case_runtime.py:208	out-of-scope	ticket_plan.yaml:648-658	none mapped	unrepresented	out_of_scope_lexical_inventory		INFERRED exact-path scope; source not read
1138	"lexical hit not semantically classified: raise AssertionError(f""{getattr(case, 'name')}: projected after-state disagrees with the model -- {detail}"")"	specs/.history/effect-provider-epic/ticket-002-EP-03/ticket/current/adapter_case_runtime.py:335	out-of-scope	ticket_plan.yaml:648-658	none mapped	unrepresented	out_of_scope_lexical_inventory		INFERRED exact-path scope; source not read
1139	"lexical hit not semantically classified: raise BeforeStateUnreachable(f""ticket plan missing at {plan_path}; workflow was not scaffolded"")"	specs/.history/effect-provider-epic/ticket-002-EP-03/ticket/current/adapter_case_runtime.py:351	out-of-scope	ticket_plan.yaml:648-658	none mapped	unrepresented	out_of_scope_lexical_inventory		INFERRED exact-path scope; source not read
1140	"lexical hit not semantically classified: raise BeforeStateUnreachable(f""ticket {ticket!r} has no {tree} model to mark ready"")"	specs/.history/effect-provider-epic/ticket-002-EP-03/ticket/current/adapter_case_runtime.py:381	out-of-scope	ticket_plan.yaml:648-658	none mapped	unrepresented	out_of_scope_lexical_inventory		INFERRED exact-path scope; source not read
1141	lexical hit not semantically classified: raise BeforeStateUnreachable(	specs/.history/effect-provider-epic/ticket-002-EP-03/ticket/current/adapter_case_runtime.py:413	out-of-scope	ticket_plan.yaml:648-658	none mapped	unrepresented	out_of_scope_lexical_inventory		INFERRED exact-path scope; source not read
1142	lexical hit not semantically classified: raise BeforeStateUnreachable(	specs/.history/effect-provider-epic/ticket-002-EP-03/ticket/current/adapter_case_runtime.py:423	out-of-scope	ticket_plan.yaml:648-658	none mapped	unrepresented	out_of_scope_lexical_inventory		INFERRED exact-path scope; source not read
1143	lexical hit not semantically classified: raise BeforeStateUnreachable(	specs/.history/effect-provider-epic/ticket-002-EP-03/ticket/current/adapter_case_runtime.py:433	out-of-scope	ticket_plan.yaml:648-658	none mapped	unrepresented	out_of_scope_lexical_inventory		INFERRED exact-path scope; source not read
1144	lexical hit not semantically classified: def recover_ticket_except_index(case: object) -> str:	specs/.history/effect-provider-epic/ticket-002-EP-03/ticket/current/adapter_case_runtime.py:480	out-of-scope	ticket_plan.yaml:648-658	none mapped	unrepresented	out_of_scope_lexical_inventory		INFERRED exact-path scope; source not read
1145	"lexical hit not semantically classified: """"""MF-029 except-index recovery of the `ticket` argument."	specs/.history/effect-provider-epic/ticket-002-EP-03/ticket/current/adapter_case_runtime.py:481	out-of-scope	ticket_plan.yaml:648-658	none mapped	unrepresented	out_of_scope_lexical_inventory		INFERRED exact-path scope; source not read
1146	lexical hit not semantically classified: raise BeforeStateUnreachable(	specs/.history/effect-provider-epic/ticket-002-EP-03/ticket/current/adapter_case_runtime.py:496	out-of-scope	ticket_plan.yaml:648-658	none mapped	unrepresented	out_of_scope_lexical_inventory		INFERRED exact-path scope; source not read
1147	lexical hit not semantically classified: recover_ticket_except_index,	specs/.history/effect-provider-epic/ticket-002-EP-03/ticket/current/production_adapters.py:43	out-of-scope	ticket_plan.yaml:648-658	none mapped	unrepresented	out_of_scope_lexical_inventory		INFERRED exact-path scope; source not read
1148	lexical hit not semantically classified: 2. recovers the `ticket` argument by MF-029 except-index on `ticket_state`;	specs/.history/effect-provider-epic/ticket-002-EP-03/ticket/current/production_adapters.py:62	out-of-scope	ticket_plan.yaml:648-658	none mapped	unrepresented	out_of_scope_lexical_inventory		INFERRED exact-path scope; source not read
1149	lexical hit not semantically classified: try:	specs/.history/effect-provider-epic/ticket-002-EP-03/ticket/current/production_adapters.py:90	out-of-scope	ticket_plan.yaml:648-658	none mapped	unrepresented	out_of_scope_lexical_inventory		INFERRED exact-path scope; source not read
1150	lexical hit not semantically classified: ticket = recover_ticket_except_index(case)	specs/.history/effect-provider-epic/ticket-002-EP-03/ticket/current/production_adapters.py:91	out-of-scope	ticket_plan.yaml:648-658	none mapped	unrepresented	out_of_scope_lexical_inventory		INFERRED exact-path scope; source not read
1151	lexical hit not semantically classified: except BeforeStateUnreachable as exc:	specs/.history/effect-provider-epic/ticket-002-EP-03/ticket/current/production_adapters.py:92	out-of-scope	ticket_plan.yaml:648-658	none mapped	unrepresented	out_of_scope_lexical_inventory		INFERRED exact-path scope; source not read
1152	lexical hit not semantically classified: ticket = recover_ticket_except_index(case)	specs/.history/effect-provider-epic/ticket-002-EP-03/ticket/current/production_adapters.py:109	out-of-scope	ticket_plan.yaml:648-658	none mapped	unrepresented	out_of_scope_lexical_inventory		INFERRED exact-path scope; source not read
1153	"lexical hit not semantically classified: raise AssertionError(f""{getattr(case, 'name')}: stutter changed state"")"	specs/.history/effect-provider-epic/ticket-002-EP-03/ticket/current/production_adapters.py:184	out-of-scope	ticket_plan.yaml:648-658	none mapped	unrepresented	out_of_scope_lexical_inventory		INFERRED exact-path scope; source not read
1154	lexical hit not semantically classified: # recovered the same way UpdateTicket does it -- MF-029 except-index over the	specs/.history/effect-provider-epic/ticket-002-EP-03/ticket/current/production_adapters.py:625	out-of-scope	ticket_plan.yaml:648-658	none mapped	unrepresented	out_of_scope_lexical_inventory		INFERRED exact-path scope; source not read
1155	lexical hit not semantically classified: try:	specs/.history/effect-provider-epic/ticket-002-EP-03/ticket/current/production_adapters.py:636	out-of-scope	ticket_plan.yaml:648-658	none mapped	unrepresented	out_of_scope_lexical_inventory		INFERRED exact-path scope; source not read
1156	lexical hit not semantically classified: ticket = recover_ticket_except_index(case)	specs/.history/effect-provider-epic/ticket-002-EP-03/ticket/current/production_adapters.py:637	out-of-scope	ticket_plan.yaml:648-658	none mapped	unrepresented	out_of_scope_lexical_inventory		INFERRED exact-path scope; source not read
1157	lexical hit not semantically classified: except BeforeStateUnreachable as exc:	specs/.history/effect-provider-epic/ticket-002-EP-03/ticket/current/production_adapters.py:638	out-of-scope	ticket_plan.yaml:648-658	none mapped	unrepresented	out_of_scope_lexical_inventory		INFERRED exact-path scope; source not read
1158	lexical hit not semantically classified: ticket = recover_ticket_except_index(case)	specs/.history/effect-provider-epic/ticket-002-EP-03/ticket/current/production_adapters.py:658	out-of-scope	ticket_plan.yaml:648-658	none mapped	unrepresented	out_of_scope_lexical_inventory		INFERRED exact-path scope; source not read
1159	"lexical hit not semantically classified: raise BeforeStateUnreachable(f""open ticket {ticket} failed: {opened.stderr[-600:]}"")"	specs/.history/effect-provider-epic/ticket-002-EP-03/ticket/current/production_adapters.py:665	out-of-scope	ticket_plan.yaml:648-658	none mapped	unrepresented	out_of_scope_lexical_inventory		INFERRED exact-path scope; source not read
1160	"lexical hit not semantically classified: ""raised_cap_exit_code"": under.returncode,"	specs/.history/effect-provider-epic/ticket-002-EP-03/ticket/current/production_adapters.py:1541	out-of-scope	ticket_plan.yaml:648-658	none mapped	unrepresented	out_of_scope_lexical_inventory		INFERRED exact-path scope; source not read
1161	"lexical hit not semantically classified: ""cap_raise_accept_path_offered"": accept_path,"	specs/.history/effect-provider-epic/ticket-002-EP-03/ticket/current/production_adapters.py:1549	out-of-scope	ticket_plan.yaml:648-658	none mapped	unrepresented	out_of_scope_lexical_inventory		INFERRED exact-path scope; source not read
1162	lexical hit not semantically classified: `justification_does_not_change_the_verdict`: two fixtures identical except	specs/.history/effect-provider-epic/ticket-002-EP-03/ticket/current/production_adapters.py:1565	out-of-scope	ticket_plan.yaml:648-658	none mapped	unrepresented	out_of_scope_lexical_inventory		INFERRED exact-path scope; source not read
1163	lexical hit not semantically classified: 3. `waiver_does_not_change_the_verdict` -- two catalogs identical except	specs/.history/effect-provider-epic/ticket-002-EP-03/ticket/current/production_adapters.py:1663	out-of-scope	ticket_plan.yaml:648-658	none mapped	unrepresented	out_of_scope_lexical_inventory		INFERRED exact-path scope; source not read
1164	lexical hit not semantically classified: with pytest.raises(AssertionError):	specs/.history/effect-provider-epic/ticket-002-EP-03/ticket/current/tests/test_tla_spec_dev_case_execution_run.py:109	out-of-scope	ticket_plan.yaml:648-658	none mapped	unrepresented	out_of_scope_lexical_inventory		INFERRED exact-path scope; source not read
1165	lexical hit not semantically classified: with pytest.raises(AssertionError):	specs/.history/effect-provider-epic/ticket-002-EP-03/ticket/current/tests/test_tla_spec_dev_case_execution_run.py:131	out-of-scope	ticket_plan.yaml:648-658	none mapped	unrepresented	out_of_scope_lexical_inventory		INFERRED exact-path scope; source not read
1166	lexical hit not semantically classified: with pytest.raises(AssertionError):	specs/.history/effect-provider-epic/ticket-002-EP-03/ticket/current/tests/test_tla_spec_dev_case_execution_run.py:153	out-of-scope	ticket_plan.yaml:648-658	none mapped	unrepresented	out_of_scope_lexical_inventory		INFERRED exact-path scope; source not read
1167	lexical hit not semantically classified: with pytest.raises(AssertionError):	specs/.history/effect-provider-epic/ticket-002-EP-03/ticket/current/tests/test_tla_spec_dev_case_execution_run.py:178	out-of-scope	ticket_plan.yaml:648-658	none mapped	unrepresented	out_of_scope_lexical_inventory		INFERRED exact-path scope; source not read
1168	lexical hit not semantically classified: # except-index recovery succeeds and the stage guard is what rejects it.	specs/.history/effect-provider-epic/ticket-002-EP-03/ticket/current/tests/test_tla_spec_dev_case_execution_run.py:187	out-of-scope	ticket_plan.yaml:648-658	none mapped	unrepresented	out_of_scope_lexical_inventory		INFERRED exact-path scope; source not read
1169	"lexical hit not semantically classified: assert result[""raised_cap_exit_code""] == 0, result[""stderr""]"	specs/.history/effect-provider-epic/ticket-002-EP-03/ticket/current/tests/test_tla_spec_dev_corpus_adapter.py:34	out-of-scope	ticket_plan.yaml:648-658	none mapped	unrepresented	out_of_scope_lexical_inventory		INFERRED exact-path scope; source not read
1170	"lexical hit not semantically classified: assert result[""cap_raise_accept_path_offered""] is True"	specs/.history/effect-provider-epic/ticket-002-EP-03/ticket/current/tests/test_tla_spec_dev_corpus_adapter.py:61	out-of-scope	ticket_plan.yaml:648-658	none mapped	unrepresented	out_of_scope_lexical_inventory		INFERRED exact-path scope; source not read
1171	lexical hit not semantically classified: directories identical except that one carries a recorded justification produce	specs/.history/effect-provider-epic/ticket-002-EP-03/ticket/current/tests/test_tla_spec_dev_effect_conformance_adapter.py:10	out-of-scope	ticket_plan.yaml:648-658	none mapped	unrepresented	out_of_scope_lexical_inventory		INFERRED exact-path scope; source not read
1172	lexical hit not semantically classified: with pytest.raises(AssertionError):	specs/.history/effect-provider-epic/ticket-002-EP-03/ticket/current/tests/test_tla_spec_dev_update_ticket_adapter.py:108	out-of-scope	ticket_plan.yaml:648-658	none mapped	unrepresented	out_of_scope_lexical_inventory		INFERRED exact-path scope; source not read
1173	lexical hit not semantically classified: with pytest.raises(AssertionError):	specs/.history/effect-provider-epic/ticket-002-EP-03/ticket/current/tests/test_tla_spec_dev_update_ticket_adapter.py:116	out-of-scope	ticket_plan.yaml:648-658	none mapped	unrepresented	out_of_scope_lexical_inventory		INFERRED exact-path scope; source not read
1174	lexical hit not semantically classified: with pytest.raises((AssertionError, pa.BeforeStateUnreachable)):	specs/.history/effect-provider-epic/ticket-002-EP-03/ticket/current/tests/test_tla_spec_dev_update_ticket_adapter.py:126	out-of-scope	ticket_plan.yaml:648-658	none mapped	unrepresented	out_of_scope_lexical_inventory		INFERRED exact-path scope; source not read
1175	"lexical hit not semantically classified: raise RuntimeError(""could not locate tla-spec-dev repository root"")"	specs/.history/effect-provider-epic/ticket-002-EP-03/ticket/desired/adapter_case_runtime.py:30	out-of-scope	ticket_plan.yaml:648-658	none mapped	unrepresented	out_of_scope_lexical_inventory		INFERRED exact-path scope; source not read
1176	lexical hit not semantically classified: This is the honest failure mode for case execution and it is raised, never	specs/.history/effect-provider-epic/ticket-002-EP-03/ticket/desired/adapter_case_runtime.py:117	out-of-scope	ticket_plan.yaml:648-658	none mapped	unrepresented	out_of_scope_lexical_inventory		INFERRED exact-path scope; source not read
1177	"lexical hit not semantically classified: raise BeforeStateUnreachable(f""setup_phase {phase} is outside the modelled pipeline"")"	specs/.history/effect-provider-epic/ticket-002-EP-03/ticket/desired/adapter_case_runtime.py:142	out-of-scope	ticket_plan.yaml:648-658	none mapped	unrepresented	out_of_scope_lexical_inventory		INFERRED exact-path scope; source not read
1178	"lexical hit not semantically classified: raise BeforeStateUnreachable(f""no replay defined for {step}"")"	specs/.history/effect-provider-epic/ticket-002-EP-03/ticket/desired/adapter_case_runtime.py:175	out-of-scope	ticket_plan.yaml:648-658	none mapped	unrepresented	out_of_scope_lexical_inventory		INFERRED exact-path scope; source not read
1179	lexical hit not semantically classified: raise BeforeStateUnreachable(	specs/.history/effect-provider-epic/ticket-002-EP-03/ticket/desired/adapter_case_runtime.py:184	out-of-scope	ticket_plan.yaml:648-658	none mapped	unrepresented	out_of_scope_lexical_inventory		INFERRED exact-path scope; source not read
1180	"lexical hit not semantically classified: raise BeforeStateUnreachable(f""cannot record budgets before scaffold project: {manifest} missing"")"	specs/.history/effect-provider-epic/ticket-002-EP-03/ticket/desired/adapter_case_runtime.py:208	out-of-scope	ticket_plan.yaml:648-658	none mapped	unrepresented	out_of_scope_lexical_inventory		INFERRED exact-path scope; source not read
1181	"lexical hit not semantically classified: raise AssertionError(f""{getattr(case, 'name')}: projected after-state disagrees with the model -- {detail}"")"	specs/.history/effect-provider-epic/ticket-002-EP-03/ticket/desired/adapter_case_runtime.py:335	out-of-scope	ticket_plan.yaml:648-658	none mapped	unrepresented	out_of_scope_lexical_inventory		INFERRED exact-path scope; source not read
1182	"lexical hit not semantically classified: raise BeforeStateUnreachable(f""ticket plan missing at {plan_path}; workflow was not scaffolded"")"	specs/.history/effect-provider-epic/ticket-002-EP-03/ticket/desired/adapter_case_runtime.py:351	out-of-scope	ticket_plan.yaml:648-658	none mapped	unrepresented	out_of_scope_lexical_inventory		INFERRED exact-path scope; source not read
1183	"lexical hit not semantically classified: raise BeforeStateUnreachable(f""ticket {ticket!r} has no {tree} model to mark ready"")"	specs/.history/effect-provider-epic/ticket-002-EP-03/ticket/desired/adapter_case_runtime.py:381	out-of-scope	ticket_plan.yaml:648-658	none mapped	unrepresented	out_of_scope_lexical_inventory		INFERRED exact-path scope; source not read
1184	lexical hit not semantically classified: raise BeforeStateUnreachable(	specs/.history/effect-provider-epic/ticket-002-EP-03/ticket/desired/adapter_case_runtime.py:413	out-of-scope	ticket_plan.yaml:648-658	none mapped	unrepresented	out_of_scope_lexical_inventory		INFERRED exact-path scope; source not read
1185	lexical hit not semantically classified: raise BeforeStateUnreachable(	specs/.history/effect-provider-epic/ticket-002-EP-03/ticket/desired/adapter_case_runtime.py:423	out-of-scope	ticket_plan.yaml:648-658	none mapped	unrepresented	out_of_scope_lexical_inventory		INFERRED exact-path scope; source not read
1186	lexical hit not semantically classified: raise BeforeStateUnreachable(	specs/.history/effect-provider-epic/ticket-002-EP-03/ticket/desired/adapter_case_runtime.py:433	out-of-scope	ticket_plan.yaml:648-658	none mapped	unrepresented	out_of_scope_lexical_inventory		INFERRED exact-path scope; source not read
1187	lexical hit not semantically classified: def recover_ticket_except_index(case: object) -> str:	specs/.history/effect-provider-epic/ticket-002-EP-03/ticket/desired/adapter_case_runtime.py:480	out-of-scope	ticket_plan.yaml:648-658	none mapped	unrepresented	out_of_scope_lexical_inventory		INFERRED exact-path scope; source not read
1188	"lexical hit not semantically classified: """"""MF-029 except-index recovery of the `ticket` argument."	specs/.history/effect-provider-epic/ticket-002-EP-03/ticket/desired/adapter_case_runtime.py:481	out-of-scope	ticket_plan.yaml:648-658	none mapped	unrepresented	out_of_scope_lexical_inventory		INFERRED exact-path scope; source not read
1189	lexical hit not semantically classified: raise BeforeStateUnreachable(	specs/.history/effect-provider-epic/ticket-002-EP-03/ticket/desired/adapter_case_runtime.py:496	out-of-scope	ticket_plan.yaml:648-658	none mapped	unrepresented	out_of_scope_lexical_inventory		INFERRED exact-path scope; source not read
1190	lexical hit not semantically classified: recover_ticket_except_index,	specs/.history/effect-provider-epic/ticket-002-EP-03/ticket/desired/production_adapters.py:43	out-of-scope	ticket_plan.yaml:648-658	none mapped	unrepresented	out_of_scope_lexical_inventory		INFERRED exact-path scope; source not read
1191	lexical hit not semantically classified: 2. recovers the `ticket` argument by MF-029 except-index on `ticket_state`;	specs/.history/effect-provider-epic/ticket-002-EP-03/ticket/desired/production_adapters.py:62	out-of-scope	ticket_plan.yaml:648-658	none mapped	unrepresented	out_of_scope_lexical_inventory		INFERRED exact-path scope; source not read
1192	lexical hit not semantically classified: try:	specs/.history/effect-provider-epic/ticket-002-EP-03/ticket/desired/production_adapters.py:90	out-of-scope	ticket_plan.yaml:648-658	none mapped	unrepresented	out_of_scope_lexical_inventory		INFERRED exact-path scope; source not read
1193	lexical hit not semantically classified: ticket = recover_ticket_except_index(case)	specs/.history/effect-provider-epic/ticket-002-EP-03/ticket/desired/production_adapters.py:91	out-of-scope	ticket_plan.yaml:648-658	none mapped	unrepresented	out_of_scope_lexical_inventory		INFERRED exact-path scope; source not read
1194	lexical hit not semantically classified: except BeforeStateUnreachable as exc:	specs/.history/effect-provider-epic/ticket-002-EP-03/ticket/desired/production_adapters.py:92	out-of-scope	ticket_plan.yaml:648-658	none mapped	unrepresented	out_of_scope_lexical_inventory		INFERRED exact-path scope; source not read
1195	lexical hit not semantically classified: ticket = recover_ticket_except_index(case)	specs/.history/effect-provider-epic/ticket-002-EP-03/ticket/desired/production_adapters.py:109	out-of-scope	ticket_plan.yaml:648-658	none mapped	unrepresented	out_of_scope_lexical_inventory		INFERRED exact-path scope; source not read
1196	"lexical hit not semantically classified: raise AssertionError(f""{getattr(case, 'name')}: stutter changed state"")"	specs/.history/effect-provider-epic/ticket-002-EP-03/ticket/desired/production_adapters.py:184	out-of-scope	ticket_plan.yaml:648-658	none mapped	unrepresented	out_of_scope_lexical_inventory		INFERRED exact-path scope; source not read
1197	lexical hit not semantically classified: # recovered the same way UpdateTicket does it -- MF-029 except-index over the	specs/.history/effect-provider-epic/ticket-002-EP-03/ticket/desired/production_adapters.py:625	out-of-scope	ticket_plan.yaml:648-658	none mapped	unrepresented	out_of_scope_lexical_inventory		INFERRED exact-path scope; source not read
1198	lexical hit not semantically classified: try:	specs/.history/effect-provider-epic/ticket-002-EP-03/ticket/desired/production_adapters.py:636	out-of-scope	ticket_plan.yaml:648-658	none mapped	unrepresented	out_of_scope_lexical_inventory		INFERRED exact-path scope; source not read
1199	lexical hit not semantically classified: ticket = recover_ticket_except_index(case)	specs/.history/effect-provider-epic/ticket-002-EP-03/ticket/desired/production_adapters.py:637	out-of-scope	ticket_plan.yaml:648-658	none mapped	unrepresented	out_of_scope_lexical_inventory		INFERRED exact-path scope; source not read
1200	lexical hit not semantically classified: except BeforeStateUnreachable as exc:	specs/.history/effect-provider-epic/ticket-002-EP-03/ticket/desired/production_adapters.py:638	out-of-scope	ticket_plan.yaml:648-658	none mapped	unrepresented	out_of_scope_lexical_inventory		INFERRED exact-path scope; source not read
1201	lexical hit not semantically classified: ticket = recover_ticket_except_index(case)	specs/.history/effect-provider-epic/ticket-002-EP-03/ticket/desired/production_adapters.py:658	out-of-scope	ticket_plan.yaml:648-658	none mapped	unrepresented	out_of_scope_lexical_inventory		INFERRED exact-path scope; source not read
1202	"lexical hit not semantically classified: raise BeforeStateUnreachable(f""open ticket {ticket} failed: {opened.stderr[-600:]}"")"	specs/.history/effect-provider-epic/ticket-002-EP-03/ticket/desired/production_adapters.py:665	out-of-scope	ticket_plan.yaml:648-658	none mapped	unrepresented	out_of_scope_lexical_inventory		INFERRED exact-path scope; source not read
1203	"lexical hit not semantically classified: ""raised_cap_exit_code"": under.returncode,"	specs/.history/effect-provider-epic/ticket-002-EP-03/ticket/desired/production_adapters.py:1541	out-of-scope	ticket_plan.yaml:648-658	none mapped	unrepresented	out_of_scope_lexical_inventory		INFERRED exact-path scope; source not read
1204	"lexical hit not semantically classified: ""cap_raise_accept_path_offered"": accept_path,"	specs/.history/effect-provider-epic/ticket-002-EP-03/ticket/desired/production_adapters.py:1549	out-of-scope	ticket_plan.yaml:648-658	none mapped	unrepresented	out_of_scope_lexical_inventory		INFERRED exact-path scope; source not read
1205	lexical hit not semantically classified: `justification_does_not_change_the_verdict`: two fixtures identical except	specs/.history/effect-provider-epic/ticket-002-EP-03/ticket/desired/production_adapters.py:1565	out-of-scope	ticket_plan.yaml:648-658	none mapped	unrepresented	out_of_scope_lexical_inventory		INFERRED exact-path scope; source not read
1206	lexical hit not semantically classified: 3. `waiver_does_not_change_the_verdict` -- two catalogs identical except	specs/.history/effect-provider-epic/ticket-002-EP-03/ticket/desired/production_adapters.py:1663	out-of-scope	ticket_plan.yaml:648-658	none mapped	unrepresented	out_of_scope_lexical_inventory		INFERRED exact-path scope; source not read
1207	lexical hit not semantically classified: with pytest.raises(AssertionError):	specs/.history/effect-provider-epic/ticket-002-EP-03/ticket/desired/tests/test_tla_spec_dev_case_execution_run.py:109	out-of-scope	ticket_plan.yaml:648-658	none mapped	unrepresented	out_of_scope_lexical_inventory		INFERRED exact-path scope; source not read
1208	lexical hit not semantically classified: with pytest.raises(AssertionError):	specs/.history/effect-provider-epic/ticket-002-EP-03/ticket/desired/tests/test_tla_spec_dev_case_execution_run.py:131	out-of-scope	ticket_plan.yaml:648-658	none mapped	unrepresented	out_of_scope_lexical_inventory		INFERRED exact-path scope; source not read
1209	lexical hit not semantically classified: with pytest.raises(AssertionError):	specs/.history/effect-provider-epic/ticket-002-EP-03/ticket/desired/tests/test_tla_spec_dev_case_execution_run.py:153	out-of-scope	ticket_plan.yaml:648-658	none mapped	unrepresented	out_of_scope_lexical_inventory		INFERRED exact-path scope; source not read
1210	lexical hit not semantically classified: with pytest.raises(AssertionError):	specs/.history/effect-provider-epic/ticket-002-EP-03/ticket/desired/tests/test_tla_spec_dev_case_execution_run.py:178	out-of-scope	ticket_plan.yaml:648-658	none mapped	unrepresented	out_of_scope_lexical_inventory		INFERRED exact-path scope; source not read
1211	lexical hit not semantically classified: # except-index recovery succeeds and the stage guard is what rejects it.	specs/.history/effect-provider-epic/ticket-002-EP-03/ticket/desired/tests/test_tla_spec_dev_case_execution_run.py:187	out-of-scope	ticket_plan.yaml:648-658	none mapped	unrepresented	out_of_scope_lexical_inventory		INFERRED exact-path scope; source not read
1212	"lexical hit not semantically classified: assert result[""raised_cap_exit_code""] == 0, result[""stderr""]"	specs/.history/effect-provider-epic/ticket-002-EP-03/ticket/desired/tests/test_tla_spec_dev_corpus_adapter.py:34	out-of-scope	ticket_plan.yaml:648-658	none mapped	unrepresented	out_of_scope_lexical_inventory		INFERRED exact-path scope; source not read
1213	"lexical hit not semantically classified: assert result[""cap_raise_accept_path_offered""] is True"	specs/.history/effect-provider-epic/ticket-002-EP-03/ticket/desired/tests/test_tla_spec_dev_corpus_adapter.py:61	out-of-scope	ticket_plan.yaml:648-658	none mapped	unrepresented	out_of_scope_lexical_inventory		INFERRED exact-path scope; source not read
1214	lexical hit not semantically classified: directories identical except that one carries a recorded justification produce	specs/.history/effect-provider-epic/ticket-002-EP-03/ticket/desired/tests/test_tla_spec_dev_effect_conformance_adapter.py:10	out-of-scope	ticket_plan.yaml:648-658	none mapped	unrepresented	out_of_scope_lexical_inventory		INFERRED exact-path scope; source not read
1215	lexical hit not semantically classified: with pytest.raises(AssertionError):	specs/.history/effect-provider-epic/ticket-002-EP-03/ticket/desired/tests/test_tla_spec_dev_update_ticket_adapter.py:108	out-of-scope	ticket_plan.yaml:648-658	none mapped	unrepresented	out_of_scope_lexical_inventory		INFERRED exact-path scope; source not read
1216	lexical hit not semantically classified: with pytest.raises(AssertionError):	specs/.history/effect-provider-epic/ticket-002-EP-03/ticket/desired/tests/test_tla_spec_dev_update_ticket_adapter.py:116	out-of-scope	ticket_plan.yaml:648-658	none mapped	unrepresented	out_of_scope_lexical_inventory		INFERRED exact-path scope; source not read
1217	lexical hit not semantically classified: with pytest.raises((AssertionError, pa.BeforeStateUnreachable)):	specs/.history/effect-provider-epic/ticket-002-EP-03/ticket/desired/tests/test_tla_spec_dev_update_ticket_adapter.py:126	out-of-scope	ticket_plan.yaml:648-658	none mapped	unrepresented	out_of_scope_lexical_inventory		INFERRED exact-path scope; source not read
1218	lexical hit not semantically classified: private val registry: ExecutorRegistry,	specs/.history/modular-fuzzing-epic/ticket-000-MF-012/results/specWorkflow-20260718-153853-c3144c6b/cleanup-failure-probe-test-graph/build-logic/src/main/kotlin/com/hayden/testgraphsdk/exec/PlanExecutor.kt:30	out-of-scope	ticket_plan.yaml:648-658	none mapped	unrepresented	out_of_scope_lexical_inventory		INFERRED exact-path scope; source not read
1219	lexical hit not semantically classified: # you may not use this file except in compliance with the License.	specs/.history/modular-fuzzing-epic/ticket-000-MF-012/results/specWorkflow-20260718-153853-c3144c6b/cleanup-failure-probe-test-graph/gradlew:7	out-of-scope	ticket_plan.yaml:648-658	none mapped	unrepresented	out_of_scope_lexical_inventory		INFERRED exact-path scope; source not read
1220	lexical hit not semantically classified: * without wrapping the whole lambda in try/catch. Any exception that	specs/.history/modular-fuzzing-epic/ticket-000-MF-012/results/specWorkflow-20260718-153853-c3144c6b/cleanup-failure-probe-test-graph/sdk/java/src/main/java/com/hayden/testgraphsdk/sdk/NodeBody.java:8	out-of-scope	ticket_plan.yaml:648-658	none mapped	unrepresented	out_of_scope_lexical_inventory		INFERRED exact-path scope; source not read
1221	"lexical hit not semantically classified: * uniform — it never has to decide between ""exception escaped"" and"	specs/.history/modular-fuzzing-epic/ticket-000-MF-012/results/specWorkflow-20260718-153853-c3144c6b/cleanup-failure-probe-test-graph/sdk/java/src/main/java/com/hayden/testgraphsdk/sdk/Procs.java:29	out-of-scope	ticket_plan.yaml:648-658	none mapped	unrepresented	out_of_scope_lexical_inventory		INFERRED exact-path scope; source not read
1222	lexical hit not semantically classified: raise RuntimeError(	specs/.history/modular-fuzzing-epic/ticket-000-MF-012/results/specWorkflow-20260718-153853-c3144c6b/cleanup-failure-probe-test-graph/sdk/python/src/testgraphsdk/context.py:52	out-of-scope	ticket_plan.yaml:648-658	none mapped	unrepresented	out_of_scope_lexical_inventory		INFERRED exact-path scope; source not read
1223	"lexical hit not semantically classified: raise ValueError(f""invalid kind '{k}'; expected one of {sorted(VALID_KINDS)}"")"	specs/.history/modular-fuzzing-epic/ticket-000-MF-012/results/specWorkflow-20260718-153853-c3144c6b/cleanup-failure-probe-test-graph/sdk/python/src/testgraphsdk/node_spec.py:36	out-of-scope	ticket_plan.yaml:648-658	none mapped	unrepresented	out_of_scope_lexical_inventory		INFERRED exact-path scope; source not read
1224	lexical hit not semantically classified: Never raises on spawn failure: if :func:`subprocess.Popen` blows up	specs/.history/modular-fuzzing-epic/ticket-000-MF-012/results/specWorkflow-20260718-153853-c3144c6b/cleanup-failure-probe-test-graph/sdk/python/src/testgraphsdk/procs.py:9	out-of-scope	ticket_plan.yaml:648-658	none mapped	unrepresented	out_of_scope_lexical_inventory		INFERRED exact-path scope; source not read
1225	"lexical hit not semantically classified: between ""exception escaped"" and ""child exited non-zero""."	specs/.history/modular-fuzzing-epic/ticket-000-MF-012/results/specWorkflow-20260718-153853-c3144c6b/cleanup-failure-probe-test-graph/sdk/python/src/testgraphsdk/procs.py:13	out-of-scope	ticket_plan.yaml:648-658	none mapped	unrepresented	out_of_scope_lexical_inventory		INFERRED exact-path scope; source not read
1226	lexical hit not semantically classified: try:	specs/.history/modular-fuzzing-epic/ticket-000-MF-012/results/specWorkflow-20260718-153853-c3144c6b/cleanup-failure-probe-test-graph/sdk/python/src/testgraphsdk/procs.py:55	out-of-scope	ticket_plan.yaml:648-658	none mapped	unrepresented	out_of_scope_lexical_inventory		INFERRED exact-path scope; source not read
1227	lexical hit not semantically classified: except OSError as e:	specs/.history/modular-fuzzing-epic/ticket-000-MF-012/results/specWorkflow-20260718-153853-c3144c6b/cleanup-failure-probe-test-graph/sdk/python/src/testgraphsdk/procs.py:57	out-of-scope	ticket_plan.yaml:648-658	none mapped	unrepresented	out_of_scope_lexical_inventory		INFERRED exact-path scope; source not read
1228	lexical hit not semantically classified: try:	specs/.history/modular-fuzzing-epic/ticket-000-MF-012/results/specWorkflow-20260718-153853-c3144c6b/cleanup-failure-probe-test-graph/sdk/python/src/testgraphsdk/procs.py:66	out-of-scope	ticket_plan.yaml:648-658	none mapped	unrepresented	out_of_scope_lexical_inventory		INFERRED exact-path scope; source not read
1229	lexical hit not semantically classified: try:	specs/.history/modular-fuzzing-epic/ticket-000-MF-012/results/specWorkflow-20260718-153853-c3144c6b/cleanup-failure-probe-test-graph/sdk/python/src/testgraphsdk/procs.py:78	out-of-scope	ticket_plan.yaml:648-658	none mapped	unrepresented	out_of_scope_lexical_inventory		INFERRED exact-path scope; source not read
1230	lexical hit not semantically classified: except KeyboardInterrupt:	specs/.history/modular-fuzzing-epic/ticket-000-MF-012/results/specWorkflow-20260718-153853-c3144c6b/cleanup-failure-probe-test-graph/sdk/python/src/testgraphsdk/procs.py:80	out-of-scope	ticket_plan.yaml:648-658	none mapped	unrepresented	out_of_scope_lexical_inventory		INFERRED exact-path scope; source not read
1231	lexical hit not semantically classified: except (OSError, FileNotFoundError) as e:	specs/.history/modular-fuzzing-epic/ticket-000-MF-012/results/specWorkflow-20260718-153853-c3144c6b/cleanup-failure-probe-test-graph/sdk/python/src/testgraphsdk/procs.py:92	out-of-scope	ticket_plan.yaml:648-658	none mapped	unrepresented	out_of_scope_lexical_inventory		INFERRED exact-path scope; source not read
1232	lexical hit not semantically classified: try:	specs/.history/modular-fuzzing-epic/ticket-000-MF-012/results/specWorkflow-20260718-153853-c3144c6b/cleanup-failure-probe-test-graph/sdk/python/src/testgraphsdk/procs.py:121	out-of-scope	ticket_plan.yaml:648-658	none mapped	unrepresented	out_of_scope_lexical_inventory		INFERRED exact-path scope; source not read
1233	lexical hit not semantically classified: except ValueError:	specs/.history/modular-fuzzing-epic/ticket-000-MF-012/results/specWorkflow-20260718-153853-c3144c6b/cleanup-failure-probe-test-graph/sdk/python/src/testgraphsdk/procs.py:123	out-of-scope	ticket_plan.yaml:648-658	none mapped	unrepresented	out_of_scope_lexical_inventory		INFERRED exact-path scope; source not read
1234	lexical hit not semantically classified: populated ``error`` message — the helper never raises, so the node	specs/.history/modular-fuzzing-epic/ticket-000-MF-012/results/specWorkflow-20260718-153853-c3144c6b/cleanup-failure-probe-test-graph/sdk/python/src/testgraphsdk/result.py:46	out-of-scope	ticket_plan.yaml:648-658	none mapped	unrepresented	out_of_scope_lexical_inventory		INFERRED exact-path scope; source not read
1235	"lexical hit not semantically classified: error_stack="""".join(traceback.format_exception(exc)),"	specs/.history/modular-fuzzing-epic/ticket-000-MF-012/results/specWorkflow-20260718-153853-c3144c6b/cleanup-failure-probe-test-graph/sdk/python/src/testgraphsdk/result.py:121	out-of-scope	ticket_plan.yaml:648-658	none mapped	unrepresented	out_of_scope_lexical_inventory		INFERRED exact-path scope; source not read
1236	lexical hit not semantically classified: raise RuntimeError(	specs/.history/modular-fuzzing-epic/ticket-000-MF-012/results/specWorkflow-20260718-153853-c3144c6b/cleanup-failure-probe-test-graph/sdk/python/src/testgraphsdk/runner.py:43	out-of-scope	ticket_plan.yaml:648-658	none mapped	unrepresented	out_of_scope_lexical_inventory		INFERRED exact-path scope; source not read
1237	lexical hit not semantically classified: try:	specs/.history/modular-fuzzing-epic/ticket-000-MF-012/results/specWorkflow-20260718-153853-c3144c6b/cleanup-failure-probe-test-graph/sdk/python/src/testgraphsdk/runner.py:48	out-of-scope	ticket_plan.yaml:648-658	none mapped	unrepresented	out_of_scope_lexical_inventory		INFERRED exact-path scope; source not read
1238	lexical hit not semantically classified: except BaseException as exc:	specs/.history/modular-fuzzing-epic/ticket-000-MF-012/results/specWorkflow-20260718-153853-c3144c6b/cleanup-failure-probe-test-graph/sdk/python/src/testgraphsdk/runner.py:50	out-of-scope	ticket_plan.yaml:648-658	none mapped	unrepresented	out_of_scope_lexical_inventory		INFERRED exact-path scope; source not read
1239	lexical hit not semantically classified: try:	specs/.history/modular-fuzzing-epic/ticket-000-MF-012/results/specWorkflow-20260718-153853-c3144c6b/cleanup-failure-probe-test-graph/sdk/python/src/testgraphsdk/runner.py:70	out-of-scope	ticket_plan.yaml:648-658	none mapped	unrepresented	out_of_scope_lexical_inventory		INFERRED exact-path scope; source not read
1240	lexical hit not semantically classified: except OSError as exc:	specs/.history/modular-fuzzing-epic/ticket-000-MF-012/results/specWorkflow-20260718-153853-c3144c6b/cleanup-failure-probe-test-graph/sdk/python/src/testgraphsdk/runner.py:74	out-of-scope	ticket_plan.yaml:648-658	none mapped	unrepresented	out_of_scope_lexical_inventory		INFERRED exact-path scope; source not read
1241	"lexical hit not semantically classified: raise RuntimeError(""could not locate tla-spec-dev repository root"")"	specs/.history/modular-fuzzing-epic/ticket-000-MF-012/snapshots/current/production_adapters.py:15	out-of-scope	ticket_plan.yaml:648-658	none mapped	unrepresented	out_of_scope_lexical_inventory		INFERRED exact-path scope; source not read
1242	"lexical hit not semantically classified: raise RuntimeError(""could not locate tla-spec-dev repository root"")"	specs/.history/modular-fuzzing-epic/ticket-000-MF-012/snapshots/desired_program_model/production_adapters.py:15	out-of-scope	ticket_plan.yaml:648-658	none mapped	unrepresented	out_of_scope_lexical_inventory		INFERRED exact-path scope; source not read
1243	"lexical hit not semantically classified: raise RuntimeError(""could not locate tla-spec-dev repository root"")"	specs/.history/modular-fuzzing-epic/ticket-000-MF-012/snapshots/program_model/production_adapters.py:15	out-of-scope	ticket_plan.yaml:648-658	none mapped	unrepresented	out_of_scope_lexical_inventory		INFERRED exact-path scope; source not read
1244	"lexical hit not semantically classified: raise RuntimeError(""could not locate tla-spec-dev repository root"")"	specs/.history/modular-fuzzing-epic/ticket-000-MF-012/ticket/current/production_adapters.py:15	out-of-scope	ticket_plan.yaml:648-658	none mapped	unrepresented	out_of_scope_lexical_inventory		INFERRED exact-path scope; source not read
1245	"lexical hit not semantically classified: raise RuntimeError(""could not locate tla-spec-dev repository root"")"	specs/.history/modular-fuzzing-epic/ticket-000-MF-012/ticket/desired/production_adapters.py:15	out-of-scope	ticket_plan.yaml:648-658	none mapped	unrepresented	out_of_scope_lexical_inventory		INFERRED exact-path scope; source not read
1246	lexical hit not semantically classified: private val registry: ExecutorRegistry,	specs/.history/modular-fuzzing-epic/ticket-000-MF-012/ticket/results/graph-reports/specWorkflow-20260718-153853-c3144c6b/cleanup-failure-probe-test-graph/build-logic/src/main/kotlin/com/hayden/testgraphsdk/exec/PlanExecutor.kt:30	out-of-scope	ticket_plan.yaml:648-658	none mapped	unrepresented	out_of_scope_lexical_inventory		INFERRED exact-path scope; source not read
1247	lexical hit not semantically classified: # you may not use this file except in compliance with the License.	specs/.history/modular-fuzzing-epic/ticket-000-MF-012/ticket/results/graph-reports/specWorkflow-20260718-153853-c3144c6b/cleanup-failure-probe-test-graph/gradlew:7	out-of-scope	ticket_plan.yaml:648-658	none mapped	unrepresented	out_of_scope_lexical_inventory		INFERRED exact-path scope; source not read
1248	lexical hit not semantically classified: * without wrapping the whole lambda in try/catch. Any exception that	specs/.history/modular-fuzzing-epic/ticket-000-MF-012/ticket/results/graph-reports/specWorkflow-20260718-153853-c3144c6b/cleanup-failure-probe-test-graph/sdk/java/src/main/java/com/hayden/testgraphsdk/sdk/NodeBody.java:8	out-of-scope	ticket_plan.yaml:648-658	none mapped	unrepresented	out_of_scope_lexical_inventory		INFERRED exact-path scope; source not read
1249	"lexical hit not semantically classified: * uniform — it never has to decide between ""exception escaped"" and"	specs/.history/modular-fuzzing-epic/ticket-000-MF-012/ticket/results/graph-reports/specWorkflow-20260718-153853-c3144c6b/cleanup-failure-probe-test-graph/sdk/java/src/main/java/com/hayden/testgraphsdk/sdk/Procs.java:29	out-of-scope	ticket_plan.yaml:648-658	none mapped	unrepresented	out_of_scope_lexical_inventory		INFERRED exact-path scope; source not read
1250	lexical hit not semantically classified: raise RuntimeError(	specs/.history/modular-fuzzing-epic/ticket-000-MF-012/ticket/results/graph-reports/specWorkflow-20260718-153853-c3144c6b/cleanup-failure-probe-test-graph/sdk/python/src/testgraphsdk/context.py:52	out-of-scope	ticket_plan.yaml:648-658	none mapped	unrepresented	out_of_scope_lexical_inventory		INFERRED exact-path scope; source not read
1251	"lexical hit not semantically classified: raise ValueError(f""invalid kind '{k}'; expected one of {sorted(VALID_KINDS)}"")"	specs/.history/modular-fuzzing-epic/ticket-000-MF-012/ticket/results/graph-reports/specWorkflow-20260718-153853-c3144c6b/cleanup-failure-probe-test-graph/sdk/python/src/testgraphsdk/node_spec.py:36	out-of-scope	ticket_plan.yaml:648-658	none mapped	unrepresented	out_of_scope_lexical_inventory		INFERRED exact-path scope; source not read
1252	lexical hit not semantically classified: Never raises on spawn failure: if :func:`subprocess.Popen` blows up	specs/.history/modular-fuzzing-epic/ticket-000-MF-012/ticket/results/graph-reports/specWorkflow-20260718-153853-c3144c6b/cleanup-failure-probe-test-graph/sdk/python/src/testgraphsdk/procs.py:9	out-of-scope	ticket_plan.yaml:648-658	none mapped	unrepresented	out_of_scope_lexical_inventory		INFERRED exact-path scope; source not read
1253	"lexical hit not semantically classified: between ""exception escaped"" and ""child exited non-zero""."	specs/.history/modular-fuzzing-epic/ticket-000-MF-012/ticket/results/graph-reports/specWorkflow-20260718-153853-c3144c6b/cleanup-failure-probe-test-graph/sdk/python/src/testgraphsdk/procs.py:13	out-of-scope	ticket_plan.yaml:648-658	none mapped	unrepresented	out_of_scope_lexical_inventory		INFERRED exact-path scope; source not read
1254	lexical hit not semantically classified: try:	specs/.history/modular-fuzzing-epic/ticket-000-MF-012/ticket/results/graph-reports/specWorkflow-20260718-153853-c3144c6b/cleanup-failure-probe-test-graph/sdk/python/src/testgraphsdk/procs.py:55	out-of-scope	ticket_plan.yaml:648-658	none mapped	unrepresented	out_of_scope_lexical_inventory		INFERRED exact-path scope; source not read
1255	lexical hit not semantically classified: except OSError as e:	specs/.history/modular-fuzzing-epic/ticket-000-MF-012/ticket/results/graph-reports/specWorkflow-20260718-153853-c3144c6b/cleanup-failure-probe-test-graph/sdk/python/src/testgraphsdk/procs.py:57	out-of-scope	ticket_plan.yaml:648-658	none mapped	unrepresented	out_of_scope_lexical_inventory		INFERRED exact-path scope; source not read
1256	lexical hit not semantically classified: try:	specs/.history/modular-fuzzing-epic/ticket-000-MF-012/ticket/results/graph-reports/specWorkflow-20260718-153853-c3144c6b/cleanup-failure-probe-test-graph/sdk/python/src/testgraphsdk/procs.py:66	out-of-scope	ticket_plan.yaml:648-658	none mapped	unrepresented	out_of_scope_lexical_inventory		INFERRED exact-path scope; source not read
1257	lexical hit not semantically classified: try:	specs/.history/modular-fuzzing-epic/ticket-000-MF-012/ticket/results/graph-reports/specWorkflow-20260718-153853-c3144c6b/cleanup-failure-probe-test-graph/sdk/python/src/testgraphsdk/procs.py:78	out-of-scope	ticket_plan.yaml:648-658	none mapped	unrepresented	out_of_scope_lexical_inventory		INFERRED exact-path scope; source not read
1258	lexical hit not semantically classified: except KeyboardInterrupt:	specs/.history/modular-fuzzing-epic/ticket-000-MF-012/ticket/results/graph-reports/specWorkflow-20260718-153853-c3144c6b/cleanup-failure-probe-test-graph/sdk/python/src/testgraphsdk/procs.py:80	out-of-scope	ticket_plan.yaml:648-658	none mapped	unrepresented	out_of_scope_lexical_inventory		INFERRED exact-path scope; source not read
1259	lexical hit not semantically classified: except (OSError, FileNotFoundError) as e:	specs/.history/modular-fuzzing-epic/ticket-000-MF-012/ticket/results/graph-reports/specWorkflow-20260718-153853-c3144c6b/cleanup-failure-probe-test-graph/sdk/python/src/testgraphsdk/procs.py:92	out-of-scope	ticket_plan.yaml:648-658	none mapped	unrepresented	out_of_scope_lexical_inventory		INFERRED exact-path scope; source not read
1260	lexical hit not semantically classified: try:	specs/.history/modular-fuzzing-epic/ticket-000-MF-012/ticket/results/graph-reports/specWorkflow-20260718-153853-c3144c6b/cleanup-failure-probe-test-graph/sdk/python/src/testgraphsdk/procs.py:121	out-of-scope	ticket_plan.yaml:648-658	none mapped	unrepresented	out_of_scope_lexical_inventory		INFERRED exact-path scope; source not read
1261	lexical hit not semantically classified: except ValueError:	specs/.history/modular-fuzzing-epic/ticket-000-MF-012/ticket/results/graph-reports/specWorkflow-20260718-153853-c3144c6b/cleanup-failure-probe-test-graph/sdk/python/src/testgraphsdk/procs.py:123	out-of-scope	ticket_plan.yaml:648-658	none mapped	unrepresented	out_of_scope_lexical_inventory		INFERRED exact-path scope; source not read
1262	lexical hit not semantically classified: populated ``error`` message — the helper never raises, so the node	specs/.history/modular-fuzzing-epic/ticket-000-MF-012/ticket/results/graph-reports/specWorkflow-20260718-153853-c3144c6b/cleanup-failure-probe-test-graph/sdk/python/src/testgraphsdk/result.py:46	out-of-scope	ticket_plan.yaml:648-658	none mapped	unrepresented	out_of_scope_lexical_inventory		INFERRED exact-path scope; source not read
1263	"lexical hit not semantically classified: error_stack="""".join(traceback.format_exception(exc)),"	specs/.history/modular-fuzzing-epic/ticket-000-MF-012/ticket/results/graph-reports/specWorkflow-20260718-153853-c3144c6b/cleanup-failure-probe-test-graph/sdk/python/src/testgraphsdk/result.py:121	out-of-scope	ticket_plan.yaml:648-658	none mapped	unrepresented	out_of_scope_lexical_inventory		INFERRED exact-path scope; source not read
1264	lexical hit not semantically classified: raise RuntimeError(	specs/.history/modular-fuzzing-epic/ticket-000-MF-012/ticket/results/graph-reports/specWorkflow-20260718-153853-c3144c6b/cleanup-failure-probe-test-graph/sdk/python/src/testgraphsdk/runner.py:43	out-of-scope	ticket_plan.yaml:648-658	none mapped	unrepresented	out_of_scope_lexical_inventory		INFERRED exact-path scope; source not read
1265	lexical hit not semantically classified: try:	specs/.history/modular-fuzzing-epic/ticket-000-MF-012/ticket/results/graph-reports/specWorkflow-20260718-153853-c3144c6b/cleanup-failure-probe-test-graph/sdk/python/src/testgraphsdk/runner.py:48	out-of-scope	ticket_plan.yaml:648-658	none mapped	unrepresented	out_of_scope_lexical_inventory		INFERRED exact-path scope; source not read
1266	lexical hit not semantically classified: except BaseException as exc:	specs/.history/modular-fuzzing-epic/ticket-000-MF-012/ticket/results/graph-reports/specWorkflow-20260718-153853-c3144c6b/cleanup-failure-probe-test-graph/sdk/python/src/testgraphsdk/runner.py:50	out-of-scope	ticket_plan.yaml:648-658	none mapped	unrepresented	out_of_scope_lexical_inventory		INFERRED exact-path scope; source not read
1267	lexical hit not semantically classified: try:	specs/.history/modular-fuzzing-epic/ticket-000-MF-012/ticket/results/graph-reports/specWorkflow-20260718-153853-c3144c6b/cleanup-failure-probe-test-graph/sdk/python/src/testgraphsdk/runner.py:70	out-of-scope	ticket_plan.yaml:648-658	none mapped	unrepresented	out_of_scope_lexical_inventory		INFERRED exact-path scope; source not read
1268	lexical hit not semantically classified: except OSError as exc:	specs/.history/modular-fuzzing-epic/ticket-000-MF-012/ticket/results/graph-reports/specWorkflow-20260718-153853-c3144c6b/cleanup-failure-probe-test-graph/sdk/python/src/testgraphsdk/runner.py:74	out-of-scope	ticket_plan.yaml:648-658	none mapped	unrepresented	out_of_scope_lexical_inventory		INFERRED exact-path scope; source not read
1269	"lexical hit not semantically classified: raise RuntimeError(""could not locate tla-spec-dev repository root"")"	specs/.history/modular-fuzzing-epic/ticket-001-MF-020/snapshots/current/production_adapters.py:15	out-of-scope	ticket_plan.yaml:648-658	none mapped	unrepresented	out_of_scope_lexical_inventory		INFERRED exact-path scope; source not read
1270	"lexical hit not semantically classified: raise RuntimeError(""could not locate tla-spec-dev repository root"")"	specs/.history/modular-fuzzing-epic/ticket-001-MF-020/snapshots/desired_program_model/production_adapters.py:15	out-of-scope	ticket_plan.yaml:648-658	none mapped	unrepresented	out_of_scope_lexical_inventory		INFERRED exact-path scope; source not read
1271	"lexical hit not semantically classified: raise RuntimeError(""could not locate tla-spec-dev repository root"")"	specs/.history/modular-fuzzing-epic/ticket-001-MF-020/snapshots/program_model/production_adapters.py:15	out-of-scope	ticket_plan.yaml:648-658	none mapped	unrepresented	out_of_scope_lexical_inventory		INFERRED exact-path scope; source not read
1272	"lexical hit not semantically classified: raise RuntimeError(""could not locate tla-spec-dev repository root"")"	specs/.history/modular-fuzzing-epic/ticket-001-MF-020/ticket/current/production_adapters.py:15	out-of-scope	ticket_plan.yaml:648-658	none mapped	unrepresented	out_of_scope_lexical_inventory		INFERRED exact-path scope; source not read
1273	"lexical hit not semantically classified: raise RuntimeError(""could not locate tla-spec-dev repository root"")"	specs/.history/modular-fuzzing-epic/ticket-001-MF-020/ticket/desired/production_adapters.py:15	out-of-scope	ticket_plan.yaml:648-658	none mapped	unrepresented	out_of_scope_lexical_inventory		INFERRED exact-path scope; source not read
1274	"lexical hit not semantically classified: raise RuntimeError(""could not locate tla-spec-dev repository root"")"	specs/.history/modular-fuzzing-epic/ticket-002-MF-021/snapshots/current/production_adapters.py:15	out-of-scope	ticket_plan.yaml:648-658	none mapped	unrepresented	out_of_scope_lexical_inventory		INFERRED exact-path scope; source not read
1275	"lexical hit not semantically classified: raise AssertionError(""current spec_manifest.yaml has no status.active_ticket"")"	specs/.history/modular-fuzzing-epic/ticket-002-MF-021/snapshots/current/tests/test_current_ticket_workflow.py:11	out-of-scope	ticket_plan.yaml:648-658	none mapped	unrepresented	out_of_scope_lexical_inventory		INFERRED exact-path scope; source not read
1276	"lexical hit not semantically classified: raise RuntimeError(""could not locate tla-spec-dev repository root"")"	specs/.history/modular-fuzzing-epic/ticket-002-MF-021/snapshots/desired_program_model/production_adapters.py:15	out-of-scope	ticket_plan.yaml:648-658	none mapped	unrepresented	out_of_scope_lexical_inventory		INFERRED exact-path scope; source not read
1277	"lexical hit not semantically classified: raise RuntimeError(""could not locate tla-spec-dev repository root"")"	specs/.history/modular-fuzzing-epic/ticket-002-MF-021/snapshots/program_model/production_adapters.py:15	out-of-scope	ticket_plan.yaml:648-658	none mapped	unrepresented	out_of_scope_lexical_inventory		INFERRED exact-path scope; source not read
1278	"lexical hit not semantically classified: raise RuntimeError(""could not locate tla-spec-dev repository root"")"	specs/.history/modular-fuzzing-epic/ticket-002-MF-021/ticket/current/production_adapters.py:15	out-of-scope	ticket_plan.yaml:648-658	none mapped	unrepresented	out_of_scope_lexical_inventory		INFERRED exact-path scope; source not read
1279	"lexical hit not semantically classified: raise RuntimeError(""could not locate tla-spec-dev repository root"")"	specs/.history/modular-fuzzing-epic/ticket-002-MF-021/ticket/desired/production_adapters.py:15	out-of-scope	ticket_plan.yaml:648-658	none mapped	unrepresented	out_of_scope_lexical_inventory		INFERRED exact-path scope; source not read
1280	lexical hit not semantically classified: private val registry: ExecutorRegistry,	specs/.history/modular-fuzzing-epic/ticket-002-MF-021/ticket/results/testgraph-specWorkflow/cleanup-failure-probe-test-graph/build-logic/src/main/kotlin/com/hayden/testgraphsdk/exec/PlanExecutor.kt:30	out-of-scope	ticket_plan.yaml:648-658	none mapped	unrepresented	out_of_scope_lexical_inventory		INFERRED exact-path scope; source not read
1281	lexical hit not semantically classified: # you may not use this file except in compliance with the License.	specs/.history/modular-fuzzing-epic/ticket-002-MF-021/ticket/results/testgraph-specWorkflow/cleanup-failure-probe-test-graph/gradlew:7	out-of-scope	ticket_plan.yaml:648-658	none mapped	unrepresented	out_of_scope_lexical_inventory		INFERRED exact-path scope; source not read
1282	lexical hit not semantically classified: * without wrapping the whole lambda in try/catch. Any exception that	specs/.history/modular-fuzzing-epic/ticket-002-MF-021/ticket/results/testgraph-specWorkflow/cleanup-failure-probe-test-graph/sdk/java/src/main/java/com/hayden/testgraphsdk/sdk/NodeBody.java:8	out-of-scope	ticket_plan.yaml:648-658	none mapped	unrepresented	out_of_scope_lexical_inventory		INFERRED exact-path scope; source not read
1283	"lexical hit not semantically classified: * uniform — it never has to decide between ""exception escaped"" and"	specs/.history/modular-fuzzing-epic/ticket-002-MF-021/ticket/results/testgraph-specWorkflow/cleanup-failure-probe-test-graph/sdk/java/src/main/java/com/hayden/testgraphsdk/sdk/Procs.java:29	out-of-scope	ticket_plan.yaml:648-658	none mapped	unrepresented	out_of_scope_lexical_inventory		INFERRED exact-path scope; source not read
1284	lexical hit not semantically classified: raise RuntimeError(	specs/.history/modular-fuzzing-epic/ticket-002-MF-021/ticket/results/testgraph-specWorkflow/cleanup-failure-probe-test-graph/sdk/python/src/testgraphsdk/context.py:52	out-of-scope	ticket_plan.yaml:648-658	none mapped	unrepresented	out_of_scope_lexical_inventory		INFERRED exact-path scope; source not read
1285	"lexical hit not semantically classified: raise ValueError(f""invalid kind '{k}'; expected one of {sorted(VALID_KINDS)}"")"	specs/.history/modular-fuzzing-epic/ticket-002-MF-021/ticket/results/testgraph-specWorkflow/cleanup-failure-probe-test-graph/sdk/python/src/testgraphsdk/node_spec.py:36	out-of-scope	ticket_plan.yaml:648-658	none mapped	unrepresented	out_of_scope_lexical_inventory		INFERRED exact-path scope; source not read
1286	lexical hit not semantically classified: Never raises on spawn failure: if :func:`subprocess.Popen` blows up	specs/.history/modular-fuzzing-epic/ticket-002-MF-021/ticket/results/testgraph-specWorkflow/cleanup-failure-probe-test-graph/sdk/python/src/testgraphsdk/procs.py:9	out-of-scope	ticket_plan.yaml:648-658	none mapped	unrepresented	out_of_scope_lexical_inventory		INFERRED exact-path scope; source not read
1287	"lexical hit not semantically classified: between ""exception escaped"" and ""child exited non-zero""."	specs/.history/modular-fuzzing-epic/ticket-002-MF-021/ticket/results/testgraph-specWorkflow/cleanup-failure-probe-test-graph/sdk/python/src/testgraphsdk/procs.py:13	out-of-scope	ticket_plan.yaml:648-658	none mapped	unrepresented	out_of_scope_lexical_inventory		INFERRED exact-path scope; source not read
1288	lexical hit not semantically classified: try:	specs/.history/modular-fuzzing-epic/ticket-002-MF-021/ticket/results/testgraph-specWorkflow/cleanup-failure-probe-test-graph/sdk/python/src/testgraphsdk/procs.py:55	out-of-scope	ticket_plan.yaml:648-658	none mapped	unrepresented	out_of_scope_lexical_inventory		INFERRED exact-path scope; source not read
1289	lexical hit not semantically classified: except OSError as e:	specs/.history/modular-fuzzing-epic/ticket-002-MF-021/ticket/results/testgraph-specWorkflow/cleanup-failure-probe-test-graph/sdk/python/src/testgraphsdk/procs.py:57	out-of-scope	ticket_plan.yaml:648-658	none mapped	unrepresented	out_of_scope_lexical_inventory		INFERRED exact-path scope; source not read
1290	lexical hit not semantically classified: try:	specs/.history/modular-fuzzing-epic/ticket-002-MF-021/ticket/results/testgraph-specWorkflow/cleanup-failure-probe-test-graph/sdk/python/src/testgraphsdk/procs.py:66	out-of-scope	ticket_plan.yaml:648-658	none mapped	unrepresented	out_of_scope_lexical_inventory		INFERRED exact-path scope; source not read
1291	lexical hit not semantically classified: try:	specs/.history/modular-fuzzing-epic/ticket-002-MF-021/ticket/results/testgraph-specWorkflow/cleanup-failure-probe-test-graph/sdk/python/src/testgraphsdk/procs.py:78	out-of-scope	ticket_plan.yaml:648-658	none mapped	unrepresented	out_of_scope_lexical_inventory		INFERRED exact-path scope; source not read
1292	lexical hit not semantically classified: except KeyboardInterrupt:	specs/.history/modular-fuzzing-epic/ticket-002-MF-021/ticket/results/testgraph-specWorkflow/cleanup-failure-probe-test-graph/sdk/python/src/testgraphsdk/procs.py:80	out-of-scope	ticket_plan.yaml:648-658	none mapped	unrepresented	out_of_scope_lexical_inventory		INFERRED exact-path scope; source not read
1293	lexical hit not semantically classified: except (OSError, FileNotFoundError) as e:	specs/.history/modular-fuzzing-epic/ticket-002-MF-021/ticket/results/testgraph-specWorkflow/cleanup-failure-probe-test-graph/sdk/python/src/testgraphsdk/procs.py:92	out-of-scope	ticket_plan.yaml:648-658	none mapped	unrepresented	out_of_scope_lexical_inventory		INFERRED exact-path scope; source not read
1294	lexical hit not semantically classified: try:	specs/.history/modular-fuzzing-epic/ticket-002-MF-021/ticket/results/testgraph-specWorkflow/cleanup-failure-probe-test-graph/sdk/python/src/testgraphsdk/procs.py:121	out-of-scope	ticket_plan.yaml:648-658	none mapped	unrepresented	out_of_scope_lexical_inventory		INFERRED exact-path scope; source not read
1295	lexical hit not semantically classified: except ValueError:	specs/.history/modular-fuzzing-epic/ticket-002-MF-021/ticket/results/testgraph-specWorkflow/cleanup-failure-probe-test-graph/sdk/python/src/testgraphsdk/procs.py:123	out-of-scope	ticket_plan.yaml:648-658	none mapped	unrepresented	out_of_scope_lexical_inventory		INFERRED exact-path scope; source not read
1296	lexical hit not semantically classified: populated ``error`` message — the helper never raises, so the node	specs/.history/modular-fuzzing-epic/ticket-002-MF-021/ticket/results/testgraph-specWorkflow/cleanup-failure-probe-test-graph/sdk/python/src/testgraphsdk/result.py:46	out-of-scope	ticket_plan.yaml:648-658	none mapped	unrepresented	out_of_scope_lexical_inventory		INFERRED exact-path scope; source not read
1297	"lexical hit not semantically classified: error_stack="""".join(traceback.format_exception(exc)),"	specs/.history/modular-fuzzing-epic/ticket-002-MF-021/ticket/results/testgraph-specWorkflow/cleanup-failure-probe-test-graph/sdk/python/src/testgraphsdk/result.py:121	out-of-scope	ticket_plan.yaml:648-658	none mapped	unrepresented	out_of_scope_lexical_inventory		INFERRED exact-path scope; source not read
1298	lexical hit not semantically classified: raise RuntimeError(	specs/.history/modular-fuzzing-epic/ticket-002-MF-021/ticket/results/testgraph-specWorkflow/cleanup-failure-probe-test-graph/sdk/python/src/testgraphsdk/runner.py:43	out-of-scope	ticket_plan.yaml:648-658	none mapped	unrepresented	out_of_scope_lexical_inventory		INFERRED exact-path scope; source not read
1299	lexical hit not semantically classified: try:	specs/.history/modular-fuzzing-epic/ticket-002-MF-021/ticket/results/testgraph-specWorkflow/cleanup-failure-probe-test-graph/sdk/python/src/testgraphsdk/runner.py:48	out-of-scope	ticket_plan.yaml:648-658	none mapped	unrepresented	out_of_scope_lexical_inventory		INFERRED exact-path scope; source not read
1300	lexical hit not semantically classified: except BaseException as exc:	specs/.history/modular-fuzzing-epic/ticket-002-MF-021/ticket/results/testgraph-specWorkflow/cleanup-failure-probe-test-graph/sdk/python/src/testgraphsdk/runner.py:50	out-of-scope	ticket_plan.yaml:648-658	none mapped	unrepresented	out_of_scope_lexical_inventory		INFERRED exact-path scope; source not read
1301	lexical hit not semantically classified: try:	specs/.history/modular-fuzzing-epic/ticket-002-MF-021/ticket/results/testgraph-specWorkflow/cleanup-failure-probe-test-graph/sdk/python/src/testgraphsdk/runner.py:70	out-of-scope	ticket_plan.yaml:648-658	none mapped	unrepresented	out_of_scope_lexical_inventory		INFERRED exact-path scope; source not read
1302	lexical hit not semantically classified: except OSError as exc:	specs/.history/modular-fuzzing-epic/ticket-002-MF-021/ticket/results/testgraph-specWorkflow/cleanup-failure-probe-test-graph/sdk/python/src/testgraphsdk/runner.py:74	out-of-scope	ticket_plan.yaml:648-658	none mapped	unrepresented	out_of_scope_lexical_inventory		INFERRED exact-path scope; source not read
1303	lexical hit not semantically classified: private val registry: ExecutorRegistry,	specs/.history/modular-fuzzing-epic/ticket-003-MF-011/results/testgraph-specWorkflow/cleanup-failure-probe-test-graph/build-logic/src/main/kotlin/com/hayden/testgraphsdk/exec/PlanExecutor.kt:30	out-of-scope	ticket_plan.yaml:648-658	none mapped	unrepresented	out_of_scope_lexical_inventory		INFERRED exact-path scope; source not read
1304	lexical hit not semantically classified: # you may not use this file except in compliance with the License.	specs/.history/modular-fuzzing-epic/ticket-003-MF-011/results/testgraph-specWorkflow/cleanup-failure-probe-test-graph/gradlew:7	out-of-scope	ticket_plan.yaml:648-658	none mapped	unrepresented	out_of_scope_lexical_inventory		INFERRED exact-path scope; source not read
1305	lexical hit not semantically classified: * without wrapping the whole lambda in try/catch. Any exception that	specs/.history/modular-fuzzing-epic/ticket-003-MF-011/results/testgraph-specWorkflow/cleanup-failure-probe-test-graph/sdk/java/src/main/java/com/hayden/testgraphsdk/sdk/NodeBody.java:8	out-of-scope	ticket_plan.yaml:648-658	none mapped	unrepresented	out_of_scope_lexical_inventory		INFERRED exact-path scope; source not read
1306	"lexical hit not semantically classified: * uniform — it never has to decide between ""exception escaped"" and"	specs/.history/modular-fuzzing-epic/ticket-003-MF-011/results/testgraph-specWorkflow/cleanup-failure-probe-test-graph/sdk/java/src/main/java/com/hayden/testgraphsdk/sdk/Procs.java:29	out-of-scope	ticket_plan.yaml:648-658	none mapped	unrepresented	out_of_scope_lexical_inventory		INFERRED exact-path scope; source not read
1307	lexical hit not semantically classified: raise RuntimeError(	specs/.history/modular-fuzzing-epic/ticket-003-MF-011/results/testgraph-specWorkflow/cleanup-failure-probe-test-graph/sdk/python/src/testgraphsdk/context.py:52	out-of-scope	ticket_plan.yaml:648-658	none mapped	unrepresented	out_of_scope_lexical_inventory		INFERRED exact-path scope; source not read
1308	"lexical hit not semantically classified: raise ValueError(f""invalid kind '{k}'; expected one of {sorted(VALID_KINDS)}"")"	specs/.history/modular-fuzzing-epic/ticket-003-MF-011/results/testgraph-specWorkflow/cleanup-failure-probe-test-graph/sdk/python/src/testgraphsdk/node_spec.py:36	out-of-scope	ticket_plan.yaml:648-658	none mapped	unrepresented	out_of_scope_lexical_inventory		INFERRED exact-path scope; source not read
1309	lexical hit not semantically classified: Never raises on spawn failure: if :func:`subprocess.Popen` blows up	specs/.history/modular-fuzzing-epic/ticket-003-MF-011/results/testgraph-specWorkflow/cleanup-failure-probe-test-graph/sdk/python/src/testgraphsdk/procs.py:9	out-of-scope	ticket_plan.yaml:648-658	none mapped	unrepresented	out_of_scope_lexical_inventory		INFERRED exact-path scope; source not read
1310	"lexical hit not semantically classified: between ""exception escaped"" and ""child exited non-zero""."	specs/.history/modular-fuzzing-epic/ticket-003-MF-011/results/testgraph-specWorkflow/cleanup-failure-probe-test-graph/sdk/python/src/testgraphsdk/procs.py:13	out-of-scope	ticket_plan.yaml:648-658	none mapped	unrepresented	out_of_scope_lexical_inventory		INFERRED exact-path scope; source not read
1311	lexical hit not semantically classified: try:	specs/.history/modular-fuzzing-epic/ticket-003-MF-011/results/testgraph-specWorkflow/cleanup-failure-probe-test-graph/sdk/python/src/testgraphsdk/procs.py:55	out-of-scope	ticket_plan.yaml:648-658	none mapped	unrepresented	out_of_scope_lexical_inventory		INFERRED exact-path scope; source not read
1312	lexical hit not semantically classified: except OSError as e:	specs/.history/modular-fuzzing-epic/ticket-003-MF-011/results/testgraph-specWorkflow/cleanup-failure-probe-test-graph/sdk/python/src/testgraphsdk/procs.py:57	out-of-scope	ticket_plan.yaml:648-658	none mapped	unrepresented	out_of_scope_lexical_inventory		INFERRED exact-path scope; source not read
1313	lexical hit not semantically classified: try:	specs/.history/modular-fuzzing-epic/ticket-003-MF-011/results/testgraph-specWorkflow/cleanup-failure-probe-test-graph/sdk/python/src/testgraphsdk/procs.py:66	out-of-scope	ticket_plan.yaml:648-658	none mapped	unrepresented	out_of_scope_lexical_inventory		INFERRED exact-path scope; source not read
1314	lexical hit not semantically classified: try:	specs/.history/modular-fuzzing-epic/ticket-003-MF-011/results/testgraph-specWorkflow/cleanup-failure-probe-test-graph/sdk/python/src/testgraphsdk/procs.py:78	out-of-scope	ticket_plan.yaml:648-658	none mapped	unrepresented	out_of_scope_lexical_inventory		INFERRED exact-path scope; source not read
1315	lexical hit not semantically classified: except KeyboardInterrupt:	specs/.history/modular-fuzzing-epic/ticket-003-MF-011/results/testgraph-specWorkflow/cleanup-failure-probe-test-graph/sdk/python/src/testgraphsdk/procs.py:80	out-of-scope	ticket_plan.yaml:648-658	none mapped	unrepresented	out_of_scope_lexical_inventory		INFERRED exact-path scope; source not read
1316	lexical hit not semantically classified: except (OSError, FileNotFoundError) as e:	specs/.history/modular-fuzzing-epic/ticket-003-MF-011/results/testgraph-specWorkflow/cleanup-failure-probe-test-graph/sdk/python/src/testgraphsdk/procs.py:92	out-of-scope	ticket_plan.yaml:648-658	none mapped	unrepresented	out_of_scope_lexical_inventory		INFERRED exact-path scope; source not read
1317	lexical hit not semantically classified: try:	specs/.history/modular-fuzzing-epic/ticket-003-MF-011/results/testgraph-specWorkflow/cleanup-failure-probe-test-graph/sdk/python/src/testgraphsdk/procs.py:121	out-of-scope	ticket_plan.yaml:648-658	none mapped	unrepresented	out_of_scope_lexical_inventory		INFERRED exact-path scope; source not read
1318	lexical hit not semantically classified: except ValueError:	specs/.history/modular-fuzzing-epic/ticket-003-MF-011/results/testgraph-specWorkflow/cleanup-failure-probe-test-graph/sdk/python/src/testgraphsdk/procs.py:123	out-of-scope	ticket_plan.yaml:648-658	none mapped	unrepresented	out_of_scope_lexical_inventory		INFERRED exact-path scope; source not read
1319	lexical hit not semantically classified: populated ``error`` message — the helper never raises, so the node	specs/.history/modular-fuzzing-epic/ticket-003-MF-011/results/testgraph-specWorkflow/cleanup-failure-probe-test-graph/sdk/python/src/testgraphsdk/result.py:46	out-of-scope	ticket_plan.yaml:648-658	none mapped	unrepresented	out_of_scope_lexical_inventory		INFERRED exact-path scope; source not read
1320	"lexical hit not semantically classified: error_stack="""".join(traceback.format_exception(exc)),"	specs/.history/modular-fuzzing-epic/ticket-003-MF-011/results/testgraph-specWorkflow/cleanup-failure-probe-test-graph/sdk/python/src/testgraphsdk/result.py:121	out-of-scope	ticket_plan.yaml:648-658	none mapped	unrepresented	out_of_scope_lexical_inventory		INFERRED exact-path scope; source not read
1321	lexical hit not semantically classified: raise RuntimeError(	specs/.history/modular-fuzzing-epic/ticket-003-MF-011/results/testgraph-specWorkflow/cleanup-failure-probe-test-graph/sdk/python/src/testgraphsdk/runner.py:43	out-of-scope	ticket_plan.yaml:648-658	none mapped	unrepresented	out_of_scope_lexical_inventory		INFERRED exact-path scope; source not read
1322	lexical hit not semantically classified: try:	specs/.history/modular-fuzzing-epic/ticket-003-MF-011/results/testgraph-specWorkflow/cleanup-failure-probe-test-graph/sdk/python/src/testgraphsdk/runner.py:48	out-of-scope	ticket_plan.yaml:648-658	none mapped	unrepresented	out_of_scope_lexical_inventory		INFERRED exact-path scope; source not read
1323	lexical hit not semantically classified: except BaseException as exc:	specs/.history/modular-fuzzing-epic/ticket-003-MF-011/results/testgraph-specWorkflow/cleanup-failure-probe-test-graph/sdk/python/src/testgraphsdk/runner.py:50	out-of-scope	ticket_plan.yaml:648-658	none mapped	unrepresented	out_of_scope_lexical_inventory		INFERRED exact-path scope; source not read
1324	lexical hit not semantically classified: try:	specs/.history/modular-fuzzing-epic/ticket-003-MF-011/results/testgraph-specWorkflow/cleanup-failure-probe-test-graph/sdk/python/src/testgraphsdk/runner.py:70	out-of-scope	ticket_plan.yaml:648-658	none mapped	unrepresented	out_of_scope_lexical_inventory		INFERRED exact-path scope; source not read
1325	lexical hit not semantically classified: except OSError as exc:	specs/.history/modular-fuzzing-epic/ticket-003-MF-011/results/testgraph-specWorkflow/cleanup-failure-probe-test-graph/sdk/python/src/testgraphsdk/runner.py:74	out-of-scope	ticket_plan.yaml:648-658	none mapped	unrepresented	out_of_scope_lexical_inventory		INFERRED exact-path scope; source not read
1326	"lexical hit not semantically classified: raise RuntimeError(""could not locate tla-spec-dev repository root"")"	specs/.history/modular-fuzzing-epic/ticket-003-MF-011/snapshots/current/production_adapters.py:15	out-of-scope	ticket_plan.yaml:648-658	none mapped	unrepresented	out_of_scope_lexical_inventory		INFERRED exact-path scope; source not read
1327	"lexical hit not semantically classified: raise AssertionError(""current spec_manifest.yaml has no status.active_ticket"")"	specs/.history/modular-fuzzing-epic/ticket-003-MF-011/snapshots/current/tests/test_current_ticket_workflow.py:11	out-of-scope	ticket_plan.yaml:648-658	none mapped	unrepresented	out_of_scope_lexical_inventory		INFERRED exact-path scope; source not read
1328	"lexical hit not semantically classified: raise RuntimeError(""could not locate tla-spec-dev repository root"")"	specs/.history/modular-fuzzing-epic/ticket-003-MF-011/snapshots/desired_program_model/production_adapters.py:15	out-of-scope	ticket_plan.yaml:648-658	none mapped	unrepresented	out_of_scope_lexical_inventory		INFERRED exact-path scope; source not read
1329	"lexical hit not semantically classified: raise RuntimeError(""could not locate tla-spec-dev repository root"")"	specs/.history/modular-fuzzing-epic/ticket-003-MF-011/snapshots/program_model/production_adapters.py:15	out-of-scope	ticket_plan.yaml:648-658	none mapped	unrepresented	out_of_scope_lexical_inventory		INFERRED exact-path scope; source not read
1330	"lexical hit not semantically classified: raise RuntimeError(""could not locate tla-spec-dev repository root"")"	specs/.history/modular-fuzzing-epic/ticket-003-MF-011/ticket/current/production_adapters.py:15	out-of-scope	ticket_plan.yaml:648-658	none mapped	unrepresented	out_of_scope_lexical_inventory		INFERRED exact-path scope; source not read
1331	"lexical hit not semantically classified: raise RuntimeError(""could not locate tla-spec-dev repository root"")"	specs/.history/modular-fuzzing-epic/ticket-003-MF-011/ticket/desired/production_adapters.py:15	out-of-scope	ticket_plan.yaml:648-658	none mapped	unrepresented	out_of_scope_lexical_inventory		INFERRED exact-path scope; source not read
1332	lexical hit not semantically classified: private val registry: ExecutorRegistry,	specs/.history/modular-fuzzing-epic/ticket-003-MF-011/ticket/results/testgraph-specWorkflow/cleanup-failure-probe-test-graph/build-logic/src/main/kotlin/com/hayden/testgraphsdk/exec/PlanExecutor.kt:30	out-of-scope	ticket_plan.yaml:648-658	none mapped	unrepresented	out_of_scope_lexical_inventory		INFERRED exact-path scope; source not read
1333	lexical hit not semantically classified: # you may not use this file except in compliance with the License.	specs/.history/modular-fuzzing-epic/ticket-003-MF-011/ticket/results/testgraph-specWorkflow/cleanup-failure-probe-test-graph/gradlew:7	out-of-scope	ticket_plan.yaml:648-658	none mapped	unrepresented	out_of_scope_lexical_inventory		INFERRED exact-path scope; source not read
1334	lexical hit not semantically classified: * without wrapping the whole lambda in try/catch. Any exception that	specs/.history/modular-fuzzing-epic/ticket-003-MF-011/ticket/results/testgraph-specWorkflow/cleanup-failure-probe-test-graph/sdk/java/src/main/java/com/hayden/testgraphsdk/sdk/NodeBody.java:8	out-of-scope	ticket_plan.yaml:648-658	none mapped	unrepresented	out_of_scope_lexical_inventory		INFERRED exact-path scope; source not read
1335	"lexical hit not semantically classified: * uniform — it never has to decide between ""exception escaped"" and"	specs/.history/modular-fuzzing-epic/ticket-003-MF-011/ticket/results/testgraph-specWorkflow/cleanup-failure-probe-test-graph/sdk/java/src/main/java/com/hayden/testgraphsdk/sdk/Procs.java:29	out-of-scope	ticket_plan.yaml:648-658	none mapped	unrepresented	out_of_scope_lexical_inventory		INFERRED exact-path scope; source not read
1336	lexical hit not semantically classified: raise RuntimeError(	specs/.history/modular-fuzzing-epic/ticket-003-MF-011/ticket/results/testgraph-specWorkflow/cleanup-failure-probe-test-graph/sdk/python/src/testgraphsdk/context.py:52	out-of-scope	ticket_plan.yaml:648-658	none mapped	unrepresented	out_of_scope_lexical_inventory		INFERRED exact-path scope; source not read
1337	"lexical hit not semantically classified: raise ValueError(f""invalid kind '{k}'; expected one of {sorted(VALID_KINDS)}"")"	specs/.history/modular-fuzzing-epic/ticket-003-MF-011/ticket/results/testgraph-specWorkflow/cleanup-failure-probe-test-graph/sdk/python/src/testgraphsdk/node_spec.py:36	out-of-scope	ticket_plan.yaml:648-658	none mapped	unrepresented	out_of_scope_lexical_inventory		INFERRED exact-path scope; source not read
1338	lexical hit not semantically classified: Never raises on spawn failure: if :func:`subprocess.Popen` blows up	specs/.history/modular-fuzzing-epic/ticket-003-MF-011/ticket/results/testgraph-specWorkflow/cleanup-failure-probe-test-graph/sdk/python/src/testgraphsdk/procs.py:9	out-of-scope	ticket_plan.yaml:648-658	none mapped	unrepresented	out_of_scope_lexical_inventory		INFERRED exact-path scope; source not read
1339	"lexical hit not semantically classified: between ""exception escaped"" and ""child exited non-zero""."	specs/.history/modular-fuzzing-epic/ticket-003-MF-011/ticket/results/testgraph-specWorkflow/cleanup-failure-probe-test-graph/sdk/python/src/testgraphsdk/procs.py:13	out-of-scope	ticket_plan.yaml:648-658	none mapped	unrepresented	out_of_scope_lexical_inventory		INFERRED exact-path scope; source not read
1340	lexical hit not semantically classified: try:	specs/.history/modular-fuzzing-epic/ticket-003-MF-011/ticket/results/testgraph-specWorkflow/cleanup-failure-probe-test-graph/sdk/python/src/testgraphsdk/procs.py:55	out-of-scope	ticket_plan.yaml:648-658	none mapped	unrepresented	out_of_scope_lexical_inventory		INFERRED exact-path scope; source not read
1341	lexical hit not semantically classified: except OSError as e:	specs/.history/modular-fuzzing-epic/ticket-003-MF-011/ticket/results/testgraph-specWorkflow/cleanup-failure-probe-test-graph/sdk/python/src/testgraphsdk/procs.py:57	out-of-scope	ticket_plan.yaml:648-658	none mapped	unrepresented	out_of_scope_lexical_inventory		INFERRED exact-path scope; source not read
1342	lexical hit not semantically classified: try:	specs/.history/modular-fuzzing-epic/ticket-003-MF-011/ticket/results/testgraph-specWorkflow/cleanup-failure-probe-test-graph/sdk/python/src/testgraphsdk/procs.py:66	out-of-scope	ticket_plan.yaml:648-658	none mapped	unrepresented	out_of_scope_lexical_inventory		INFERRED exact-path scope; source not read
1343	lexical hit not semantically classified: try:	specs/.history/modular-fuzzing-epic/ticket-003-MF-011/ticket/results/testgraph-specWorkflow/cleanup-failure-probe-test-graph/sdk/python/src/testgraphsdk/procs.py:78	out-of-scope	ticket_plan.yaml:648-658	none mapped	unrepresented	out_of_scope_lexical_inventory		INFERRED exact-path scope; source not read
1344	lexical hit not semantically classified: except KeyboardInterrupt:	specs/.history/modular-fuzzing-epic/ticket-003-MF-011/ticket/results/testgraph-specWorkflow/cleanup-failure-probe-test-graph/sdk/python/src/testgraphsdk/procs.py:80	out-of-scope	ticket_plan.yaml:648-658	none mapped	unrepresented	out_of_scope_lexical_inventory		INFERRED exact-path scope; source not read
1345	lexical hit not semantically classified: except (OSError, FileNotFoundError) as e:	specs/.history/modular-fuzzing-epic/ticket-003-MF-011/ticket/results/testgraph-specWorkflow/cleanup-failure-probe-test-graph/sdk/python/src/testgraphsdk/procs.py:92	out-of-scope	ticket_plan.yaml:648-658	none mapped	unrepresented	out_of_scope_lexical_inventory		INFERRED exact-path scope; source not read
1346	lexical hit not semantically classified: try:	specs/.history/modular-fuzzing-epic/ticket-003-MF-011/ticket/results/testgraph-specWorkflow/cleanup-failure-probe-test-graph/sdk/python/src/testgraphsdk/procs.py:121	out-of-scope	ticket_plan.yaml:648-658	none mapped	unrepresented	out_of_scope_lexical_inventory		INFERRED exact-path scope; source not read
1347	lexical hit not semantically classified: except ValueError:	specs/.history/modular-fuzzing-epic/ticket-003-MF-011/ticket/results/testgraph-specWorkflow/cleanup-failure-probe-test-graph/sdk/python/src/testgraphsdk/procs.py:123	out-of-scope	ticket_plan.yaml:648-658	none mapped	unrepresented	out_of_scope_lexical_inventory		INFERRED exact-path scope; source not read
1348	lexical hit not semantically classified: populated ``error`` message — the helper never raises, so the node	specs/.history/modular-fuzzing-epic/ticket-003-MF-011/ticket/results/testgraph-specWorkflow/cleanup-failure-probe-test-graph/sdk/python/src/testgraphsdk/result.py:46	out-of-scope	ticket_plan.yaml:648-658	none mapped	unrepresented	out_of_scope_lexical_inventory		INFERRED exact-path scope; source not read
1349	"lexical hit not semantically classified: error_stack="""".join(traceback.format_exception(exc)),"	specs/.history/modular-fuzzing-epic/ticket-003-MF-011/ticket/results/testgraph-specWorkflow/cleanup-failure-probe-test-graph/sdk/python/src/testgraphsdk/result.py:121	out-of-scope	ticket_plan.yaml:648-658	none mapped	unrepresented	out_of_scope_lexical_inventory		INFERRED exact-path scope; source not read
1350	lexical hit not semantically classified: raise RuntimeError(	specs/.history/modular-fuzzing-epic/ticket-003-MF-011/ticket/results/testgraph-specWorkflow/cleanup-failure-probe-test-graph/sdk/python/src/testgraphsdk/runner.py:43	out-of-scope	ticket_plan.yaml:648-658	none mapped	unrepresented	out_of_scope_lexical_inventory		INFERRED exact-path scope; source not read
1351	lexical hit not semantically classified: try:	specs/.history/modular-fuzzing-epic/ticket-003-MF-011/ticket/results/testgraph-specWorkflow/cleanup-failure-probe-test-graph/sdk/python/src/testgraphsdk/runner.py:48	out-of-scope	ticket_plan.yaml:648-658	none mapped	unrepresented	out_of_scope_lexical_inventory		INFERRED exact-path scope; source not read
1352	lexical hit not semantically classified: except BaseException as exc:	specs/.history/modular-fuzzing-epic/ticket-003-MF-011/ticket/results/testgraph-specWorkflow/cleanup-failure-probe-test-graph/sdk/python/src/testgraphsdk/runner.py:50	out-of-scope	ticket_plan.yaml:648-658	none mapped	unrepresented	out_of_scope_lexical_inventory		INFERRED exact-path scope; source not read
1353	lexical hit not semantically classified: try:	specs/.history/modular-fuzzing-epic/ticket-003-MF-011/ticket/results/testgraph-specWorkflow/cleanup-failure-probe-test-graph/sdk/python/src/testgraphsdk/runner.py:70	out-of-scope	ticket_plan.yaml:648-658	none mapped	unrepresented	out_of_scope_lexical_inventory		INFERRED exact-path scope; source not read
1354	lexical hit not semantically classified: except OSError as exc:	specs/.history/modular-fuzzing-epic/ticket-003-MF-011/ticket/results/testgraph-specWorkflow/cleanup-failure-probe-test-graph/sdk/python/src/testgraphsdk/runner.py:74	out-of-scope	ticket_plan.yaml:648-658	none mapped	unrepresented	out_of_scope_lexical_inventory		INFERRED exact-path scope; source not read
1355	"lexical hit not semantically classified: raise RuntimeError(""could not locate tla-spec-dev repository root"")"	specs/.history/modular-fuzzing-epic/ticket-004-MF-022/snapshots/current/production_adapters.py:15	out-of-scope	ticket_plan.yaml:648-658	none mapped	unrepresented	out_of_scope_lexical_inventory		INFERRED exact-path scope; source not read
1356	"lexical hit not semantically classified: raise AssertionError(""current spec_manifest.yaml has no status.active_ticket"")"	specs/.history/modular-fuzzing-epic/ticket-004-MF-022/snapshots/current/tests/test_current_ticket_workflow.py:11	out-of-scope	ticket_plan.yaml:648-658	none mapped	unrepresented	out_of_scope_lexical_inventory		INFERRED exact-path scope; source not read
1357	"lexical hit not semantically classified: raise RuntimeError(""could not locate tla-spec-dev repository root"")"	specs/.history/modular-fuzzing-epic/ticket-004-MF-022/snapshots/desired_program_model/production_adapters.py:15	out-of-scope	ticket_plan.yaml:648-658	none mapped	unrepresented	out_of_scope_lexical_inventory		INFERRED exact-path scope; source not read
1358	"lexical hit not semantically classified: raise RuntimeError(""could not locate tla-spec-dev repository root"")"	specs/.history/modular-fuzzing-epic/ticket-004-MF-022/snapshots/program_model/production_adapters.py:15	out-of-scope	ticket_plan.yaml:648-658	none mapped	unrepresented	out_of_scope_lexical_inventory		INFERRED exact-path scope; source not read
1359	"lexical hit not semantically classified: raise RuntimeError(""could not locate tla-spec-dev repository root"")"	specs/.history/modular-fuzzing-epic/ticket-004-MF-022/ticket/current/production_adapters.py:15	out-of-scope	ticket_plan.yaml:648-658	none mapped	unrepresented	out_of_scope_lexical_inventory		INFERRED exact-path scope; source not read
1360	"lexical hit not semantically classified: raise RuntimeError(""could not locate tla-spec-dev repository root"")"	specs/.history/modular-fuzzing-epic/ticket-004-MF-022/ticket/desired/production_adapters.py:15	out-of-scope	ticket_plan.yaml:648-658	none mapped	unrepresented	out_of_scope_lexical_inventory		INFERRED exact-path scope; source not read
1361	lexical hit not semantically classified: private val registry: ExecutorRegistry,	specs/.history/modular-fuzzing-epic/ticket-005-MF-014/results/graph-specWorkflow/cleanup-failure-probe-test-graph/build-logic/src/main/kotlin/com/hayden/testgraphsdk/exec/PlanExecutor.kt:30	out-of-scope	ticket_plan.yaml:648-658	none mapped	unrepresented	out_of_scope_lexical_inventory		INFERRED exact-path scope; source not read
1362	lexical hit not semantically classified: # you may not use this file except in compliance with the License.	specs/.history/modular-fuzzing-epic/ticket-005-MF-014/results/graph-specWorkflow/cleanup-failure-probe-test-graph/gradlew:7	out-of-scope	ticket_plan.yaml:648-658	none mapped	unrepresented	out_of_scope_lexical_inventory		INFERRED exact-path scope; source not read
1363	lexical hit not semantically classified: * without wrapping the whole lambda in try/catch. Any exception that	specs/.history/modular-fuzzing-epic/ticket-005-MF-014/results/graph-specWorkflow/cleanup-failure-probe-test-graph/sdk/java/src/main/java/com/hayden/testgraphsdk/sdk/NodeBody.java:8	out-of-scope	ticket_plan.yaml:648-658	none mapped	unrepresented	out_of_scope_lexical_inventory		INFERRED exact-path scope; source not read
1364	"lexical hit not semantically classified: * uniform — it never has to decide between ""exception escaped"" and"	specs/.history/modular-fuzzing-epic/ticket-005-MF-014/results/graph-specWorkflow/cleanup-failure-probe-test-graph/sdk/java/src/main/java/com/hayden/testgraphsdk/sdk/Procs.java:29	out-of-scope	ticket_plan.yaml:648-658	none mapped	unrepresented	out_of_scope_lexical_inventory		INFERRED exact-path scope; source not read
1365	lexical hit not semantically classified: raise RuntimeError(	specs/.history/modular-fuzzing-epic/ticket-005-MF-014/results/graph-specWorkflow/cleanup-failure-probe-test-graph/sdk/python/src/testgraphsdk/context.py:52	out-of-scope	ticket_plan.yaml:648-658	none mapped	unrepresented	out_of_scope_lexical_inventory		INFERRED exact-path scope; source not read
1366	"lexical hit not semantically classified: raise ValueError(f""invalid kind '{k}'; expected one of {sorted(VALID_KINDS)}"")"	specs/.history/modular-fuzzing-epic/ticket-005-MF-014/results/graph-specWorkflow/cleanup-failure-probe-test-graph/sdk/python/src/testgraphsdk/node_spec.py:36	out-of-scope	ticket_plan.yaml:648-658	none mapped	unrepresented	out_of_scope_lexical_inventory		INFERRED exact-path scope; source not read
1367	lexical hit not semantically classified: Never raises on spawn failure: if :func:`subprocess.Popen` blows up	specs/.history/modular-fuzzing-epic/ticket-005-MF-014/results/graph-specWorkflow/cleanup-failure-probe-test-graph/sdk/python/src/testgraphsdk/procs.py:9	out-of-scope	ticket_plan.yaml:648-658	none mapped	unrepresented	out_of_scope_lexical_inventory		INFERRED exact-path scope; source not read
1368	"lexical hit not semantically classified: between ""exception escaped"" and ""child exited non-zero""."	specs/.history/modular-fuzzing-epic/ticket-005-MF-014/results/graph-specWorkflow/cleanup-failure-probe-test-graph/sdk/python/src/testgraphsdk/procs.py:13	out-of-scope	ticket_plan.yaml:648-658	none mapped	unrepresented	out_of_scope_lexical_inventory		INFERRED exact-path scope; source not read
1369	lexical hit not semantically classified: try:	specs/.history/modular-fuzzing-epic/ticket-005-MF-014/results/graph-specWorkflow/cleanup-failure-probe-test-graph/sdk/python/src/testgraphsdk/procs.py:55	out-of-scope	ticket_plan.yaml:648-658	none mapped	unrepresented	out_of_scope_lexical_inventory		INFERRED exact-path scope; source not read
1370	lexical hit not semantically classified: except OSError as e:	specs/.history/modular-fuzzing-epic/ticket-005-MF-014/results/graph-specWorkflow/cleanup-failure-probe-test-graph/sdk/python/src/testgraphsdk/procs.py:57	out-of-scope	ticket_plan.yaml:648-658	none mapped	unrepresented	out_of_scope_lexical_inventory		INFERRED exact-path scope; source not read
1371	lexical hit not semantically classified: try:	specs/.history/modular-fuzzing-epic/ticket-005-MF-014/results/graph-specWorkflow/cleanup-failure-probe-test-graph/sdk/python/src/testgraphsdk/procs.py:66	out-of-scope	ticket_plan.yaml:648-658	none mapped	unrepresented	out_of_scope_lexical_inventory		INFERRED exact-path scope; source not read
1372	lexical hit not semantically classified: try:	specs/.history/modular-fuzzing-epic/ticket-005-MF-014/results/graph-specWorkflow/cleanup-failure-probe-test-graph/sdk/python/src/testgraphsdk/procs.py:78	out-of-scope	ticket_plan.yaml:648-658	none mapped	unrepresented	out_of_scope_lexical_inventory		INFERRED exact-path scope; source not read
1373	lexical hit not semantically classified: except KeyboardInterrupt:	specs/.history/modular-fuzzing-epic/ticket-005-MF-014/results/graph-specWorkflow/cleanup-failure-probe-test-graph/sdk/python/src/testgraphsdk/procs.py:80	out-of-scope	ticket_plan.yaml:648-658	none mapped	unrepresented	out_of_scope_lexical_inventory		INFERRED exact-path scope; source not read
1374	lexical hit not semantically classified: except (OSError, FileNotFoundError) as e:	specs/.history/modular-fuzzing-epic/ticket-005-MF-014/results/graph-specWorkflow/cleanup-failure-probe-test-graph/sdk/python/src/testgraphsdk/procs.py:92	out-of-scope	ticket_plan.yaml:648-658	none mapped	unrepresented	out_of_scope_lexical_inventory		INFERRED exact-path scope; source not read
1375	lexical hit not semantically classified: try:	specs/.history/modular-fuzzing-epic/ticket-005-MF-014/results/graph-specWorkflow/cleanup-failure-probe-test-graph/sdk/python/src/testgraphsdk/procs.py:121	out-of-scope	ticket_plan.yaml:648-658	none mapped	unrepresented	out_of_scope_lexical_inventory		INFERRED exact-path scope; source not read
1376	lexical hit not semantically classified: except ValueError:	specs/.history/modular-fuzzing-epic/ticket-005-MF-014/results/graph-specWorkflow/cleanup-failure-probe-test-graph/sdk/python/src/testgraphsdk/procs.py:123	out-of-scope	ticket_plan.yaml:648-658	none mapped	unrepresented	out_of_scope_lexical_inventory		INFERRED exact-path scope; source not read
1377	lexical hit not semantically classified: populated ``error`` message — the helper never raises, so the node	specs/.history/modular-fuzzing-epic/ticket-005-MF-014/results/graph-specWorkflow/cleanup-failure-probe-test-graph/sdk/python/src/testgraphsdk/result.py:46	out-of-scope	ticket_plan.yaml:648-658	none mapped	unrepresented	out_of_scope_lexical_inventory		INFERRED exact-path scope; source not read
1378	"lexical hit not semantically classified: error_stack="""".join(traceback.format_exception(exc)),"	specs/.history/modular-fuzzing-epic/ticket-005-MF-014/results/graph-specWorkflow/cleanup-failure-probe-test-graph/sdk/python/src/testgraphsdk/result.py:121	out-of-scope	ticket_plan.yaml:648-658	none mapped	unrepresented	out_of_scope_lexical_inventory		INFERRED exact-path scope; source not read
1379	lexical hit not semantically classified: raise RuntimeError(	specs/.history/modular-fuzzing-epic/ticket-005-MF-014/results/graph-specWorkflow/cleanup-failure-probe-test-graph/sdk/python/src/testgraphsdk/runner.py:43	out-of-scope	ticket_plan.yaml:648-658	none mapped	unrepresented	out_of_scope_lexical_inventory		INFERRED exact-path scope; source not read
1380	lexical hit not semantically classified: try:	specs/.history/modular-fuzzing-epic/ticket-005-MF-014/results/graph-specWorkflow/cleanup-failure-probe-test-graph/sdk/python/src/testgraphsdk/runner.py:48	out-of-scope	ticket_plan.yaml:648-658	none mapped	unrepresented	out_of_scope_lexical_inventory		INFERRED exact-path scope; source not read
1381	lexical hit not semantically classified: except BaseException as exc:	specs/.history/modular-fuzzing-epic/ticket-005-MF-014/results/graph-specWorkflow/cleanup-failure-probe-test-graph/sdk/python/src/testgraphsdk/runner.py:50	out-of-scope	ticket_plan.yaml:648-658	none mapped	unrepresented	out_of_scope_lexical_inventory		INFERRED exact-path scope; source not read
1382	lexical hit not semantically classified: try:	specs/.history/modular-fuzzing-epic/ticket-005-MF-014/results/graph-specWorkflow/cleanup-failure-probe-test-graph/sdk/python/src/testgraphsdk/runner.py:70	out-of-scope	ticket_plan.yaml:648-658	none mapped	unrepresented	out_of_scope_lexical_inventory		INFERRED exact-path scope; source not read
1383	lexical hit not semantically classified: except OSError as exc:	specs/.history/modular-fuzzing-epic/ticket-005-MF-014/results/graph-specWorkflow/cleanup-failure-probe-test-graph/sdk/python/src/testgraphsdk/runner.py:74	out-of-scope	ticket_plan.yaml:648-658	none mapped	unrepresented	out_of_scope_lexical_inventory		INFERRED exact-path scope; source not read
1384	"lexical hit not semantically classified: raise RuntimeError(""could not locate tla-spec-dev repository root"")"	specs/.history/modular-fuzzing-epic/ticket-005-MF-014/snapshots/current/production_adapters.py:15	out-of-scope	ticket_plan.yaml:648-658	none mapped	unrepresented	out_of_scope_lexical_inventory		INFERRED exact-path scope; source not read
1385	"lexical hit not semantically classified: ""raised_cap_exit_code"": under.returncode,"	specs/.history/modular-fuzzing-epic/ticket-005-MF-014/snapshots/current/production_adapters.py:962	out-of-scope	ticket_plan.yaml:648-658	none mapped	unrepresented	out_of_scope_lexical_inventory		INFERRED exact-path scope; source not read
1386	"lexical hit not semantically classified: ""cap_raise_accept_path_offered"": accept_path,"	specs/.history/modular-fuzzing-epic/ticket-005-MF-014/snapshots/current/production_adapters.py:970	out-of-scope	ticket_plan.yaml:648-658	none mapped	unrepresented	out_of_scope_lexical_inventory		INFERRED exact-path scope; source not read
1387	"lexical hit not semantically classified: raise AssertionError(""current spec_manifest.yaml has no status.active_ticket"")"	specs/.history/modular-fuzzing-epic/ticket-005-MF-014/snapshots/current/tests/test_current_ticket_workflow.py:11	out-of-scope	ticket_plan.yaml:648-658	none mapped	unrepresented	out_of_scope_lexical_inventory		INFERRED exact-path scope; source not read
1388	"lexical hit not semantically classified: assert result[""raised_cap_exit_code""] == 0, result[""stderr""]"	specs/.history/modular-fuzzing-epic/ticket-005-MF-014/snapshots/current/tests/test_tla_spec_dev_corpus_adapter.py:34	out-of-scope	ticket_plan.yaml:648-658	none mapped	unrepresented	out_of_scope_lexical_inventory		INFERRED exact-path scope; source not read
1389	"lexical hit not semantically classified: assert result[""cap_raise_accept_path_offered""] is True"	specs/.history/modular-fuzzing-epic/ticket-005-MF-014/snapshots/current/tests/test_tla_spec_dev_corpus_adapter.py:61	out-of-scope	ticket_plan.yaml:648-658	none mapped	unrepresented	out_of_scope_lexical_inventory		INFERRED exact-path scope; source not read
1390	"lexical hit not semantically classified: raise RuntimeError(""could not locate tla-spec-dev repository root"")"	specs/.history/modular-fuzzing-epic/ticket-005-MF-014/snapshots/desired_program_model/production_adapters.py:15	out-of-scope	ticket_plan.yaml:648-658	none mapped	unrepresented	out_of_scope_lexical_inventory		INFERRED exact-path scope; source not read
1391	"lexical hit not semantically classified: raise RuntimeError(""could not locate tla-spec-dev repository root"")"	specs/.history/modular-fuzzing-epic/ticket-005-MF-014/snapshots/program_model/production_adapters.py:15	out-of-scope	ticket_plan.yaml:648-658	none mapped	unrepresented	out_of_scope_lexical_inventory		INFERRED exact-path scope; source not read
1392	"lexical hit not semantically classified: raise RuntimeError(""could not locate tla-spec-dev repository root"")"	specs/.history/modular-fuzzing-epic/ticket-005-MF-014/ticket/current/production_adapters.py:15	out-of-scope	ticket_plan.yaml:648-658	none mapped	unrepresented	out_of_scope_lexical_inventory		INFERRED exact-path scope; source not read
1393	"lexical hit not semantically classified: ""raised_cap_exit_code"": under.returncode,"	specs/.history/modular-fuzzing-epic/ticket-005-MF-014/ticket/current/production_adapters.py:962	out-of-scope	ticket_plan.yaml:648-658	none mapped	unrepresented	out_of_scope_lexical_inventory		INFERRED exact-path scope; source not read
1394	"lexical hit not semantically classified: ""cap_raise_accept_path_offered"": accept_path,"	specs/.history/modular-fuzzing-epic/ticket-005-MF-014/ticket/current/production_adapters.py:970	out-of-scope	ticket_plan.yaml:648-658	none mapped	unrepresented	out_of_scope_lexical_inventory		INFERRED exact-path scope; source not read
1395	"lexical hit not semantically classified: assert result[""raised_cap_exit_code""] == 0, result[""stderr""]"	specs/.history/modular-fuzzing-epic/ticket-005-MF-014/ticket/current/tests/test_tla_spec_dev_corpus_adapter.py:34	out-of-scope	ticket_plan.yaml:648-658	none mapped	unrepresented	out_of_scope_lexical_inventory		INFERRED exact-path scope; source not read
1396	"lexical hit not semantically classified: assert result[""cap_raise_accept_path_offered""] is True"	specs/.history/modular-fuzzing-epic/ticket-005-MF-014/ticket/current/tests/test_tla_spec_dev_corpus_adapter.py:61	out-of-scope	ticket_plan.yaml:648-658	none mapped	unrepresented	out_of_scope_lexical_inventory		INFERRED exact-path scope; source not read
1397	"lexical hit not semantically classified: raise RuntimeError(""could not locate tla-spec-dev repository root"")"	specs/.history/modular-fuzzing-epic/ticket-005-MF-014/ticket/desired/production_adapters.py:15	out-of-scope	ticket_plan.yaml:648-658	none mapped	unrepresented	out_of_scope_lexical_inventory		INFERRED exact-path scope; source not read
1398	"lexical hit not semantically classified: ""raised_cap_exit_code"": under.returncode,"	specs/.history/modular-fuzzing-epic/ticket-005-MF-014/ticket/desired/production_adapters.py:962	out-of-scope	ticket_plan.yaml:648-658	none mapped	unrepresented	out_of_scope_lexical_inventory		INFERRED exact-path scope; source not read
1399	"lexical hit not semantically classified: ""cap_raise_accept_path_offered"": accept_path,"	specs/.history/modular-fuzzing-epic/ticket-005-MF-014/ticket/desired/production_adapters.py:970	out-of-scope	ticket_plan.yaml:648-658	none mapped	unrepresented	out_of_scope_lexical_inventory		INFERRED exact-path scope; source not read
1400	"lexical hit not semantically classified: assert result[""raised_cap_exit_code""] == 0, result[""stderr""]"	specs/.history/modular-fuzzing-epic/ticket-005-MF-014/ticket/desired/tests/test_tla_spec_dev_corpus_adapter.py:34	out-of-scope	ticket_plan.yaml:648-658	none mapped	unrepresented	out_of_scope_lexical_inventory		INFERRED exact-path scope; source not read
1401	"lexical hit not semantically classified: assert result[""cap_raise_accept_path_offered""] is True"	specs/.history/modular-fuzzing-epic/ticket-005-MF-014/ticket/desired/tests/test_tla_spec_dev_corpus_adapter.py:61	out-of-scope	ticket_plan.yaml:648-658	none mapped	unrepresented	out_of_scope_lexical_inventory		INFERRED exact-path scope; source not read
1402	lexical hit not semantically classified: private val registry: ExecutorRegistry,	specs/.history/modular-fuzzing-epic/ticket-005-MF-014/ticket/results/graph-specWorkflow/cleanup-failure-probe-test-graph/build-logic/src/main/kotlin/com/hayden/testgraphsdk/exec/PlanExecutor.kt:30	out-of-scope	ticket_plan.yaml:648-658	none mapped	unrepresented	out_of_scope_lexical_inventory		INFERRED exact-path scope; source not read
1403	lexical hit not semantically classified: # you may not use this file except in compliance with the License.	specs/.history/modular-fuzzing-epic/ticket-005-MF-014/ticket/results/graph-specWorkflow/cleanup-failure-probe-test-graph/gradlew:7	out-of-scope	ticket_plan.yaml:648-658	none mapped	unrepresented	out_of_scope_lexical_inventory		INFERRED exact-path scope; source not read
1404	lexical hit not semantically classified: * without wrapping the whole lambda in try/catch. Any exception that	specs/.history/modular-fuzzing-epic/ticket-005-MF-014/ticket/results/graph-specWorkflow/cleanup-failure-probe-test-graph/sdk/java/src/main/java/com/hayden/testgraphsdk/sdk/NodeBody.java:8	out-of-scope	ticket_plan.yaml:648-658	none mapped	unrepresented	out_of_scope_lexical_inventory		INFERRED exact-path scope; source not read
1405	"lexical hit not semantically classified: * uniform — it never has to decide between ""exception escaped"" and"	specs/.history/modular-fuzzing-epic/ticket-005-MF-014/ticket/results/graph-specWorkflow/cleanup-failure-probe-test-graph/sdk/java/src/main/java/com/hayden/testgraphsdk/sdk/Procs.java:29	out-of-scope	ticket_plan.yaml:648-658	none mapped	unrepresented	out_of_scope_lexical_inventory		INFERRED exact-path scope; source not read
1406	lexical hit not semantically classified: raise RuntimeError(	specs/.history/modular-fuzzing-epic/ticket-005-MF-014/ticket/results/graph-specWorkflow/cleanup-failure-probe-test-graph/sdk/python/src/testgraphsdk/context.py:52	out-of-scope	ticket_plan.yaml:648-658	none mapped	unrepresented	out_of_scope_lexical_inventory		INFERRED exact-path scope; source not read
1407	"lexical hit not semantically classified: raise ValueError(f""invalid kind '{k}'; expected one of {sorted(VALID_KINDS)}"")"	specs/.history/modular-fuzzing-epic/ticket-005-MF-014/ticket/results/graph-specWorkflow/cleanup-failure-probe-test-graph/sdk/python/src/testgraphsdk/node_spec.py:36	out-of-scope	ticket_plan.yaml:648-658	none mapped	unrepresented	out_of_scope_lexical_inventory		INFERRED exact-path scope; source not read
1408	lexical hit not semantically classified: Never raises on spawn failure: if :func:`subprocess.Popen` blows up	specs/.history/modular-fuzzing-epic/ticket-005-MF-014/ticket/results/graph-specWorkflow/cleanup-failure-probe-test-graph/sdk/python/src/testgraphsdk/procs.py:9	out-of-scope	ticket_plan.yaml:648-658	none mapped	unrepresented	out_of_scope_lexical_inventory		INFERRED exact-path scope; source not read
1409	"lexical hit not semantically classified: between ""exception escaped"" and ""child exited non-zero""."	specs/.history/modular-fuzzing-epic/ticket-005-MF-014/ticket/results/graph-specWorkflow/cleanup-failure-probe-test-graph/sdk/python/src/testgraphsdk/procs.py:13	out-of-scope	ticket_plan.yaml:648-658	none mapped	unrepresented	out_of_scope_lexical_inventory		INFERRED exact-path scope; source not read
1410	lexical hit not semantically classified: try:	specs/.history/modular-fuzzing-epic/ticket-005-MF-014/ticket/results/graph-specWorkflow/cleanup-failure-probe-test-graph/sdk/python/src/testgraphsdk/procs.py:55	out-of-scope	ticket_plan.yaml:648-658	none mapped	unrepresented	out_of_scope_lexical_inventory		INFERRED exact-path scope; source not read
1411	lexical hit not semantically classified: except OSError as e:	specs/.history/modular-fuzzing-epic/ticket-005-MF-014/ticket/results/graph-specWorkflow/cleanup-failure-probe-test-graph/sdk/python/src/testgraphsdk/procs.py:57	out-of-scope	ticket_plan.yaml:648-658	none mapped	unrepresented	out_of_scope_lexical_inventory		INFERRED exact-path scope; source not read
1412	lexical hit not semantically classified: try:	specs/.history/modular-fuzzing-epic/ticket-005-MF-014/ticket/results/graph-specWorkflow/cleanup-failure-probe-test-graph/sdk/python/src/testgraphsdk/procs.py:66	out-of-scope	ticket_plan.yaml:648-658	none mapped	unrepresented	out_of_scope_lexical_inventory		INFERRED exact-path scope; source not read
1413	lexical hit not semantically classified: try:	specs/.history/modular-fuzzing-epic/ticket-005-MF-014/ticket/results/graph-specWorkflow/cleanup-failure-probe-test-graph/sdk/python/src/testgraphsdk/procs.py:78	out-of-scope	ticket_plan.yaml:648-658	none mapped	unrepresented	out_of_scope_lexical_inventory		INFERRED exact-path scope; source not read
1414	lexical hit not semantically classified: except KeyboardInterrupt:	specs/.history/modular-fuzzing-epic/ticket-005-MF-014/ticket/results/graph-specWorkflow/cleanup-failure-probe-test-graph/sdk/python/src/testgraphsdk/procs.py:80	out-of-scope	ticket_plan.yaml:648-658	none mapped	unrepresented	out_of_scope_lexical_inventory		INFERRED exact-path scope; source not read
1415	lexical hit not semantically classified: except (OSError, FileNotFoundError) as e:	specs/.history/modular-fuzzing-epic/ticket-005-MF-014/ticket/results/graph-specWorkflow/cleanup-failure-probe-test-graph/sdk/python/src/testgraphsdk/procs.py:92	out-of-scope	ticket_plan.yaml:648-658	none mapped	unrepresented	out_of_scope_lexical_inventory		INFERRED exact-path scope; source not read
1416	lexical hit not semantically classified: try:	specs/.history/modular-fuzzing-epic/ticket-005-MF-014/ticket/results/graph-specWorkflow/cleanup-failure-probe-test-graph/sdk/python/src/testgraphsdk/procs.py:121	out-of-scope	ticket_plan.yaml:648-658	none mapped	unrepresented	out_of_scope_lexical_inventory		INFERRED exact-path scope; source not read
1417	lexical hit not semantically classified: except ValueError:	specs/.history/modular-fuzzing-epic/ticket-005-MF-014/ticket/results/graph-specWorkflow/cleanup-failure-probe-test-graph/sdk/python/src/testgraphsdk/procs.py:123	out-of-scope	ticket_plan.yaml:648-658	none mapped	unrepresented	out_of_scope_lexical_inventory		INFERRED exact-path scope; source not read
1418	lexical hit not semantically classified: populated ``error`` message — the helper never raises, so the node	specs/.history/modular-fuzzing-epic/ticket-005-MF-014/ticket/results/graph-specWorkflow/cleanup-failure-probe-test-graph/sdk/python/src/testgraphsdk/result.py:46	out-of-scope	ticket_plan.yaml:648-658	none mapped	unrepresented	out_of_scope_lexical_inventory		INFERRED exact-path scope; source not read
1419	"lexical hit not semantically classified: error_stack="""".join(traceback.format_exception(exc)),"	specs/.history/modular-fuzzing-epic/ticket-005-MF-014/ticket/results/graph-specWorkflow/cleanup-failure-probe-test-graph/sdk/python/src/testgraphsdk/result.py:121	out-of-scope	ticket_plan.yaml:648-658	none mapped	unrepresented	out_of_scope_lexical_inventory		INFERRED exact-path scope; source not read
1420	lexical hit not semantically classified: raise RuntimeError(	specs/.history/modular-fuzzing-epic/ticket-005-MF-014/ticket/results/graph-specWorkflow/cleanup-failure-probe-test-graph/sdk/python/src/testgraphsdk/runner.py:43	out-of-scope	ticket_plan.yaml:648-658	none mapped	unrepresented	out_of_scope_lexical_inventory		INFERRED exact-path scope; source not read
1421	lexical hit not semantically classified: try:	specs/.history/modular-fuzzing-epic/ticket-005-MF-014/ticket/results/graph-specWorkflow/cleanup-failure-probe-test-graph/sdk/python/src/testgraphsdk/runner.py:48	out-of-scope	ticket_plan.yaml:648-658	none mapped	unrepresented	out_of_scope_lexical_inventory		INFERRED exact-path scope; source not read
1422	lexical hit not semantically classified: except BaseException as exc:	specs/.history/modular-fuzzing-epic/ticket-005-MF-014/ticket/results/graph-specWorkflow/cleanup-failure-probe-test-graph/sdk/python/src/testgraphsdk/runner.py:50	out-of-scope	ticket_plan.yaml:648-658	none mapped	unrepresented	out_of_scope_lexical_inventory		INFERRED exact-path scope; source not read
1423	lexical hit not semantically classified: try:	specs/.history/modular-fuzzing-epic/ticket-005-MF-014/ticket/results/graph-specWorkflow/cleanup-failure-probe-test-graph/sdk/python/src/testgraphsdk/runner.py:70	out-of-scope	ticket_plan.yaml:648-658	none mapped	unrepresented	out_of_scope_lexical_inventory		INFERRED exact-path scope; source not read
1424	lexical hit not semantically classified: except OSError as exc:	specs/.history/modular-fuzzing-epic/ticket-005-MF-014/ticket/results/graph-specWorkflow/cleanup-failure-probe-test-graph/sdk/python/src/testgraphsdk/runner.py:74	out-of-scope	ticket_plan.yaml:648-658	none mapped	unrepresented	out_of_scope_lexical_inventory		INFERRED exact-path scope; source not read
1425	lexical hit not semantically classified: private val registry: ExecutorRegistry,	specs/.history/modular-fuzzing-epic/ticket-006-MF-013/results/specWorkflow-report-post-promotion/cleanup-failure-probe-test-graph/build-logic/src/main/kotlin/com/hayden/testgraphsdk/exec/PlanExecutor.kt:30	out-of-scope	ticket_plan.yaml:648-658	none mapped	unrepresented	out_of_scope_lexical_inventory		INFERRED exact-path scope; source not read
1426	lexical hit not semantically classified: # you may not use this file except in compliance with the License.	specs/.history/modular-fuzzing-epic/ticket-006-MF-013/results/specWorkflow-report-post-promotion/cleanup-failure-probe-test-graph/gradlew:7	out-of-scope	ticket_plan.yaml:648-658	none mapped	unrepresented	out_of_scope_lexical_inventory		INFERRED exact-path scope; source not read
1427	lexical hit not semantically classified: * without wrapping the whole lambda in try/catch. Any exception that	specs/.history/modular-fuzzing-epic/ticket-006-MF-013/results/specWorkflow-report-post-promotion/cleanup-failure-probe-test-graph/sdk/java/src/main/java/com/hayden/testgraphsdk/sdk/NodeBody.java:8	out-of-scope	ticket_plan.yaml:648-658	none mapped	unrepresented	out_of_scope_lexical_inventory		INFERRED exact-path scope; source not read
1428	"lexical hit not semantically classified: * uniform — it never has to decide between ""exception escaped"" and"	specs/.history/modular-fuzzing-epic/ticket-006-MF-013/results/specWorkflow-report-post-promotion/cleanup-failure-probe-test-graph/sdk/java/src/main/java/com/hayden/testgraphsdk/sdk/Procs.java:29	out-of-scope	ticket_plan.yaml:648-658	none mapped	unrepresented	out_of_scope_lexical_inventory		INFERRED exact-path scope; source not read
1429	lexical hit not semantically classified: raise RuntimeError(	specs/.history/modular-fuzzing-epic/ticket-006-MF-013/results/specWorkflow-report-post-promotion/cleanup-failure-probe-test-graph/sdk/python/src/testgraphsdk/context.py:52	out-of-scope	ticket_plan.yaml:648-658	none mapped	unrepresented	out_of_scope_lexical_inventory		INFERRED exact-path scope; source not read
1430	"lexical hit not semantically classified: raise ValueError(f""invalid kind '{k}'; expected one of {sorted(VALID_KINDS)}"")"	specs/.history/modular-fuzzing-epic/ticket-006-MF-013/results/specWorkflow-report-post-promotion/cleanup-failure-probe-test-graph/sdk/python/src/testgraphsdk/node_spec.py:36	out-of-scope	ticket_plan.yaml:648-658	none mapped	unrepresented	out_of_scope_lexical_inventory		INFERRED exact-path scope; source not read
1431	lexical hit not semantically classified: Never raises on spawn failure: if :func:`subprocess.Popen` blows up	specs/.history/modular-fuzzing-epic/ticket-006-MF-013/results/specWorkflow-report-post-promotion/cleanup-failure-probe-test-graph/sdk/python/src/testgraphsdk/procs.py:9	out-of-scope	ticket_plan.yaml:648-658	none mapped	unrepresented	out_of_scope_lexical_inventory		INFERRED exact-path scope; source not read
1432	"lexical hit not semantically classified: between ""exception escaped"" and ""child exited non-zero""."	specs/.history/modular-fuzzing-epic/ticket-006-MF-013/results/specWorkflow-report-post-promotion/cleanup-failure-probe-test-graph/sdk/python/src/testgraphsdk/procs.py:13	out-of-scope	ticket_plan.yaml:648-658	none mapped	unrepresented	out_of_scope_lexical_inventory		INFERRED exact-path scope; source not read
1433	lexical hit not semantically classified: try:	specs/.history/modular-fuzzing-epic/ticket-006-MF-013/results/specWorkflow-report-post-promotion/cleanup-failure-probe-test-graph/sdk/python/src/testgraphsdk/procs.py:55	out-of-scope	ticket_plan.yaml:648-658	none mapped	unrepresented	out_of_scope_lexical_inventory		INFERRED exact-path scope; source not read
1434	lexical hit not semantically classified: except OSError as e:	specs/.history/modular-fuzzing-epic/ticket-006-MF-013/results/specWorkflow-report-post-promotion/cleanup-failure-probe-test-graph/sdk/python/src/testgraphsdk/procs.py:57	out-of-scope	ticket_plan.yaml:648-658	none mapped	unrepresented	out_of_scope_lexical_inventory		INFERRED exact-path scope; source not read
1435	lexical hit not semantically classified: try:	specs/.history/modular-fuzzing-epic/ticket-006-MF-013/results/specWorkflow-report-post-promotion/cleanup-failure-probe-test-graph/sdk/python/src/testgraphsdk/procs.py:66	out-of-scope	ticket_plan.yaml:648-658	none mapped	unrepresented	out_of_scope_lexical_inventory		INFERRED exact-path scope; source not read
1436	lexical hit not semantically classified: try:	specs/.history/modular-fuzzing-epic/ticket-006-MF-013/results/specWorkflow-report-post-promotion/cleanup-failure-probe-test-graph/sdk/python/src/testgraphsdk/procs.py:78	out-of-scope	ticket_plan.yaml:648-658	none mapped	unrepresented	out_of_scope_lexical_inventory		INFERRED exact-path scope; source not read
1437	lexical hit not semantically classified: except KeyboardInterrupt:	specs/.history/modular-fuzzing-epic/ticket-006-MF-013/results/specWorkflow-report-post-promotion/cleanup-failure-probe-test-graph/sdk/python/src/testgraphsdk/procs.py:80	out-of-scope	ticket_plan.yaml:648-658	none mapped	unrepresented	out_of_scope_lexical_inventory		INFERRED exact-path scope; source not read
1438	lexical hit not semantically classified: except (OSError, FileNotFoundError) as e:	specs/.history/modular-fuzzing-epic/ticket-006-MF-013/results/specWorkflow-report-post-promotion/cleanup-failure-probe-test-graph/sdk/python/src/testgraphsdk/procs.py:92	out-of-scope	ticket_plan.yaml:648-658	none mapped	unrepresented	out_of_scope_lexical_inventory		INFERRED exact-path scope; source not read
1439	lexical hit not semantically classified: try:	specs/.history/modular-fuzzing-epic/ticket-006-MF-013/results/specWorkflow-report-post-promotion/cleanup-failure-probe-test-graph/sdk/python/src/testgraphsdk/procs.py:121	out-of-scope	ticket_plan.yaml:648-658	none mapped	unrepresented	out_of_scope_lexical_inventory		INFERRED exact-path scope; source not read
1440	lexical hit not semantically classified: except ValueError:	specs/.history/modular-fuzzing-epic/ticket-006-MF-013/results/specWorkflow-report-post-promotion/cleanup-failure-probe-test-graph/sdk/python/src/testgraphsdk/procs.py:123	out-of-scope	ticket_plan.yaml:648-658	none mapped	unrepresented	out_of_scope_lexical_inventory		INFERRED exact-path scope; source not read
1441	lexical hit not semantically classified: populated ``error`` message — the helper never raises, so the node	specs/.history/modular-fuzzing-epic/ticket-006-MF-013/results/specWorkflow-report-post-promotion/cleanup-failure-probe-test-graph/sdk/python/src/testgraphsdk/result.py:46	out-of-scope	ticket_plan.yaml:648-658	none mapped	unrepresented	out_of_scope_lexical_inventory		INFERRED exact-path scope; source not read
1442	"lexical hit not semantically classified: error_stack="""".join(traceback.format_exception(exc)),"	specs/.history/modular-fuzzing-epic/ticket-006-MF-013/results/specWorkflow-report-post-promotion/cleanup-failure-probe-test-graph/sdk/python/src/testgraphsdk/result.py:121	out-of-scope	ticket_plan.yaml:648-658	none mapped	unrepresented	out_of_scope_lexical_inventory		INFERRED exact-path scope; source not read
1443	lexical hit not semantically classified: raise RuntimeError(	specs/.history/modular-fuzzing-epic/ticket-006-MF-013/results/specWorkflow-report-post-promotion/cleanup-failure-probe-test-graph/sdk/python/src/testgraphsdk/runner.py:43	out-of-scope	ticket_plan.yaml:648-658	none mapped	unrepresented	out_of_scope_lexical_inventory		INFERRED exact-path scope; source not read
1444	lexical hit not semantically classified: try:	specs/.history/modular-fuzzing-epic/ticket-006-MF-013/results/specWorkflow-report-post-promotion/cleanup-failure-probe-test-graph/sdk/python/src/testgraphsdk/runner.py:48	out-of-scope	ticket_plan.yaml:648-658	none mapped	unrepresented	out_of_scope_lexical_inventory		INFERRED exact-path scope; source not read
1445	lexical hit not semantically classified: except BaseException as exc:	specs/.history/modular-fuzzing-epic/ticket-006-MF-013/results/specWorkflow-report-post-promotion/cleanup-failure-probe-test-graph/sdk/python/src/testgraphsdk/runner.py:50	out-of-scope	ticket_plan.yaml:648-658	none mapped	unrepresented	out_of_scope_lexical_inventory		INFERRED exact-path scope; source not read
1446	lexical hit not semantically classified: try:	specs/.history/modular-fuzzing-epic/ticket-006-MF-013/results/specWorkflow-report-post-promotion/cleanup-failure-probe-test-graph/sdk/python/src/testgraphsdk/runner.py:70	out-of-scope	ticket_plan.yaml:648-658	none mapped	unrepresented	out_of_scope_lexical_inventory		INFERRED exact-path scope; source not read
1447	lexical hit not semantically classified: except OSError as exc:	specs/.history/modular-fuzzing-epic/ticket-006-MF-013/results/specWorkflow-report-post-promotion/cleanup-failure-probe-test-graph/sdk/python/src/testgraphsdk/runner.py:74	out-of-scope	ticket_plan.yaml:648-658	none mapped	unrepresented	out_of_scope_lexical_inventory		INFERRED exact-path scope; source not read
1448	lexical hit not semantically classified: private val registry: ExecutorRegistry,	specs/.history/modular-fuzzing-epic/ticket-006-MF-013/results/specWorkflow-report/cleanup-failure-probe-test-graph/build-logic/src/main/kotlin/com/hayden/testgraphsdk/exec/PlanExecutor.kt:30	out-of-scope	ticket_plan.yaml:648-658	none mapped	unrepresented	out_of_scope_lexical_inventory		INFERRED exact-path scope; source not read
1449	lexical hit not semantically classified: # you may not use this file except in compliance with the License.	specs/.history/modular-fuzzing-epic/ticket-006-MF-013/results/specWorkflow-report/cleanup-failure-probe-test-graph/gradlew:7	out-of-scope	ticket_plan.yaml:648-658	none mapped	unrepresented	out_of_scope_lexical_inventory		INFERRED exact-path scope; source not read
1450	lexical hit not semantically classified: * without wrapping the whole lambda in try/catch. Any exception that	specs/.history/modular-fuzzing-epic/ticket-006-MF-013/results/specWorkflow-report/cleanup-failure-probe-test-graph/sdk/java/src/main/java/com/hayden/testgraphsdk/sdk/NodeBody.java:8	out-of-scope	ticket_plan.yaml:648-658	none mapped	unrepresented	out_of_scope_lexical_inventory		INFERRED exact-path scope; source not read
1451	"lexical hit not semantically classified: * uniform — it never has to decide between ""exception escaped"" and"	specs/.history/modular-fuzzing-epic/ticket-006-MF-013/results/specWorkflow-report/cleanup-failure-probe-test-graph/sdk/java/src/main/java/com/hayden/testgraphsdk/sdk/Procs.java:29	out-of-scope	ticket_plan.yaml:648-658	none mapped	unrepresented	out_of_scope_lexical_inventory		INFERRED exact-path scope; source not read
1452	lexical hit not semantically classified: raise RuntimeError(	specs/.history/modular-fuzzing-epic/ticket-006-MF-013/results/specWorkflow-report/cleanup-failure-probe-test-graph/sdk/python/src/testgraphsdk/context.py:52	out-of-scope	ticket_plan.yaml:648-658	none mapped	unrepresented	out_of_scope_lexical_inventory		INFERRED exact-path scope; source not read
1453	"lexical hit not semantically classified: raise ValueError(f""invalid kind '{k}'; expected one of {sorted(VALID_KINDS)}"")"	specs/.history/modular-fuzzing-epic/ticket-006-MF-013/results/specWorkflow-report/cleanup-failure-probe-test-graph/sdk/python/src/testgraphsdk/node_spec.py:36	out-of-scope	ticket_plan.yaml:648-658	none mapped	unrepresented	out_of_scope_lexical_inventory		INFERRED exact-path scope; source not read
1454	lexical hit not semantically classified: Never raises on spawn failure: if :func:`subprocess.Popen` blows up	specs/.history/modular-fuzzing-epic/ticket-006-MF-013/results/specWorkflow-report/cleanup-failure-probe-test-graph/sdk/python/src/testgraphsdk/procs.py:9	out-of-scope	ticket_plan.yaml:648-658	none mapped	unrepresented	out_of_scope_lexical_inventory		INFERRED exact-path scope; source not read
1455	"lexical hit not semantically classified: between ""exception escaped"" and ""child exited non-zero""."	specs/.history/modular-fuzzing-epic/ticket-006-MF-013/results/specWorkflow-report/cleanup-failure-probe-test-graph/sdk/python/src/testgraphsdk/procs.py:13	out-of-scope	ticket_plan.yaml:648-658	none mapped	unrepresented	out_of_scope_lexical_inventory		INFERRED exact-path scope; source not read
1456	lexical hit not semantically classified: try:	specs/.history/modular-fuzzing-epic/ticket-006-MF-013/results/specWorkflow-report/cleanup-failure-probe-test-graph/sdk/python/src/testgraphsdk/procs.py:55	out-of-scope	ticket_plan.yaml:648-658	none mapped	unrepresented	out_of_scope_lexical_inventory		INFERRED exact-path scope; source not read
1457	lexical hit not semantically classified: except OSError as e:	specs/.history/modular-fuzzing-epic/ticket-006-MF-013/results/specWorkflow-report/cleanup-failure-probe-test-graph/sdk/python/src/testgraphsdk/procs.py:57	out-of-scope	ticket_plan.yaml:648-658	none mapped	unrepresented	out_of_scope_lexical_inventory		INFERRED exact-path scope; source not read
1458	lexical hit not semantically classified: try:	specs/.history/modular-fuzzing-epic/ticket-006-MF-013/results/specWorkflow-report/cleanup-failure-probe-test-graph/sdk/python/src/testgraphsdk/procs.py:66	out-of-scope	ticket_plan.yaml:648-658	none mapped	unrepresented	out_of_scope_lexical_inventory		INFERRED exact-path scope; source not read
1459	lexical hit not semantically classified: try:	specs/.history/modular-fuzzing-epic/ticket-006-MF-013/results/specWorkflow-report/cleanup-failure-probe-test-graph/sdk/python/src/testgraphsdk/procs.py:78	out-of-scope	ticket_plan.yaml:648-658	none mapped	unrepresented	out_of_scope_lexical_inventory		INFERRED exact-path scope; source not read
1460	lexical hit not semantically classified: except KeyboardInterrupt:	specs/.history/modular-fuzzing-epic/ticket-006-MF-013/results/specWorkflow-report/cleanup-failure-probe-test-graph/sdk/python/src/testgraphsdk/procs.py:80	out-of-scope	ticket_plan.yaml:648-658	none mapped	unrepresented	out_of_scope_lexical_inventory		INFERRED exact-path scope; source not read
1461	lexical hit not semantically classified: except (OSError, FileNotFoundError) as e:	specs/.history/modular-fuzzing-epic/ticket-006-MF-013/results/specWorkflow-report/cleanup-failure-probe-test-graph/sdk/python/src/testgraphsdk/procs.py:92	out-of-scope	ticket_plan.yaml:648-658	none mapped	unrepresented	out_of_scope_lexical_inventory		INFERRED exact-path scope; source not read
1462	lexical hit not semantically classified: try:	specs/.history/modular-fuzzing-epic/ticket-006-MF-013/results/specWorkflow-report/cleanup-failure-probe-test-graph/sdk/python/src/testgraphsdk/procs.py:121	out-of-scope	ticket_plan.yaml:648-658	none mapped	unrepresented	out_of_scope_lexical_inventory		INFERRED exact-path scope; source not read
1463	lexical hit not semantically classified: except ValueError:	specs/.history/modular-fuzzing-epic/ticket-006-MF-013/results/specWorkflow-report/cleanup-failure-probe-test-graph/sdk/python/src/testgraphsdk/procs.py:123	out-of-scope	ticket_plan.yaml:648-658	none mapped	unrepresented	out_of_scope_lexical_inventory		INFERRED exact-path scope; source not read
1464	lexical hit not semantically classified: populated ``error`` message — the helper never raises, so the node	specs/.history/modular-fuzzing-epic/ticket-006-MF-013/results/specWorkflow-report/cleanup-failure-probe-test-graph/sdk/python/src/testgraphsdk/result.py:46	out-of-scope	ticket_plan.yaml:648-658	none mapped	unrepresented	out_of_scope_lexical_inventory		INFERRED exact-path scope; source not read
1465	"lexical hit not semantically classified: error_stack="""".join(traceback.format_exception(exc)),"	specs/.history/modular-fuzzing-epic/ticket-006-MF-013/results/specWorkflow-report/cleanup-failure-probe-test-graph/sdk/python/src/testgraphsdk/result.py:121	out-of-scope	ticket_plan.yaml:648-658	none mapped	unrepresented	out_of_scope_lexical_inventory		INFERRED exact-path scope; source not read
1466	lexical hit not semantically classified: raise RuntimeError(	specs/.history/modular-fuzzing-epic/ticket-006-MF-013/results/specWorkflow-report/cleanup-failure-probe-test-graph/sdk/python/src/testgraphsdk/runner.py:43	out-of-scope	ticket_plan.yaml:648-658	none mapped	unrepresented	out_of_scope_lexical_inventory		INFERRED exact-path scope; source not read
1467	lexical hit not semantically classified: try:	specs/.history/modular-fuzzing-epic/ticket-006-MF-013/results/specWorkflow-report/cleanup-failure-probe-test-graph/sdk/python/src/testgraphsdk/runner.py:48	out-of-scope	ticket_plan.yaml:648-658	none mapped	unrepresented	out_of_scope_lexical_inventory		INFERRED exact-path scope; source not read
1468	lexical hit not semantically classified: except BaseException as exc:	specs/.history/modular-fuzzing-epic/ticket-006-MF-013/results/specWorkflow-report/cleanup-failure-probe-test-graph/sdk/python/src/testgraphsdk/runner.py:50	out-of-scope	ticket_plan.yaml:648-658	none mapped	unrepresented	out_of_scope_lexical_inventory		INFERRED exact-path scope; source not read
1469	lexical hit not semantically classified: try:	specs/.history/modular-fuzzing-epic/ticket-006-MF-013/results/specWorkflow-report/cleanup-failure-probe-test-graph/sdk/python/src/testgraphsdk/runner.py:70	out-of-scope	ticket_plan.yaml:648-658	none mapped	unrepresented	out_of_scope_lexical_inventory		INFERRED exact-path scope; source not read
1470	lexical hit not semantically classified: except OSError as exc:	specs/.history/modular-fuzzing-epic/ticket-006-MF-013/results/specWorkflow-report/cleanup-failure-probe-test-graph/sdk/python/src/testgraphsdk/runner.py:74	out-of-scope	ticket_plan.yaml:648-658	none mapped	unrepresented	out_of_scope_lexical_inventory		INFERRED exact-path scope; source not read
1471	"lexical hit not semantically classified: raise RuntimeError(""could not locate tla-spec-dev repository root"")"	specs/.history/modular-fuzzing-epic/ticket-006-MF-013/snapshots/current/production_adapters.py:16	out-of-scope	ticket_plan.yaml:648-658	none mapped	unrepresented	out_of_scope_lexical_inventory		INFERRED exact-path scope; source not read
1472	"lexical hit not semantically classified: ""raised_cap_exit_code"": under.returncode,"	specs/.history/modular-fuzzing-epic/ticket-006-MF-013/snapshots/current/production_adapters.py:963	out-of-scope	ticket_plan.yaml:648-658	none mapped	unrepresented	out_of_scope_lexical_inventory		INFERRED exact-path scope; source not read
1473	"lexical hit not semantically classified: ""cap_raise_accept_path_offered"": accept_path,"	specs/.history/modular-fuzzing-epic/ticket-006-MF-013/snapshots/current/production_adapters.py:971	out-of-scope	ticket_plan.yaml:648-658	none mapped	unrepresented	out_of_scope_lexical_inventory		INFERRED exact-path scope; source not read
1474	lexical hit not semantically classified: `justification_does_not_change_the_verdict`: two fixtures identical except	specs/.history/modular-fuzzing-epic/ticket-006-MF-013/snapshots/current/production_adapters.py:987	out-of-scope	ticket_plan.yaml:648-658	none mapped	unrepresented	out_of_scope_lexical_inventory		INFERRED exact-path scope; source not read
1475	"lexical hit not semantically classified: raise AssertionError(""current spec_manifest.yaml has no status.active_ticket"")"	specs/.history/modular-fuzzing-epic/ticket-006-MF-013/snapshots/current/tests/test_current_ticket_workflow.py:11	out-of-scope	ticket_plan.yaml:648-658	none mapped	unrepresented	out_of_scope_lexical_inventory		INFERRED exact-path scope; source not read
1476	"lexical hit not semantically classified: assert result[""raised_cap_exit_code""] == 0, result[""stderr""]"	specs/.history/modular-fuzzing-epic/ticket-006-MF-013/snapshots/current/tests/test_tla_spec_dev_corpus_adapter.py:34	out-of-scope	ticket_plan.yaml:648-658	none mapped	unrepresented	out_of_scope_lexical_inventory		INFERRED exact-path scope; source not read
1477	"lexical hit not semantically classified: assert result[""cap_raise_accept_path_offered""] is True"	specs/.history/modular-fuzzing-epic/ticket-006-MF-013/snapshots/current/tests/test_tla_spec_dev_corpus_adapter.py:61	out-of-scope	ticket_plan.yaml:648-658	none mapped	unrepresented	out_of_scope_lexical_inventory		INFERRED exact-path scope; source not read
1478	lexical hit not semantically classified: directories identical except that one carries a recorded justification produce	specs/.history/modular-fuzzing-epic/ticket-006-MF-013/snapshots/current/tests/test_tla_spec_dev_effect_conformance_adapter.py:10	out-of-scope	ticket_plan.yaml:648-658	none mapped	unrepresented	out_of_scope_lexical_inventory		INFERRED exact-path scope; source not read
1479	"lexical hit not semantically classified: raise RuntimeError(""could not locate tla-spec-dev repository root"")"	specs/.history/modular-fuzzing-epic/ticket-006-MF-013/snapshots/desired_program_model/production_adapters.py:15	out-of-scope	ticket_plan.yaml:648-658	none mapped	unrepresented	out_of_scope_lexical_inventory		INFERRED exact-path scope; source not read
1480	"lexical hit not semantically classified: raise RuntimeError(""could not locate tla-spec-dev repository root"")"	specs/.history/modular-fuzzing-epic/ticket-006-MF-013/snapshots/program_model/production_adapters.py:15	out-of-scope	ticket_plan.yaml:648-658	none mapped	unrepresented	out_of_scope_lexical_inventory		INFERRED exact-path scope; source not read
1481	"lexical hit not semantically classified: raise RuntimeError(""could not locate tla-spec-dev repository root"")"	specs/.history/modular-fuzzing-epic/ticket-006-MF-013/ticket/current/production_adapters.py:16	out-of-scope	ticket_plan.yaml:648-658	none mapped	unrepresented	out_of_scope_lexical_inventory		INFERRED exact-path scope; source not read
1482	"lexical hit not semantically classified: ""raised_cap_exit_code"": under.returncode,"	specs/.history/modular-fuzzing-epic/ticket-006-MF-013/ticket/current/production_adapters.py:963	out-of-scope	ticket_plan.yaml:648-658	none mapped	unrepresented	out_of_scope_lexical_inventory		INFERRED exact-path scope; source not read
1483	"lexical hit not semantically classified: ""cap_raise_accept_path_offered"": accept_path,"	specs/.history/modular-fuzzing-epic/ticket-006-MF-013/ticket/current/production_adapters.py:971	out-of-scope	ticket_plan.yaml:648-658	none mapped	unrepresented	out_of_scope_lexical_inventory		INFERRED exact-path scope; source not read
1484	lexical hit not semantically classified: `justification_does_not_change_the_verdict`: two fixtures identical except	specs/.history/modular-fuzzing-epic/ticket-006-MF-013/ticket/current/production_adapters.py:987	out-of-scope	ticket_plan.yaml:648-658	none mapped	unrepresented	out_of_scope_lexical_inventory		INFERRED exact-path scope; source not read
1485	"lexical hit not semantically classified: assert result[""raised_cap_exit_code""] == 0, result[""stderr""]"	specs/.history/modular-fuzzing-epic/ticket-006-MF-013/ticket/current/tests/test_tla_spec_dev_corpus_adapter.py:34	out-of-scope	ticket_plan.yaml:648-658	none mapped	unrepresented	out_of_scope_lexical_inventory		INFERRED exact-path scope; source not read
1486	"lexical hit not semantically classified: assert result[""cap_raise_accept_path_offered""] is True"	specs/.history/modular-fuzzing-epic/ticket-006-MF-013/ticket/current/tests/test_tla_spec_dev_corpus_adapter.py:61	out-of-scope	ticket_plan.yaml:648-658	none mapped	unrepresented	out_of_scope_lexical_inventory		INFERRED exact-path scope; source not read
1487	lexical hit not semantically classified: directories identical except that one carries a recorded justification produce	specs/.history/modular-fuzzing-epic/ticket-006-MF-013/ticket/current/tests/test_tla_spec_dev_effect_conformance_adapter.py:10	out-of-scope	ticket_plan.yaml:648-658	none mapped	unrepresented	out_of_scope_lexical_inventory		INFERRED exact-path scope; source not read
1488	"lexical hit not semantically classified: raise RuntimeError(""could not locate tla-spec-dev repository root"")"	specs/.history/modular-fuzzing-epic/ticket-006-MF-013/ticket/desired/production_adapters.py:16	out-of-scope	ticket_plan.yaml:648-658	none mapped	unrepresented	out_of_scope_lexical_inventory		INFERRED exact-path scope; source not read
1489	"lexical hit not semantically classified: ""raised_cap_exit_code"": under.returncode,"	specs/.history/modular-fuzzing-epic/ticket-006-MF-013/ticket/desired/production_adapters.py:963	out-of-scope	ticket_plan.yaml:648-658	none mapped	unrepresented	out_of_scope_lexical_inventory		INFERRED exact-path scope; source not read
1490	"lexical hit not semantically classified: ""cap_raise_accept_path_offered"": accept_path,"	specs/.history/modular-fuzzing-epic/ticket-006-MF-013/ticket/desired/production_adapters.py:971	out-of-scope	ticket_plan.yaml:648-658	none mapped	unrepresented	out_of_scope_lexical_inventory		INFERRED exact-path scope; source not read
1491	lexical hit not semantically classified: `justification_does_not_change_the_verdict`: two fixtures identical except	specs/.history/modular-fuzzing-epic/ticket-006-MF-013/ticket/desired/production_adapters.py:987	out-of-scope	ticket_plan.yaml:648-658	none mapped	unrepresented	out_of_scope_lexical_inventory		INFERRED exact-path scope; source not read
1492	"lexical hit not semantically classified: assert result[""raised_cap_exit_code""] == 0, result[""stderr""]"	specs/.history/modular-fuzzing-epic/ticket-006-MF-013/ticket/desired/tests/test_tla_spec_dev_corpus_adapter.py:34	out-of-scope	ticket_plan.yaml:648-658	none mapped	unrepresented	out_of_scope_lexical_inventory		INFERRED exact-path scope; source not read
1493	"lexical hit not semantically classified: assert result[""cap_raise_accept_path_offered""] is True"	specs/.history/modular-fuzzing-epic/ticket-006-MF-013/ticket/desired/tests/test_tla_spec_dev_corpus_adapter.py:61	out-of-scope	ticket_plan.yaml:648-658	none mapped	unrepresented	out_of_scope_lexical_inventory		INFERRED exact-path scope; source not read
1494	lexical hit not semantically classified: directories identical except that one carries a recorded justification produce	specs/.history/modular-fuzzing-epic/ticket-006-MF-013/ticket/desired/tests/test_tla_spec_dev_effect_conformance_adapter.py:10	out-of-scope	ticket_plan.yaml:648-658	none mapped	unrepresented	out_of_scope_lexical_inventory		INFERRED exact-path scope; source not read
1495	lexical hit not semantically classified: private val registry: ExecutorRegistry,	specs/.history/modular-fuzzing-epic/ticket-006-MF-013/ticket/results/specWorkflow-report/cleanup-failure-probe-test-graph/build-logic/src/main/kotlin/com/hayden/testgraphsdk/exec/PlanExecutor.kt:30	out-of-scope	ticket_plan.yaml:648-658	none mapped	unrepresented	out_of_scope_lexical_inventory		INFERRED exact-path scope; source not read
1496	lexical hit not semantically classified: # you may not use this file except in compliance with the License.	specs/.history/modular-fuzzing-epic/ticket-006-MF-013/ticket/results/specWorkflow-report/cleanup-failure-probe-test-graph/gradlew:7	out-of-scope	ticket_plan.yaml:648-658	none mapped	unrepresented	out_of_scope_lexical_inventory		INFERRED exact-path scope; source not read
1497	lexical hit not semantically classified: * without wrapping the whole lambda in try/catch. Any exception that	specs/.history/modular-fuzzing-epic/ticket-006-MF-013/ticket/results/specWorkflow-report/cleanup-failure-probe-test-graph/sdk/java/src/main/java/com/hayden/testgraphsdk/sdk/NodeBody.java:8	out-of-scope	ticket_plan.yaml:648-658	none mapped	unrepresented	out_of_scope_lexical_inventory		INFERRED exact-path scope; source not read
1498	"lexical hit not semantically classified: * uniform — it never has to decide between ""exception escaped"" and"	specs/.history/modular-fuzzing-epic/ticket-006-MF-013/ticket/results/specWorkflow-report/cleanup-failure-probe-test-graph/sdk/java/src/main/java/com/hayden/testgraphsdk/sdk/Procs.java:29	out-of-scope	ticket_plan.yaml:648-658	none mapped	unrepresented	out_of_scope_lexical_inventory		INFERRED exact-path scope; source not read
1499	lexical hit not semantically classified: raise RuntimeError(	specs/.history/modular-fuzzing-epic/ticket-006-MF-013/ticket/results/specWorkflow-report/cleanup-failure-probe-test-graph/sdk/python/src/testgraphsdk/context.py:52	out-of-scope	ticket_plan.yaml:648-658	none mapped	unrepresented	out_of_scope_lexical_inventory		INFERRED exact-path scope; source not read
1500	"lexical hit not semantically classified: raise ValueError(f""invalid kind '{k}'; expected one of {sorted(VALID_KINDS)}"")"	specs/.history/modular-fuzzing-epic/ticket-006-MF-013/ticket/results/specWorkflow-report/cleanup-failure-probe-test-graph/sdk/python/src/testgraphsdk/node_spec.py:36	out-of-scope	ticket_plan.yaml:648-658	none mapped	unrepresented	out_of_scope_lexical_inventory		INFERRED exact-path scope; source not read
1501	lexical hit not semantically classified: Never raises on spawn failure: if :func:`subprocess.Popen` blows up	specs/.history/modular-fuzzing-epic/ticket-006-MF-013/ticket/results/specWorkflow-report/cleanup-failure-probe-test-graph/sdk/python/src/testgraphsdk/procs.py:9	out-of-scope	ticket_plan.yaml:648-658	none mapped	unrepresented	out_of_scope_lexical_inventory		INFERRED exact-path scope; source not read
1502	"lexical hit not semantically classified: between ""exception escaped"" and ""child exited non-zero""."	specs/.history/modular-fuzzing-epic/ticket-006-MF-013/ticket/results/specWorkflow-report/cleanup-failure-probe-test-graph/sdk/python/src/testgraphsdk/procs.py:13	out-of-scope	ticket_plan.yaml:648-658	none mapped	unrepresented	out_of_scope_lexical_inventory		INFERRED exact-path scope; source not read
1503	lexical hit not semantically classified: try:	specs/.history/modular-fuzzing-epic/ticket-006-MF-013/ticket/results/specWorkflow-report/cleanup-failure-probe-test-graph/sdk/python/src/testgraphsdk/procs.py:55	out-of-scope	ticket_plan.yaml:648-658	none mapped	unrepresented	out_of_scope_lexical_inventory		INFERRED exact-path scope; source not read
1504	lexical hit not semantically classified: except OSError as e:	specs/.history/modular-fuzzing-epic/ticket-006-MF-013/ticket/results/specWorkflow-report/cleanup-failure-probe-test-graph/sdk/python/src/testgraphsdk/procs.py:57	out-of-scope	ticket_plan.yaml:648-658	none mapped	unrepresented	out_of_scope_lexical_inventory		INFERRED exact-path scope; source not read
1505	lexical hit not semantically classified: try:	specs/.history/modular-fuzzing-epic/ticket-006-MF-013/ticket/results/specWorkflow-report/cleanup-failure-probe-test-graph/sdk/python/src/testgraphsdk/procs.py:66	out-of-scope	ticket_plan.yaml:648-658	none mapped	unrepresented	out_of_scope_lexical_inventory		INFERRED exact-path scope; source not read
1506	lexical hit not semantically classified: try:	specs/.history/modular-fuzzing-epic/ticket-006-MF-013/ticket/results/specWorkflow-report/cleanup-failure-probe-test-graph/sdk/python/src/testgraphsdk/procs.py:78	out-of-scope	ticket_plan.yaml:648-658	none mapped	unrepresented	out_of_scope_lexical_inventory		INFERRED exact-path scope; source not read
1507	lexical hit not semantically classified: except KeyboardInterrupt:	specs/.history/modular-fuzzing-epic/ticket-006-MF-013/ticket/results/specWorkflow-report/cleanup-failure-probe-test-graph/sdk/python/src/testgraphsdk/procs.py:80	out-of-scope	ticket_plan.yaml:648-658	none mapped	unrepresented	out_of_scope_lexical_inventory		INFERRED exact-path scope; source not read
1508	lexical hit not semantically classified: except (OSError, FileNotFoundError) as e:	specs/.history/modular-fuzzing-epic/ticket-006-MF-013/ticket/results/specWorkflow-report/cleanup-failure-probe-test-graph/sdk/python/src/testgraphsdk/procs.py:92	out-of-scope	ticket_plan.yaml:648-658	none mapped	unrepresented	out_of_scope_lexical_inventory		INFERRED exact-path scope; source not read
1509	lexical hit not semantically classified: try:	specs/.history/modular-fuzzing-epic/ticket-006-MF-013/ticket/results/specWorkflow-report/cleanup-failure-probe-test-graph/sdk/python/src/testgraphsdk/procs.py:121	out-of-scope	ticket_plan.yaml:648-658	none mapped	unrepresented	out_of_scope_lexical_inventory		INFERRED exact-path scope; source not read
1510	lexical hit not semantically classified: except ValueError:	specs/.history/modular-fuzzing-epic/ticket-006-MF-013/ticket/results/specWorkflow-report/cleanup-failure-probe-test-graph/sdk/python/src/testgraphsdk/procs.py:123	out-of-scope	ticket_plan.yaml:648-658	none mapped	unrepresented	out_of_scope_lexical_inventory		INFERRED exact-path scope; source not read
1511	lexical hit not semantically classified: populated ``error`` message — the helper never raises, so the node	specs/.history/modular-fuzzing-epic/ticket-006-MF-013/ticket/results/specWorkflow-report/cleanup-failure-probe-test-graph/sdk/python/src/testgraphsdk/result.py:46	out-of-scope	ticket_plan.yaml:648-658	none mapped	unrepresented	out_of_scope_lexical_inventory		INFERRED exact-path scope; source not read
1512	"lexical hit not semantically classified: error_stack="""".join(traceback.format_exception(exc)),"	specs/.history/modular-fuzzing-epic/ticket-006-MF-013/ticket/results/specWorkflow-report/cleanup-failure-probe-test-graph/sdk/python/src/testgraphsdk/result.py:121	out-of-scope	ticket_plan.yaml:648-658	none mapped	unrepresented	out_of_scope_lexical_inventory		INFERRED exact-path scope; source not read
1513	lexical hit not semantically classified: raise RuntimeError(	specs/.history/modular-fuzzing-epic/ticket-006-MF-013/ticket/results/specWorkflow-report/cleanup-failure-probe-test-graph/sdk/python/src/testgraphsdk/runner.py:43	out-of-scope	ticket_plan.yaml:648-658	none mapped	unrepresented	out_of_scope_lexical_inventory		INFERRED exact-path scope; source not read
1514	lexical hit not semantically classified: try:	specs/.history/modular-fuzzing-epic/ticket-006-MF-013/ticket/results/specWorkflow-report/cleanup-failure-probe-test-graph/sdk/python/src/testgraphsdk/runner.py:48	out-of-scope	ticket_plan.yaml:648-658	none mapped	unrepresented	out_of_scope_lexical_inventory		INFERRED exact-path scope; source not read
1515	lexical hit not semantically classified: except BaseException as exc:	specs/.history/modular-fuzzing-epic/ticket-006-MF-013/ticket/results/specWorkflow-report/cleanup-failure-probe-test-graph/sdk/python/src/testgraphsdk/runner.py:50	out-of-scope	ticket_plan.yaml:648-658	none mapped	unrepresented	out_of_scope_lexical_inventory		INFERRED exact-path scope; source not read
1516	lexical hit not semantically classified: try:	specs/.history/modular-fuzzing-epic/ticket-006-MF-013/ticket/results/specWorkflow-report/cleanup-failure-probe-test-graph/sdk/python/src/testgraphsdk/runner.py:70	out-of-scope	ticket_plan.yaml:648-658	none mapped	unrepresented	out_of_scope_lexical_inventory		INFERRED exact-path scope; source not read
1517	lexical hit not semantically classified: except OSError as exc:	specs/.history/modular-fuzzing-epic/ticket-006-MF-013/ticket/results/specWorkflow-report/cleanup-failure-probe-test-graph/sdk/python/src/testgraphsdk/runner.py:74	out-of-scope	ticket_plan.yaml:648-658	none mapped	unrepresented	out_of_scope_lexical_inventory		INFERRED exact-path scope; source not read
1518	lexical hit not semantically classified: private val registry: ExecutorRegistry,	specs/.history/modular-fuzzing-epic/ticket-007-MF-025/results/testgraph-specWorkflow/cleanup-failure-probe-test-graph/build-logic/src/main/kotlin/com/hayden/testgraphsdk/exec/PlanExecutor.kt:30	out-of-scope	ticket_plan.yaml:648-658	none mapped	unrepresented	out_of_scope_lexical_inventory		INFERRED exact-path scope; source not read
1519	lexical hit not semantically classified: # you may not use this file except in compliance with the License.	specs/.history/modular-fuzzing-epic/ticket-007-MF-025/results/testgraph-specWorkflow/cleanup-failure-probe-test-graph/gradlew:7	out-of-scope	ticket_plan.yaml:648-658	none mapped	unrepresented	out_of_scope_lexical_inventory		INFERRED exact-path scope; source not read
1520	lexical hit not semantically classified: * without wrapping the whole lambda in try/catch. Any exception that	specs/.history/modular-fuzzing-epic/ticket-007-MF-025/results/testgraph-specWorkflow/cleanup-failure-probe-test-graph/sdk/java/src/main/java/com/hayden/testgraphsdk/sdk/NodeBody.java:8	out-of-scope	ticket_plan.yaml:648-658	none mapped	unrepresented	out_of_scope_lexical_inventory		INFERRED exact-path scope; source not read
1521	"lexical hit not semantically classified: * uniform — it never has to decide between ""exception escaped"" and"	specs/.history/modular-fuzzing-epic/ticket-007-MF-025/results/testgraph-specWorkflow/cleanup-failure-probe-test-graph/sdk/java/src/main/java/com/hayden/testgraphsdk/sdk/Procs.java:29	out-of-scope	ticket_plan.yaml:648-658	none mapped	unrepresented	out_of_scope_lexical_inventory		INFERRED exact-path scope; source not read
1522	lexical hit not semantically classified: raise RuntimeError(	specs/.history/modular-fuzzing-epic/ticket-007-MF-025/results/testgraph-specWorkflow/cleanup-failure-probe-test-graph/sdk/python/src/testgraphsdk/context.py:52	out-of-scope	ticket_plan.yaml:648-658	none mapped	unrepresented	out_of_scope_lexical_inventory		INFERRED exact-path scope; source not read
1523	"lexical hit not semantically classified: raise ValueError(f""invalid kind '{k}'; expected one of {sorted(VALID_KINDS)}"")"	specs/.history/modular-fuzzing-epic/ticket-007-MF-025/results/testgraph-specWorkflow/cleanup-failure-probe-test-graph/sdk/python/src/testgraphsdk/node_spec.py:36	out-of-scope	ticket_plan.yaml:648-658	none mapped	unrepresented	out_of_scope_lexical_inventory		INFERRED exact-path scope; source not read
1524	lexical hit not semantically classified: Never raises on spawn failure: if :func:`subprocess.Popen` blows up	specs/.history/modular-fuzzing-epic/ticket-007-MF-025/results/testgraph-specWorkflow/cleanup-failure-probe-test-graph/sdk/python/src/testgraphsdk/procs.py:9	out-of-scope	ticket_plan.yaml:648-658	none mapped	unrepresented	out_of_scope_lexical_inventory		INFERRED exact-path scope; source not read
1525	"lexical hit not semantically classified: between ""exception escaped"" and ""child exited non-zero""."	specs/.history/modular-fuzzing-epic/ticket-007-MF-025/results/testgraph-specWorkflow/cleanup-failure-probe-test-graph/sdk/python/src/testgraphsdk/procs.py:13	out-of-scope	ticket_plan.yaml:648-658	none mapped	unrepresented	out_of_scope_lexical_inventory		INFERRED exact-path scope; source not read
1526	lexical hit not semantically classified: try:	specs/.history/modular-fuzzing-epic/ticket-007-MF-025/results/testgraph-specWorkflow/cleanup-failure-probe-test-graph/sdk/python/src/testgraphsdk/procs.py:55	out-of-scope	ticket_plan.yaml:648-658	none mapped	unrepresented	out_of_scope_lexical_inventory		INFERRED exact-path scope; source not read
1527	lexical hit not semantically classified: except OSError as e:	specs/.history/modular-fuzzing-epic/ticket-007-MF-025/results/testgraph-specWorkflow/cleanup-failure-probe-test-graph/sdk/python/src/testgraphsdk/procs.py:57	out-of-scope	ticket_plan.yaml:648-658	none mapped	unrepresented	out_of_scope_lexical_inventory		INFERRED exact-path scope; source not read
1528	lexical hit not semantically classified: try:	specs/.history/modular-fuzzing-epic/ticket-007-MF-025/results/testgraph-specWorkflow/cleanup-failure-probe-test-graph/sdk/python/src/testgraphsdk/procs.py:66	out-of-scope	ticket_plan.yaml:648-658	none mapped	unrepresented	out_of_scope_lexical_inventory		INFERRED exact-path scope; source not read
1529	lexical hit not semantically classified: try:	specs/.history/modular-fuzzing-epic/ticket-007-MF-025/results/testgraph-specWorkflow/cleanup-failure-probe-test-graph/sdk/python/src/testgraphsdk/procs.py:78	out-of-scope	ticket_plan.yaml:648-658	none mapped	unrepresented	out_of_scope_lexical_inventory		INFERRED exact-path scope; source not read
1530	lexical hit not semantically classified: except KeyboardInterrupt:	specs/.history/modular-fuzzing-epic/ticket-007-MF-025/results/testgraph-specWorkflow/cleanup-failure-probe-test-graph/sdk/python/src/testgraphsdk/procs.py:80	out-of-scope	ticket_plan.yaml:648-658	none mapped	unrepresented	out_of_scope_lexical_inventory		INFERRED exact-path scope; source not read
1531	lexical hit not semantically classified: except (OSError, FileNotFoundError) as e:	specs/.history/modular-fuzzing-epic/ticket-007-MF-025/results/testgraph-specWorkflow/cleanup-failure-probe-test-graph/sdk/python/src/testgraphsdk/procs.py:92	out-of-scope	ticket_plan.yaml:648-658	none mapped	unrepresented	out_of_scope_lexical_inventory		INFERRED exact-path scope; source not read
1532	lexical hit not semantically classified: try:	specs/.history/modular-fuzzing-epic/ticket-007-MF-025/results/testgraph-specWorkflow/cleanup-failure-probe-test-graph/sdk/python/src/testgraphsdk/procs.py:121	out-of-scope	ticket_plan.yaml:648-658	none mapped	unrepresented	out_of_scope_lexical_inventory		INFERRED exact-path scope; source not read
1533	lexical hit not semantically classified: except ValueError:	specs/.history/modular-fuzzing-epic/ticket-007-MF-025/results/testgraph-specWorkflow/cleanup-failure-probe-test-graph/sdk/python/src/testgraphsdk/procs.py:123	out-of-scope	ticket_plan.yaml:648-658	none mapped	unrepresented	out_of_scope_lexical_inventory		INFERRED exact-path scope; source not read
1534	lexical hit not semantically classified: populated ``error`` message — the helper never raises, so the node	specs/.history/modular-fuzzing-epic/ticket-007-MF-025/results/testgraph-specWorkflow/cleanup-failure-probe-test-graph/sdk/python/src/testgraphsdk/result.py:46	out-of-scope	ticket_plan.yaml:648-658	none mapped	unrepresented	out_of_scope_lexical_inventory		INFERRED exact-path scope; source not read
1535	"lexical hit not semantically classified: error_stack="""".join(traceback.format_exception(exc)),"	specs/.history/modular-fuzzing-epic/ticket-007-MF-025/results/testgraph-specWorkflow/cleanup-failure-probe-test-graph/sdk/python/src/testgraphsdk/result.py:121	out-of-scope	ticket_plan.yaml:648-658	none mapped	unrepresented	out_of_scope_lexical_inventory		INFERRED exact-path scope; source not read
1536	lexical hit not semantically classified: raise RuntimeError(	specs/.history/modular-fuzzing-epic/ticket-007-MF-025/results/testgraph-specWorkflow/cleanup-failure-probe-test-graph/sdk/python/src/testgraphsdk/runner.py:43	out-of-scope	ticket_plan.yaml:648-658	none mapped	unrepresented	out_of_scope_lexical_inventory		INFERRED exact-path scope; source not read
1537	lexical hit not semantically classified: try:	specs/.history/modular-fuzzing-epic/ticket-007-MF-025/results/testgraph-specWorkflow/cleanup-failure-probe-test-graph/sdk/python/src/testgraphsdk/runner.py:48	out-of-scope	ticket_plan.yaml:648-658	none mapped	unrepresented	out_of_scope_lexical_inventory		INFERRED exact-path scope; source not read
1538	lexical hit not semantically classified: except BaseException as exc:	specs/.history/modular-fuzzing-epic/ticket-007-MF-025/results/testgraph-specWorkflow/cleanup-failure-probe-test-graph/sdk/python/src/testgraphsdk/runner.py:50	out-of-scope	ticket_plan.yaml:648-658	none mapped	unrepresented	out_of_scope_lexical_inventory		INFERRED exact-path scope; source not read
1539	lexical hit not semantically classified: try:	specs/.history/modular-fuzzing-epic/ticket-007-MF-025/results/testgraph-specWorkflow/cleanup-failure-probe-test-graph/sdk/python/src/testgraphsdk/runner.py:70	out-of-scope	ticket_plan.yaml:648-658	none mapped	unrepresented	out_of_scope_lexical_inventory		INFERRED exact-path scope; source not read
1540	lexical hit not semantically classified: except OSError as exc:	specs/.history/modular-fuzzing-epic/ticket-007-MF-025/results/testgraph-specWorkflow/cleanup-failure-probe-test-graph/sdk/python/src/testgraphsdk/runner.py:74	out-of-scope	ticket_plan.yaml:648-658	none mapped	unrepresented	out_of_scope_lexical_inventory		INFERRED exact-path scope; source not read
1541	"lexical hit not semantically classified: raise RuntimeError(""could not locate tla-spec-dev repository root"")"	specs/.history/modular-fuzzing-epic/ticket-007-MF-025/snapshots/current/production_adapters.py:15	out-of-scope	ticket_plan.yaml:648-658	none mapped	unrepresented	out_of_scope_lexical_inventory		INFERRED exact-path scope; source not read
1542	"lexical hit not semantically classified: ""raised_cap_exit_code"": under.returncode,"	specs/.history/modular-fuzzing-epic/ticket-007-MF-025/snapshots/current/production_adapters.py:962	out-of-scope	ticket_plan.yaml:648-658	none mapped	unrepresented	out_of_scope_lexical_inventory		INFERRED exact-path scope; source not read
1543	"lexical hit not semantically classified: ""cap_raise_accept_path_offered"": accept_path,"	specs/.history/modular-fuzzing-epic/ticket-007-MF-025/snapshots/current/production_adapters.py:970	out-of-scope	ticket_plan.yaml:648-658	none mapped	unrepresented	out_of_scope_lexical_inventory		INFERRED exact-path scope; source not read
1544	"lexical hit not semantically classified: raise AssertionError(""current spec_manifest.yaml has no status.active_ticket"")"	specs/.history/modular-fuzzing-epic/ticket-007-MF-025/snapshots/current/tests/test_current_ticket_workflow.py:11	out-of-scope	ticket_plan.yaml:648-658	none mapped	unrepresented	out_of_scope_lexical_inventory		INFERRED exact-path scope; source not read
1545	"lexical hit not semantically classified: assert result[""raised_cap_exit_code""] == 0, result[""stderr""]"	specs/.history/modular-fuzzing-epic/ticket-007-MF-025/snapshots/current/tests/test_tla_spec_dev_corpus_adapter.py:34	out-of-scope	ticket_plan.yaml:648-658	none mapped	unrepresented	out_of_scope_lexical_inventory		INFERRED exact-path scope; source not read
1546	"lexical hit not semantically classified: assert result[""cap_raise_accept_path_offered""] is True"	specs/.history/modular-fuzzing-epic/ticket-007-MF-025/snapshots/current/tests/test_tla_spec_dev_corpus_adapter.py:61	out-of-scope	ticket_plan.yaml:648-658	none mapped	unrepresented	out_of_scope_lexical_inventory		INFERRED exact-path scope; source not read
1547	"lexical hit not semantically classified: raise RuntimeError(""could not locate tla-spec-dev repository root"")"	specs/.history/modular-fuzzing-epic/ticket-007-MF-025/snapshots/desired_program_model/production_adapters.py:15	out-of-scope	ticket_plan.yaml:648-658	none mapped	unrepresented	out_of_scope_lexical_inventory		INFERRED exact-path scope; source not read
1548	"lexical hit not semantically classified: raise RuntimeError(""could not locate tla-spec-dev repository root"")"	specs/.history/modular-fuzzing-epic/ticket-007-MF-025/snapshots/program_model/production_adapters.py:15	out-of-scope	ticket_plan.yaml:648-658	none mapped	unrepresented	out_of_scope_lexical_inventory		INFERRED exact-path scope; source not read
1549	"lexical hit not semantically classified: raise RuntimeError(""could not locate tla-spec-dev repository root"")"	specs/.history/modular-fuzzing-epic/ticket-007-MF-025/ticket/current/production_adapters.py:15	out-of-scope	ticket_plan.yaml:648-658	none mapped	unrepresented	out_of_scope_lexical_inventory		INFERRED exact-path scope; source not read
1550	"lexical hit not semantically classified: ""raised_cap_exit_code"": under.returncode,"	specs/.history/modular-fuzzing-epic/ticket-007-MF-025/ticket/current/production_adapters.py:962	out-of-scope	ticket_plan.yaml:648-658	none mapped	unrepresented	out_of_scope_lexical_inventory		INFERRED exact-path scope; source not read
1551	"lexical hit not semantically classified: ""cap_raise_accept_path_offered"": accept_path,"	specs/.history/modular-fuzzing-epic/ticket-007-MF-025/ticket/current/production_adapters.py:970	out-of-scope	ticket_plan.yaml:648-658	none mapped	unrepresented	out_of_scope_lexical_inventory		INFERRED exact-path scope; source not read
1552	"lexical hit not semantically classified: assert result[""raised_cap_exit_code""] == 0, result[""stderr""]"	specs/.history/modular-fuzzing-epic/ticket-007-MF-025/ticket/current/tests/test_tla_spec_dev_corpus_adapter.py:34	out-of-scope	ticket_plan.yaml:648-658	none mapped	unrepresented	out_of_scope_lexical_inventory		INFERRED exact-path scope; source not read
1553	"lexical hit not semantically classified: assert result[""cap_raise_accept_path_offered""] is True"	specs/.history/modular-fuzzing-epic/ticket-007-MF-025/ticket/current/tests/test_tla_spec_dev_corpus_adapter.py:61	out-of-scope	ticket_plan.yaml:648-658	none mapped	unrepresented	out_of_scope_lexical_inventory		INFERRED exact-path scope; source not read
1554	"lexical hit not semantically classified: raise RuntimeError(""could not locate tla-spec-dev repository root"")"	specs/.history/modular-fuzzing-epic/ticket-007-MF-025/ticket/desired/production_adapters.py:15	out-of-scope	ticket_plan.yaml:648-658	none mapped	unrepresented	out_of_scope_lexical_inventory		INFERRED exact-path scope; source not read
1555	"lexical hit not semantically classified: ""raised_cap_exit_code"": under.returncode,"	specs/.history/modular-fuzzing-epic/ticket-007-MF-025/ticket/desired/production_adapters.py:962	out-of-scope	ticket_plan.yaml:648-658	none mapped	unrepresented	out_of_scope_lexical_inventory		INFERRED exact-path scope; source not read
1556	"lexical hit not semantically classified: ""cap_raise_accept_path_offered"": accept_path,"	specs/.history/modular-fuzzing-epic/ticket-007-MF-025/ticket/desired/production_adapters.py:970	out-of-scope	ticket_plan.yaml:648-658	none mapped	unrepresented	out_of_scope_lexical_inventory		INFERRED exact-path scope; source not read
1557	"lexical hit not semantically classified: assert result[""raised_cap_exit_code""] == 0, result[""stderr""]"	specs/.history/modular-fuzzing-epic/ticket-007-MF-025/ticket/desired/tests/test_tla_spec_dev_corpus_adapter.py:34	out-of-scope	ticket_plan.yaml:648-658	none mapped	unrepresented	out_of_scope_lexical_inventory		INFERRED exact-path scope; source not read
1558	"lexical hit not semantically classified: assert result[""cap_raise_accept_path_offered""] is True"	specs/.history/modular-fuzzing-epic/ticket-007-MF-025/ticket/desired/tests/test_tla_spec_dev_corpus_adapter.py:61	out-of-scope	ticket_plan.yaml:648-658	none mapped	unrepresented	out_of_scope_lexical_inventory		INFERRED exact-path scope; source not read
1559	lexical hit not semantically classified: private val registry: ExecutorRegistry,	specs/.history/modular-fuzzing-epic/ticket-007-MF-025/ticket/results/testgraph-specWorkflow/cleanup-failure-probe-test-graph/build-logic/src/main/kotlin/com/hayden/testgraphsdk/exec/PlanExecutor.kt:30	out-of-scope	ticket_plan.yaml:648-658	none mapped	unrepresented	out_of_scope_lexical_inventory		INFERRED exact-path scope; source not read
1560	lexical hit not semantically classified: # you may not use this file except in compliance with the License.	specs/.history/modular-fuzzing-epic/ticket-007-MF-025/ticket/results/testgraph-specWorkflow/cleanup-failure-probe-test-graph/gradlew:7	out-of-scope	ticket_plan.yaml:648-658	none mapped	unrepresented	out_of_scope_lexical_inventory		INFERRED exact-path scope; source not read
1561	lexical hit not semantically classified: * without wrapping the whole lambda in try/catch. Any exception that	specs/.history/modular-fuzzing-epic/ticket-007-MF-025/ticket/results/testgraph-specWorkflow/cleanup-failure-probe-test-graph/sdk/java/src/main/java/com/hayden/testgraphsdk/sdk/NodeBody.java:8	out-of-scope	ticket_plan.yaml:648-658	none mapped	unrepresented	out_of_scope_lexical_inventory		INFERRED exact-path scope; source not read
1562	"lexical hit not semantically classified: * uniform — it never has to decide between ""exception escaped"" and"	specs/.history/modular-fuzzing-epic/ticket-007-MF-025/ticket/results/testgraph-specWorkflow/cleanup-failure-probe-test-graph/sdk/java/src/main/java/com/hayden/testgraphsdk/sdk/Procs.java:29	out-of-scope	ticket_plan.yaml:648-658	none mapped	unrepresented	out_of_scope_lexical_inventory		INFERRED exact-path scope; source not read
1563	lexical hit not semantically classified: raise RuntimeError(	specs/.history/modular-fuzzing-epic/ticket-007-MF-025/ticket/results/testgraph-specWorkflow/cleanup-failure-probe-test-graph/sdk/python/src/testgraphsdk/context.py:52	out-of-scope	ticket_plan.yaml:648-658	none mapped	unrepresented	out_of_scope_lexical_inventory		INFERRED exact-path scope; source not read
1564	"lexical hit not semantically classified: raise ValueError(f""invalid kind '{k}'; expected one of {sorted(VALID_KINDS)}"")"	specs/.history/modular-fuzzing-epic/ticket-007-MF-025/ticket/results/testgraph-specWorkflow/cleanup-failure-probe-test-graph/sdk/python/src/testgraphsdk/node_spec.py:36	out-of-scope	ticket_plan.yaml:648-658	none mapped	unrepresented	out_of_scope_lexical_inventory		INFERRED exact-path scope; source not read
1565	lexical hit not semantically classified: Never raises on spawn failure: if :func:`subprocess.Popen` blows up	specs/.history/modular-fuzzing-epic/ticket-007-MF-025/ticket/results/testgraph-specWorkflow/cleanup-failure-probe-test-graph/sdk/python/src/testgraphsdk/procs.py:9	out-of-scope	ticket_plan.yaml:648-658	none mapped	unrepresented	out_of_scope_lexical_inventory		INFERRED exact-path scope; source not read
1566	"lexical hit not semantically classified: between ""exception escaped"" and ""child exited non-zero""."	specs/.history/modular-fuzzing-epic/ticket-007-MF-025/ticket/results/testgraph-specWorkflow/cleanup-failure-probe-test-graph/sdk/python/src/testgraphsdk/procs.py:13	out-of-scope	ticket_plan.yaml:648-658	none mapped	unrepresented	out_of_scope_lexical_inventory		INFERRED exact-path scope; source not read
1567	lexical hit not semantically classified: try:	specs/.history/modular-fuzzing-epic/ticket-007-MF-025/ticket/results/testgraph-specWorkflow/cleanup-failure-probe-test-graph/sdk/python/src/testgraphsdk/procs.py:55	out-of-scope	ticket_plan.yaml:648-658	none mapped	unrepresented	out_of_scope_lexical_inventory		INFERRED exact-path scope; source not read
1568	lexical hit not semantically classified: except OSError as e:	specs/.history/modular-fuzzing-epic/ticket-007-MF-025/ticket/results/testgraph-specWorkflow/cleanup-failure-probe-test-graph/sdk/python/src/testgraphsdk/procs.py:57	out-of-scope	ticket_plan.yaml:648-658	none mapped	unrepresented	out_of_scope_lexical_inventory		INFERRED exact-path scope; source not read
1569	lexical hit not semantically classified: try:	specs/.history/modular-fuzzing-epic/ticket-007-MF-025/ticket/results/testgraph-specWorkflow/cleanup-failure-probe-test-graph/sdk/python/src/testgraphsdk/procs.py:66	out-of-scope	ticket_plan.yaml:648-658	none mapped	unrepresented	out_of_scope_lexical_inventory		INFERRED exact-path scope; source not read
1570	lexical hit not semantically classified: try:	specs/.history/modular-fuzzing-epic/ticket-007-MF-025/ticket/results/testgraph-specWorkflow/cleanup-failure-probe-test-graph/sdk/python/src/testgraphsdk/procs.py:78	out-of-scope	ticket_plan.yaml:648-658	none mapped	unrepresented	out_of_scope_lexical_inventory		INFERRED exact-path scope; source not read
1571	lexical hit not semantically classified: except KeyboardInterrupt:	specs/.history/modular-fuzzing-epic/ticket-007-MF-025/ticket/results/testgraph-specWorkflow/cleanup-failure-probe-test-graph/sdk/python/src/testgraphsdk/procs.py:80	out-of-scope	ticket_plan.yaml:648-658	none mapped	unrepresented	out_of_scope_lexical_inventory		INFERRED exact-path scope; source not read
1572	lexical hit not semantically classified: except (OSError, FileNotFoundError) as e:	specs/.history/modular-fuzzing-epic/ticket-007-MF-025/ticket/results/testgraph-specWorkflow/cleanup-failure-probe-test-graph/sdk/python/src/testgraphsdk/procs.py:92	out-of-scope	ticket_plan.yaml:648-658	none mapped	unrepresented	out_of_scope_lexical_inventory		INFERRED exact-path scope; source not read
1573	lexical hit not semantically classified: try:	specs/.history/modular-fuzzing-epic/ticket-007-MF-025/ticket/results/testgraph-specWorkflow/cleanup-failure-probe-test-graph/sdk/python/src/testgraphsdk/procs.py:121	out-of-scope	ticket_plan.yaml:648-658	none mapped	unrepresented	out_of_scope_lexical_inventory		INFERRED exact-path scope; source not read
1574	lexical hit not semantically classified: except ValueError:	specs/.history/modular-fuzzing-epic/ticket-007-MF-025/ticket/results/testgraph-specWorkflow/cleanup-failure-probe-test-graph/sdk/python/src/testgraphsdk/procs.py:123	out-of-scope	ticket_plan.yaml:648-658	none mapped	unrepresented	out_of_scope_lexical_inventory		INFERRED exact-path scope; source not read
1575	lexical hit not semantically classified: populated ``error`` message — the helper never raises, so the node	specs/.history/modular-fuzzing-epic/ticket-007-MF-025/ticket/results/testgraph-specWorkflow/cleanup-failure-probe-test-graph/sdk/python/src/testgraphsdk/result.py:46	out-of-scope	ticket_plan.yaml:648-658	none mapped	unrepresented	out_of_scope_lexical_inventory		INFERRED exact-path scope; source not read
1576	"lexical hit not semantically classified: error_stack="""".join(traceback.format_exception(exc)),"	specs/.history/modular-fuzzing-epic/ticket-007-MF-025/ticket/results/testgraph-specWorkflow/cleanup-failure-probe-test-graph/sdk/python/src/testgraphsdk/result.py:121	out-of-scope	ticket_plan.yaml:648-658	none mapped	unrepresented	out_of_scope_lexical_inventory		INFERRED exact-path scope; source not read
1577	lexical hit not semantically classified: raise RuntimeError(	specs/.history/modular-fuzzing-epic/ticket-007-MF-025/ticket/results/testgraph-specWorkflow/cleanup-failure-probe-test-graph/sdk/python/src/testgraphsdk/runner.py:43	out-of-scope	ticket_plan.yaml:648-658	none mapped	unrepresented	out_of_scope_lexical_inventory		INFERRED exact-path scope; source not read
1578	lexical hit not semantically classified: try:	specs/.history/modular-fuzzing-epic/ticket-007-MF-025/ticket/results/testgraph-specWorkflow/cleanup-failure-probe-test-graph/sdk/python/src/testgraphsdk/runner.py:48	out-of-scope	ticket_plan.yaml:648-658	none mapped	unrepresented	out_of_scope_lexical_inventory		INFERRED exact-path scope; source not read
1579	lexical hit not semantically classified: except BaseException as exc:	specs/.history/modular-fuzzing-epic/ticket-007-MF-025/ticket/results/testgraph-specWorkflow/cleanup-failure-probe-test-graph/sdk/python/src/testgraphsdk/runner.py:50	out-of-scope	ticket_plan.yaml:648-658	none mapped	unrepresented	out_of_scope_lexical_inventory		INFERRED exact-path scope; source not read
1580	lexical hit not semantically classified: try:	specs/.history/modular-fuzzing-epic/ticket-007-MF-025/ticket/results/testgraph-specWorkflow/cleanup-failure-probe-test-graph/sdk/python/src/testgraphsdk/runner.py:70	out-of-scope	ticket_plan.yaml:648-658	none mapped	unrepresented	out_of_scope_lexical_inventory		INFERRED exact-path scope; source not read
1581	lexical hit not semantically classified: except OSError as exc:	specs/.history/modular-fuzzing-epic/ticket-007-MF-025/ticket/results/testgraph-specWorkflow/cleanup-failure-probe-test-graph/sdk/python/src/testgraphsdk/runner.py:74	out-of-scope	ticket_plan.yaml:648-658	none mapped	unrepresented	out_of_scope_lexical_inventory		INFERRED exact-path scope; source not read
1582	lexical hit not semantically classified: private val registry: ExecutorRegistry,	specs/.history/modular-fuzzing-epic/ticket-008-MF-015/results/testgraph-specWorkflow/cleanup-failure-probe-test-graph/build-logic/src/main/kotlin/com/hayden/testgraphsdk/exec/PlanExecutor.kt:30	out-of-scope	ticket_plan.yaml:648-658	none mapped	unrepresented	out_of_scope_lexical_inventory		INFERRED exact-path scope; source not read
1583	lexical hit not semantically classified: # you may not use this file except in compliance with the License.	specs/.history/modular-fuzzing-epic/ticket-008-MF-015/results/testgraph-specWorkflow/cleanup-failure-probe-test-graph/gradlew:7	out-of-scope	ticket_plan.yaml:648-658	none mapped	unrepresented	out_of_scope_lexical_inventory		INFERRED exact-path scope; source not read
1584	lexical hit not semantically classified: * without wrapping the whole lambda in try/catch. Any exception that	specs/.history/modular-fuzzing-epic/ticket-008-MF-015/results/testgraph-specWorkflow/cleanup-failure-probe-test-graph/sdk/java/src/main/java/com/hayden/testgraphsdk/sdk/NodeBody.java:8	out-of-scope	ticket_plan.yaml:648-658	none mapped	unrepresented	out_of_scope_lexical_inventory		INFERRED exact-path scope; source not read
1585	"lexical hit not semantically classified: * uniform — it never has to decide between ""exception escaped"" and"	specs/.history/modular-fuzzing-epic/ticket-008-MF-015/results/testgraph-specWorkflow/cleanup-failure-probe-test-graph/sdk/java/src/main/java/com/hayden/testgraphsdk/sdk/Procs.java:29	out-of-scope	ticket_plan.yaml:648-658	none mapped	unrepresented	out_of_scope_lexical_inventory		INFERRED exact-path scope; source not read
1586	lexical hit not semantically classified: raise RuntimeError(	specs/.history/modular-fuzzing-epic/ticket-008-MF-015/results/testgraph-specWorkflow/cleanup-failure-probe-test-graph/sdk/python/src/testgraphsdk/context.py:52	out-of-scope	ticket_plan.yaml:648-658	none mapped	unrepresented	out_of_scope_lexical_inventory		INFERRED exact-path scope; source not read
1587	"lexical hit not semantically classified: raise ValueError(f""invalid kind '{k}'; expected one of {sorted(VALID_KINDS)}"")"	specs/.history/modular-fuzzing-epic/ticket-008-MF-015/results/testgraph-specWorkflow/cleanup-failure-probe-test-graph/sdk/python/src/testgraphsdk/node_spec.py:36	out-of-scope	ticket_plan.yaml:648-658	none mapped	unrepresented	out_of_scope_lexical_inventory		INFERRED exact-path scope; source not read
1588	lexical hit not semantically classified: Never raises on spawn failure: if :func:`subprocess.Popen` blows up	specs/.history/modular-fuzzing-epic/ticket-008-MF-015/results/testgraph-specWorkflow/cleanup-failure-probe-test-graph/sdk/python/src/testgraphsdk/procs.py:9	out-of-scope	ticket_plan.yaml:648-658	none mapped	unrepresented	out_of_scope_lexical_inventory		INFERRED exact-path scope; source not read
1589	"lexical hit not semantically classified: between ""exception escaped"" and ""child exited non-zero""."	specs/.history/modular-fuzzing-epic/ticket-008-MF-015/results/testgraph-specWorkflow/cleanup-failure-probe-test-graph/sdk/python/src/testgraphsdk/procs.py:13	out-of-scope	ticket_plan.yaml:648-658	none mapped	unrepresented	out_of_scope_lexical_inventory		INFERRED exact-path scope; source not read
1590	lexical hit not semantically classified: try:	specs/.history/modular-fuzzing-epic/ticket-008-MF-015/results/testgraph-specWorkflow/cleanup-failure-probe-test-graph/sdk/python/src/testgraphsdk/procs.py:55	out-of-scope	ticket_plan.yaml:648-658	none mapped	unrepresented	out_of_scope_lexical_inventory		INFERRED exact-path scope; source not read
1591	lexical hit not semantically classified: except OSError as e:	specs/.history/modular-fuzzing-epic/ticket-008-MF-015/results/testgraph-specWorkflow/cleanup-failure-probe-test-graph/sdk/python/src/testgraphsdk/procs.py:57	out-of-scope	ticket_plan.yaml:648-658	none mapped	unrepresented	out_of_scope_lexical_inventory		INFERRED exact-path scope; source not read
1592	lexical hit not semantically classified: try:	specs/.history/modular-fuzzing-epic/ticket-008-MF-015/results/testgraph-specWorkflow/cleanup-failure-probe-test-graph/sdk/python/src/testgraphsdk/procs.py:66	out-of-scope	ticket_plan.yaml:648-658	none mapped	unrepresented	out_of_scope_lexical_inventory		INFERRED exact-path scope; source not read
1593	lexical hit not semantically classified: try:	specs/.history/modular-fuzzing-epic/ticket-008-MF-015/results/testgraph-specWorkflow/cleanup-failure-probe-test-graph/sdk/python/src/testgraphsdk/procs.py:78	out-of-scope	ticket_plan.yaml:648-658	none mapped	unrepresented	out_of_scope_lexical_inventory		INFERRED exact-path scope; source not read
1594	lexical hit not semantically classified: except KeyboardInterrupt:	specs/.history/modular-fuzzing-epic/ticket-008-MF-015/results/testgraph-specWorkflow/cleanup-failure-probe-test-graph/sdk/python/src/testgraphsdk/procs.py:80	out-of-scope	ticket_plan.yaml:648-658	none mapped	unrepresented	out_of_scope_lexical_inventory		INFERRED exact-path scope; source not read
1595	lexical hit not semantically classified: except (OSError, FileNotFoundError) as e:	specs/.history/modular-fuzzing-epic/ticket-008-MF-015/results/testgraph-specWorkflow/cleanup-failure-probe-test-graph/sdk/python/src/testgraphsdk/procs.py:92	out-of-scope	ticket_plan.yaml:648-658	none mapped	unrepresented	out_of_scope_lexical_inventory		INFERRED exact-path scope; source not read
1596	lexical hit not semantically classified: try:	specs/.history/modular-fuzzing-epic/ticket-008-MF-015/results/testgraph-specWorkflow/cleanup-failure-probe-test-graph/sdk/python/src/testgraphsdk/procs.py:121	out-of-scope	ticket_plan.yaml:648-658	none mapped	unrepresented	out_of_scope_lexical_inventory		INFERRED exact-path scope; source not read
1597	lexical hit not semantically classified: except ValueError:	specs/.history/modular-fuzzing-epic/ticket-008-MF-015/results/testgraph-specWorkflow/cleanup-failure-probe-test-graph/sdk/python/src/testgraphsdk/procs.py:123	out-of-scope	ticket_plan.yaml:648-658	none mapped	unrepresented	out_of_scope_lexical_inventory		INFERRED exact-path scope; source not read
1598	lexical hit not semantically classified: populated ``error`` message — the helper never raises, so the node	specs/.history/modular-fuzzing-epic/ticket-008-MF-015/results/testgraph-specWorkflow/cleanup-failure-probe-test-graph/sdk/python/src/testgraphsdk/result.py:46	out-of-scope	ticket_plan.yaml:648-658	none mapped	unrepresented	out_of_scope_lexical_inventory		INFERRED exact-path scope; source not read
1599	"lexical hit not semantically classified: error_stack="""".join(traceback.format_exception(exc)),"	specs/.history/modular-fuzzing-epic/ticket-008-MF-015/results/testgraph-specWorkflow/cleanup-failure-probe-test-graph/sdk/python/src/testgraphsdk/result.py:121	out-of-scope	ticket_plan.yaml:648-658	none mapped	unrepresented	out_of_scope_lexical_inventory		INFERRED exact-path scope; source not read
1600	lexical hit not semantically classified: raise RuntimeError(	specs/.history/modular-fuzzing-epic/ticket-008-MF-015/results/testgraph-specWorkflow/cleanup-failure-probe-test-graph/sdk/python/src/testgraphsdk/runner.py:43	out-of-scope	ticket_plan.yaml:648-658	none mapped	unrepresented	out_of_scope_lexical_inventory		INFERRED exact-path scope; source not read
1601	lexical hit not semantically classified: try:	specs/.history/modular-fuzzing-epic/ticket-008-MF-015/results/testgraph-specWorkflow/cleanup-failure-probe-test-graph/sdk/python/src/testgraphsdk/runner.py:48	out-of-scope	ticket_plan.yaml:648-658	none mapped	unrepresented	out_of_scope_lexical_inventory		INFERRED exact-path scope; source not read
1602	lexical hit not semantically classified: except BaseException as exc:	specs/.history/modular-fuzzing-epic/ticket-008-MF-015/results/testgraph-specWorkflow/cleanup-failure-probe-test-graph/sdk/python/src/testgraphsdk/runner.py:50	out-of-scope	ticket_plan.yaml:648-658	none mapped	unrepresented	out_of_scope_lexical_inventory		INFERRED exact-path scope; source not read
1603	lexical hit not semantically classified: try:	specs/.history/modular-fuzzing-epic/ticket-008-MF-015/results/testgraph-specWorkflow/cleanup-failure-probe-test-graph/sdk/python/src/testgraphsdk/runner.py:70	out-of-scope	ticket_plan.yaml:648-658	none mapped	unrepresented	out_of_scope_lexical_inventory		INFERRED exact-path scope; source not read
1604	lexical hit not semantically classified: except OSError as exc:	specs/.history/modular-fuzzing-epic/ticket-008-MF-015/results/testgraph-specWorkflow/cleanup-failure-probe-test-graph/sdk/python/src/testgraphsdk/runner.py:74	out-of-scope	ticket_plan.yaml:648-658	none mapped	unrepresented	out_of_scope_lexical_inventory		INFERRED exact-path scope; source not read
1605	"lexical hit not semantically classified: raise RuntimeError(""could not locate tla-spec-dev repository root"")"	specs/.history/modular-fuzzing-epic/ticket-008-MF-015/snapshots/current/production_adapters.py:15	out-of-scope	ticket_plan.yaml:648-658	none mapped	unrepresented	out_of_scope_lexical_inventory		INFERRED exact-path scope; source not read
1606	"lexical hit not semantically classified: ""raised_cap_exit_code"": under.returncode,"	specs/.history/modular-fuzzing-epic/ticket-008-MF-015/snapshots/current/production_adapters.py:962	out-of-scope	ticket_plan.yaml:648-658	none mapped	unrepresented	out_of_scope_lexical_inventory		INFERRED exact-path scope; source not read
1607	"lexical hit not semantically classified: ""cap_raise_accept_path_offered"": accept_path,"	specs/.history/modular-fuzzing-epic/ticket-008-MF-015/snapshots/current/production_adapters.py:970	out-of-scope	ticket_plan.yaml:648-658	none mapped	unrepresented	out_of_scope_lexical_inventory		INFERRED exact-path scope; source not read
1608	"lexical hit not semantically classified: raise AssertionError(""current spec_manifest.yaml has no status.active_ticket"")"	specs/.history/modular-fuzzing-epic/ticket-008-MF-015/snapshots/current/tests/test_current_ticket_workflow.py:11	out-of-scope	ticket_plan.yaml:648-658	none mapped	unrepresented	out_of_scope_lexical_inventory		INFERRED exact-path scope; source not read
1609	"lexical hit not semantically classified: assert result[""raised_cap_exit_code""] == 0, result[""stderr""]"	specs/.history/modular-fuzzing-epic/ticket-008-MF-015/snapshots/current/tests/test_tla_spec_dev_corpus_adapter.py:34	out-of-scope	ticket_plan.yaml:648-658	none mapped	unrepresented	out_of_scope_lexical_inventory		INFERRED exact-path scope; source not read
1610	"lexical hit not semantically classified: assert result[""cap_raise_accept_path_offered""] is True"	specs/.history/modular-fuzzing-epic/ticket-008-MF-015/snapshots/current/tests/test_tla_spec_dev_corpus_adapter.py:61	out-of-scope	ticket_plan.yaml:648-658	none mapped	unrepresented	out_of_scope_lexical_inventory		INFERRED exact-path scope; source not read
1611	"lexical hit not semantically classified: raise RuntimeError(""could not locate tla-spec-dev repository root"")"	specs/.history/modular-fuzzing-epic/ticket-008-MF-015/snapshots/desired_program_model/production_adapters.py:15	out-of-scope	ticket_plan.yaml:648-658	none mapped	unrepresented	out_of_scope_lexical_inventory		INFERRED exact-path scope; source not read
1612	"lexical hit not semantically classified: raise RuntimeError(""could not locate tla-spec-dev repository root"")"	specs/.history/modular-fuzzing-epic/ticket-008-MF-015/snapshots/program_model/production_adapters.py:15	out-of-scope	ticket_plan.yaml:648-658	none mapped	unrepresented	out_of_scope_lexical_inventory		INFERRED exact-path scope; source not read
1613	"lexical hit not semantically classified: raise RuntimeError(""could not locate tla-spec-dev repository root"")"	specs/.history/modular-fuzzing-epic/ticket-008-MF-015/ticket/current/production_adapters.py:15	out-of-scope	ticket_plan.yaml:648-658	none mapped	unrepresented	out_of_scope_lexical_inventory		INFERRED exact-path scope; source not read
1614	"lexical hit not semantically classified: ""raised_cap_exit_code"": under.returncode,"	specs/.history/modular-fuzzing-epic/ticket-008-MF-015/ticket/current/production_adapters.py:962	out-of-scope	ticket_plan.yaml:648-658	none mapped	unrepresented	out_of_scope_lexical_inventory		INFERRED exact-path scope; source not read
1615	"lexical hit not semantically classified: ""cap_raise_accept_path_offered"": accept_path,"	specs/.history/modular-fuzzing-epic/ticket-008-MF-015/ticket/current/production_adapters.py:970	out-of-scope	ticket_plan.yaml:648-658	none mapped	unrepresented	out_of_scope_lexical_inventory		INFERRED exact-path scope; source not read
1616	"lexical hit not semantically classified: assert result[""raised_cap_exit_code""] == 0, result[""stderr""]"	specs/.history/modular-fuzzing-epic/ticket-008-MF-015/ticket/current/tests/test_tla_spec_dev_corpus_adapter.py:34	out-of-scope	ticket_plan.yaml:648-658	none mapped	unrepresented	out_of_scope_lexical_inventory		INFERRED exact-path scope; source not read
1617	"lexical hit not semantically classified: assert result[""cap_raise_accept_path_offered""] is True"	specs/.history/modular-fuzzing-epic/ticket-008-MF-015/ticket/current/tests/test_tla_spec_dev_corpus_adapter.py:61	out-of-scope	ticket_plan.yaml:648-658	none mapped	unrepresented	out_of_scope_lexical_inventory		INFERRED exact-path scope; source not read
1618	"lexical hit not semantically classified: raise RuntimeError(""could not locate tla-spec-dev repository root"")"	specs/.history/modular-fuzzing-epic/ticket-008-MF-015/ticket/desired/production_adapters.py:15	out-of-scope	ticket_plan.yaml:648-658	none mapped	unrepresented	out_of_scope_lexical_inventory		INFERRED exact-path scope; source not read
1619	"lexical hit not semantically classified: ""raised_cap_exit_code"": under.returncode,"	specs/.history/modular-fuzzing-epic/ticket-008-MF-015/ticket/desired/production_adapters.py:962	out-of-scope	ticket_plan.yaml:648-658	none mapped	unrepresented	out_of_scope_lexical_inventory		INFERRED exact-path scope; source not read
1620	"lexical hit not semantically classified: ""cap_raise_accept_path_offered"": accept_path,"	specs/.history/modular-fuzzing-epic/ticket-008-MF-015/ticket/desired/production_adapters.py:970	out-of-scope	ticket_plan.yaml:648-658	none mapped	unrepresented	out_of_scope_lexical_inventory		INFERRED exact-path scope; source not read
1621	"lexical hit not semantically classified: assert result[""raised_cap_exit_code""] == 0, result[""stderr""]"	specs/.history/modular-fuzzing-epic/ticket-008-MF-015/ticket/desired/tests/test_tla_spec_dev_corpus_adapter.py:34	out-of-scope	ticket_plan.yaml:648-658	none mapped	unrepresented	out_of_scope_lexical_inventory		INFERRED exact-path scope; source not read
1622	"lexical hit not semantically classified: assert result[""cap_raise_accept_path_offered""] is True"	specs/.history/modular-fuzzing-epic/ticket-008-MF-015/ticket/desired/tests/test_tla_spec_dev_corpus_adapter.py:61	out-of-scope	ticket_plan.yaml:648-658	none mapped	unrepresented	out_of_scope_lexical_inventory		INFERRED exact-path scope; source not read
1623	lexical hit not semantically classified: private val registry: ExecutorRegistry,	specs/.history/modular-fuzzing-epic/ticket-008-MF-015/ticket/results/testgraph-specWorkflow/cleanup-failure-probe-test-graph/build-logic/src/main/kotlin/com/hayden/testgraphsdk/exec/PlanExecutor.kt:30	out-of-scope	ticket_plan.yaml:648-658	none mapped	unrepresented	out_of_scope_lexical_inventory		INFERRED exact-path scope; source not read
1624	lexical hit not semantically classified: # you may not use this file except in compliance with the License.	specs/.history/modular-fuzzing-epic/ticket-008-MF-015/ticket/results/testgraph-specWorkflow/cleanup-failure-probe-test-graph/gradlew:7	out-of-scope	ticket_plan.yaml:648-658	none mapped	unrepresented	out_of_scope_lexical_inventory		INFERRED exact-path scope; source not read
1625	lexical hit not semantically classified: * without wrapping the whole lambda in try/catch. Any exception that	specs/.history/modular-fuzzing-epic/ticket-008-MF-015/ticket/results/testgraph-specWorkflow/cleanup-failure-probe-test-graph/sdk/java/src/main/java/com/hayden/testgraphsdk/sdk/NodeBody.java:8	out-of-scope	ticket_plan.yaml:648-658	none mapped	unrepresented	out_of_scope_lexical_inventory		INFERRED exact-path scope; source not read
1626	"lexical hit not semantically classified: * uniform — it never has to decide between ""exception escaped"" and"	specs/.history/modular-fuzzing-epic/ticket-008-MF-015/ticket/results/testgraph-specWorkflow/cleanup-failure-probe-test-graph/sdk/java/src/main/java/com/hayden/testgraphsdk/sdk/Procs.java:29	out-of-scope	ticket_plan.yaml:648-658	none mapped	unrepresented	out_of_scope_lexical_inventory		INFERRED exact-path scope; source not read
1627	lexical hit not semantically classified: raise RuntimeError(	specs/.history/modular-fuzzing-epic/ticket-008-MF-015/ticket/results/testgraph-specWorkflow/cleanup-failure-probe-test-graph/sdk/python/src/testgraphsdk/context.py:52	out-of-scope	ticket_plan.yaml:648-658	none mapped	unrepresented	out_of_scope_lexical_inventory		INFERRED exact-path scope; source not read
1628	"lexical hit not semantically classified: raise ValueError(f""invalid kind '{k}'; expected one of {sorted(VALID_KINDS)}"")"	specs/.history/modular-fuzzing-epic/ticket-008-MF-015/ticket/results/testgraph-specWorkflow/cleanup-failure-probe-test-graph/sdk/python/src/testgraphsdk/node_spec.py:36	out-of-scope	ticket_plan.yaml:648-658	none mapped	unrepresented	out_of_scope_lexical_inventory		INFERRED exact-path scope; source not read
1629	lexical hit not semantically classified: Never raises on spawn failure: if :func:`subprocess.Popen` blows up	specs/.history/modular-fuzzing-epic/ticket-008-MF-015/ticket/results/testgraph-specWorkflow/cleanup-failure-probe-test-graph/sdk/python/src/testgraphsdk/procs.py:9	out-of-scope	ticket_plan.yaml:648-658	none mapped	unrepresented	out_of_scope_lexical_inventory		INFERRED exact-path scope; source not read
1630	"lexical hit not semantically classified: between ""exception escaped"" and ""child exited non-zero""."	specs/.history/modular-fuzzing-epic/ticket-008-MF-015/ticket/results/testgraph-specWorkflow/cleanup-failure-probe-test-graph/sdk/python/src/testgraphsdk/procs.py:13	out-of-scope	ticket_plan.yaml:648-658	none mapped	unrepresented	out_of_scope_lexical_inventory		INFERRED exact-path scope; source not read
1631	lexical hit not semantically classified: try:	specs/.history/modular-fuzzing-epic/ticket-008-MF-015/ticket/results/testgraph-specWorkflow/cleanup-failure-probe-test-graph/sdk/python/src/testgraphsdk/procs.py:55	out-of-scope	ticket_plan.yaml:648-658	none mapped	unrepresented	out_of_scope_lexical_inventory		INFERRED exact-path scope; source not read
1632	lexical hit not semantically classified: except OSError as e:	specs/.history/modular-fuzzing-epic/ticket-008-MF-015/ticket/results/testgraph-specWorkflow/cleanup-failure-probe-test-graph/sdk/python/src/testgraphsdk/procs.py:57	out-of-scope	ticket_plan.yaml:648-658	none mapped	unrepresented	out_of_scope_lexical_inventory		INFERRED exact-path scope; source not read
1633	lexical hit not semantically classified: try:	specs/.history/modular-fuzzing-epic/ticket-008-MF-015/ticket/results/testgraph-specWorkflow/cleanup-failure-probe-test-graph/sdk/python/src/testgraphsdk/procs.py:66	out-of-scope	ticket_plan.yaml:648-658	none mapped	unrepresented	out_of_scope_lexical_inventory		INFERRED exact-path scope; source not read
1634	lexical hit not semantically classified: try:	specs/.history/modular-fuzzing-epic/ticket-008-MF-015/ticket/results/testgraph-specWorkflow/cleanup-failure-probe-test-graph/sdk/python/src/testgraphsdk/procs.py:78	out-of-scope	ticket_plan.yaml:648-658	none mapped	unrepresented	out_of_scope_lexical_inventory		INFERRED exact-path scope; source not read
1635	lexical hit not semantically classified: except KeyboardInterrupt:	specs/.history/modular-fuzzing-epic/ticket-008-MF-015/ticket/results/testgraph-specWorkflow/cleanup-failure-probe-test-graph/sdk/python/src/testgraphsdk/procs.py:80	out-of-scope	ticket_plan.yaml:648-658	none mapped	unrepresented	out_of_scope_lexical_inventory		INFERRED exact-path scope; source not read
1636	lexical hit not semantically classified: except (OSError, FileNotFoundError) as e:	specs/.history/modular-fuzzing-epic/ticket-008-MF-015/ticket/results/testgraph-specWorkflow/cleanup-failure-probe-test-graph/sdk/python/src/testgraphsdk/procs.py:92	out-of-scope	ticket_plan.yaml:648-658	none mapped	unrepresented	out_of_scope_lexical_inventory		INFERRED exact-path scope; source not read
1637	lexical hit not semantically classified: try:	specs/.history/modular-fuzzing-epic/ticket-008-MF-015/ticket/results/testgraph-specWorkflow/cleanup-failure-probe-test-graph/sdk/python/src/testgraphsdk/procs.py:121	out-of-scope	ticket_plan.yaml:648-658	none mapped	unrepresented	out_of_scope_lexical_inventory		INFERRED exact-path scope; source not read
1638	lexical hit not semantically classified: except ValueError:	specs/.history/modular-fuzzing-epic/ticket-008-MF-015/ticket/results/testgraph-specWorkflow/cleanup-failure-probe-test-graph/sdk/python/src/testgraphsdk/procs.py:123	out-of-scope	ticket_plan.yaml:648-658	none mapped	unrepresented	out_of_scope_lexical_inventory		INFERRED exact-path scope; source not read
1639	lexical hit not semantically classified: populated ``error`` message — the helper never raises, so the node	specs/.history/modular-fuzzing-epic/ticket-008-MF-015/ticket/results/testgraph-specWorkflow/cleanup-failure-probe-test-graph/sdk/python/src/testgraphsdk/result.py:46	out-of-scope	ticket_plan.yaml:648-658	none mapped	unrepresented	out_of_scope_lexical_inventory		INFERRED exact-path scope; source not read
1640	"lexical hit not semantically classified: error_stack="""".join(traceback.format_exception(exc)),"	specs/.history/modular-fuzzing-epic/ticket-008-MF-015/ticket/results/testgraph-specWorkflow/cleanup-failure-probe-test-graph/sdk/python/src/testgraphsdk/result.py:121	out-of-scope	ticket_plan.yaml:648-658	none mapped	unrepresented	out_of_scope_lexical_inventory		INFERRED exact-path scope; source not read
1641	lexical hit not semantically classified: raise RuntimeError(	specs/.history/modular-fuzzing-epic/ticket-008-MF-015/ticket/results/testgraph-specWorkflow/cleanup-failure-probe-test-graph/sdk/python/src/testgraphsdk/runner.py:43	out-of-scope	ticket_plan.yaml:648-658	none mapped	unrepresented	out_of_scope_lexical_inventory		INFERRED exact-path scope; source not read
1642	lexical hit not semantically classified: try:	specs/.history/modular-fuzzing-epic/ticket-008-MF-015/ticket/results/testgraph-specWorkflow/cleanup-failure-probe-test-graph/sdk/python/src/testgraphsdk/runner.py:48	out-of-scope	ticket_plan.yaml:648-658	none mapped	unrepresented	out_of_scope_lexical_inventory		INFERRED exact-path scope; source not read
1643	lexical hit not semantically classified: except BaseException as exc:	specs/.history/modular-fuzzing-epic/ticket-008-MF-015/ticket/results/testgraph-specWorkflow/cleanup-failure-probe-test-graph/sdk/python/src/testgraphsdk/runner.py:50	out-of-scope	ticket_plan.yaml:648-658	none mapped	unrepresented	out_of_scope_lexical_inventory		INFERRED exact-path scope; source not read
1644	lexical hit not semantically classified: try:	specs/.history/modular-fuzzing-epic/ticket-008-MF-015/ticket/results/testgraph-specWorkflow/cleanup-failure-probe-test-graph/sdk/python/src/testgraphsdk/runner.py:70	out-of-scope	ticket_plan.yaml:648-658	none mapped	unrepresented	out_of_scope_lexical_inventory		INFERRED exact-path scope; source not read
1645	lexical hit not semantically classified: except OSError as exc:	specs/.history/modular-fuzzing-epic/ticket-008-MF-015/ticket/results/testgraph-specWorkflow/cleanup-failure-probe-test-graph/sdk/python/src/testgraphsdk/runner.py:74	out-of-scope	ticket_plan.yaml:648-658	none mapped	unrepresented	out_of_scope_lexical_inventory		INFERRED exact-path scope; source not read
1646	"lexical hit not semantically classified: raise RuntimeError(""could not locate tla-spec-dev repository root"")"	specs/.history/modular-fuzzing-epic/ticket-009-MF-017/snapshots/current/production_adapters.py:15	out-of-scope	ticket_plan.yaml:648-658	none mapped	unrepresented	out_of_scope_lexical_inventory		INFERRED exact-path scope; source not read
1647	"lexical hit not semantically classified: raise AssertionError(""current spec_manifest.yaml has no status.active_ticket"")"	specs/.history/modular-fuzzing-epic/ticket-009-MF-017/snapshots/current/tests/test_current_ticket_workflow.py:11	out-of-scope	ticket_plan.yaml:648-658	none mapped	unrepresented	out_of_scope_lexical_inventory		INFERRED exact-path scope; source not read
1648	"lexical hit not semantically classified: raise RuntimeError(""could not locate tla-spec-dev repository root"")"	specs/.history/modular-fuzzing-epic/ticket-009-MF-017/snapshots/desired_program_model/production_adapters.py:15	out-of-scope	ticket_plan.yaml:648-658	none mapped	unrepresented	out_of_scope_lexical_inventory		INFERRED exact-path scope; source not read
1649	"lexical hit not semantically classified: raise RuntimeError(""could not locate tla-spec-dev repository root"")"	specs/.history/modular-fuzzing-epic/ticket-009-MF-017/snapshots/program_model/production_adapters.py:15	out-of-scope	ticket_plan.yaml:648-658	none mapped	unrepresented	out_of_scope_lexical_inventory		INFERRED exact-path scope; source not read
1650	"lexical hit not semantically classified: raise RuntimeError(""could not locate tla-spec-dev repository root"")"	specs/.history/modular-fuzzing-epic/ticket-009-MF-017/ticket/current/production_adapters.py:15	out-of-scope	ticket_plan.yaml:648-658	none mapped	unrepresented	out_of_scope_lexical_inventory		INFERRED exact-path scope; source not read
1651	"lexical hit not semantically classified: raise RuntimeError(""could not locate tla-spec-dev repository root"")"	specs/.history/modular-fuzzing-epic/ticket-009-MF-017/ticket/desired/production_adapters.py:15	out-of-scope	ticket_plan.yaml:648-658	none mapped	unrepresented	out_of_scope_lexical_inventory		INFERRED exact-path scope; source not read
1652	lexical hit not semantically classified: private val registry: ExecutorRegistry,	specs/.history/modular-fuzzing-epic/ticket-009-MF-017/ticket/results/graph-reports/specWorkflow-20260718-213733-cd7fff06/cleanup-failure-probe-test-graph/build-logic/src/main/kotlin/com/hayden/testgraphsdk/exec/PlanExecutor.kt:30	out-of-scope	ticket_plan.yaml:648-658	none mapped	unrepresented	out_of_scope_lexical_inventory		INFERRED exact-path scope; source not read
1653	lexical hit not semantically classified: # you may not use this file except in compliance with the License.	specs/.history/modular-fuzzing-epic/ticket-009-MF-017/ticket/results/graph-reports/specWorkflow-20260718-213733-cd7fff06/cleanup-failure-probe-test-graph/gradlew:7	out-of-scope	ticket_plan.yaml:648-658	none mapped	unrepresented	out_of_scope_lexical_inventory		INFERRED exact-path scope; source not read
1654	lexical hit not semantically classified: * without wrapping the whole lambda in try/catch. Any exception that	specs/.history/modular-fuzzing-epic/ticket-009-MF-017/ticket/results/graph-reports/specWorkflow-20260718-213733-cd7fff06/cleanup-failure-probe-test-graph/sdk/java/src/main/java/com/hayden/testgraphsdk/sdk/NodeBody.java:8	out-of-scope	ticket_plan.yaml:648-658	none mapped	unrepresented	out_of_scope_lexical_inventory		INFERRED exact-path scope; source not read
1655	"lexical hit not semantically classified: * uniform — it never has to decide between ""exception escaped"" and"	specs/.history/modular-fuzzing-epic/ticket-009-MF-017/ticket/results/graph-reports/specWorkflow-20260718-213733-cd7fff06/cleanup-failure-probe-test-graph/sdk/java/src/main/java/com/hayden/testgraphsdk/sdk/Procs.java:29	out-of-scope	ticket_plan.yaml:648-658	none mapped	unrepresented	out_of_scope_lexical_inventory		INFERRED exact-path scope; source not read
1656	lexical hit not semantically classified: raise RuntimeError(	specs/.history/modular-fuzzing-epic/ticket-009-MF-017/ticket/results/graph-reports/specWorkflow-20260718-213733-cd7fff06/cleanup-failure-probe-test-graph/sdk/python/src/testgraphsdk/context.py:52	out-of-scope	ticket_plan.yaml:648-658	none mapped	unrepresented	out_of_scope_lexical_inventory		INFERRED exact-path scope; source not read
1657	"lexical hit not semantically classified: raise ValueError(f""invalid kind '{k}'; expected one of {sorted(VALID_KINDS)}"")"	specs/.history/modular-fuzzing-epic/ticket-009-MF-017/ticket/results/graph-reports/specWorkflow-20260718-213733-cd7fff06/cleanup-failure-probe-test-graph/sdk/python/src/testgraphsdk/node_spec.py:36	out-of-scope	ticket_plan.yaml:648-658	none mapped	unrepresented	out_of_scope_lexical_inventory		INFERRED exact-path scope; source not read
1658	lexical hit not semantically classified: Never raises on spawn failure: if :func:`subprocess.Popen` blows up	specs/.history/modular-fuzzing-epic/ticket-009-MF-017/ticket/results/graph-reports/specWorkflow-20260718-213733-cd7fff06/cleanup-failure-probe-test-graph/sdk/python/src/testgraphsdk/procs.py:9	out-of-scope	ticket_plan.yaml:648-658	none mapped	unrepresented	out_of_scope_lexical_inventory		INFERRED exact-path scope; source not read
1659	"lexical hit not semantically classified: between ""exception escaped"" and ""child exited non-zero""."	specs/.history/modular-fuzzing-epic/ticket-009-MF-017/ticket/results/graph-reports/specWorkflow-20260718-213733-cd7fff06/cleanup-failure-probe-test-graph/sdk/python/src/testgraphsdk/procs.py:13	out-of-scope	ticket_plan.yaml:648-658	none mapped	unrepresented	out_of_scope_lexical_inventory		INFERRED exact-path scope; source not read
1660	lexical hit not semantically classified: try:	specs/.history/modular-fuzzing-epic/ticket-009-MF-017/ticket/results/graph-reports/specWorkflow-20260718-213733-cd7fff06/cleanup-failure-probe-test-graph/sdk/python/src/testgraphsdk/procs.py:55	out-of-scope	ticket_plan.yaml:648-658	none mapped	unrepresented	out_of_scope_lexical_inventory		INFERRED exact-path scope; source not read
1661	lexical hit not semantically classified: except OSError as e:	specs/.history/modular-fuzzing-epic/ticket-009-MF-017/ticket/results/graph-reports/specWorkflow-20260718-213733-cd7fff06/cleanup-failure-probe-test-graph/sdk/python/src/testgraphsdk/procs.py:57	out-of-scope	ticket_plan.yaml:648-658	none mapped	unrepresented	out_of_scope_lexical_inventory		INFERRED exact-path scope; source not read
1662	lexical hit not semantically classified: try:	specs/.history/modular-fuzzing-epic/ticket-009-MF-017/ticket/results/graph-reports/specWorkflow-20260718-213733-cd7fff06/cleanup-failure-probe-test-graph/sdk/python/src/testgraphsdk/procs.py:66	out-of-scope	ticket_plan.yaml:648-658	none mapped	unrepresented	out_of_scope_lexical_inventory		INFERRED exact-path scope; source not read
1663	lexical hit not semantically classified: try:	specs/.history/modular-fuzzing-epic/ticket-009-MF-017/ticket/results/graph-reports/specWorkflow-20260718-213733-cd7fff06/cleanup-failure-probe-test-graph/sdk/python/src/testgraphsdk/procs.py:78	out-of-scope	ticket_plan.yaml:648-658	none mapped	unrepresented	out_of_scope_lexical_inventory		INFERRED exact-path scope; source not read
1664	lexical hit not semantically classified: except KeyboardInterrupt:	specs/.history/modular-fuzzing-epic/ticket-009-MF-017/ticket/results/graph-reports/specWorkflow-20260718-213733-cd7fff06/cleanup-failure-probe-test-graph/sdk/python/src/testgraphsdk/procs.py:80	out-of-scope	ticket_plan.yaml:648-658	none mapped	unrepresented	out_of_scope_lexical_inventory		INFERRED exact-path scope; source not read
1665	lexical hit not semantically classified: except (OSError, FileNotFoundError) as e:	specs/.history/modular-fuzzing-epic/ticket-009-MF-017/ticket/results/graph-reports/specWorkflow-20260718-213733-cd7fff06/cleanup-failure-probe-test-graph/sdk/python/src/testgraphsdk/procs.py:92	out-of-scope	ticket_plan.yaml:648-658	none mapped	unrepresented	out_of_scope_lexical_inventory		INFERRED exact-path scope; source not read
1666	lexical hit not semantically classified: try:	specs/.history/modular-fuzzing-epic/ticket-009-MF-017/ticket/results/graph-reports/specWorkflow-20260718-213733-cd7fff06/cleanup-failure-probe-test-graph/sdk/python/src/testgraphsdk/procs.py:121	out-of-scope	ticket_plan.yaml:648-658	none mapped	unrepresented	out_of_scope_lexical_inventory		INFERRED exact-path scope; source not read
1667	lexical hit not semantically classified: except ValueError:	specs/.history/modular-fuzzing-epic/ticket-009-MF-017/ticket/results/graph-reports/specWorkflow-20260718-213733-cd7fff06/cleanup-failure-probe-test-graph/sdk/python/src/testgraphsdk/procs.py:123	out-of-scope	ticket_plan.yaml:648-658	none mapped	unrepresented	out_of_scope_lexical_inventory		INFERRED exact-path scope; source not read
1668	lexical hit not semantically classified: populated ``error`` message — the helper never raises, so the node	specs/.history/modular-fuzzing-epic/ticket-009-MF-017/ticket/results/graph-reports/specWorkflow-20260718-213733-cd7fff06/cleanup-failure-probe-test-graph/sdk/python/src/testgraphsdk/result.py:46	out-of-scope	ticket_plan.yaml:648-658	none mapped	unrepresented	out_of_scope_lexical_inventory		INFERRED exact-path scope; source not read
1669	"lexical hit not semantically classified: error_stack="""".join(traceback.format_exception(exc)),"	specs/.history/modular-fuzzing-epic/ticket-009-MF-017/ticket/results/graph-reports/specWorkflow-20260718-213733-cd7fff06/cleanup-failure-probe-test-graph/sdk/python/src/testgraphsdk/result.py:121	out-of-scope	ticket_plan.yaml:648-658	none mapped	unrepresented	out_of_scope_lexical_inventory		INFERRED exact-path scope; source not read
1670	lexical hit not semantically classified: raise RuntimeError(	specs/.history/modular-fuzzing-epic/ticket-009-MF-017/ticket/results/graph-reports/specWorkflow-20260718-213733-cd7fff06/cleanup-failure-probe-test-graph/sdk/python/src/testgraphsdk/runner.py:43	out-of-scope	ticket_plan.yaml:648-658	none mapped	unrepresented	out_of_scope_lexical_inventory		INFERRED exact-path scope; source not read
1671	lexical hit not semantically classified: try:	specs/.history/modular-fuzzing-epic/ticket-009-MF-017/ticket/results/graph-reports/specWorkflow-20260718-213733-cd7fff06/cleanup-failure-probe-test-graph/sdk/python/src/testgraphsdk/runner.py:48	out-of-scope	ticket_plan.yaml:648-658	none mapped	unrepresented	out_of_scope_lexical_inventory		INFERRED exact-path scope; source not read
1672	lexical hit not semantically classified: except BaseException as exc:	specs/.history/modular-fuzzing-epic/ticket-009-MF-017/ticket/results/graph-reports/specWorkflow-20260718-213733-cd7fff06/cleanup-failure-probe-test-graph/sdk/python/src/testgraphsdk/runner.py:50	out-of-scope	ticket_plan.yaml:648-658	none mapped	unrepresented	out_of_scope_lexical_inventory		INFERRED exact-path scope; source not read
1673	lexical hit not semantically classified: try:	specs/.history/modular-fuzzing-epic/ticket-009-MF-017/ticket/results/graph-reports/specWorkflow-20260718-213733-cd7fff06/cleanup-failure-probe-test-graph/sdk/python/src/testgraphsdk/runner.py:70	out-of-scope	ticket_plan.yaml:648-658	none mapped	unrepresented	out_of_scope_lexical_inventory		INFERRED exact-path scope; source not read
1674	lexical hit not semantically classified: except OSError as exc:	specs/.history/modular-fuzzing-epic/ticket-009-MF-017/ticket/results/graph-reports/specWorkflow-20260718-213733-cd7fff06/cleanup-failure-probe-test-graph/sdk/python/src/testgraphsdk/runner.py:74	out-of-scope	ticket_plan.yaml:648-658	none mapped	unrepresented	out_of_scope_lexical_inventory		INFERRED exact-path scope; source not read
1675	"lexical hit not semantically classified: raise RuntimeError(""could not locate tla-spec-dev repository root"")"	specs/.history/modular-fuzzing-epic/ticket-009-MF-027/snapshots/current/production_adapters.py:16	out-of-scope	ticket_plan.yaml:648-658	none mapped	unrepresented	out_of_scope_lexical_inventory		INFERRED exact-path scope; source not read
1676	"lexical hit not semantically classified: ""raised_cap_exit_code"": under.returncode,"	specs/.history/modular-fuzzing-epic/ticket-009-MF-027/snapshots/current/production_adapters.py:963	out-of-scope	ticket_plan.yaml:648-658	none mapped	unrepresented	out_of_scope_lexical_inventory		INFERRED exact-path scope; source not read
1677	"lexical hit not semantically classified: ""cap_raise_accept_path_offered"": accept_path,"	specs/.history/modular-fuzzing-epic/ticket-009-MF-027/snapshots/current/production_adapters.py:971	out-of-scope	ticket_plan.yaml:648-658	none mapped	unrepresented	out_of_scope_lexical_inventory		INFERRED exact-path scope; source not read
1678	lexical hit not semantically classified: `justification_does_not_change_the_verdict`: two fixtures identical except	specs/.history/modular-fuzzing-epic/ticket-009-MF-027/snapshots/current/production_adapters.py:987	out-of-scope	ticket_plan.yaml:648-658	none mapped	unrepresented	out_of_scope_lexical_inventory		INFERRED exact-path scope; source not read
1679	"lexical hit not semantically classified: raise AssertionError(""current spec_manifest.yaml has no status.active_ticket"")"	specs/.history/modular-fuzzing-epic/ticket-009-MF-027/snapshots/current/tests/test_current_ticket_workflow.py:11	out-of-scope	ticket_plan.yaml:648-658	none mapped	unrepresented	out_of_scope_lexical_inventory		INFERRED exact-path scope; source not read
1680	"lexical hit not semantically classified: assert result[""raised_cap_exit_code""] == 0, result[""stderr""]"	specs/.history/modular-fuzzing-epic/ticket-009-MF-027/snapshots/current/tests/test_tla_spec_dev_corpus_adapter.py:34	out-of-scope	ticket_plan.yaml:648-658	none mapped	unrepresented	out_of_scope_lexical_inventory		INFERRED exact-path scope; source not read
1681	"lexical hit not semantically classified: assert result[""cap_raise_accept_path_offered""] is True"	specs/.history/modular-fuzzing-epic/ticket-009-MF-027/snapshots/current/tests/test_tla_spec_dev_corpus_adapter.py:61	out-of-scope	ticket_plan.yaml:648-658	none mapped	unrepresented	out_of_scope_lexical_inventory		INFERRED exact-path scope; source not read
1682	lexical hit not semantically classified: directories identical except that one carries a recorded justification produce	specs/.history/modular-fuzzing-epic/ticket-009-MF-027/snapshots/current/tests/test_tla_spec_dev_effect_conformance_adapter.py:10	out-of-scope	ticket_plan.yaml:648-658	none mapped	unrepresented	out_of_scope_lexical_inventory		INFERRED exact-path scope; source not read
1683	"lexical hit not semantically classified: raise RuntimeError(""could not locate tla-spec-dev repository root"")"	specs/.history/modular-fuzzing-epic/ticket-009-MF-027/snapshots/desired_program_model/production_adapters.py:15	out-of-scope	ticket_plan.yaml:648-658	none mapped	unrepresented	out_of_scope_lexical_inventory		INFERRED exact-path scope; source not read
1684	"lexical hit not semantically classified: raise RuntimeError(""could not locate tla-spec-dev repository root"")"	specs/.history/modular-fuzzing-epic/ticket-009-MF-027/snapshots/program_model/production_adapters.py:15	out-of-scope	ticket_plan.yaml:648-658	none mapped	unrepresented	out_of_scope_lexical_inventory		INFERRED exact-path scope; source not read
1685	"lexical hit not semantically classified: raise RuntimeError(""could not locate tla-spec-dev repository root"")"	specs/.history/modular-fuzzing-epic/ticket-009-MF-027/ticket/current/production_adapters.py:16	out-of-scope	ticket_plan.yaml:648-658	none mapped	unrepresented	out_of_scope_lexical_inventory		INFERRED exact-path scope; source not read
1686	"lexical hit not semantically classified: ""raised_cap_exit_code"": under.returncode,"	specs/.history/modular-fuzzing-epic/ticket-009-MF-027/ticket/current/production_adapters.py:963	out-of-scope	ticket_plan.yaml:648-658	none mapped	unrepresented	out_of_scope_lexical_inventory		INFERRED exact-path scope; source not read
1687	"lexical hit not semantically classified: ""cap_raise_accept_path_offered"": accept_path,"	specs/.history/modular-fuzzing-epic/ticket-009-MF-027/ticket/current/production_adapters.py:971	out-of-scope	ticket_plan.yaml:648-658	none mapped	unrepresented	out_of_scope_lexical_inventory		INFERRED exact-path scope; source not read
1688	lexical hit not semantically classified: `justification_does_not_change_the_verdict`: two fixtures identical except	specs/.history/modular-fuzzing-epic/ticket-009-MF-027/ticket/current/production_adapters.py:987	out-of-scope	ticket_plan.yaml:648-658	none mapped	unrepresented	out_of_scope_lexical_inventory		INFERRED exact-path scope; source not read
1689	"lexical hit not semantically classified: assert result[""raised_cap_exit_code""] == 0, result[""stderr""]"	specs/.history/modular-fuzzing-epic/ticket-009-MF-027/ticket/current/tests/test_tla_spec_dev_corpus_adapter.py:34	out-of-scope	ticket_plan.yaml:648-658	none mapped	unrepresented	out_of_scope_lexical_inventory		INFERRED exact-path scope; source not read
1690	"lexical hit not semantically classified: assert result[""cap_raise_accept_path_offered""] is True"	specs/.history/modular-fuzzing-epic/ticket-009-MF-027/ticket/current/tests/test_tla_spec_dev_corpus_adapter.py:61	out-of-scope	ticket_plan.yaml:648-658	none mapped	unrepresented	out_of_scope_lexical_inventory		INFERRED exact-path scope; source not read
1691	lexical hit not semantically classified: directories identical except that one carries a recorded justification produce	specs/.history/modular-fuzzing-epic/ticket-009-MF-027/ticket/current/tests/test_tla_spec_dev_effect_conformance_adapter.py:10	out-of-scope	ticket_plan.yaml:648-658	none mapped	unrepresented	out_of_scope_lexical_inventory		INFERRED exact-path scope; source not read
1692	"lexical hit not semantically classified: raise RuntimeError(""could not locate tla-spec-dev repository root"")"	specs/.history/modular-fuzzing-epic/ticket-009-MF-027/ticket/desired/production_adapters.py:16	out-of-scope	ticket_plan.yaml:648-658	none mapped	unrepresented	out_of_scope_lexical_inventory		INFERRED exact-path scope; source not read
1693	"lexical hit not semantically classified: ""raised_cap_exit_code"": under.returncode,"	specs/.history/modular-fuzzing-epic/ticket-009-MF-027/ticket/desired/production_adapters.py:963	out-of-scope	ticket_plan.yaml:648-658	none mapped	unrepresented	out_of_scope_lexical_inventory		INFERRED exact-path scope; source not read
1694	"lexical hit not semantically classified: ""cap_raise_accept_path_offered"": accept_path,"	specs/.history/modular-fuzzing-epic/ticket-009-MF-027/ticket/desired/production_adapters.py:971	out-of-scope	ticket_plan.yaml:648-658	none mapped	unrepresented	out_of_scope_lexical_inventory		INFERRED exact-path scope; source not read
1695	lexical hit not semantically classified: `justification_does_not_change_the_verdict`: two fixtures identical except	specs/.history/modular-fuzzing-epic/ticket-009-MF-027/ticket/desired/production_adapters.py:987	out-of-scope	ticket_plan.yaml:648-658	none mapped	unrepresented	out_of_scope_lexical_inventory		INFERRED exact-path scope; source not read
1696	"lexical hit not semantically classified: assert result[""raised_cap_exit_code""] == 0, result[""stderr""]"	specs/.history/modular-fuzzing-epic/ticket-009-MF-027/ticket/desired/tests/test_tla_spec_dev_corpus_adapter.py:34	out-of-scope	ticket_plan.yaml:648-658	none mapped	unrepresented	out_of_scope_lexical_inventory		INFERRED exact-path scope; source not read
1697	"lexical hit not semantically classified: assert result[""cap_raise_accept_path_offered""] is True"	specs/.history/modular-fuzzing-epic/ticket-009-MF-027/ticket/desired/tests/test_tla_spec_dev_corpus_adapter.py:61	out-of-scope	ticket_plan.yaml:648-658	none mapped	unrepresented	out_of_scope_lexical_inventory		INFERRED exact-path scope; source not read
1698	lexical hit not semantically classified: directories identical except that one carries a recorded justification produce	specs/.history/modular-fuzzing-epic/ticket-009-MF-027/ticket/desired/tests/test_tla_spec_dev_effect_conformance_adapter.py:10	out-of-scope	ticket_plan.yaml:648-658	none mapped	unrepresented	out_of_scope_lexical_inventory		INFERRED exact-path scope; source not read
1699	lexical hit not semantically classified: private val registry: ExecutorRegistry,	specs/.history/modular-fuzzing-epic/ticket-009-MF-027/ticket/results/graph-reports/specWorkflow-20260719-194428-2cebfb33/cleanup-failure-probe-test-graph/build-logic/src/main/kotlin/com/hayden/testgraphsdk/exec/PlanExecutor.kt:30	out-of-scope	ticket_plan.yaml:648-658	none mapped	unrepresented	out_of_scope_lexical_inventory		INFERRED exact-path scope; source not read
1700	lexical hit not semantically classified: # you may not use this file except in compliance with the License.	specs/.history/modular-fuzzing-epic/ticket-009-MF-027/ticket/results/graph-reports/specWorkflow-20260719-194428-2cebfb33/cleanup-failure-probe-test-graph/gradlew:7	out-of-scope	ticket_plan.yaml:648-658	none mapped	unrepresented	out_of_scope_lexical_inventory		INFERRED exact-path scope; source not read
1701	lexical hit not semantically classified: * without wrapping the whole lambda in try/catch. Any exception that	specs/.history/modular-fuzzing-epic/ticket-009-MF-027/ticket/results/graph-reports/specWorkflow-20260719-194428-2cebfb33/cleanup-failure-probe-test-graph/sdk/java/src/main/java/com/hayden/testgraphsdk/sdk/NodeBody.java:8	out-of-scope	ticket_plan.yaml:648-658	none mapped	unrepresented	out_of_scope_lexical_inventory		INFERRED exact-path scope; source not read
1702	"lexical hit not semantically classified: * uniform — it never has to decide between ""exception escaped"" and"	specs/.history/modular-fuzzing-epic/ticket-009-MF-027/ticket/results/graph-reports/specWorkflow-20260719-194428-2cebfb33/cleanup-failure-probe-test-graph/sdk/java/src/main/java/com/hayden/testgraphsdk/sdk/Procs.java:29	out-of-scope	ticket_plan.yaml:648-658	none mapped	unrepresented	out_of_scope_lexical_inventory		INFERRED exact-path scope; source not read
1703	lexical hit not semantically classified: raise RuntimeError(	specs/.history/modular-fuzzing-epic/ticket-009-MF-027/ticket/results/graph-reports/specWorkflow-20260719-194428-2cebfb33/cleanup-failure-probe-test-graph/sdk/python/src/testgraphsdk/context.py:52	out-of-scope	ticket_plan.yaml:648-658	none mapped	unrepresented	out_of_scope_lexical_inventory		INFERRED exact-path scope; source not read
1704	"lexical hit not semantically classified: raise ValueError(f""invalid kind '{k}'; expected one of {sorted(VALID_KINDS)}"")"	specs/.history/modular-fuzzing-epic/ticket-009-MF-027/ticket/results/graph-reports/specWorkflow-20260719-194428-2cebfb33/cleanup-failure-probe-test-graph/sdk/python/src/testgraphsdk/node_spec.py:36	out-of-scope	ticket_plan.yaml:648-658	none mapped	unrepresented	out_of_scope_lexical_inventory		INFERRED exact-path scope; source not read
1705	lexical hit not semantically classified: Never raises on spawn failure: if :func:`subprocess.Popen` blows up	specs/.history/modular-fuzzing-epic/ticket-009-MF-027/ticket/results/graph-reports/specWorkflow-20260719-194428-2cebfb33/cleanup-failure-probe-test-graph/sdk/python/src/testgraphsdk/procs.py:9	out-of-scope	ticket_plan.yaml:648-658	none mapped	unrepresented	out_of_scope_lexical_inventory		INFERRED exact-path scope; source not read
1706	"lexical hit not semantically classified: between ""exception escaped"" and ""child exited non-zero""."	specs/.history/modular-fuzzing-epic/ticket-009-MF-027/ticket/results/graph-reports/specWorkflow-20260719-194428-2cebfb33/cleanup-failure-probe-test-graph/sdk/python/src/testgraphsdk/procs.py:13	out-of-scope	ticket_plan.yaml:648-658	none mapped	unrepresented	out_of_scope_lexical_inventory		INFERRED exact-path scope; source not read
1707	lexical hit not semantically classified: try:	specs/.history/modular-fuzzing-epic/ticket-009-MF-027/ticket/results/graph-reports/specWorkflow-20260719-194428-2cebfb33/cleanup-failure-probe-test-graph/sdk/python/src/testgraphsdk/procs.py:55	out-of-scope	ticket_plan.yaml:648-658	none mapped	unrepresented	out_of_scope_lexical_inventory		INFERRED exact-path scope; source not read
1708	lexical hit not semantically classified: except OSError as e:	specs/.history/modular-fuzzing-epic/ticket-009-MF-027/ticket/results/graph-reports/specWorkflow-20260719-194428-2cebfb33/cleanup-failure-probe-test-graph/sdk/python/src/testgraphsdk/procs.py:57	out-of-scope	ticket_plan.yaml:648-658	none mapped	unrepresented	out_of_scope_lexical_inventory		INFERRED exact-path scope; source not read
1709	lexical hit not semantically classified: try:	specs/.history/modular-fuzzing-epic/ticket-009-MF-027/ticket/results/graph-reports/specWorkflow-20260719-194428-2cebfb33/cleanup-failure-probe-test-graph/sdk/python/src/testgraphsdk/procs.py:66	out-of-scope	ticket_plan.yaml:648-658	none mapped	unrepresented	out_of_scope_lexical_inventory		INFERRED exact-path scope; source not read
1710	lexical hit not semantically classified: try:	specs/.history/modular-fuzzing-epic/ticket-009-MF-027/ticket/results/graph-reports/specWorkflow-20260719-194428-2cebfb33/cleanup-failure-probe-test-graph/sdk/python/src/testgraphsdk/procs.py:78	out-of-scope	ticket_plan.yaml:648-658	none mapped	unrepresented	out_of_scope_lexical_inventory		INFERRED exact-path scope; source not read
1711	lexical hit not semantically classified: except KeyboardInterrupt:	specs/.history/modular-fuzzing-epic/ticket-009-MF-027/ticket/results/graph-reports/specWorkflow-20260719-194428-2cebfb33/cleanup-failure-probe-test-graph/sdk/python/src/testgraphsdk/procs.py:80	out-of-scope	ticket_plan.yaml:648-658	none mapped	unrepresented	out_of_scope_lexical_inventory		INFERRED exact-path scope; source not read
1712	lexical hit not semantically classified: except (OSError, FileNotFoundError) as e:	specs/.history/modular-fuzzing-epic/ticket-009-MF-027/ticket/results/graph-reports/specWorkflow-20260719-194428-2cebfb33/cleanup-failure-probe-test-graph/sdk/python/src/testgraphsdk/procs.py:92	out-of-scope	ticket_plan.yaml:648-658	none mapped	unrepresented	out_of_scope_lexical_inventory		INFERRED exact-path scope; source not read
1713	lexical hit not semantically classified: try:	specs/.history/modular-fuzzing-epic/ticket-009-MF-027/ticket/results/graph-reports/specWorkflow-20260719-194428-2cebfb33/cleanup-failure-probe-test-graph/sdk/python/src/testgraphsdk/procs.py:121	out-of-scope	ticket_plan.yaml:648-658	none mapped	unrepresented	out_of_scope_lexical_inventory		INFERRED exact-path scope; source not read
1714	lexical hit not semantically classified: except ValueError:	specs/.history/modular-fuzzing-epic/ticket-009-MF-027/ticket/results/graph-reports/specWorkflow-20260719-194428-2cebfb33/cleanup-failure-probe-test-graph/sdk/python/src/testgraphsdk/procs.py:123	out-of-scope	ticket_plan.yaml:648-658	none mapped	unrepresented	out_of_scope_lexical_inventory		INFERRED exact-path scope; source not read
1715	lexical hit not semantically classified: populated ``error`` message — the helper never raises, so the node	specs/.history/modular-fuzzing-epic/ticket-009-MF-027/ticket/results/graph-reports/specWorkflow-20260719-194428-2cebfb33/cleanup-failure-probe-test-graph/sdk/python/src/testgraphsdk/result.py:46	out-of-scope	ticket_plan.yaml:648-658	none mapped	unrepresented	out_of_scope_lexical_inventory		INFERRED exact-path scope; source not read
1716	"lexical hit not semantically classified: error_stack="""".join(traceback.format_exception(exc)),"	specs/.history/modular-fuzzing-epic/ticket-009-MF-027/ticket/results/graph-reports/specWorkflow-20260719-194428-2cebfb33/cleanup-failure-probe-test-graph/sdk/python/src/testgraphsdk/result.py:121	out-of-scope	ticket_plan.yaml:648-658	none mapped	unrepresented	out_of_scope_lexical_inventory		INFERRED exact-path scope; source not read
1717	lexical hit not semantically classified: raise RuntimeError(	specs/.history/modular-fuzzing-epic/ticket-009-MF-027/ticket/results/graph-reports/specWorkflow-20260719-194428-2cebfb33/cleanup-failure-probe-test-graph/sdk/python/src/testgraphsdk/runner.py:43	out-of-scope	ticket_plan.yaml:648-658	none mapped	unrepresented	out_of_scope_lexical_inventory		INFERRED exact-path scope; source not read
1718	lexical hit not semantically classified: try:	specs/.history/modular-fuzzing-epic/ticket-009-MF-027/ticket/results/graph-reports/specWorkflow-20260719-194428-2cebfb33/cleanup-failure-probe-test-graph/sdk/python/src/testgraphsdk/runner.py:48	out-of-scope	ticket_plan.yaml:648-658	none mapped	unrepresented	out_of_scope_lexical_inventory		INFERRED exact-path scope; source not read
1719	lexical hit not semantically classified: except BaseException as exc:	specs/.history/modular-fuzzing-epic/ticket-009-MF-027/ticket/results/graph-reports/specWorkflow-20260719-194428-2cebfb33/cleanup-failure-probe-test-graph/sdk/python/src/testgraphsdk/runner.py:50	out-of-scope	ticket_plan.yaml:648-658	none mapped	unrepresented	out_of_scope_lexical_inventory		INFERRED exact-path scope; source not read
1720	lexical hit not semantically classified: try:	specs/.history/modular-fuzzing-epic/ticket-009-MF-027/ticket/results/graph-reports/specWorkflow-20260719-194428-2cebfb33/cleanup-failure-probe-test-graph/sdk/python/src/testgraphsdk/runner.py:70	out-of-scope	ticket_plan.yaml:648-658	none mapped	unrepresented	out_of_scope_lexical_inventory		INFERRED exact-path scope; source not read
1721	lexical hit not semantically classified: except OSError as exc:	specs/.history/modular-fuzzing-epic/ticket-009-MF-027/ticket/results/graph-reports/specWorkflow-20260719-194428-2cebfb33/cleanup-failure-probe-test-graph/sdk/python/src/testgraphsdk/runner.py:74	out-of-scope	ticket_plan.yaml:648-658	none mapped	unrepresented	out_of_scope_lexical_inventory		INFERRED exact-path scope; source not read
1722	"lexical hit not semantically classified: raise RuntimeError(""could not locate tla-spec-dev repository root"")"	specs/.history/modular-fuzzing-epic/ticket-010-MF-016/snapshots/current/production_adapters.py:16	out-of-scope	ticket_plan.yaml:648-658	none mapped	unrepresented	out_of_scope_lexical_inventory		INFERRED exact-path scope; source not read
1723	"lexical hit not semantically classified: ""raised_cap_exit_code"": under.returncode,"	specs/.history/modular-fuzzing-epic/ticket-010-MF-016/snapshots/current/production_adapters.py:963	out-of-scope	ticket_plan.yaml:648-658	none mapped	unrepresented	out_of_scope_lexical_inventory		INFERRED exact-path scope; source not read
1724	"lexical hit not semantically classified: ""cap_raise_accept_path_offered"": accept_path,"	specs/.history/modular-fuzzing-epic/ticket-010-MF-016/snapshots/current/production_adapters.py:971	out-of-scope	ticket_plan.yaml:648-658	none mapped	unrepresented	out_of_scope_lexical_inventory		INFERRED exact-path scope; source not read
1725	lexical hit not semantically classified: `justification_does_not_change_the_verdict`: two fixtures identical except	specs/.history/modular-fuzzing-epic/ticket-010-MF-016/snapshots/current/production_adapters.py:987	out-of-scope	ticket_plan.yaml:648-658	none mapped	unrepresented	out_of_scope_lexical_inventory		INFERRED exact-path scope; source not read
1726	lexical hit not semantically classified: 3. `waiver_does_not_change_the_verdict` -- two catalogs identical except	specs/.history/modular-fuzzing-epic/ticket-010-MF-016/snapshots/current/production_adapters.py:1085	out-of-scope	ticket_plan.yaml:648-658	none mapped	unrepresented	out_of_scope_lexical_inventory		INFERRED exact-path scope; source not read
1727	"lexical hit not semantically classified: raise AssertionError(""current spec_manifest.yaml has no status.active_ticket"")"	specs/.history/modular-fuzzing-epic/ticket-010-MF-016/snapshots/current/tests/test_current_ticket_workflow.py:11	out-of-scope	ticket_plan.yaml:648-658	none mapped	unrepresented	out_of_scope_lexical_inventory		INFERRED exact-path scope; source not read
1728	"lexical hit not semantically classified: assert result[""raised_cap_exit_code""] == 0, result[""stderr""]"	specs/.history/modular-fuzzing-epic/ticket-010-MF-016/snapshots/current/tests/test_tla_spec_dev_corpus_adapter.py:34	out-of-scope	ticket_plan.yaml:648-658	none mapped	unrepresented	out_of_scope_lexical_inventory		INFERRED exact-path scope; source not read
1729	"lexical hit not semantically classified: assert result[""cap_raise_accept_path_offered""] is True"	specs/.history/modular-fuzzing-epic/ticket-010-MF-016/snapshots/current/tests/test_tla_spec_dev_corpus_adapter.py:61	out-of-scope	ticket_plan.yaml:648-658	none mapped	unrepresented	out_of_scope_lexical_inventory		INFERRED exact-path scope; source not read
1730	lexical hit not semantically classified: directories identical except that one carries a recorded justification produce	specs/.history/modular-fuzzing-epic/ticket-010-MF-016/snapshots/current/tests/test_tla_spec_dev_effect_conformance_adapter.py:10	out-of-scope	ticket_plan.yaml:648-658	none mapped	unrepresented	out_of_scope_lexical_inventory		INFERRED exact-path scope; source not read
1731	"lexical hit not semantically classified: raise RuntimeError(""could not locate tla-spec-dev repository root"")"	specs/.history/modular-fuzzing-epic/ticket-010-MF-016/snapshots/desired_program_model/production_adapters.py:15	out-of-scope	ticket_plan.yaml:648-658	none mapped	unrepresented	out_of_scope_lexical_inventory		INFERRED exact-path scope; source not read
1732	"lexical hit not semantically classified: raise RuntimeError(""could not locate tla-spec-dev repository root"")"	specs/.history/modular-fuzzing-epic/ticket-010-MF-016/snapshots/program_model/production_adapters.py:15	out-of-scope	ticket_plan.yaml:648-658	none mapped	unrepresented	out_of_scope_lexical_inventory		INFERRED exact-path scope; source not read
1733	"lexical hit not semantically classified: raise RuntimeError(""could not locate tla-spec-dev repository root"")"	specs/.history/modular-fuzzing-epic/ticket-010-MF-016/ticket/current/production_adapters.py:16	out-of-scope	ticket_plan.yaml:648-658	none mapped	unrepresented	out_of_scope_lexical_inventory		INFERRED exact-path scope; source not read
1734	"lexical hit not semantically classified: ""raised_cap_exit_code"": under.returncode,"	specs/.history/modular-fuzzing-epic/ticket-010-MF-016/ticket/current/production_adapters.py:963	out-of-scope	ticket_plan.yaml:648-658	none mapped	unrepresented	out_of_scope_lexical_inventory		INFERRED exact-path scope; source not read
1735	"lexical hit not semantically classified: ""cap_raise_accept_path_offered"": accept_path,"	specs/.history/modular-fuzzing-epic/ticket-010-MF-016/ticket/current/production_adapters.py:971	out-of-scope	ticket_plan.yaml:648-658	none mapped	unrepresented	out_of_scope_lexical_inventory		INFERRED exact-path scope; source not read
1736	lexical hit not semantically classified: `justification_does_not_change_the_verdict`: two fixtures identical except	specs/.history/modular-fuzzing-epic/ticket-010-MF-016/ticket/current/production_adapters.py:987	out-of-scope	ticket_plan.yaml:648-658	none mapped	unrepresented	out_of_scope_lexical_inventory		INFERRED exact-path scope; source not read
1737	lexical hit not semantically classified: 3. `waiver_does_not_change_the_verdict` -- two catalogs identical except	specs/.history/modular-fuzzing-epic/ticket-010-MF-016/ticket/current/production_adapters.py:1085	out-of-scope	ticket_plan.yaml:648-658	none mapped	unrepresented	out_of_scope_lexical_inventory		INFERRED exact-path scope; source not read
1738	"lexical hit not semantically classified: assert result[""raised_cap_exit_code""] == 0, result[""stderr""]"	specs/.history/modular-fuzzing-epic/ticket-010-MF-016/ticket/current/tests/test_tla_spec_dev_corpus_adapter.py:34	out-of-scope	ticket_plan.yaml:648-658	none mapped	unrepresented	out_of_scope_lexical_inventory		INFERRED exact-path scope; source not read
1739	"lexical hit not semantically classified: assert result[""cap_raise_accept_path_offered""] is True"	specs/.history/modular-fuzzing-epic/ticket-010-MF-016/ticket/current/tests/test_tla_spec_dev_corpus_adapter.py:61	out-of-scope	ticket_plan.yaml:648-658	none mapped	unrepresented	out_of_scope_lexical_inventory		INFERRED exact-path scope; source not read
1740	lexical hit not semantically classified: directories identical except that one carries a recorded justification produce	specs/.history/modular-fuzzing-epic/ticket-010-MF-016/ticket/current/tests/test_tla_spec_dev_effect_conformance_adapter.py:10	out-of-scope	ticket_plan.yaml:648-658	none mapped	unrepresented	out_of_scope_lexical_inventory		INFERRED exact-path scope; source not read
1741	"lexical hit not semantically classified: raise RuntimeError(""could not locate tla-spec-dev repository root"")"	specs/.history/modular-fuzzing-epic/ticket-010-MF-016/ticket/desired/production_adapters.py:16	out-of-scope	ticket_plan.yaml:648-658	none mapped	unrepresented	out_of_scope_lexical_inventory		INFERRED exact-path scope; source not read
1742	"lexical hit not semantically classified: ""raised_cap_exit_code"": under.returncode,"	specs/.history/modular-fuzzing-epic/ticket-010-MF-016/ticket/desired/production_adapters.py:963	out-of-scope	ticket_plan.yaml:648-658	none mapped	unrepresented	out_of_scope_lexical_inventory		INFERRED exact-path scope; source not read
1743	"lexical hit not semantically classified: ""cap_raise_accept_path_offered"": accept_path,"	specs/.history/modular-fuzzing-epic/ticket-010-MF-016/ticket/desired/production_adapters.py:971	out-of-scope	ticket_plan.yaml:648-658	none mapped	unrepresented	out_of_scope_lexical_inventory		INFERRED exact-path scope; source not read
1744	lexical hit not semantically classified: `justification_does_not_change_the_verdict`: two fixtures identical except	specs/.history/modular-fuzzing-epic/ticket-010-MF-016/ticket/desired/production_adapters.py:987	out-of-scope	ticket_plan.yaml:648-658	none mapped	unrepresented	out_of_scope_lexical_inventory		INFERRED exact-path scope; source not read
1745	lexical hit not semantically classified: 3. `waiver_does_not_change_the_verdict` -- two catalogs identical except	specs/.history/modular-fuzzing-epic/ticket-010-MF-016/ticket/desired/production_adapters.py:1085	out-of-scope	ticket_plan.yaml:648-658	none mapped	unrepresented	out_of_scope_lexical_inventory		INFERRED exact-path scope; source not read
1746	"lexical hit not semantically classified: assert result[""raised_cap_exit_code""] == 0, result[""stderr""]"	specs/.history/modular-fuzzing-epic/ticket-010-MF-016/ticket/desired/tests/test_tla_spec_dev_corpus_adapter.py:34	out-of-scope	ticket_plan.yaml:648-658	none mapped	unrepresented	out_of_scope_lexical_inventory		INFERRED exact-path scope; source not read
1747	"lexical hit not semantically classified: assert result[""cap_raise_accept_path_offered""] is True"	specs/.history/modular-fuzzing-epic/ticket-010-MF-016/ticket/desired/tests/test_tla_spec_dev_corpus_adapter.py:61	out-of-scope	ticket_plan.yaml:648-658	none mapped	unrepresented	out_of_scope_lexical_inventory		INFERRED exact-path scope; source not read
1748	lexical hit not semantically classified: directories identical except that one carries a recorded justification produce	specs/.history/modular-fuzzing-epic/ticket-010-MF-016/ticket/desired/tests/test_tla_spec_dev_effect_conformance_adapter.py:10	out-of-scope	ticket_plan.yaml:648-658	none mapped	unrepresented	out_of_scope_lexical_inventory		INFERRED exact-path scope; source not read
1749	"lexical hit not semantically classified: raise RuntimeError(""could not locate tla-spec-dev repository root"")"	specs/.history/modular-fuzzing-epic/ticket-012-MF-019/snapshots/current/production_adapters.py:16	out-of-scope	ticket_plan.yaml:648-658	none mapped	unrepresented	out_of_scope_lexical_inventory		INFERRED exact-path scope; source not read
1750	"lexical hit not semantically classified: ""raised_cap_exit_code"": under.returncode,"	specs/.history/modular-fuzzing-epic/ticket-012-MF-019/snapshots/current/production_adapters.py:1021	out-of-scope	ticket_plan.yaml:648-658	none mapped	unrepresented	out_of_scope_lexical_inventory		INFERRED exact-path scope; source not read
1751	"lexical hit not semantically classified: ""cap_raise_accept_path_offered"": accept_path,"	specs/.history/modular-fuzzing-epic/ticket-012-MF-019/snapshots/current/production_adapters.py:1029	out-of-scope	ticket_plan.yaml:648-658	none mapped	unrepresented	out_of_scope_lexical_inventory		INFERRED exact-path scope; source not read
1752	lexical hit not semantically classified: `justification_does_not_change_the_verdict`: two fixtures identical except	specs/.history/modular-fuzzing-epic/ticket-012-MF-019/snapshots/current/production_adapters.py:1045	out-of-scope	ticket_plan.yaml:648-658	none mapped	unrepresented	out_of_scope_lexical_inventory		INFERRED exact-path scope; source not read
1753	lexical hit not semantically classified: 3. `waiver_does_not_change_the_verdict` -- two catalogs identical except	specs/.history/modular-fuzzing-epic/ticket-012-MF-019/snapshots/current/production_adapters.py:1143	out-of-scope	ticket_plan.yaml:648-658	none mapped	unrepresented	out_of_scope_lexical_inventory		INFERRED exact-path scope; source not read
1754	"lexical hit not semantically classified: raise AssertionError(""current spec_manifest.yaml has no status.active_ticket"")"	specs/.history/modular-fuzzing-epic/ticket-012-MF-019/snapshots/current/tests/test_current_ticket_workflow.py:11	out-of-scope	ticket_plan.yaml:648-658	none mapped	unrepresented	out_of_scope_lexical_inventory		INFERRED exact-path scope; source not read
1755	"lexical hit not semantically classified: assert result[""raised_cap_exit_code""] == 0, result[""stderr""]"	specs/.history/modular-fuzzing-epic/ticket-012-MF-019/snapshots/current/tests/test_tla_spec_dev_corpus_adapter.py:34	out-of-scope	ticket_plan.yaml:648-658	none mapped	unrepresented	out_of_scope_lexical_inventory		INFERRED exact-path scope; source not read
1756	"lexical hit not semantically classified: assert result[""cap_raise_accept_path_offered""] is True"	specs/.history/modular-fuzzing-epic/ticket-012-MF-019/snapshots/current/tests/test_tla_spec_dev_corpus_adapter.py:61	out-of-scope	ticket_plan.yaml:648-658	none mapped	unrepresented	out_of_scope_lexical_inventory		INFERRED exact-path scope; source not read
1757	lexical hit not semantically classified: directories identical except that one carries a recorded justification produce	specs/.history/modular-fuzzing-epic/ticket-012-MF-019/snapshots/current/tests/test_tla_spec_dev_effect_conformance_adapter.py:10	out-of-scope	ticket_plan.yaml:648-658	none mapped	unrepresented	out_of_scope_lexical_inventory		INFERRED exact-path scope; source not read
1758	"lexical hit not semantically classified: raise RuntimeError(""could not locate tla-spec-dev repository root"")"	specs/.history/modular-fuzzing-epic/ticket-012-MF-019/snapshots/desired_program_model/production_adapters.py:15	out-of-scope	ticket_plan.yaml:648-658	none mapped	unrepresented	out_of_scope_lexical_inventory		INFERRED exact-path scope; source not read
1759	"lexical hit not semantically classified: raise RuntimeError(""could not locate tla-spec-dev repository root"")"	specs/.history/modular-fuzzing-epic/ticket-012-MF-019/snapshots/program_model/production_adapters.py:15	out-of-scope	ticket_plan.yaml:648-658	none mapped	unrepresented	out_of_scope_lexical_inventory		INFERRED exact-path scope; source not read
1760	"lexical hit not semantically classified: raise RuntimeError(""could not locate tla-spec-dev repository root"")"	specs/.history/modular-fuzzing-epic/ticket-012-MF-019/ticket/current/production_adapters.py:16	out-of-scope	ticket_plan.yaml:648-658	none mapped	unrepresented	out_of_scope_lexical_inventory		INFERRED exact-path scope; source not read
1761	"lexical hit not semantically classified: ""raised_cap_exit_code"": under.returncode,"	specs/.history/modular-fuzzing-epic/ticket-012-MF-019/ticket/current/production_adapters.py:1021	out-of-scope	ticket_plan.yaml:648-658	none mapped	unrepresented	out_of_scope_lexical_inventory		INFERRED exact-path scope; source not read
1762	"lexical hit not semantically classified: ""cap_raise_accept_path_offered"": accept_path,"	specs/.history/modular-fuzzing-epic/ticket-012-MF-019/ticket/current/production_adapters.py:1029	out-of-scope	ticket_plan.yaml:648-658	none mapped	unrepresented	out_of_scope_lexical_inventory		INFERRED exact-path scope; source not read
1763	lexical hit not semantically classified: `justification_does_not_change_the_verdict`: two fixtures identical except	specs/.history/modular-fuzzing-epic/ticket-012-MF-019/ticket/current/production_adapters.py:1045	out-of-scope	ticket_plan.yaml:648-658	none mapped	unrepresented	out_of_scope_lexical_inventory		INFERRED exact-path scope; source not read
1764	lexical hit not semantically classified: 3. `waiver_does_not_change_the_verdict` -- two catalogs identical except	specs/.history/modular-fuzzing-epic/ticket-012-MF-019/ticket/current/production_adapters.py:1143	out-of-scope	ticket_plan.yaml:648-658	none mapped	unrepresented	out_of_scope_lexical_inventory		INFERRED exact-path scope; source not read
1765	"lexical hit not semantically classified: assert result[""raised_cap_exit_code""] == 0, result[""stderr""]"	specs/.history/modular-fuzzing-epic/ticket-012-MF-019/ticket/current/tests/test_tla_spec_dev_corpus_adapter.py:34	out-of-scope	ticket_plan.yaml:648-658	none mapped	unrepresented	out_of_scope_lexical_inventory		INFERRED exact-path scope; source not read
1766	"lexical hit not semantically classified: assert result[""cap_raise_accept_path_offered""] is True"	specs/.history/modular-fuzzing-epic/ticket-012-MF-019/ticket/current/tests/test_tla_spec_dev_corpus_adapter.py:61	out-of-scope	ticket_plan.yaml:648-658	none mapped	unrepresented	out_of_scope_lexical_inventory		INFERRED exact-path scope; source not read
1767	lexical hit not semantically classified: directories identical except that one carries a recorded justification produce	specs/.history/modular-fuzzing-epic/ticket-012-MF-019/ticket/current/tests/test_tla_spec_dev_effect_conformance_adapter.py:10	out-of-scope	ticket_plan.yaml:648-658	none mapped	unrepresented	out_of_scope_lexical_inventory		INFERRED exact-path scope; source not read
1768	"lexical hit not semantically classified: raise RuntimeError(""could not locate tla-spec-dev repository root"")"	specs/.history/modular-fuzzing-epic/ticket-012-MF-019/ticket/desired/production_adapters.py:16	out-of-scope	ticket_plan.yaml:648-658	none mapped	unrepresented	out_of_scope_lexical_inventory		INFERRED exact-path scope; source not read
1769	"lexical hit not semantically classified: ""raised_cap_exit_code"": under.returncode,"	specs/.history/modular-fuzzing-epic/ticket-012-MF-019/ticket/desired/production_adapters.py:1021	out-of-scope	ticket_plan.yaml:648-658	none mapped	unrepresented	out_of_scope_lexical_inventory		INFERRED exact-path scope; source not read
1770	"lexical hit not semantically classified: ""cap_raise_accept_path_offered"": accept_path,"	specs/.history/modular-fuzzing-epic/ticket-012-MF-019/ticket/desired/production_adapters.py:1029	out-of-scope	ticket_plan.yaml:648-658	none mapped	unrepresented	out_of_scope_lexical_inventory		INFERRED exact-path scope; source not read
1771	lexical hit not semantically classified: `justification_does_not_change_the_verdict`: two fixtures identical except	specs/.history/modular-fuzzing-epic/ticket-012-MF-019/ticket/desired/production_adapters.py:1045	out-of-scope	ticket_plan.yaml:648-658	none mapped	unrepresented	out_of_scope_lexical_inventory		INFERRED exact-path scope; source not read
1772	lexical hit not semantically classified: 3. `waiver_does_not_change_the_verdict` -- two catalogs identical except	specs/.history/modular-fuzzing-epic/ticket-012-MF-019/ticket/desired/production_adapters.py:1143	out-of-scope	ticket_plan.yaml:648-658	none mapped	unrepresented	out_of_scope_lexical_inventory		INFERRED exact-path scope; source not read
1773	"lexical hit not semantically classified: assert result[""raised_cap_exit_code""] == 0, result[""stderr""]"	specs/.history/modular-fuzzing-epic/ticket-012-MF-019/ticket/desired/tests/test_tla_spec_dev_corpus_adapter.py:34	out-of-scope	ticket_plan.yaml:648-658	none mapped	unrepresented	out_of_scope_lexical_inventory		INFERRED exact-path scope; source not read
1774	"lexical hit not semantically classified: assert result[""cap_raise_accept_path_offered""] is True"	specs/.history/modular-fuzzing-epic/ticket-012-MF-019/ticket/desired/tests/test_tla_spec_dev_corpus_adapter.py:61	out-of-scope	ticket_plan.yaml:648-658	none mapped	unrepresented	out_of_scope_lexical_inventory		INFERRED exact-path scope; source not read
1775	lexical hit not semantically classified: directories identical except that one carries a recorded justification produce	specs/.history/modular-fuzzing-epic/ticket-012-MF-019/ticket/desired/tests/test_tla_spec_dev_effect_conformance_adapter.py:10	out-of-scope	ticket_plan.yaml:648-658	none mapped	unrepresented	out_of_scope_lexical_inventory		INFERRED exact-path scope; source not read
1776	lexical hit not semantically classified: private val registry: ExecutorRegistry,	specs/.history/modular-fuzzing-epic/ticket-013-MF-026/results/testgraph/specWorkflow/cleanup-failure-probe-test-graph/build-logic/src/main/kotlin/com/hayden/testgraphsdk/exec/PlanExecutor.kt:30	out-of-scope	ticket_plan.yaml:648-658	none mapped	unrepresented	out_of_scope_lexical_inventory		INFERRED exact-path scope; source not read
1777	lexical hit not semantically classified: # you may not use this file except in compliance with the License.	specs/.history/modular-fuzzing-epic/ticket-013-MF-026/results/testgraph/specWorkflow/cleanup-failure-probe-test-graph/gradlew:7	out-of-scope	ticket_plan.yaml:648-658	none mapped	unrepresented	out_of_scope_lexical_inventory		INFERRED exact-path scope; source not read
1778	lexical hit not semantically classified: * without wrapping the whole lambda in try/catch. Any exception that	specs/.history/modular-fuzzing-epic/ticket-013-MF-026/results/testgraph/specWorkflow/cleanup-failure-probe-test-graph/sdk/java/src/main/java/com/hayden/testgraphsdk/sdk/NodeBody.java:8	out-of-scope	ticket_plan.yaml:648-658	none mapped	unrepresented	out_of_scope_lexical_inventory		INFERRED exact-path scope; source not read
1779	"lexical hit not semantically classified: * uniform — it never has to decide between ""exception escaped"" and"	specs/.history/modular-fuzzing-epic/ticket-013-MF-026/results/testgraph/specWorkflow/cleanup-failure-probe-test-graph/sdk/java/src/main/java/com/hayden/testgraphsdk/sdk/Procs.java:29	out-of-scope	ticket_plan.yaml:648-658	none mapped	unrepresented	out_of_scope_lexical_inventory		INFERRED exact-path scope; source not read
1780	lexical hit not semantically classified: raise RuntimeError(	specs/.history/modular-fuzzing-epic/ticket-013-MF-026/results/testgraph/specWorkflow/cleanup-failure-probe-test-graph/sdk/python/src/testgraphsdk/context.py:52	out-of-scope	ticket_plan.yaml:648-658	none mapped	unrepresented	out_of_scope_lexical_inventory		INFERRED exact-path scope; source not read
1781	"lexical hit not semantically classified: raise ValueError(f""invalid kind '{k}'; expected one of {sorted(VALID_KINDS)}"")"	specs/.history/modular-fuzzing-epic/ticket-013-MF-026/results/testgraph/specWorkflow/cleanup-failure-probe-test-graph/sdk/python/src/testgraphsdk/node_spec.py:36	out-of-scope	ticket_plan.yaml:648-658	none mapped	unrepresented	out_of_scope_lexical_inventory		INFERRED exact-path scope; source not read
1782	lexical hit not semantically classified: Never raises on spawn failure: if :func:`subprocess.Popen` blows up	specs/.history/modular-fuzzing-epic/ticket-013-MF-026/results/testgraph/specWorkflow/cleanup-failure-probe-test-graph/sdk/python/src/testgraphsdk/procs.py:9	out-of-scope	ticket_plan.yaml:648-658	none mapped	unrepresented	out_of_scope_lexical_inventory		INFERRED exact-path scope; source not read
1783	"lexical hit not semantically classified: between ""exception escaped"" and ""child exited non-zero""."	specs/.history/modular-fuzzing-epic/ticket-013-MF-026/results/testgraph/specWorkflow/cleanup-failure-probe-test-graph/sdk/python/src/testgraphsdk/procs.py:13	out-of-scope	ticket_plan.yaml:648-658	none mapped	unrepresented	out_of_scope_lexical_inventory		INFERRED exact-path scope; source not read
1784	lexical hit not semantically classified: try:	specs/.history/modular-fuzzing-epic/ticket-013-MF-026/results/testgraph/specWorkflow/cleanup-failure-probe-test-graph/sdk/python/src/testgraphsdk/procs.py:55	out-of-scope	ticket_plan.yaml:648-658	none mapped	unrepresented	out_of_scope_lexical_inventory		INFERRED exact-path scope; source not read
1785	lexical hit not semantically classified: except OSError as e:	specs/.history/modular-fuzzing-epic/ticket-013-MF-026/results/testgraph/specWorkflow/cleanup-failure-probe-test-graph/sdk/python/src/testgraphsdk/procs.py:57	out-of-scope	ticket_plan.yaml:648-658	none mapped	unrepresented	out_of_scope_lexical_inventory		INFERRED exact-path scope; source not read
1786	lexical hit not semantically classified: try:	specs/.history/modular-fuzzing-epic/ticket-013-MF-026/results/testgraph/specWorkflow/cleanup-failure-probe-test-graph/sdk/python/src/testgraphsdk/procs.py:66	out-of-scope	ticket_plan.yaml:648-658	none mapped	unrepresented	out_of_scope_lexical_inventory		INFERRED exact-path scope; source not read
1787	lexical hit not semantically classified: try:	specs/.history/modular-fuzzing-epic/ticket-013-MF-026/results/testgraph/specWorkflow/cleanup-failure-probe-test-graph/sdk/python/src/testgraphsdk/procs.py:78	out-of-scope	ticket_plan.yaml:648-658	none mapped	unrepresented	out_of_scope_lexical_inventory		INFERRED exact-path scope; source not read
1788	lexical hit not semantically classified: except KeyboardInterrupt:	specs/.history/modular-fuzzing-epic/ticket-013-MF-026/results/testgraph/specWorkflow/cleanup-failure-probe-test-graph/sdk/python/src/testgraphsdk/procs.py:80	out-of-scope	ticket_plan.yaml:648-658	none mapped	unrepresented	out_of_scope_lexical_inventory		INFERRED exact-path scope; source not read
1789	lexical hit not semantically classified: except (OSError, FileNotFoundError) as e:	specs/.history/modular-fuzzing-epic/ticket-013-MF-026/results/testgraph/specWorkflow/cleanup-failure-probe-test-graph/sdk/python/src/testgraphsdk/procs.py:92	out-of-scope	ticket_plan.yaml:648-658	none mapped	unrepresented	out_of_scope_lexical_inventory		INFERRED exact-path scope; source not read
1790	lexical hit not semantically classified: try:	specs/.history/modular-fuzzing-epic/ticket-013-MF-026/results/testgraph/specWorkflow/cleanup-failure-probe-test-graph/sdk/python/src/testgraphsdk/procs.py:121	out-of-scope	ticket_plan.yaml:648-658	none mapped	unrepresented	out_of_scope_lexical_inventory		INFERRED exact-path scope; source not read
1791	lexical hit not semantically classified: except ValueError:	specs/.history/modular-fuzzing-epic/ticket-013-MF-026/results/testgraph/specWorkflow/cleanup-failure-probe-test-graph/sdk/python/src/testgraphsdk/procs.py:123	out-of-scope	ticket_plan.yaml:648-658	none mapped	unrepresented	out_of_scope_lexical_inventory		INFERRED exact-path scope; source not read
1792	lexical hit not semantically classified: populated ``error`` message — the helper never raises, so the node	specs/.history/modular-fuzzing-epic/ticket-013-MF-026/results/testgraph/specWorkflow/cleanup-failure-probe-test-graph/sdk/python/src/testgraphsdk/result.py:46	out-of-scope	ticket_plan.yaml:648-658	none mapped	unrepresented	out_of_scope_lexical_inventory		INFERRED exact-path scope; source not read
1793	"lexical hit not semantically classified: error_stack="""".join(traceback.format_exception(exc)),"	specs/.history/modular-fuzzing-epic/ticket-013-MF-026/results/testgraph/specWorkflow/cleanup-failure-probe-test-graph/sdk/python/src/testgraphsdk/result.py:121	out-of-scope	ticket_plan.yaml:648-658	none mapped	unrepresented	out_of_scope_lexical_inventory		INFERRED exact-path scope; source not read
1794	lexical hit not semantically classified: raise RuntimeError(	specs/.history/modular-fuzzing-epic/ticket-013-MF-026/results/testgraph/specWorkflow/cleanup-failure-probe-test-graph/sdk/python/src/testgraphsdk/runner.py:43	out-of-scope	ticket_plan.yaml:648-658	none mapped	unrepresented	out_of_scope_lexical_inventory		INFERRED exact-path scope; source not read
1795	lexical hit not semantically classified: try:	specs/.history/modular-fuzzing-epic/ticket-013-MF-026/results/testgraph/specWorkflow/cleanup-failure-probe-test-graph/sdk/python/src/testgraphsdk/runner.py:48	out-of-scope	ticket_plan.yaml:648-658	none mapped	unrepresented	out_of_scope_lexical_inventory		INFERRED exact-path scope; source not read
1796	lexical hit not semantically classified: except BaseException as exc:	specs/.history/modular-fuzzing-epic/ticket-013-MF-026/results/testgraph/specWorkflow/cleanup-failure-probe-test-graph/sdk/python/src/testgraphsdk/runner.py:50	out-of-scope	ticket_plan.yaml:648-658	none mapped	unrepresented	out_of_scope_lexical_inventory		INFERRED exact-path scope; source not read
1797	lexical hit not semantically classified: try:	specs/.history/modular-fuzzing-epic/ticket-013-MF-026/results/testgraph/specWorkflow/cleanup-failure-probe-test-graph/sdk/python/src/testgraphsdk/runner.py:70	out-of-scope	ticket_plan.yaml:648-658	none mapped	unrepresented	out_of_scope_lexical_inventory		INFERRED exact-path scope; source not read
1798	lexical hit not semantically classified: except OSError as exc:	specs/.history/modular-fuzzing-epic/ticket-013-MF-026/results/testgraph/specWorkflow/cleanup-failure-probe-test-graph/sdk/python/src/testgraphsdk/runner.py:74	out-of-scope	ticket_plan.yaml:648-658	none mapped	unrepresented	out_of_scope_lexical_inventory		INFERRED exact-path scope; source not read
1799	"lexical hit not semantically classified: raise RuntimeError(""could not locate tla-spec-dev repository root"")"	specs/.history/modular-fuzzing-epic/ticket-013-MF-026/snapshots/current/production_adapters.py:16	out-of-scope	ticket_plan.yaml:648-658	none mapped	unrepresented	out_of_scope_lexical_inventory		INFERRED exact-path scope; source not read
1800	"lexical hit not semantically classified: ""raised_cap_exit_code"": under.returncode,"	specs/.history/modular-fuzzing-epic/ticket-013-MF-026/snapshots/current/production_adapters.py:1021	out-of-scope	ticket_plan.yaml:648-658	none mapped	unrepresented	out_of_scope_lexical_inventory		INFERRED exact-path scope; source not read
1801	"lexical hit not semantically classified: ""cap_raise_accept_path_offered"": accept_path,"	specs/.history/modular-fuzzing-epic/ticket-013-MF-026/snapshots/current/production_adapters.py:1029	out-of-scope	ticket_plan.yaml:648-658	none mapped	unrepresented	out_of_scope_lexical_inventory		INFERRED exact-path scope; source not read
1802	lexical hit not semantically classified: `justification_does_not_change_the_verdict`: two fixtures identical except	specs/.history/modular-fuzzing-epic/ticket-013-MF-026/snapshots/current/production_adapters.py:1045	out-of-scope	ticket_plan.yaml:648-658	none mapped	unrepresented	out_of_scope_lexical_inventory		INFERRED exact-path scope; source not read
1803	lexical hit not semantically classified: 3. `waiver_does_not_change_the_verdict` -- two catalogs identical except	specs/.history/modular-fuzzing-epic/ticket-013-MF-026/snapshots/current/production_adapters.py:1143	out-of-scope	ticket_plan.yaml:648-658	none mapped	unrepresented	out_of_scope_lexical_inventory		INFERRED exact-path scope; source not read
1804	"lexical hit not semantically classified: raise AssertionError(""current spec_manifest.yaml has no status.active_ticket"")"	specs/.history/modular-fuzzing-epic/ticket-013-MF-026/snapshots/current/tests/test_current_ticket_workflow.py:11	out-of-scope	ticket_plan.yaml:648-658	none mapped	unrepresented	out_of_scope_lexical_inventory		INFERRED exact-path scope; source not read
1805	"lexical hit not semantically classified: assert result[""raised_cap_exit_code""] == 0, result[""stderr""]"	specs/.history/modular-fuzzing-epic/ticket-013-MF-026/snapshots/current/tests/test_tla_spec_dev_corpus_adapter.py:34	out-of-scope	ticket_plan.yaml:648-658	none mapped	unrepresented	out_of_scope_lexical_inventory		INFERRED exact-path scope; source not read
1806	"lexical hit not semantically classified: assert result[""cap_raise_accept_path_offered""] is True"	specs/.history/modular-fuzzing-epic/ticket-013-MF-026/snapshots/current/tests/test_tla_spec_dev_corpus_adapter.py:61	out-of-scope	ticket_plan.yaml:648-658	none mapped	unrepresented	out_of_scope_lexical_inventory		INFERRED exact-path scope; source not read
1807	lexical hit not semantically classified: directories identical except that one carries a recorded justification produce	specs/.history/modular-fuzzing-epic/ticket-013-MF-026/snapshots/current/tests/test_tla_spec_dev_effect_conformance_adapter.py:10	out-of-scope	ticket_plan.yaml:648-658	none mapped	unrepresented	out_of_scope_lexical_inventory		INFERRED exact-path scope; source not read
1808	"lexical hit not semantically classified: raise RuntimeError(""could not locate tla-spec-dev repository root"")"	specs/.history/modular-fuzzing-epic/ticket-013-MF-026/snapshots/desired_program_model/production_adapters.py:15	out-of-scope	ticket_plan.yaml:648-658	none mapped	unrepresented	out_of_scope_lexical_inventory		INFERRED exact-path scope; source not read
1809	"lexical hit not semantically classified: raise RuntimeError(""could not locate tla-spec-dev repository root"")"	specs/.history/modular-fuzzing-epic/ticket-013-MF-026/snapshots/program_model/production_adapters.py:15	out-of-scope	ticket_plan.yaml:648-658	none mapped	unrepresented	out_of_scope_lexical_inventory		INFERRED exact-path scope; source not read
1810	"lexical hit not semantically classified: raise RuntimeError(""could not locate tla-spec-dev repository root"")"	specs/.history/modular-fuzzing-epic/ticket-013-MF-026/ticket/current/production_adapters.py:16	out-of-scope	ticket_plan.yaml:648-658	none mapped	unrepresented	out_of_scope_lexical_inventory		INFERRED exact-path scope; source not read
1811	"lexical hit not semantically classified: ""raised_cap_exit_code"": under.returncode,"	specs/.history/modular-fuzzing-epic/ticket-013-MF-026/ticket/current/production_adapters.py:1021	out-of-scope	ticket_plan.yaml:648-658	none mapped	unrepresented	out_of_scope_lexical_inventory		INFERRED exact-path scope; source not read
1812	"lexical hit not semantically classified: ""cap_raise_accept_path_offered"": accept_path,"	specs/.history/modular-fuzzing-epic/ticket-013-MF-026/ticket/current/production_adapters.py:1029	out-of-scope	ticket_plan.yaml:648-658	none mapped	unrepresented	out_of_scope_lexical_inventory		INFERRED exact-path scope; source not read
1813	lexical hit not semantically classified: `justification_does_not_change_the_verdict`: two fixtures identical except	specs/.history/modular-fuzzing-epic/ticket-013-MF-026/ticket/current/production_adapters.py:1045	out-of-scope	ticket_plan.yaml:648-658	none mapped	unrepresented	out_of_scope_lexical_inventory		INFERRED exact-path scope; source not read
1814	lexical hit not semantically classified: 3. `waiver_does_not_change_the_verdict` -- two catalogs identical except	specs/.history/modular-fuzzing-epic/ticket-013-MF-026/ticket/current/production_adapters.py:1143	out-of-scope	ticket_plan.yaml:648-658	none mapped	unrepresented	out_of_scope_lexical_inventory		INFERRED exact-path scope; source not read
1815	"lexical hit not semantically classified: assert result[""raised_cap_exit_code""] == 0, result[""stderr""]"	specs/.history/modular-fuzzing-epic/ticket-013-MF-026/ticket/current/tests/test_tla_spec_dev_corpus_adapter.py:34	out-of-scope	ticket_plan.yaml:648-658	none mapped	unrepresented	out_of_scope_lexical_inventory		INFERRED exact-path scope; source not read
1816	"lexical hit not semantically classified: assert result[""cap_raise_accept_path_offered""] is True"	specs/.history/modular-fuzzing-epic/ticket-013-MF-026/ticket/current/tests/test_tla_spec_dev_corpus_adapter.py:61	out-of-scope	ticket_plan.yaml:648-658	none mapped	unrepresented	out_of_scope_lexical_inventory		INFERRED exact-path scope; source not read
1817	lexical hit not semantically classified: directories identical except that one carries a recorded justification produce	specs/.history/modular-fuzzing-epic/ticket-013-MF-026/ticket/current/tests/test_tla_spec_dev_effect_conformance_adapter.py:10	out-of-scope	ticket_plan.yaml:648-658	none mapped	unrepresented	out_of_scope_lexical_inventory		INFERRED exact-path scope; source not read
1818	"lexical hit not semantically classified: raise RuntimeError(""could not locate tla-spec-dev repository root"")"	specs/.history/modular-fuzzing-epic/ticket-013-MF-026/ticket/desired/production_adapters.py:16	out-of-scope	ticket_plan.yaml:648-658	none mapped	unrepresented	out_of_scope_lexical_inventory		INFERRED exact-path scope; source not read
1819	"lexical hit not semantically classified: ""raised_cap_exit_code"": under.returncode,"	specs/.history/modular-fuzzing-epic/ticket-013-MF-026/ticket/desired/production_adapters.py:1021	out-of-scope	ticket_plan.yaml:648-658	none mapped	unrepresented	out_of_scope_lexical_inventory		INFERRED exact-path scope; source not read
1820	"lexical hit not semantically classified: ""cap_raise_accept_path_offered"": accept_path,"	specs/.history/modular-fuzzing-epic/ticket-013-MF-026/ticket/desired/production_adapters.py:1029	out-of-scope	ticket_plan.yaml:648-658	none mapped	unrepresented	out_of_scope_lexical_inventory		INFERRED exact-path scope; source not read
1821	lexical hit not semantically classified: `justification_does_not_change_the_verdict`: two fixtures identical except	specs/.history/modular-fuzzing-epic/ticket-013-MF-026/ticket/desired/production_adapters.py:1045	out-of-scope	ticket_plan.yaml:648-658	none mapped	unrepresented	out_of_scope_lexical_inventory		INFERRED exact-path scope; source not read
1822	lexical hit not semantically classified: 3. `waiver_does_not_change_the_verdict` -- two catalogs identical except	specs/.history/modular-fuzzing-epic/ticket-013-MF-026/ticket/desired/production_adapters.py:1143	out-of-scope	ticket_plan.yaml:648-658	none mapped	unrepresented	out_of_scope_lexical_inventory		INFERRED exact-path scope; source not read
1823	"lexical hit not semantically classified: assert result[""raised_cap_exit_code""] == 0, result[""stderr""]"	specs/.history/modular-fuzzing-epic/ticket-013-MF-026/ticket/desired/tests/test_tla_spec_dev_corpus_adapter.py:34	out-of-scope	ticket_plan.yaml:648-658	none mapped	unrepresented	out_of_scope_lexical_inventory		INFERRED exact-path scope; source not read
1824	"lexical hit not semantically classified: assert result[""cap_raise_accept_path_offered""] is True"	specs/.history/modular-fuzzing-epic/ticket-013-MF-026/ticket/desired/tests/test_tla_spec_dev_corpus_adapter.py:61	out-of-scope	ticket_plan.yaml:648-658	none mapped	unrepresented	out_of_scope_lexical_inventory		INFERRED exact-path scope; source not read
1825	lexical hit not semantically classified: directories identical except that one carries a recorded justification produce	specs/.history/modular-fuzzing-epic/ticket-013-MF-026/ticket/desired/tests/test_tla_spec_dev_effect_conformance_adapter.py:10	out-of-scope	ticket_plan.yaml:648-658	none mapped	unrepresented	out_of_scope_lexical_inventory		INFERRED exact-path scope; source not read
1826	lexical hit not semantically classified: private val registry: ExecutorRegistry,	specs/.history/modular-fuzzing-epic/ticket-013-MF-026/ticket/results/testgraph/specWorkflow/cleanup-failure-probe-test-graph/build-logic/src/main/kotlin/com/hayden/testgraphsdk/exec/PlanExecutor.kt:30	out-of-scope	ticket_plan.yaml:648-658	none mapped	unrepresented	out_of_scope_lexical_inventory		INFERRED exact-path scope; source not read
1827	lexical hit not semantically classified: # you may not use this file except in compliance with the License.	specs/.history/modular-fuzzing-epic/ticket-013-MF-026/ticket/results/testgraph/specWorkflow/cleanup-failure-probe-test-graph/gradlew:7	out-of-scope	ticket_plan.yaml:648-658	none mapped	unrepresented	out_of_scope_lexical_inventory		INFERRED exact-path scope; source not read
1828	lexical hit not semantically classified: * without wrapping the whole lambda in try/catch. Any exception that	specs/.history/modular-fuzzing-epic/ticket-013-MF-026/ticket/results/testgraph/specWorkflow/cleanup-failure-probe-test-graph/sdk/java/src/main/java/com/hayden/testgraphsdk/sdk/NodeBody.java:8	out-of-scope	ticket_plan.yaml:648-658	none mapped	unrepresented	out_of_scope_lexical_inventory		INFERRED exact-path scope; source not read
1829	"lexical hit not semantically classified: * uniform — it never has to decide between ""exception escaped"" and"	specs/.history/modular-fuzzing-epic/ticket-013-MF-026/ticket/results/testgraph/specWorkflow/cleanup-failure-probe-test-graph/sdk/java/src/main/java/com/hayden/testgraphsdk/sdk/Procs.java:29	out-of-scope	ticket_plan.yaml:648-658	none mapped	unrepresented	out_of_scope_lexical_inventory		INFERRED exact-path scope; source not read
1830	lexical hit not semantically classified: raise RuntimeError(	specs/.history/modular-fuzzing-epic/ticket-013-MF-026/ticket/results/testgraph/specWorkflow/cleanup-failure-probe-test-graph/sdk/python/src/testgraphsdk/context.py:52	out-of-scope	ticket_plan.yaml:648-658	none mapped	unrepresented	out_of_scope_lexical_inventory		INFERRED exact-path scope; source not read
1831	"lexical hit not semantically classified: raise ValueError(f""invalid kind '{k}'; expected one of {sorted(VALID_KINDS)}"")"	specs/.history/modular-fuzzing-epic/ticket-013-MF-026/ticket/results/testgraph/specWorkflow/cleanup-failure-probe-test-graph/sdk/python/src/testgraphsdk/node_spec.py:36	out-of-scope	ticket_plan.yaml:648-658	none mapped	unrepresented	out_of_scope_lexical_inventory		INFERRED exact-path scope; source not read
1832	lexical hit not semantically classified: Never raises on spawn failure: if :func:`subprocess.Popen` blows up	specs/.history/modular-fuzzing-epic/ticket-013-MF-026/ticket/results/testgraph/specWorkflow/cleanup-failure-probe-test-graph/sdk/python/src/testgraphsdk/procs.py:9	out-of-scope	ticket_plan.yaml:648-658	none mapped	unrepresented	out_of_scope_lexical_inventory		INFERRED exact-path scope; source not read
1833	"lexical hit not semantically classified: between ""exception escaped"" and ""child exited non-zero""."	specs/.history/modular-fuzzing-epic/ticket-013-MF-026/ticket/results/testgraph/specWorkflow/cleanup-failure-probe-test-graph/sdk/python/src/testgraphsdk/procs.py:13	out-of-scope	ticket_plan.yaml:648-658	none mapped	unrepresented	out_of_scope_lexical_inventory		INFERRED exact-path scope; source not read
1834	lexical hit not semantically classified: try:	specs/.history/modular-fuzzing-epic/ticket-013-MF-026/ticket/results/testgraph/specWorkflow/cleanup-failure-probe-test-graph/sdk/python/src/testgraphsdk/procs.py:55	out-of-scope	ticket_plan.yaml:648-658	none mapped	unrepresented	out_of_scope_lexical_inventory		INFERRED exact-path scope; source not read
1835	lexical hit not semantically classified: except OSError as e:	specs/.history/modular-fuzzing-epic/ticket-013-MF-026/ticket/results/testgraph/specWorkflow/cleanup-failure-probe-test-graph/sdk/python/src/testgraphsdk/procs.py:57	out-of-scope	ticket_plan.yaml:648-658	none mapped	unrepresented	out_of_scope_lexical_inventory		INFERRED exact-path scope; source not read
1836	lexical hit not semantically classified: try:	specs/.history/modular-fuzzing-epic/ticket-013-MF-026/ticket/results/testgraph/specWorkflow/cleanup-failure-probe-test-graph/sdk/python/src/testgraphsdk/procs.py:66	out-of-scope	ticket_plan.yaml:648-658	none mapped	unrepresented	out_of_scope_lexical_inventory		INFERRED exact-path scope; source not read
1837	lexical hit not semantically classified: try:	specs/.history/modular-fuzzing-epic/ticket-013-MF-026/ticket/results/testgraph/specWorkflow/cleanup-failure-probe-test-graph/sdk/python/src/testgraphsdk/procs.py:78	out-of-scope	ticket_plan.yaml:648-658	none mapped	unrepresented	out_of_scope_lexical_inventory		INFERRED exact-path scope; source not read
1838	lexical hit not semantically classified: except KeyboardInterrupt:	specs/.history/modular-fuzzing-epic/ticket-013-MF-026/ticket/results/testgraph/specWorkflow/cleanup-failure-probe-test-graph/sdk/python/src/testgraphsdk/procs.py:80	out-of-scope	ticket_plan.yaml:648-658	none mapped	unrepresented	out_of_scope_lexical_inventory		INFERRED exact-path scope; source not read
1839	lexical hit not semantically classified: except (OSError, FileNotFoundError) as e:	specs/.history/modular-fuzzing-epic/ticket-013-MF-026/ticket/results/testgraph/specWorkflow/cleanup-failure-probe-test-graph/sdk/python/src/testgraphsdk/procs.py:92	out-of-scope	ticket_plan.yaml:648-658	none mapped	unrepresented	out_of_scope_lexical_inventory		INFERRED exact-path scope; source not read
1840	lexical hit not semantically classified: try:	specs/.history/modular-fuzzing-epic/ticket-013-MF-026/ticket/results/testgraph/specWorkflow/cleanup-failure-probe-test-graph/sdk/python/src/testgraphsdk/procs.py:121	out-of-scope	ticket_plan.yaml:648-658	none mapped	unrepresented	out_of_scope_lexical_inventory		INFERRED exact-path scope; source not read
1841	lexical hit not semantically classified: except ValueError:	specs/.history/modular-fuzzing-epic/ticket-013-MF-026/ticket/results/testgraph/specWorkflow/cleanup-failure-probe-test-graph/sdk/python/src/testgraphsdk/procs.py:123	out-of-scope	ticket_plan.yaml:648-658	none mapped	unrepresented	out_of_scope_lexical_inventory		INFERRED exact-path scope; source not read
1842	lexical hit not semantically classified: populated ``error`` message — the helper never raises, so the node	specs/.history/modular-fuzzing-epic/ticket-013-MF-026/ticket/results/testgraph/specWorkflow/cleanup-failure-probe-test-graph/sdk/python/src/testgraphsdk/result.py:46	out-of-scope	ticket_plan.yaml:648-658	none mapped	unrepresented	out_of_scope_lexical_inventory		INFERRED exact-path scope; source not read
1843	"lexical hit not semantically classified: error_stack="""".join(traceback.format_exception(exc)),"	specs/.history/modular-fuzzing-epic/ticket-013-MF-026/ticket/results/testgraph/specWorkflow/cleanup-failure-probe-test-graph/sdk/python/src/testgraphsdk/result.py:121	out-of-scope	ticket_plan.yaml:648-658	none mapped	unrepresented	out_of_scope_lexical_inventory		INFERRED exact-path scope; source not read
1844	lexical hit not semantically classified: raise RuntimeError(	specs/.history/modular-fuzzing-epic/ticket-013-MF-026/ticket/results/testgraph/specWorkflow/cleanup-failure-probe-test-graph/sdk/python/src/testgraphsdk/runner.py:43	out-of-scope	ticket_plan.yaml:648-658	none mapped	unrepresented	out_of_scope_lexical_inventory		INFERRED exact-path scope; source not read
1845	lexical hit not semantically classified: try:	specs/.history/modular-fuzzing-epic/ticket-013-MF-026/ticket/results/testgraph/specWorkflow/cleanup-failure-probe-test-graph/sdk/python/src/testgraphsdk/runner.py:48	out-of-scope	ticket_plan.yaml:648-658	none mapped	unrepresented	out_of_scope_lexical_inventory		INFERRED exact-path scope; source not read
1846	lexical hit not semantically classified: except BaseException as exc:	specs/.history/modular-fuzzing-epic/ticket-013-MF-026/ticket/results/testgraph/specWorkflow/cleanup-failure-probe-test-graph/sdk/python/src/testgraphsdk/runner.py:50	out-of-scope	ticket_plan.yaml:648-658	none mapped	unrepresented	out_of_scope_lexical_inventory		INFERRED exact-path scope; source not read
1847	lexical hit not semantically classified: try:	specs/.history/modular-fuzzing-epic/ticket-013-MF-026/ticket/results/testgraph/specWorkflow/cleanup-failure-probe-test-graph/sdk/python/src/testgraphsdk/runner.py:70	out-of-scope	ticket_plan.yaml:648-658	none mapped	unrepresented	out_of_scope_lexical_inventory		INFERRED exact-path scope; source not read
1848	lexical hit not semantically classified: except OSError as exc:	specs/.history/modular-fuzzing-epic/ticket-013-MF-026/ticket/results/testgraph/specWorkflow/cleanup-failure-probe-test-graph/sdk/python/src/testgraphsdk/runner.py:74	out-of-scope	ticket_plan.yaml:648-658	none mapped	unrepresented	out_of_scope_lexical_inventory		INFERRED exact-path scope; source not read
1849	"lexical hit not semantically classified: raise RuntimeError(""could not locate tla-spec-dev repository root"")"	specs/.history/modular-fuzzing-epic/ticket-014-MF-028/snapshots/current/production_adapters.py:16	out-of-scope	ticket_plan.yaml:648-658	none mapped	unrepresented	out_of_scope_lexical_inventory		INFERRED exact-path scope; source not read
1850	lexical hit not semantically classified: This is the honest failure mode for case execution and it is raised, never	specs/.history/modular-fuzzing-epic/ticket-014-MF-028/snapshots/current/production_adapters.py:72	out-of-scope	ticket_plan.yaml:648-658	none mapped	unrepresented	out_of_scope_lexical_inventory		INFERRED exact-path scope; source not read
1851	"lexical hit not semantically classified: raise BeforeStateUnreachable(f""setup_phase {phase} is outside the modelled pipeline"")"	specs/.history/modular-fuzzing-epic/ticket-014-MF-028/snapshots/current/production_adapters.py:97	out-of-scope	ticket_plan.yaml:648-658	none mapped	unrepresented	out_of_scope_lexical_inventory		INFERRED exact-path scope; source not read
1852	"lexical hit not semantically classified: raise BeforeStateUnreachable(f""no replay defined for {step}"")"	specs/.history/modular-fuzzing-epic/ticket-014-MF-028/snapshots/current/production_adapters.py:130	out-of-scope	ticket_plan.yaml:648-658	none mapped	unrepresented	out_of_scope_lexical_inventory		INFERRED exact-path scope; source not read
1853	lexical hit not semantically classified: raise BeforeStateUnreachable(	specs/.history/modular-fuzzing-epic/ticket-014-MF-028/snapshots/current/production_adapters.py:139	out-of-scope	ticket_plan.yaml:648-658	none mapped	unrepresented	out_of_scope_lexical_inventory		INFERRED exact-path scope; source not read
1854	lexical hit not semantically classified: raise BeforeStateUnreachable(	specs/.history/modular-fuzzing-epic/ticket-014-MF-028/snapshots/current/production_adapters.py:149	out-of-scope	ticket_plan.yaml:648-658	none mapped	unrepresented	out_of_scope_lexical_inventory		INFERRED exact-path scope; source not read
1855	"lexical hit not semantically classified: raise BeforeStateUnreachable(f""cannot record budgets before scaffold project: {manifest} missing"")"	specs/.history/modular-fuzzing-epic/ticket-014-MF-028/snapshots/current/production_adapters.py:160	out-of-scope	ticket_plan.yaml:648-658	none mapped	unrepresented	out_of_scope_lexical_inventory		INFERRED exact-path scope; source not read
1856	lexical hit not semantically classified: the comparison and raises here, and reports the unchecked field by name	specs/.history/modular-fuzzing-epic/ticket-014-MF-028/snapshots/current/production_adapters.py:278	out-of-scope	ticket_plan.yaml:648-658	none mapped	unrepresented	out_of_scope_lexical_inventory		INFERRED exact-path scope; source not read
1857	"lexical hit not semantically classified: raise AssertionError(f""{getattr(case, 'name')}: projected after-state disagrees with the model -- {detail}"")"	specs/.history/modular-fuzzing-epic/ticket-014-MF-028/snapshots/current/production_adapters.py:287	out-of-scope	ticket_plan.yaml:648-658	none mapped	unrepresented	out_of_scope_lexical_inventory		INFERRED exact-path scope; source not read
1858	lexical hit not semantically classified: raise NotImplementedError(	specs/.history/modular-fuzzing-epic/ticket-014-MF-028/snapshots/current/production_adapters.py:308	out-of-scope	ticket_plan.yaml:648-658	none mapped	unrepresented	out_of_scope_lexical_inventory		INFERRED exact-path scope; source not read
1859	"lexical hit not semantically classified: raise AssertionError(f""{getattr(case, 'name')}: stutter changed state"")"	specs/.history/modular-fuzzing-epic/ticket-014-MF-028/snapshots/current/production_adapters.py:341	out-of-scope	ticket_plan.yaml:648-658	none mapped	unrepresented	out_of_scope_lexical_inventory		INFERRED exact-path scope; source not read
1860	"lexical hit not semantically classified: ""raised_cap_exit_code"": under.returncode,"	specs/.history/modular-fuzzing-epic/ticket-014-MF-028/snapshots/current/production_adapters.py:1465	out-of-scope	ticket_plan.yaml:648-658	none mapped	unrepresented	out_of_scope_lexical_inventory		INFERRED exact-path scope; source not read
1861	"lexical hit not semantically classified: ""cap_raise_accept_path_offered"": accept_path,"	specs/.history/modular-fuzzing-epic/ticket-014-MF-028/snapshots/current/production_adapters.py:1473	out-of-scope	ticket_plan.yaml:648-658	none mapped	unrepresented	out_of_scope_lexical_inventory		INFERRED exact-path scope; source not read
1862	lexical hit not semantically classified: `justification_does_not_change_the_verdict`: two fixtures identical except	specs/.history/modular-fuzzing-epic/ticket-014-MF-028/snapshots/current/production_adapters.py:1489	out-of-scope	ticket_plan.yaml:648-658	none mapped	unrepresented	out_of_scope_lexical_inventory		INFERRED exact-path scope; source not read
1863	lexical hit not semantically classified: 3. `waiver_does_not_change_the_verdict` -- two catalogs identical except	specs/.history/modular-fuzzing-epic/ticket-014-MF-028/snapshots/current/production_adapters.py:1587	out-of-scope	ticket_plan.yaml:648-658	none mapped	unrepresented	out_of_scope_lexical_inventory		INFERRED exact-path scope; source not read
1864	"lexical hit not semantically classified: raise AssertionError(""current spec_manifest.yaml has no status.active_ticket"")"	specs/.history/modular-fuzzing-epic/ticket-014-MF-028/snapshots/current/tests/test_current_ticket_workflow.py:11	out-of-scope	ticket_plan.yaml:648-658	none mapped	unrepresented	out_of_scope_lexical_inventory		INFERRED exact-path scope; source not read
1865	"lexical hit not semantically classified: assert result[""raised_cap_exit_code""] == 0, result[""stderr""]"	specs/.history/modular-fuzzing-epic/ticket-014-MF-028/snapshots/current/tests/test_tla_spec_dev_corpus_adapter.py:34	out-of-scope	ticket_plan.yaml:648-658	none mapped	unrepresented	out_of_scope_lexical_inventory		INFERRED exact-path scope; source not read
1866	"lexical hit not semantically classified: assert result[""cap_raise_accept_path_offered""] is True"	specs/.history/modular-fuzzing-epic/ticket-014-MF-028/snapshots/current/tests/test_tla_spec_dev_corpus_adapter.py:61	out-of-scope	ticket_plan.yaml:648-658	none mapped	unrepresented	out_of_scope_lexical_inventory		INFERRED exact-path scope; source not read
1867	lexical hit not semantically classified: directories identical except that one carries a recorded justification produce	specs/.history/modular-fuzzing-epic/ticket-014-MF-028/snapshots/current/tests/test_tla_spec_dev_effect_conformance_adapter.py:10	out-of-scope	ticket_plan.yaml:648-658	none mapped	unrepresented	out_of_scope_lexical_inventory		INFERRED exact-path scope; source not read
1868	"lexical hit not semantically classified: raise RuntimeError(""could not locate tla-spec-dev repository root"")"	specs/.history/modular-fuzzing-epic/ticket-014-MF-028/snapshots/desired_program_model/production_adapters.py:15	out-of-scope	ticket_plan.yaml:648-658	none mapped	unrepresented	out_of_scope_lexical_inventory		INFERRED exact-path scope; source not read
1869	"lexical hit not semantically classified: raise RuntimeError(""could not locate tla-spec-dev repository root"")"	specs/.history/modular-fuzzing-epic/ticket-014-MF-028/snapshots/program_model/production_adapters.py:15	out-of-scope	ticket_plan.yaml:648-658	none mapped	unrepresented	out_of_scope_lexical_inventory		INFERRED exact-path scope; source not read
1870	"lexical hit not semantically classified: raise RuntimeError(""could not locate tla-spec-dev repository root"")"	specs/.history/modular-fuzzing-epic/ticket-014-MF-028/ticket/current/production_adapters.py:16	out-of-scope	ticket_plan.yaml:648-658	none mapped	unrepresented	out_of_scope_lexical_inventory		INFERRED exact-path scope; source not read
1871	lexical hit not semantically classified: This is the honest failure mode for case execution and it is raised, never	specs/.history/modular-fuzzing-epic/ticket-014-MF-028/ticket/current/production_adapters.py:72	out-of-scope	ticket_plan.yaml:648-658	none mapped	unrepresented	out_of_scope_lexical_inventory		INFERRED exact-path scope; source not read
1872	"lexical hit not semantically classified: raise BeforeStateUnreachable(f""setup_phase {phase} is outside the modelled pipeline"")"	specs/.history/modular-fuzzing-epic/ticket-014-MF-028/ticket/current/production_adapters.py:97	out-of-scope	ticket_plan.yaml:648-658	none mapped	unrepresented	out_of_scope_lexical_inventory		INFERRED exact-path scope; source not read
1873	"lexical hit not semantically classified: raise BeforeStateUnreachable(f""no replay defined for {step}"")"	specs/.history/modular-fuzzing-epic/ticket-014-MF-028/ticket/current/production_adapters.py:130	out-of-scope	ticket_plan.yaml:648-658	none mapped	unrepresented	out_of_scope_lexical_inventory		INFERRED exact-path scope; source not read
1874	lexical hit not semantically classified: raise BeforeStateUnreachable(	specs/.history/modular-fuzzing-epic/ticket-014-MF-028/ticket/current/production_adapters.py:139	out-of-scope	ticket_plan.yaml:648-658	none mapped	unrepresented	out_of_scope_lexical_inventory		INFERRED exact-path scope; source not read
1875	lexical hit not semantically classified: raise BeforeStateUnreachable(	specs/.history/modular-fuzzing-epic/ticket-014-MF-028/ticket/current/production_adapters.py:149	out-of-scope	ticket_plan.yaml:648-658	none mapped	unrepresented	out_of_scope_lexical_inventory		INFERRED exact-path scope; source not read
1876	"lexical hit not semantically classified: raise BeforeStateUnreachable(f""cannot record budgets before scaffold project: {manifest} missing"")"	specs/.history/modular-fuzzing-epic/ticket-014-MF-028/ticket/current/production_adapters.py:160	out-of-scope	ticket_plan.yaml:648-658	none mapped	unrepresented	out_of_scope_lexical_inventory		INFERRED exact-path scope; source not read
1877	lexical hit not semantically classified: the comparison and raises here, and reports the unchecked field by name	specs/.history/modular-fuzzing-epic/ticket-014-MF-028/ticket/current/production_adapters.py:278	out-of-scope	ticket_plan.yaml:648-658	none mapped	unrepresented	out_of_scope_lexical_inventory		INFERRED exact-path scope; source not read
1878	"lexical hit not semantically classified: raise AssertionError(f""{getattr(case, 'name')}: projected after-state disagrees with the model -- {detail}"")"	specs/.history/modular-fuzzing-epic/ticket-014-MF-028/ticket/current/production_adapters.py:287	out-of-scope	ticket_plan.yaml:648-658	none mapped	unrepresented	out_of_scope_lexical_inventory		INFERRED exact-path scope; source not read
1879	lexical hit not semantically classified: raise NotImplementedError(	specs/.history/modular-fuzzing-epic/ticket-014-MF-028/ticket/current/production_adapters.py:308	out-of-scope	ticket_plan.yaml:648-658	none mapped	unrepresented	out_of_scope_lexical_inventory		INFERRED exact-path scope; source not read
1880	"lexical hit not semantically classified: raise AssertionError(f""{getattr(case, 'name')}: stutter changed state"")"	specs/.history/modular-fuzzing-epic/ticket-014-MF-028/ticket/current/production_adapters.py:341	out-of-scope	ticket_plan.yaml:648-658	none mapped	unrepresented	out_of_scope_lexical_inventory		INFERRED exact-path scope; source not read
1881	"lexical hit not semantically classified: ""raised_cap_exit_code"": under.returncode,"	specs/.history/modular-fuzzing-epic/ticket-014-MF-028/ticket/current/production_adapters.py:1465	out-of-scope	ticket_plan.yaml:648-658	none mapped	unrepresented	out_of_scope_lexical_inventory		INFERRED exact-path scope; source not read
1882	"lexical hit not semantically classified: ""cap_raise_accept_path_offered"": accept_path,"	specs/.history/modular-fuzzing-epic/ticket-014-MF-028/ticket/current/production_adapters.py:1473	out-of-scope	ticket_plan.yaml:648-658	none mapped	unrepresented	out_of_scope_lexical_inventory		INFERRED exact-path scope; source not read
1883	lexical hit not semantically classified: `justification_does_not_change_the_verdict`: two fixtures identical except	specs/.history/modular-fuzzing-epic/ticket-014-MF-028/ticket/current/production_adapters.py:1489	out-of-scope	ticket_plan.yaml:648-658	none mapped	unrepresented	out_of_scope_lexical_inventory		INFERRED exact-path scope; source not read
1884	lexical hit not semantically classified: 3. `waiver_does_not_change_the_verdict` -- two catalogs identical except	specs/.history/modular-fuzzing-epic/ticket-014-MF-028/ticket/current/production_adapters.py:1587	out-of-scope	ticket_plan.yaml:648-658	none mapped	unrepresented	out_of_scope_lexical_inventory		INFERRED exact-path scope; source not read
1885	"lexical hit not semantically classified: assert result[""raised_cap_exit_code""] == 0, result[""stderr""]"	specs/.history/modular-fuzzing-epic/ticket-014-MF-028/ticket/current/tests/test_tla_spec_dev_corpus_adapter.py:34	out-of-scope	ticket_plan.yaml:648-658	none mapped	unrepresented	out_of_scope_lexical_inventory		INFERRED exact-path scope; source not read
1886	"lexical hit not semantically classified: assert result[""cap_raise_accept_path_offered""] is True"	specs/.history/modular-fuzzing-epic/ticket-014-MF-028/ticket/current/tests/test_tla_spec_dev_corpus_adapter.py:61	out-of-scope	ticket_plan.yaml:648-658	none mapped	unrepresented	out_of_scope_lexical_inventory		INFERRED exact-path scope; source not read
1887	lexical hit not semantically classified: directories identical except that one carries a recorded justification produce	specs/.history/modular-fuzzing-epic/ticket-014-MF-028/ticket/current/tests/test_tla_spec_dev_effect_conformance_adapter.py:10	out-of-scope	ticket_plan.yaml:648-658	none mapped	unrepresented	out_of_scope_lexical_inventory		INFERRED exact-path scope; source not read
1888	"lexical hit not semantically classified: raise RuntimeError(""could not locate tla-spec-dev repository root"")"	specs/.history/modular-fuzzing-epic/ticket-014-MF-028/ticket/desired/production_adapters.py:16	out-of-scope	ticket_plan.yaml:648-658	none mapped	unrepresented	out_of_scope_lexical_inventory		INFERRED exact-path scope; source not read
1889	lexical hit not semantically classified: This is the honest failure mode for case execution and it is raised, never	specs/.history/modular-fuzzing-epic/ticket-014-MF-028/ticket/desired/production_adapters.py:72	out-of-scope	ticket_plan.yaml:648-658	none mapped	unrepresented	out_of_scope_lexical_inventory		INFERRED exact-path scope; source not read
1890	"lexical hit not semantically classified: raise BeforeStateUnreachable(f""setup_phase {phase} is outside the modelled pipeline"")"	specs/.history/modular-fuzzing-epic/ticket-014-MF-028/ticket/desired/production_adapters.py:97	out-of-scope	ticket_plan.yaml:648-658	none mapped	unrepresented	out_of_scope_lexical_inventory		INFERRED exact-path scope; source not read
1891	"lexical hit not semantically classified: raise BeforeStateUnreachable(f""no replay defined for {step}"")"	specs/.history/modular-fuzzing-epic/ticket-014-MF-028/ticket/desired/production_adapters.py:130	out-of-scope	ticket_plan.yaml:648-658	none mapped	unrepresented	out_of_scope_lexical_inventory		INFERRED exact-path scope; source not read
1892	lexical hit not semantically classified: raise BeforeStateUnreachable(	specs/.history/modular-fuzzing-epic/ticket-014-MF-028/ticket/desired/production_adapters.py:139	out-of-scope	ticket_plan.yaml:648-658	none mapped	unrepresented	out_of_scope_lexical_inventory		INFERRED exact-path scope; source not read
1893	lexical hit not semantically classified: raise BeforeStateUnreachable(	specs/.history/modular-fuzzing-epic/ticket-014-MF-028/ticket/desired/production_adapters.py:149	out-of-scope	ticket_plan.yaml:648-658	none mapped	unrepresented	out_of_scope_lexical_inventory		INFERRED exact-path scope; source not read
1894	"lexical hit not semantically classified: raise BeforeStateUnreachable(f""cannot record budgets before scaffold project: {manifest} missing"")"	specs/.history/modular-fuzzing-epic/ticket-014-MF-028/ticket/desired/production_adapters.py:160	out-of-scope	ticket_plan.yaml:648-658	none mapped	unrepresented	out_of_scope_lexical_inventory		INFERRED exact-path scope; source not read
1895	lexical hit not semantically classified: the comparison and raises here, and reports the unchecked field by name	specs/.history/modular-fuzzing-epic/ticket-014-MF-028/ticket/desired/production_adapters.py:278	out-of-scope	ticket_plan.yaml:648-658	none mapped	unrepresented	out_of_scope_lexical_inventory		INFERRED exact-path scope; source not read
1896	"lexical hit not semantically classified: raise AssertionError(f""{getattr(case, 'name')}: projected after-state disagrees with the model -- {detail}"")"	specs/.history/modular-fuzzing-epic/ticket-014-MF-028/ticket/desired/production_adapters.py:287	out-of-scope	ticket_plan.yaml:648-658	none mapped	unrepresented	out_of_scope_lexical_inventory		INFERRED exact-path scope; source not read
1897	lexical hit not semantically classified: raise NotImplementedError(	specs/.history/modular-fuzzing-epic/ticket-014-MF-028/ticket/desired/production_adapters.py:308	out-of-scope	ticket_plan.yaml:648-658	none mapped	unrepresented	out_of_scope_lexical_inventory		INFERRED exact-path scope; source not read
1898	"lexical hit not semantically classified: raise AssertionError(f""{getattr(case, 'name')}: stutter changed state"")"	specs/.history/modular-fuzzing-epic/ticket-014-MF-028/ticket/desired/production_adapters.py:341	out-of-scope	ticket_plan.yaml:648-658	none mapped	unrepresented	out_of_scope_lexical_inventory		INFERRED exact-path scope; source not read
1899	"lexical hit not semantically classified: ""raised_cap_exit_code"": under.returncode,"	specs/.history/modular-fuzzing-epic/ticket-014-MF-028/ticket/desired/production_adapters.py:1465	out-of-scope	ticket_plan.yaml:648-658	none mapped	unrepresented	out_of_scope_lexical_inventory		INFERRED exact-path scope; source not read
1900	"lexical hit not semantically classified: ""cap_raise_accept_path_offered"": accept_path,"	specs/.history/modular-fuzzing-epic/ticket-014-MF-028/ticket/desired/production_adapters.py:1473	out-of-scope	ticket_plan.yaml:648-658	none mapped	unrepresented	out_of_scope_lexical_inventory		INFERRED exact-path scope; source not read
1901	lexical hit not semantically classified: `justification_does_not_change_the_verdict`: two fixtures identical except	specs/.history/modular-fuzzing-epic/ticket-014-MF-028/ticket/desired/production_adapters.py:1489	out-of-scope	ticket_plan.yaml:648-658	none mapped	unrepresented	out_of_scope_lexical_inventory		INFERRED exact-path scope; source not read
1902	lexical hit not semantically classified: 3. `waiver_does_not_change_the_verdict` -- two catalogs identical except	specs/.history/modular-fuzzing-epic/ticket-014-MF-028/ticket/desired/production_adapters.py:1587	out-of-scope	ticket_plan.yaml:648-658	none mapped	unrepresented	out_of_scope_lexical_inventory		INFERRED exact-path scope; source not read
1903	"lexical hit not semantically classified: assert result[""raised_cap_exit_code""] == 0, result[""stderr""]"	specs/.history/modular-fuzzing-epic/ticket-014-MF-028/ticket/desired/tests/test_tla_spec_dev_corpus_adapter.py:34	out-of-scope	ticket_plan.yaml:648-658	none mapped	unrepresented	out_of_scope_lexical_inventory		INFERRED exact-path scope; source not read
1904	"lexical hit not semantically classified: assert result[""cap_raise_accept_path_offered""] is True"	specs/.history/modular-fuzzing-epic/ticket-014-MF-028/ticket/desired/tests/test_tla_spec_dev_corpus_adapter.py:61	out-of-scope	ticket_plan.yaml:648-658	none mapped	unrepresented	out_of_scope_lexical_inventory		INFERRED exact-path scope; source not read
1905	lexical hit not semantically classified: directories identical except that one carries a recorded justification produce	specs/.history/modular-fuzzing-epic/ticket-014-MF-028/ticket/desired/tests/test_tla_spec_dev_effect_conformance_adapter.py:10	out-of-scope	ticket_plan.yaml:648-658	none mapped	unrepresented	out_of_scope_lexical_inventory		INFERRED exact-path scope; source not read
1906	lexical hit not semantically classified: try:	specs/.history/modular-fuzzing-epic/ticket-014-MF-028/ticket/results/capture_projection.py:54	out-of-scope	ticket_plan.yaml:648-658	none mapped	unrepresented	out_of_scope_lexical_inventory		INFERRED exact-path scope; source not read
1907	lexical hit not semantically classified: except AssertionError as exc:	specs/.history/modular-fuzzing-epic/ticket-014-MF-028/ticket/results/capture_projection.py:56	out-of-scope	ticket_plan.yaml:648-658	none mapped	unrepresented	out_of_scope_lexical_inventory		INFERRED exact-path scope; source not read
1908	"lexical hit not semantically classified: raise RuntimeError(""could not locate tla-spec-dev repository root"")"	specs/.history/modular-fuzzing-epic/ticket-015-MF-029/snapshots/current/production_adapters.py:16	out-of-scope	ticket_plan.yaml:648-658	none mapped	unrepresented	out_of_scope_lexical_inventory		INFERRED exact-path scope; source not read
1909	lexical hit not semantically classified: This is the honest failure mode for case execution and it is raised, never	specs/.history/modular-fuzzing-epic/ticket-015-MF-029/snapshots/current/production_adapters.py:72	out-of-scope	ticket_plan.yaml:648-658	none mapped	unrepresented	out_of_scope_lexical_inventory		INFERRED exact-path scope; source not read
1910	"lexical hit not semantically classified: raise BeforeStateUnreachable(f""setup_phase {phase} is outside the modelled pipeline"")"	specs/.history/modular-fuzzing-epic/ticket-015-MF-029/snapshots/current/production_adapters.py:97	out-of-scope	ticket_plan.yaml:648-658	none mapped	unrepresented	out_of_scope_lexical_inventory		INFERRED exact-path scope; source not read
1911	"lexical hit not semantically classified: raise BeforeStateUnreachable(f""no replay defined for {step}"")"	specs/.history/modular-fuzzing-epic/ticket-015-MF-029/snapshots/current/production_adapters.py:130	out-of-scope	ticket_plan.yaml:648-658	none mapped	unrepresented	out_of_scope_lexical_inventory		INFERRED exact-path scope; source not read
1912	lexical hit not semantically classified: raise BeforeStateUnreachable(	specs/.history/modular-fuzzing-epic/ticket-015-MF-029/snapshots/current/production_adapters.py:139	out-of-scope	ticket_plan.yaml:648-658	none mapped	unrepresented	out_of_scope_lexical_inventory		INFERRED exact-path scope; source not read
1913	lexical hit not semantically classified: raise BeforeStateUnreachable(	specs/.history/modular-fuzzing-epic/ticket-015-MF-029/snapshots/current/production_adapters.py:149	out-of-scope	ticket_plan.yaml:648-658	none mapped	unrepresented	out_of_scope_lexical_inventory		INFERRED exact-path scope; source not read
1914	"lexical hit not semantically classified: raise BeforeStateUnreachable(f""cannot record budgets before scaffold project: {manifest} missing"")"	specs/.history/modular-fuzzing-epic/ticket-015-MF-029/snapshots/current/production_adapters.py:160	out-of-scope	ticket_plan.yaml:648-658	none mapped	unrepresented	out_of_scope_lexical_inventory		INFERRED exact-path scope; source not read
1915	lexical hit not semantically classified: the comparison and raises here, and reports the unchecked field by name	specs/.history/modular-fuzzing-epic/ticket-015-MF-029/snapshots/current/production_adapters.py:278	out-of-scope	ticket_plan.yaml:648-658	none mapped	unrepresented	out_of_scope_lexical_inventory		INFERRED exact-path scope; source not read
1916	"lexical hit not semantically classified: raise AssertionError(f""{getattr(case, 'name')}: projected after-state disagrees with the model -- {detail}"")"	specs/.history/modular-fuzzing-epic/ticket-015-MF-029/snapshots/current/production_adapters.py:287	out-of-scope	ticket_plan.yaml:648-658	none mapped	unrepresented	out_of_scope_lexical_inventory		INFERRED exact-path scope; source not read
1917	lexical hit not semantically classified: raise NotImplementedError(	specs/.history/modular-fuzzing-epic/ticket-015-MF-029/snapshots/current/production_adapters.py:308	out-of-scope	ticket_plan.yaml:648-658	none mapped	unrepresented	out_of_scope_lexical_inventory		INFERRED exact-path scope; source not read
1918	"lexical hit not semantically classified: raise AssertionError(f""{getattr(case, 'name')}: stutter changed state"")"	specs/.history/modular-fuzzing-epic/ticket-015-MF-029/snapshots/current/production_adapters.py:341	out-of-scope	ticket_plan.yaml:648-658	none mapped	unrepresented	out_of_scope_lexical_inventory		INFERRED exact-path scope; source not read
1919	"lexical hit not semantically classified: ""raised_cap_exit_code"": under.returncode,"	specs/.history/modular-fuzzing-epic/ticket-015-MF-029/snapshots/current/production_adapters.py:1465	out-of-scope	ticket_plan.yaml:648-658	none mapped	unrepresented	out_of_scope_lexical_inventory		INFERRED exact-path scope; source not read
1920	"lexical hit not semantically classified: ""cap_raise_accept_path_offered"": accept_path,"	specs/.history/modular-fuzzing-epic/ticket-015-MF-029/snapshots/current/production_adapters.py:1473	out-of-scope	ticket_plan.yaml:648-658	none mapped	unrepresented	out_of_scope_lexical_inventory		INFERRED exact-path scope; source not read
1921	lexical hit not semantically classified: `justification_does_not_change_the_verdict`: two fixtures identical except	specs/.history/modular-fuzzing-epic/ticket-015-MF-029/snapshots/current/production_adapters.py:1489	out-of-scope	ticket_plan.yaml:648-658	none mapped	unrepresented	out_of_scope_lexical_inventory		INFERRED exact-path scope; source not read
1922	lexical hit not semantically classified: 3. `waiver_does_not_change_the_verdict` -- two catalogs identical except	specs/.history/modular-fuzzing-epic/ticket-015-MF-029/snapshots/current/production_adapters.py:1587	out-of-scope	ticket_plan.yaml:648-658	none mapped	unrepresented	out_of_scope_lexical_inventory		INFERRED exact-path scope; source not read
1923	"lexical hit not semantically classified: raise AssertionError(""current spec_manifest.yaml has no status.active_ticket"")"	specs/.history/modular-fuzzing-epic/ticket-015-MF-029/snapshots/current/tests/test_current_ticket_workflow.py:11	out-of-scope	ticket_plan.yaml:648-658	none mapped	unrepresented	out_of_scope_lexical_inventory		INFERRED exact-path scope; source not read
1924	"lexical hit not semantically classified: assert result[""raised_cap_exit_code""] == 0, result[""stderr""]"	specs/.history/modular-fuzzing-epic/ticket-015-MF-029/snapshots/current/tests/test_tla_spec_dev_corpus_adapter.py:34	out-of-scope	ticket_plan.yaml:648-658	none mapped	unrepresented	out_of_scope_lexical_inventory		INFERRED exact-path scope; source not read
1925	"lexical hit not semantically classified: assert result[""cap_raise_accept_path_offered""] is True"	specs/.history/modular-fuzzing-epic/ticket-015-MF-029/snapshots/current/tests/test_tla_spec_dev_corpus_adapter.py:61	out-of-scope	ticket_plan.yaml:648-658	none mapped	unrepresented	out_of_scope_lexical_inventory		INFERRED exact-path scope; source not read
1926	lexical hit not semantically classified: directories identical except that one carries a recorded justification produce	specs/.history/modular-fuzzing-epic/ticket-015-MF-029/snapshots/current/tests/test_tla_spec_dev_effect_conformance_adapter.py:10	out-of-scope	ticket_plan.yaml:648-658	none mapped	unrepresented	out_of_scope_lexical_inventory		INFERRED exact-path scope; source not read
1927	"lexical hit not semantically classified: raise RuntimeError(""could not locate tla-spec-dev repository root"")"	specs/.history/modular-fuzzing-epic/ticket-015-MF-029/snapshots/desired_program_model/production_adapters.py:15	out-of-scope	ticket_plan.yaml:648-658	none mapped	unrepresented	out_of_scope_lexical_inventory		INFERRED exact-path scope; source not read
1928	"lexical hit not semantically classified: raise RuntimeError(""could not locate tla-spec-dev repository root"")"	specs/.history/modular-fuzzing-epic/ticket-015-MF-029/snapshots/program_model/production_adapters.py:15	out-of-scope	ticket_plan.yaml:648-658	none mapped	unrepresented	out_of_scope_lexical_inventory		INFERRED exact-path scope; source not read
1929	"lexical hit not semantically classified: raise RuntimeError(""could not locate tla-spec-dev repository root"")"	specs/.history/modular-fuzzing-epic/ticket-015-MF-029/ticket/current/production_adapters.py:16	out-of-scope	ticket_plan.yaml:648-658	none mapped	unrepresented	out_of_scope_lexical_inventory		INFERRED exact-path scope; source not read
1930	lexical hit not semantically classified: This is the honest failure mode for case execution and it is raised, never	specs/.history/modular-fuzzing-epic/ticket-015-MF-029/ticket/current/production_adapters.py:72	out-of-scope	ticket_plan.yaml:648-658	none mapped	unrepresented	out_of_scope_lexical_inventory		INFERRED exact-path scope; source not read
1931	"lexical hit not semantically classified: raise BeforeStateUnreachable(f""setup_phase {phase} is outside the modelled pipeline"")"	specs/.history/modular-fuzzing-epic/ticket-015-MF-029/ticket/current/production_adapters.py:97	out-of-scope	ticket_plan.yaml:648-658	none mapped	unrepresented	out_of_scope_lexical_inventory		INFERRED exact-path scope; source not read
1932	"lexical hit not semantically classified: raise BeforeStateUnreachable(f""no replay defined for {step}"")"	specs/.history/modular-fuzzing-epic/ticket-015-MF-029/ticket/current/production_adapters.py:130	out-of-scope	ticket_plan.yaml:648-658	none mapped	unrepresented	out_of_scope_lexical_inventory		INFERRED exact-path scope; source not read
1933	lexical hit not semantically classified: raise BeforeStateUnreachable(	specs/.history/modular-fuzzing-epic/ticket-015-MF-029/ticket/current/production_adapters.py:139	out-of-scope	ticket_plan.yaml:648-658	none mapped	unrepresented	out_of_scope_lexical_inventory		INFERRED exact-path scope; source not read
1934	lexical hit not semantically classified: raise BeforeStateUnreachable(	specs/.history/modular-fuzzing-epic/ticket-015-MF-029/ticket/current/production_adapters.py:149	out-of-scope	ticket_plan.yaml:648-658	none mapped	unrepresented	out_of_scope_lexical_inventory		INFERRED exact-path scope; source not read
1935	"lexical hit not semantically classified: raise BeforeStateUnreachable(f""cannot record budgets before scaffold project: {manifest} missing"")"	specs/.history/modular-fuzzing-epic/ticket-015-MF-029/ticket/current/production_adapters.py:160	out-of-scope	ticket_plan.yaml:648-658	none mapped	unrepresented	out_of_scope_lexical_inventory		INFERRED exact-path scope; source not read
1936	lexical hit not semantically classified: the comparison and raises here, and reports the unchecked field by name	specs/.history/modular-fuzzing-epic/ticket-015-MF-029/ticket/current/production_adapters.py:278	out-of-scope	ticket_plan.yaml:648-658	none mapped	unrepresented	out_of_scope_lexical_inventory		INFERRED exact-path scope; source not read
1937	"lexical hit not semantically classified: raise AssertionError(f""{getattr(case, 'name')}: projected after-state disagrees with the model -- {detail}"")"	specs/.history/modular-fuzzing-epic/ticket-015-MF-029/ticket/current/production_adapters.py:287	out-of-scope	ticket_plan.yaml:648-658	none mapped	unrepresented	out_of_scope_lexical_inventory		INFERRED exact-path scope; source not read
1938	lexical hit not semantically classified: raise NotImplementedError(	specs/.history/modular-fuzzing-epic/ticket-015-MF-029/ticket/current/production_adapters.py:308	out-of-scope	ticket_plan.yaml:648-658	none mapped	unrepresented	out_of_scope_lexical_inventory		INFERRED exact-path scope; source not read
1939	"lexical hit not semantically classified: raise AssertionError(f""{getattr(case, 'name')}: stutter changed state"")"	specs/.history/modular-fuzzing-epic/ticket-015-MF-029/ticket/current/production_adapters.py:341	out-of-scope	ticket_plan.yaml:648-658	none mapped	unrepresented	out_of_scope_lexical_inventory		INFERRED exact-path scope; source not read
1940	"lexical hit not semantically classified: ""raised_cap_exit_code"": under.returncode,"	specs/.history/modular-fuzzing-epic/ticket-015-MF-029/ticket/current/production_adapters.py:1465	out-of-scope	ticket_plan.yaml:648-658	none mapped	unrepresented	out_of_scope_lexical_inventory		INFERRED exact-path scope; source not read
1941	"lexical hit not semantically classified: ""cap_raise_accept_path_offered"": accept_path,"	specs/.history/modular-fuzzing-epic/ticket-015-MF-029/ticket/current/production_adapters.py:1473	out-of-scope	ticket_plan.yaml:648-658	none mapped	unrepresented	out_of_scope_lexical_inventory		INFERRED exact-path scope; source not read
1942	lexical hit not semantically classified: `justification_does_not_change_the_verdict`: two fixtures identical except	specs/.history/modular-fuzzing-epic/ticket-015-MF-029/ticket/current/production_adapters.py:1489	out-of-scope	ticket_plan.yaml:648-658	none mapped	unrepresented	out_of_scope_lexical_inventory		INFERRED exact-path scope; source not read
1943	lexical hit not semantically classified: 3. `waiver_does_not_change_the_verdict` -- two catalogs identical except	specs/.history/modular-fuzzing-epic/ticket-015-MF-029/ticket/current/production_adapters.py:1587	out-of-scope	ticket_plan.yaml:648-658	none mapped	unrepresented	out_of_scope_lexical_inventory		INFERRED exact-path scope; source not read
1944	"lexical hit not semantically classified: assert result[""raised_cap_exit_code""] == 0, result[""stderr""]"	specs/.history/modular-fuzzing-epic/ticket-015-MF-029/ticket/current/tests/test_tla_spec_dev_corpus_adapter.py:34	out-of-scope	ticket_plan.yaml:648-658	none mapped	unrepresented	out_of_scope_lexical_inventory		INFERRED exact-path scope; source not read
1945	"lexical hit not semantically classified: assert result[""cap_raise_accept_path_offered""] is True"	specs/.history/modular-fuzzing-epic/ticket-015-MF-029/ticket/current/tests/test_tla_spec_dev_corpus_adapter.py:61	out-of-scope	ticket_plan.yaml:648-658	none mapped	unrepresented	out_of_scope_lexical_inventory		INFERRED exact-path scope; source not read
1946	lexical hit not semantically classified: directories identical except that one carries a recorded justification produce	specs/.history/modular-fuzzing-epic/ticket-015-MF-029/ticket/current/tests/test_tla_spec_dev_effect_conformance_adapter.py:10	out-of-scope	ticket_plan.yaml:648-658	none mapped	unrepresented	out_of_scope_lexical_inventory		INFERRED exact-path scope; source not read
1947	"lexical hit not semantically classified: raise RuntimeError(""could not locate tla-spec-dev repository root"")"	specs/.history/modular-fuzzing-epic/ticket-015-MF-029/ticket/desired/production_adapters.py:16	out-of-scope	ticket_plan.yaml:648-658	none mapped	unrepresented	out_of_scope_lexical_inventory		INFERRED exact-path scope; source not read
1948	lexical hit not semantically classified: This is the honest failure mode for case execution and it is raised, never	specs/.history/modular-fuzzing-epic/ticket-015-MF-029/ticket/desired/production_adapters.py:72	out-of-scope	ticket_plan.yaml:648-658	none mapped	unrepresented	out_of_scope_lexical_inventory		INFERRED exact-path scope; source not read
1949	"lexical hit not semantically classified: raise BeforeStateUnreachable(f""setup_phase {phase} is outside the modelled pipeline"")"	specs/.history/modular-fuzzing-epic/ticket-015-MF-029/ticket/desired/production_adapters.py:97	out-of-scope	ticket_plan.yaml:648-658	none mapped	unrepresented	out_of_scope_lexical_inventory		INFERRED exact-path scope; source not read
1950	"lexical hit not semantically classified: raise BeforeStateUnreachable(f""no replay defined for {step}"")"	specs/.history/modular-fuzzing-epic/ticket-015-MF-029/ticket/desired/production_adapters.py:130	out-of-scope	ticket_plan.yaml:648-658	none mapped	unrepresented	out_of_scope_lexical_inventory		INFERRED exact-path scope; source not read
1951	lexical hit not semantically classified: raise BeforeStateUnreachable(	specs/.history/modular-fuzzing-epic/ticket-015-MF-029/ticket/desired/production_adapters.py:139	out-of-scope	ticket_plan.yaml:648-658	none mapped	unrepresented	out_of_scope_lexical_inventory		INFERRED exact-path scope; source not read
1952	lexical hit not semantically classified: raise BeforeStateUnreachable(	specs/.history/modular-fuzzing-epic/ticket-015-MF-029/ticket/desired/production_adapters.py:149	out-of-scope	ticket_plan.yaml:648-658	none mapped	unrepresented	out_of_scope_lexical_inventory		INFERRED exact-path scope; source not read
1953	"lexical hit not semantically classified: raise BeforeStateUnreachable(f""cannot record budgets before scaffold project: {manifest} missing"")"	specs/.history/modular-fuzzing-epic/ticket-015-MF-029/ticket/desired/production_adapters.py:160	out-of-scope	ticket_plan.yaml:648-658	none mapped	unrepresented	out_of_scope_lexical_inventory		INFERRED exact-path scope; source not read
1954	lexical hit not semantically classified: the comparison and raises here, and reports the unchecked field by name	specs/.history/modular-fuzzing-epic/ticket-015-MF-029/ticket/desired/production_adapters.py:278	out-of-scope	ticket_plan.yaml:648-658	none mapped	unrepresented	out_of_scope_lexical_inventory		INFERRED exact-path scope; source not read
1955	"lexical hit not semantically classified: raise AssertionError(f""{getattr(case, 'name')}: projected after-state disagrees with the model -- {detail}"")"	specs/.history/modular-fuzzing-epic/ticket-015-MF-029/ticket/desired/production_adapters.py:287	out-of-scope	ticket_plan.yaml:648-658	none mapped	unrepresented	out_of_scope_lexical_inventory		INFERRED exact-path scope; source not read
1956	lexical hit not semantically classified: raise NotImplementedError(	specs/.history/modular-fuzzing-epic/ticket-015-MF-029/ticket/desired/production_adapters.py:308	out-of-scope	ticket_plan.yaml:648-658	none mapped	unrepresented	out_of_scope_lexical_inventory		INFERRED exact-path scope; source not read
1957	"lexical hit not semantically classified: raise AssertionError(f""{getattr(case, 'name')}: stutter changed state"")"	specs/.history/modular-fuzzing-epic/ticket-015-MF-029/ticket/desired/production_adapters.py:341	out-of-scope	ticket_plan.yaml:648-658	none mapped	unrepresented	out_of_scope_lexical_inventory		INFERRED exact-path scope; source not read
1958	"lexical hit not semantically classified: ""raised_cap_exit_code"": under.returncode,"	specs/.history/modular-fuzzing-epic/ticket-015-MF-029/ticket/desired/production_adapters.py:1465	out-of-scope	ticket_plan.yaml:648-658	none mapped	unrepresented	out_of_scope_lexical_inventory		INFERRED exact-path scope; source not read
1959	"lexical hit not semantically classified: ""cap_raise_accept_path_offered"": accept_path,"	specs/.history/modular-fuzzing-epic/ticket-015-MF-029/ticket/desired/production_adapters.py:1473	out-of-scope	ticket_plan.yaml:648-658	none mapped	unrepresented	out_of_scope_lexical_inventory		INFERRED exact-path scope; source not read
1960	lexical hit not semantically classified: `justification_does_not_change_the_verdict`: two fixtures identical except	specs/.history/modular-fuzzing-epic/ticket-015-MF-029/ticket/desired/production_adapters.py:1489	out-of-scope	ticket_plan.yaml:648-658	none mapped	unrepresented	out_of_scope_lexical_inventory		INFERRED exact-path scope; source not read
1961	lexical hit not semantically classified: 3. `waiver_does_not_change_the_verdict` -- two catalogs identical except	specs/.history/modular-fuzzing-epic/ticket-015-MF-029/ticket/desired/production_adapters.py:1587	out-of-scope	ticket_plan.yaml:648-658	none mapped	unrepresented	out_of_scope_lexical_inventory		INFERRED exact-path scope; source not read
1962	"lexical hit not semantically classified: assert result[""raised_cap_exit_code""] == 0, result[""stderr""]"	specs/.history/modular-fuzzing-epic/ticket-015-MF-029/ticket/desired/tests/test_tla_spec_dev_corpus_adapter.py:34	out-of-scope	ticket_plan.yaml:648-658	none mapped	unrepresented	out_of_scope_lexical_inventory		INFERRED exact-path scope; source not read
1963	"lexical hit not semantically classified: assert result[""cap_raise_accept_path_offered""] is True"	specs/.history/modular-fuzzing-epic/ticket-015-MF-029/ticket/desired/tests/test_tla_spec_dev_corpus_adapter.py:61	out-of-scope	ticket_plan.yaml:648-658	none mapped	unrepresented	out_of_scope_lexical_inventory		INFERRED exact-path scope; source not read
1964	lexical hit not semantically classified: directories identical except that one carries a recorded justification produce	specs/.history/modular-fuzzing-epic/ticket-015-MF-029/ticket/desired/tests/test_tla_spec_dev_effect_conformance_adapter.py:10	out-of-scope	ticket_plan.yaml:648-658	none mapped	unrepresented	out_of_scope_lexical_inventory		INFERRED exact-path scope; source not read
1965	"lexical hit not semantically classified: raise RuntimeError(""could not locate tla-spec-dev repository root"")"	specs/.history/modular-fuzzing-epic/ticket-016-MF-030/snapshots/current/production_adapters.py:16	out-of-scope	ticket_plan.yaml:648-658	none mapped	unrepresented	out_of_scope_lexical_inventory		INFERRED exact-path scope; source not read
1966	lexical hit not semantically classified: This is the honest failure mode for case execution and it is raised, never	specs/.history/modular-fuzzing-epic/ticket-016-MF-030/snapshots/current/production_adapters.py:72	out-of-scope	ticket_plan.yaml:648-658	none mapped	unrepresented	out_of_scope_lexical_inventory		INFERRED exact-path scope; source not read
1967	"lexical hit not semantically classified: raise BeforeStateUnreachable(f""setup_phase {phase} is outside the modelled pipeline"")"	specs/.history/modular-fuzzing-epic/ticket-016-MF-030/snapshots/current/production_adapters.py:97	out-of-scope	ticket_plan.yaml:648-658	none mapped	unrepresented	out_of_scope_lexical_inventory		INFERRED exact-path scope; source not read
1968	"lexical hit not semantically classified: raise BeforeStateUnreachable(f""no replay defined for {step}"")"	specs/.history/modular-fuzzing-epic/ticket-016-MF-030/snapshots/current/production_adapters.py:130	out-of-scope	ticket_plan.yaml:648-658	none mapped	unrepresented	out_of_scope_lexical_inventory		INFERRED exact-path scope; source not read
1969	lexical hit not semantically classified: raise BeforeStateUnreachable(	specs/.history/modular-fuzzing-epic/ticket-016-MF-030/snapshots/current/production_adapters.py:139	out-of-scope	ticket_plan.yaml:648-658	none mapped	unrepresented	out_of_scope_lexical_inventory		INFERRED exact-path scope; source not read
1970	lexical hit not semantically classified: raise BeforeStateUnreachable(	specs/.history/modular-fuzzing-epic/ticket-016-MF-030/snapshots/current/production_adapters.py:149	out-of-scope	ticket_plan.yaml:648-658	none mapped	unrepresented	out_of_scope_lexical_inventory		INFERRED exact-path scope; source not read
1971	"lexical hit not semantically classified: raise BeforeStateUnreachable(f""cannot record budgets before scaffold project: {manifest} missing"")"	specs/.history/modular-fuzzing-epic/ticket-016-MF-030/snapshots/current/production_adapters.py:160	out-of-scope	ticket_plan.yaml:648-658	none mapped	unrepresented	out_of_scope_lexical_inventory		INFERRED exact-path scope; source not read
1972	lexical hit not semantically classified: the comparison and raises here, and reports the unchecked field by name	specs/.history/modular-fuzzing-epic/ticket-016-MF-030/snapshots/current/production_adapters.py:278	out-of-scope	ticket_plan.yaml:648-658	none mapped	unrepresented	out_of_scope_lexical_inventory		INFERRED exact-path scope; source not read
1973	"lexical hit not semantically classified: raise AssertionError(f""{getattr(case, 'name')}: projected after-state disagrees with the model -- {detail}"")"	specs/.history/modular-fuzzing-epic/ticket-016-MF-030/snapshots/current/production_adapters.py:287	out-of-scope	ticket_plan.yaml:648-658	none mapped	unrepresented	out_of_scope_lexical_inventory		INFERRED exact-path scope; source not read
1974	lexical hit not semantically classified: raise NotImplementedError(	specs/.history/modular-fuzzing-epic/ticket-016-MF-030/snapshots/current/production_adapters.py:308	out-of-scope	ticket_plan.yaml:648-658	none mapped	unrepresented	out_of_scope_lexical_inventory		INFERRED exact-path scope; source not read
1975	"lexical hit not semantically classified: raise AssertionError(f""{getattr(case, 'name')}: stutter changed state"")"	specs/.history/modular-fuzzing-epic/ticket-016-MF-030/snapshots/current/production_adapters.py:341	out-of-scope	ticket_plan.yaml:648-658	none mapped	unrepresented	out_of_scope_lexical_inventory		INFERRED exact-path scope; source not read
1976	"lexical hit not semantically classified: ""raised_cap_exit_code"": under.returncode,"	specs/.history/modular-fuzzing-epic/ticket-016-MF-030/snapshots/current/production_adapters.py:1465	out-of-scope	ticket_plan.yaml:648-658	none mapped	unrepresented	out_of_scope_lexical_inventory		INFERRED exact-path scope; source not read
1977	"lexical hit not semantically classified: ""cap_raise_accept_path_offered"": accept_path,"	specs/.history/modular-fuzzing-epic/ticket-016-MF-030/snapshots/current/production_adapters.py:1473	out-of-scope	ticket_plan.yaml:648-658	none mapped	unrepresented	out_of_scope_lexical_inventory		INFERRED exact-path scope; source not read
1978	lexical hit not semantically classified: `justification_does_not_change_the_verdict`: two fixtures identical except	specs/.history/modular-fuzzing-epic/ticket-016-MF-030/snapshots/current/production_adapters.py:1489	out-of-scope	ticket_plan.yaml:648-658	none mapped	unrepresented	out_of_scope_lexical_inventory		INFERRED exact-path scope; source not read
1979	lexical hit not semantically classified: 3. `waiver_does_not_change_the_verdict` -- two catalogs identical except	specs/.history/modular-fuzzing-epic/ticket-016-MF-030/snapshots/current/production_adapters.py:1587	out-of-scope	ticket_plan.yaml:648-658	none mapped	unrepresented	out_of_scope_lexical_inventory		INFERRED exact-path scope; source not read
1980	"lexical hit not semantically classified: raise AssertionError(""current spec_manifest.yaml has no status.active_ticket"")"	specs/.history/modular-fuzzing-epic/ticket-016-MF-030/snapshots/current/tests/test_current_ticket_workflow.py:11	out-of-scope	ticket_plan.yaml:648-658	none mapped	unrepresented	out_of_scope_lexical_inventory		INFERRED exact-path scope; source not read
1981	"lexical hit not semantically classified: assert result[""raised_cap_exit_code""] == 0, result[""stderr""]"	specs/.history/modular-fuzzing-epic/ticket-016-MF-030/snapshots/current/tests/test_tla_spec_dev_corpus_adapter.py:34	out-of-scope	ticket_plan.yaml:648-658	none mapped	unrepresented	out_of_scope_lexical_inventory		INFERRED exact-path scope; source not read
1982	"lexical hit not semantically classified: assert result[""cap_raise_accept_path_offered""] is True"	specs/.history/modular-fuzzing-epic/ticket-016-MF-030/snapshots/current/tests/test_tla_spec_dev_corpus_adapter.py:61	out-of-scope	ticket_plan.yaml:648-658	none mapped	unrepresented	out_of_scope_lexical_inventory		INFERRED exact-path scope; source not read
1983	lexical hit not semantically classified: directories identical except that one carries a recorded justification produce	specs/.history/modular-fuzzing-epic/ticket-016-MF-030/snapshots/current/tests/test_tla_spec_dev_effect_conformance_adapter.py:10	out-of-scope	ticket_plan.yaml:648-658	none mapped	unrepresented	out_of_scope_lexical_inventory		INFERRED exact-path scope; source not read
1984	"lexical hit not semantically classified: raise RuntimeError(""could not locate tla-spec-dev repository root"")"	specs/.history/modular-fuzzing-epic/ticket-016-MF-030/snapshots/desired_program_model/production_adapters.py:15	out-of-scope	ticket_plan.yaml:648-658	none mapped	unrepresented	out_of_scope_lexical_inventory		INFERRED exact-path scope; source not read
1985	"lexical hit not semantically classified: raise RuntimeError(""could not locate tla-spec-dev repository root"")"	specs/.history/modular-fuzzing-epic/ticket-016-MF-030/snapshots/program_model/production_adapters.py:15	out-of-scope	ticket_plan.yaml:648-658	none mapped	unrepresented	out_of_scope_lexical_inventory		INFERRED exact-path scope; source not read
1986	"lexical hit not semantically classified: raise RuntimeError(""could not locate tla-spec-dev repository root"")"	specs/.history/modular-fuzzing-epic/ticket-016-MF-030/ticket/current/production_adapters.py:16	out-of-scope	ticket_plan.yaml:648-658	none mapped	unrepresented	out_of_scope_lexical_inventory		INFERRED exact-path scope; source not read
1987	lexical hit not semantically classified: This is the honest failure mode for case execution and it is raised, never	specs/.history/modular-fuzzing-epic/ticket-016-MF-030/ticket/current/production_adapters.py:72	out-of-scope	ticket_plan.yaml:648-658	none mapped	unrepresented	out_of_scope_lexical_inventory		INFERRED exact-path scope; source not read
1988	"lexical hit not semantically classified: raise BeforeStateUnreachable(f""setup_phase {phase} is outside the modelled pipeline"")"	specs/.history/modular-fuzzing-epic/ticket-016-MF-030/ticket/current/production_adapters.py:97	out-of-scope	ticket_plan.yaml:648-658	none mapped	unrepresented	out_of_scope_lexical_inventory		INFERRED exact-path scope; source not read
1989	"lexical hit not semantically classified: raise BeforeStateUnreachable(f""no replay defined for {step}"")"	specs/.history/modular-fuzzing-epic/ticket-016-MF-030/ticket/current/production_adapters.py:130	out-of-scope	ticket_plan.yaml:648-658	none mapped	unrepresented	out_of_scope_lexical_inventory		INFERRED exact-path scope; source not read
1990	lexical hit not semantically classified: raise BeforeStateUnreachable(	specs/.history/modular-fuzzing-epic/ticket-016-MF-030/ticket/current/production_adapters.py:139	out-of-scope	ticket_plan.yaml:648-658	none mapped	unrepresented	out_of_scope_lexical_inventory		INFERRED exact-path scope; source not read
1991	lexical hit not semantically classified: raise BeforeStateUnreachable(	specs/.history/modular-fuzzing-epic/ticket-016-MF-030/ticket/current/production_adapters.py:149	out-of-scope	ticket_plan.yaml:648-658	none mapped	unrepresented	out_of_scope_lexical_inventory		INFERRED exact-path scope; source not read
1992	"lexical hit not semantically classified: raise BeforeStateUnreachable(f""cannot record budgets before scaffold project: {manifest} missing"")"	specs/.history/modular-fuzzing-epic/ticket-016-MF-030/ticket/current/production_adapters.py:160	out-of-scope	ticket_plan.yaml:648-658	none mapped	unrepresented	out_of_scope_lexical_inventory		INFERRED exact-path scope; source not read
1993	lexical hit not semantically classified: the comparison and raises here, and reports the unchecked field by name	specs/.history/modular-fuzzing-epic/ticket-016-MF-030/ticket/current/production_adapters.py:278	out-of-scope	ticket_plan.yaml:648-658	none mapped	unrepresented	out_of_scope_lexical_inventory		INFERRED exact-path scope; source not read
1994	"lexical hit not semantically classified: raise AssertionError(f""{getattr(case, 'name')}: projected after-state disagrees with the model -- {detail}"")"	specs/.history/modular-fuzzing-epic/ticket-016-MF-030/ticket/current/production_adapters.py:287	out-of-scope	ticket_plan.yaml:648-658	none mapped	unrepresented	out_of_scope_lexical_inventory		INFERRED exact-path scope; source not read
1995	lexical hit not semantically classified: raise NotImplementedError(	specs/.history/modular-fuzzing-epic/ticket-016-MF-030/ticket/current/production_adapters.py:308	out-of-scope	ticket_plan.yaml:648-658	none mapped	unrepresented	out_of_scope_lexical_inventory		INFERRED exact-path scope; source not read
1996	"lexical hit not semantically classified: raise AssertionError(f""{getattr(case, 'name')}: stutter changed state"")"	specs/.history/modular-fuzzing-epic/ticket-016-MF-030/ticket/current/production_adapters.py:341	out-of-scope	ticket_plan.yaml:648-658	none mapped	unrepresented	out_of_scope_lexical_inventory		INFERRED exact-path scope; source not read
1997	"lexical hit not semantically classified: ""raised_cap_exit_code"": under.returncode,"	specs/.history/modular-fuzzing-epic/ticket-016-MF-030/ticket/current/production_adapters.py:1465	out-of-scope	ticket_plan.yaml:648-658	none mapped	unrepresented	out_of_scope_lexical_inventory		INFERRED exact-path scope; source not read
1998	"lexical hit not semantically classified: ""cap_raise_accept_path_offered"": accept_path,"	specs/.history/modular-fuzzing-epic/ticket-016-MF-030/ticket/current/production_adapters.py:1473	out-of-scope	ticket_plan.yaml:648-658	none mapped	unrepresented	out_of_scope_lexical_inventory		INFERRED exact-path scope; source not read
1999	lexical hit not semantically classified: `justification_does_not_change_the_verdict`: two fixtures identical except	specs/.history/modular-fuzzing-epic/ticket-016-MF-030/ticket/current/production_adapters.py:1489	out-of-scope	ticket_plan.yaml:648-658	none mapped	unrepresented	out_of_scope_lexical_inventory		INFERRED exact-path scope; source not read
2000	lexical hit not semantically classified: 3. `waiver_does_not_change_the_verdict` -- two catalogs identical except	specs/.history/modular-fuzzing-epic/ticket-016-MF-030/ticket/current/production_adapters.py:1587	out-of-scope	ticket_plan.yaml:648-658	none mapped	unrepresented	out_of_scope_lexical_inventory		INFERRED exact-path scope; source not read
2001	"lexical hit not semantically classified: assert result[""raised_cap_exit_code""] == 0, result[""stderr""]"	specs/.history/modular-fuzzing-epic/ticket-016-MF-030/ticket/current/tests/test_tla_spec_dev_corpus_adapter.py:34	out-of-scope	ticket_plan.yaml:648-658	none mapped	unrepresented	out_of_scope_lexical_inventory		INFERRED exact-path scope; source not read
2002	"lexical hit not semantically classified: assert result[""cap_raise_accept_path_offered""] is True"	specs/.history/modular-fuzzing-epic/ticket-016-MF-030/ticket/current/tests/test_tla_spec_dev_corpus_adapter.py:61	out-of-scope	ticket_plan.yaml:648-658	none mapped	unrepresented	out_of_scope_lexical_inventory		INFERRED exact-path scope; source not read
2003	lexical hit not semantically classified: directories identical except that one carries a recorded justification produce	specs/.history/modular-fuzzing-epic/ticket-016-MF-030/ticket/current/tests/test_tla_spec_dev_effect_conformance_adapter.py:10	out-of-scope	ticket_plan.yaml:648-658	none mapped	unrepresented	out_of_scope_lexical_inventory		INFERRED exact-path scope; source not read
2004	"lexical hit not semantically classified: raise RuntimeError(""could not locate tla-spec-dev repository root"")"	specs/.history/modular-fuzzing-epic/ticket-016-MF-030/ticket/desired/production_adapters.py:16	out-of-scope	ticket_plan.yaml:648-658	none mapped	unrepresented	out_of_scope_lexical_inventory		INFERRED exact-path scope; source not read
2005	lexical hit not semantically classified: This is the honest failure mode for case execution and it is raised, never	specs/.history/modular-fuzzing-epic/ticket-016-MF-030/ticket/desired/production_adapters.py:72	out-of-scope	ticket_plan.yaml:648-658	none mapped	unrepresented	out_of_scope_lexical_inventory		INFERRED exact-path scope; source not read
2006	"lexical hit not semantically classified: raise BeforeStateUnreachable(f""setup_phase {phase} is outside the modelled pipeline"")"	specs/.history/modular-fuzzing-epic/ticket-016-MF-030/ticket/desired/production_adapters.py:97	out-of-scope	ticket_plan.yaml:648-658	none mapped	unrepresented	out_of_scope_lexical_inventory		INFERRED exact-path scope; source not read
2007	"lexical hit not semantically classified: raise BeforeStateUnreachable(f""no replay defined for {step}"")"	specs/.history/modular-fuzzing-epic/ticket-016-MF-030/ticket/desired/production_adapters.py:130	out-of-scope	ticket_plan.yaml:648-658	none mapped	unrepresented	out_of_scope_lexical_inventory		INFERRED exact-path scope; source not read
2008	lexical hit not semantically classified: raise BeforeStateUnreachable(	specs/.history/modular-fuzzing-epic/ticket-016-MF-030/ticket/desired/production_adapters.py:139	out-of-scope	ticket_plan.yaml:648-658	none mapped	unrepresented	out_of_scope_lexical_inventory		INFERRED exact-path scope; source not read
2009	lexical hit not semantically classified: raise BeforeStateUnreachable(	specs/.history/modular-fuzzing-epic/ticket-016-MF-030/ticket/desired/production_adapters.py:149	out-of-scope	ticket_plan.yaml:648-658	none mapped	unrepresented	out_of_scope_lexical_inventory		INFERRED exact-path scope; source not read
2010	"lexical hit not semantically classified: raise BeforeStateUnreachable(f""cannot record budgets before scaffold project: {manifest} missing"")"	specs/.history/modular-fuzzing-epic/ticket-016-MF-030/ticket/desired/production_adapters.py:160	out-of-scope	ticket_plan.yaml:648-658	none mapped	unrepresented	out_of_scope_lexical_inventory		INFERRED exact-path scope; source not read
2011	lexical hit not semantically classified: the comparison and raises here, and reports the unchecked field by name	specs/.history/modular-fuzzing-epic/ticket-016-MF-030/ticket/desired/production_adapters.py:278	out-of-scope	ticket_plan.yaml:648-658	none mapped	unrepresented	out_of_scope_lexical_inventory		INFERRED exact-path scope; source not read
2012	"lexical hit not semantically classified: raise AssertionError(f""{getattr(case, 'name')}: projected after-state disagrees with the model -- {detail}"")"	specs/.history/modular-fuzzing-epic/ticket-016-MF-030/ticket/desired/production_adapters.py:287	out-of-scope	ticket_plan.yaml:648-658	none mapped	unrepresented	out_of_scope_lexical_inventory		INFERRED exact-path scope; source not read
2013	lexical hit not semantically classified: raise NotImplementedError(	specs/.history/modular-fuzzing-epic/ticket-016-MF-030/ticket/desired/production_adapters.py:308	out-of-scope	ticket_plan.yaml:648-658	none mapped	unrepresented	out_of_scope_lexical_inventory		INFERRED exact-path scope; source not read
2014	"lexical hit not semantically classified: raise AssertionError(f""{getattr(case, 'name')}: stutter changed state"")"	specs/.history/modular-fuzzing-epic/ticket-016-MF-030/ticket/desired/production_adapters.py:341	out-of-scope	ticket_plan.yaml:648-658	none mapped	unrepresented	out_of_scope_lexical_inventory		INFERRED exact-path scope; source not read
2015	"lexical hit not semantically classified: ""raised_cap_exit_code"": under.returncode,"	specs/.history/modular-fuzzing-epic/ticket-016-MF-030/ticket/desired/production_adapters.py:1465	out-of-scope	ticket_plan.yaml:648-658	none mapped	unrepresented	out_of_scope_lexical_inventory		INFERRED exact-path scope; source not read
2016	"lexical hit not semantically classified: ""cap_raise_accept_path_offered"": accept_path,"	specs/.history/modular-fuzzing-epic/ticket-016-MF-030/ticket/desired/production_adapters.py:1473	out-of-scope	ticket_plan.yaml:648-658	none mapped	unrepresented	out_of_scope_lexical_inventory		INFERRED exact-path scope; source not read
2017	lexical hit not semantically classified: `justification_does_not_change_the_verdict`: two fixtures identical except	specs/.history/modular-fuzzing-epic/ticket-016-MF-030/ticket/desired/production_adapters.py:1489	out-of-scope	ticket_plan.yaml:648-658	none mapped	unrepresented	out_of_scope_lexical_inventory		INFERRED exact-path scope; source not read
2018	lexical hit not semantically classified: 3. `waiver_does_not_change_the_verdict` -- two catalogs identical except	specs/.history/modular-fuzzing-epic/ticket-016-MF-030/ticket/desired/production_adapters.py:1587	out-of-scope	ticket_plan.yaml:648-658	none mapped	unrepresented	out_of_scope_lexical_inventory		INFERRED exact-path scope; source not read
2019	"lexical hit not semantically classified: assert result[""raised_cap_exit_code""] == 0, result[""stderr""]"	specs/.history/modular-fuzzing-epic/ticket-016-MF-030/ticket/desired/tests/test_tla_spec_dev_corpus_adapter.py:34	out-of-scope	ticket_plan.yaml:648-658	none mapped	unrepresented	out_of_scope_lexical_inventory		INFERRED exact-path scope; source not read
2020	"lexical hit not semantically classified: assert result[""cap_raise_accept_path_offered""] is True"	specs/.history/modular-fuzzing-epic/ticket-016-MF-030/ticket/desired/tests/test_tla_spec_dev_corpus_adapter.py:61	out-of-scope	ticket_plan.yaml:648-658	none mapped	unrepresented	out_of_scope_lexical_inventory		INFERRED exact-path scope; source not read
2021	lexical hit not semantically classified: directories identical except that one carries a recorded justification produce	specs/.history/modular-fuzzing-epic/ticket-016-MF-030/ticket/desired/tests/test_tla_spec_dev_effect_conformance_adapter.py:10	out-of-scope	ticket_plan.yaml:648-658	none mapped	unrepresented	out_of_scope_lexical_inventory		INFERRED exact-path scope; source not read
2022	"lexical hit not semantically classified: raise RuntimeError(""could not locate tla-spec-dev repository root"")"	specs/.history/modular-fuzzing-epic/ticket-017-MF-031/snapshots/current/production_adapters.py:16	out-of-scope	ticket_plan.yaml:648-658	none mapped	unrepresented	out_of_scope_lexical_inventory		INFERRED exact-path scope; source not read
2023	lexical hit not semantically classified: This is the honest failure mode for case execution and it is raised, never	specs/.history/modular-fuzzing-epic/ticket-017-MF-031/snapshots/current/production_adapters.py:95	out-of-scope	ticket_plan.yaml:648-658	none mapped	unrepresented	out_of_scope_lexical_inventory		INFERRED exact-path scope; source not read
2024	"lexical hit not semantically classified: raise BeforeStateUnreachable(f""setup_phase {phase} is outside the modelled pipeline"")"	specs/.history/modular-fuzzing-epic/ticket-017-MF-031/snapshots/current/production_adapters.py:120	out-of-scope	ticket_plan.yaml:648-658	none mapped	unrepresented	out_of_scope_lexical_inventory		INFERRED exact-path scope; source not read
2025	"lexical hit not semantically classified: raise BeforeStateUnreachable(f""no replay defined for {step}"")"	specs/.history/modular-fuzzing-epic/ticket-017-MF-031/snapshots/current/production_adapters.py:153	out-of-scope	ticket_plan.yaml:648-658	none mapped	unrepresented	out_of_scope_lexical_inventory		INFERRED exact-path scope; source not read
2026	lexical hit not semantically classified: raise BeforeStateUnreachable(	specs/.history/modular-fuzzing-epic/ticket-017-MF-031/snapshots/current/production_adapters.py:162	out-of-scope	ticket_plan.yaml:648-658	none mapped	unrepresented	out_of_scope_lexical_inventory		INFERRED exact-path scope; source not read
2027	"lexical hit not semantically classified: raise BeforeStateUnreachable(f""cannot record budgets before scaffold project: {manifest} missing"")"	specs/.history/modular-fuzzing-epic/ticket-017-MF-031/snapshots/current/production_adapters.py:186	out-of-scope	ticket_plan.yaml:648-658	none mapped	unrepresented	out_of_scope_lexical_inventory		INFERRED exact-path scope; source not read
2028	lexical hit not semantically classified: the comparison and raises here, and reports the unchecked field by name	specs/.history/modular-fuzzing-epic/ticket-017-MF-031/snapshots/current/production_adapters.py:304	out-of-scope	ticket_plan.yaml:648-658	none mapped	unrepresented	out_of_scope_lexical_inventory		INFERRED exact-path scope; source not read
2029	"lexical hit not semantically classified: raise AssertionError(f""{getattr(case, 'name')}: projected after-state disagrees with the model -- {detail}"")"	specs/.history/modular-fuzzing-epic/ticket-017-MF-031/snapshots/current/production_adapters.py:313	out-of-scope	ticket_plan.yaml:648-658	none mapped	unrepresented	out_of_scope_lexical_inventory		INFERRED exact-path scope; source not read
2030	"lexical hit not semantically classified: raise BeforeStateUnreachable(f""ticket plan missing at {plan_path}; workflow was not scaffolded"")"	specs/.history/modular-fuzzing-epic/ticket-017-MF-031/snapshots/current/production_adapters.py:329	out-of-scope	ticket_plan.yaml:648-658	none mapped	unrepresented	out_of_scope_lexical_inventory		INFERRED exact-path scope; source not read
2031	"lexical hit not semantically classified: raise BeforeStateUnreachable(f""ticket {ticket!r} has no {tree} model to mark ready"")"	specs/.history/modular-fuzzing-epic/ticket-017-MF-031/snapshots/current/production_adapters.py:359	out-of-scope	ticket_plan.yaml:648-658	none mapped	unrepresented	out_of_scope_lexical_inventory		INFERRED exact-path scope; source not read
2032	lexical hit not semantically classified: raise BeforeStateUnreachable(	specs/.history/modular-fuzzing-epic/ticket-017-MF-031/snapshots/current/production_adapters.py:391	out-of-scope	ticket_plan.yaml:648-658	none mapped	unrepresented	out_of_scope_lexical_inventory		INFERRED exact-path scope; source not read
2033	lexical hit not semantically classified: raise BeforeStateUnreachable(	specs/.history/modular-fuzzing-epic/ticket-017-MF-031/snapshots/current/production_adapters.py:401	out-of-scope	ticket_plan.yaml:648-658	none mapped	unrepresented	out_of_scope_lexical_inventory		INFERRED exact-path scope; source not read
2034	lexical hit not semantically classified: raise BeforeStateUnreachable(	specs/.history/modular-fuzzing-epic/ticket-017-MF-031/snapshots/current/production_adapters.py:411	out-of-scope	ticket_plan.yaml:648-658	none mapped	unrepresented	out_of_scope_lexical_inventory		INFERRED exact-path scope; source not read
2035	lexical hit not semantically classified: def recover_ticket_except_index(case: object) -> str:	specs/.history/modular-fuzzing-epic/ticket-017-MF-031/snapshots/current/production_adapters.py:458	out-of-scope	ticket_plan.yaml:648-658	none mapped	unrepresented	out_of_scope_lexical_inventory		INFERRED exact-path scope; source not read
2036	"lexical hit not semantically classified: """"""MF-029 except-index recovery of the `ticket` argument."	specs/.history/modular-fuzzing-epic/ticket-017-MF-031/snapshots/current/production_adapters.py:459	out-of-scope	ticket_plan.yaml:648-658	none mapped	unrepresented	out_of_scope_lexical_inventory		INFERRED exact-path scope; source not read
2037	lexical hit not semantically classified: raise BeforeStateUnreachable(	specs/.history/modular-fuzzing-epic/ticket-017-MF-031/snapshots/current/production_adapters.py:474	out-of-scope	ticket_plan.yaml:648-658	none mapped	unrepresented	out_of_scope_lexical_inventory		INFERRED exact-path scope; source not read
2038	lexical hit not semantically classified: 2. recovers the `ticket` argument by MF-029 except-index on `ticket_state`;	specs/.history/modular-fuzzing-epic/ticket-017-MF-031/snapshots/current/production_adapters.py:494	out-of-scope	ticket_plan.yaml:648-658	none mapped	unrepresented	out_of_scope_lexical_inventory		INFERRED exact-path scope; source not read
2039	lexical hit not semantically classified: try:	specs/.history/modular-fuzzing-epic/ticket-017-MF-031/snapshots/current/production_adapters.py:522	out-of-scope	ticket_plan.yaml:648-658	none mapped	unrepresented	out_of_scope_lexical_inventory		INFERRED exact-path scope; source not read
2040	lexical hit not semantically classified: ticket = recover_ticket_except_index(case)	specs/.history/modular-fuzzing-epic/ticket-017-MF-031/snapshots/current/production_adapters.py:523	out-of-scope	ticket_plan.yaml:648-658	none mapped	unrepresented	out_of_scope_lexical_inventory		INFERRED exact-path scope; source not read
2041	lexical hit not semantically classified: except BeforeStateUnreachable as exc:	specs/.history/modular-fuzzing-epic/ticket-017-MF-031/snapshots/current/production_adapters.py:524	out-of-scope	ticket_plan.yaml:648-658	none mapped	unrepresented	out_of_scope_lexical_inventory		INFERRED exact-path scope; source not read
2042	lexical hit not semantically classified: ticket = recover_ticket_except_index(case)	specs/.history/modular-fuzzing-epic/ticket-017-MF-031/snapshots/current/production_adapters.py:541	out-of-scope	ticket_plan.yaml:648-658	none mapped	unrepresented	out_of_scope_lexical_inventory		INFERRED exact-path scope; source not read
2043	"lexical hit not semantically classified: raise AssertionError(f""{getattr(case, 'name')}: stutter changed state"")"	specs/.history/modular-fuzzing-epic/ticket-017-MF-031/snapshots/current/production_adapters.py:616	out-of-scope	ticket_plan.yaml:648-658	none mapped	unrepresented	out_of_scope_lexical_inventory		INFERRED exact-path scope; source not read
2044	"lexical hit not semantically classified: ""raised_cap_exit_code"": under.returncode,"	specs/.history/modular-fuzzing-epic/ticket-017-MF-031/snapshots/current/production_adapters.py:1761	out-of-scope	ticket_plan.yaml:648-658	none mapped	unrepresented	out_of_scope_lexical_inventory		INFERRED exact-path scope; source not read
2045	"lexical hit not semantically classified: ""cap_raise_accept_path_offered"": accept_path,"	specs/.history/modular-fuzzing-epic/ticket-017-MF-031/snapshots/current/production_adapters.py:1769	out-of-scope	ticket_plan.yaml:648-658	none mapped	unrepresented	out_of_scope_lexical_inventory		INFERRED exact-path scope; source not read
2046	lexical hit not semantically classified: `justification_does_not_change_the_verdict`: two fixtures identical except	specs/.history/modular-fuzzing-epic/ticket-017-MF-031/snapshots/current/production_adapters.py:1785	out-of-scope	ticket_plan.yaml:648-658	none mapped	unrepresented	out_of_scope_lexical_inventory		INFERRED exact-path scope; source not read
2047	lexical hit not semantically classified: 3. `waiver_does_not_change_the_verdict` -- two catalogs identical except	specs/.history/modular-fuzzing-epic/ticket-017-MF-031/snapshots/current/production_adapters.py:1883	out-of-scope	ticket_plan.yaml:648-658	none mapped	unrepresented	out_of_scope_lexical_inventory		INFERRED exact-path scope; source not read
2048	"lexical hit not semantically classified: raise AssertionError(""current spec_manifest.yaml has no status.active_ticket"")"	specs/.history/modular-fuzzing-epic/ticket-017-MF-031/snapshots/current/tests/test_current_ticket_workflow.py:11	out-of-scope	ticket_plan.yaml:648-658	none mapped	unrepresented	out_of_scope_lexical_inventory		INFERRED exact-path scope; source not read
2049	"lexical hit not semantically classified: assert result[""raised_cap_exit_code""] == 0, result[""stderr""]"	specs/.history/modular-fuzzing-epic/ticket-017-MF-031/snapshots/current/tests/test_tla_spec_dev_corpus_adapter.py:34	out-of-scope	ticket_plan.yaml:648-658	none mapped	unrepresented	out_of_scope_lexical_inventory		INFERRED exact-path scope; source not read
2050	"lexical hit not semantically classified: assert result[""cap_raise_accept_path_offered""] is True"	specs/.history/modular-fuzzing-epic/ticket-017-MF-031/snapshots/current/tests/test_tla_spec_dev_corpus_adapter.py:61	out-of-scope	ticket_plan.yaml:648-658	none mapped	unrepresented	out_of_scope_lexical_inventory		INFERRED exact-path scope; source not read
2051	lexical hit not semantically classified: directories identical except that one carries a recorded justification produce	specs/.history/modular-fuzzing-epic/ticket-017-MF-031/snapshots/current/tests/test_tla_spec_dev_effect_conformance_adapter.py:10	out-of-scope	ticket_plan.yaml:648-658	none mapped	unrepresented	out_of_scope_lexical_inventory		INFERRED exact-path scope; source not read
2052	lexical hit not semantically classified: with pytest.raises(AssertionError):	specs/.history/modular-fuzzing-epic/ticket-017-MF-031/snapshots/current/tests/test_tla_spec_dev_update_ticket_adapter.py:108	out-of-scope	ticket_plan.yaml:648-658	none mapped	unrepresented	out_of_scope_lexical_inventory		INFERRED exact-path scope; source not read
2053	lexical hit not semantically classified: with pytest.raises(AssertionError):	specs/.history/modular-fuzzing-epic/ticket-017-MF-031/snapshots/current/tests/test_tla_spec_dev_update_ticket_adapter.py:116	out-of-scope	ticket_plan.yaml:648-658	none mapped	unrepresented	out_of_scope_lexical_inventory		INFERRED exact-path scope; source not read
2054	lexical hit not semantically classified: with pytest.raises((AssertionError, pa.BeforeStateUnreachable)):	specs/.history/modular-fuzzing-epic/ticket-017-MF-031/snapshots/current/tests/test_tla_spec_dev_update_ticket_adapter.py:126	out-of-scope	ticket_plan.yaml:648-658	none mapped	unrepresented	out_of_scope_lexical_inventory		INFERRED exact-path scope; source not read
2055	"lexical hit not semantically classified: raise RuntimeError(""could not locate tla-spec-dev repository root"")"	specs/.history/modular-fuzzing-epic/ticket-017-MF-031/snapshots/desired_program_model/production_adapters.py:15	out-of-scope	ticket_plan.yaml:648-658	none mapped	unrepresented	out_of_scope_lexical_inventory		INFERRED exact-path scope; source not read
2056	"lexical hit not semantically classified: raise RuntimeError(""could not locate tla-spec-dev repository root"")"	specs/.history/modular-fuzzing-epic/ticket-017-MF-031/snapshots/program_model/production_adapters.py:15	out-of-scope	ticket_plan.yaml:648-658	none mapped	unrepresented	out_of_scope_lexical_inventory		INFERRED exact-path scope; source not read
2057	"lexical hit not semantically classified: raise RuntimeError(""could not locate tla-spec-dev repository root"")"	specs/.history/modular-fuzzing-epic/ticket-017-MF-031/ticket/current/production_adapters.py:16	out-of-scope	ticket_plan.yaml:648-658	none mapped	unrepresented	out_of_scope_lexical_inventory		INFERRED exact-path scope; source not read
2058	lexical hit not semantically classified: This is the honest failure mode for case execution and it is raised, never	specs/.history/modular-fuzzing-epic/ticket-017-MF-031/ticket/current/production_adapters.py:95	out-of-scope	ticket_plan.yaml:648-658	none mapped	unrepresented	out_of_scope_lexical_inventory		INFERRED exact-path scope; source not read
2059	"lexical hit not semantically classified: raise BeforeStateUnreachable(f""setup_phase {phase} is outside the modelled pipeline"")"	specs/.history/modular-fuzzing-epic/ticket-017-MF-031/ticket/current/production_adapters.py:120	out-of-scope	ticket_plan.yaml:648-658	none mapped	unrepresented	out_of_scope_lexical_inventory		INFERRED exact-path scope; source not read
2060	"lexical hit not semantically classified: raise BeforeStateUnreachable(f""no replay defined for {step}"")"	specs/.history/modular-fuzzing-epic/ticket-017-MF-031/ticket/current/production_adapters.py:153	out-of-scope	ticket_plan.yaml:648-658	none mapped	unrepresented	out_of_scope_lexical_inventory		INFERRED exact-path scope; source not read
2061	lexical hit not semantically classified: raise BeforeStateUnreachable(	specs/.history/modular-fuzzing-epic/ticket-017-MF-031/ticket/current/production_adapters.py:162	out-of-scope	ticket_plan.yaml:648-658	none mapped	unrepresented	out_of_scope_lexical_inventory		INFERRED exact-path scope; source not read
2062	"lexical hit not semantically classified: raise BeforeStateUnreachable(f""cannot record budgets before scaffold project: {manifest} missing"")"	specs/.history/modular-fuzzing-epic/ticket-017-MF-031/ticket/current/production_adapters.py:186	out-of-scope	ticket_plan.yaml:648-658	none mapped	unrepresented	out_of_scope_lexical_inventory		INFERRED exact-path scope; source not read
2063	lexical hit not semantically classified: the comparison and raises here, and reports the unchecked field by name	specs/.history/modular-fuzzing-epic/ticket-017-MF-031/ticket/current/production_adapters.py:304	out-of-scope	ticket_plan.yaml:648-658	none mapped	unrepresented	out_of_scope_lexical_inventory		INFERRED exact-path scope; source not read
2064	"lexical hit not semantically classified: raise AssertionError(f""{getattr(case, 'name')}: projected after-state disagrees with the model -- {detail}"")"	specs/.history/modular-fuzzing-epic/ticket-017-MF-031/ticket/current/production_adapters.py:313	out-of-scope	ticket_plan.yaml:648-658	none mapped	unrepresented	out_of_scope_lexical_inventory		INFERRED exact-path scope; source not read
2065	"lexical hit not semantically classified: raise BeforeStateUnreachable(f""ticket plan missing at {plan_path}; workflow was not scaffolded"")"	specs/.history/modular-fuzzing-epic/ticket-017-MF-031/ticket/current/production_adapters.py:329	out-of-scope	ticket_plan.yaml:648-658	none mapped	unrepresented	out_of_scope_lexical_inventory		INFERRED exact-path scope; source not read
2066	"lexical hit not semantically classified: raise BeforeStateUnreachable(f""ticket {ticket!r} has no {tree} model to mark ready"")"	specs/.history/modular-fuzzing-epic/ticket-017-MF-031/ticket/current/production_adapters.py:359	out-of-scope	ticket_plan.yaml:648-658	none mapped	unrepresented	out_of_scope_lexical_inventory		INFERRED exact-path scope; source not read
2067	lexical hit not semantically classified: raise BeforeStateUnreachable(	specs/.history/modular-fuzzing-epic/ticket-017-MF-031/ticket/current/production_adapters.py:391	out-of-scope	ticket_plan.yaml:648-658	none mapped	unrepresented	out_of_scope_lexical_inventory		INFERRED exact-path scope; source not read
2068	lexical hit not semantically classified: raise BeforeStateUnreachable(	specs/.history/modular-fuzzing-epic/ticket-017-MF-031/ticket/current/production_adapters.py:401	out-of-scope	ticket_plan.yaml:648-658	none mapped	unrepresented	out_of_scope_lexical_inventory		INFERRED exact-path scope; source not read
2069	lexical hit not semantically classified: raise BeforeStateUnreachable(	specs/.history/modular-fuzzing-epic/ticket-017-MF-031/ticket/current/production_adapters.py:411	out-of-scope	ticket_plan.yaml:648-658	none mapped	unrepresented	out_of_scope_lexical_inventory		INFERRED exact-path scope; source not read
2070	lexical hit not semantically classified: def recover_ticket_except_index(case: object) -> str:	specs/.history/modular-fuzzing-epic/ticket-017-MF-031/ticket/current/production_adapters.py:458	out-of-scope	ticket_plan.yaml:648-658	none mapped	unrepresented	out_of_scope_lexical_inventory		INFERRED exact-path scope; source not read
2071	"lexical hit not semantically classified: """"""MF-029 except-index recovery of the `ticket` argument."	specs/.history/modular-fuzzing-epic/ticket-017-MF-031/ticket/current/production_adapters.py:459	out-of-scope	ticket_plan.yaml:648-658	none mapped	unrepresented	out_of_scope_lexical_inventory		INFERRED exact-path scope; source not read
2072	lexical hit not semantically classified: raise BeforeStateUnreachable(	specs/.history/modular-fuzzing-epic/ticket-017-MF-031/ticket/current/production_adapters.py:474	out-of-scope	ticket_plan.yaml:648-658	none mapped	unrepresented	out_of_scope_lexical_inventory		INFERRED exact-path scope; source not read
2073	lexical hit not semantically classified: 2. recovers the `ticket` argument by MF-029 except-index on `ticket_state`;	specs/.history/modular-fuzzing-epic/ticket-017-MF-031/ticket/current/production_adapters.py:494	out-of-scope	ticket_plan.yaml:648-658	none mapped	unrepresented	out_of_scope_lexical_inventory		INFERRED exact-path scope; source not read
2074	lexical hit not semantically classified: try:	specs/.history/modular-fuzzing-epic/ticket-017-MF-031/ticket/current/production_adapters.py:522	out-of-scope	ticket_plan.yaml:648-658	none mapped	unrepresented	out_of_scope_lexical_inventory		INFERRED exact-path scope; source not read
2075	lexical hit not semantically classified: ticket = recover_ticket_except_index(case)	specs/.history/modular-fuzzing-epic/ticket-017-MF-031/ticket/current/production_adapters.py:523	out-of-scope	ticket_plan.yaml:648-658	none mapped	unrepresented	out_of_scope_lexical_inventory		INFERRED exact-path scope; source not read
2076	lexical hit not semantically classified: except BeforeStateUnreachable as exc:	specs/.history/modular-fuzzing-epic/ticket-017-MF-031/ticket/current/production_adapters.py:524	out-of-scope	ticket_plan.yaml:648-658	none mapped	unrepresented	out_of_scope_lexical_inventory		INFERRED exact-path scope; source not read
2077	lexical hit not semantically classified: ticket = recover_ticket_except_index(case)	specs/.history/modular-fuzzing-epic/ticket-017-MF-031/ticket/current/production_adapters.py:541	out-of-scope	ticket_plan.yaml:648-658	none mapped	unrepresented	out_of_scope_lexical_inventory		INFERRED exact-path scope; source not read
2078	"lexical hit not semantically classified: raise AssertionError(f""{getattr(case, 'name')}: stutter changed state"")"	specs/.history/modular-fuzzing-epic/ticket-017-MF-031/ticket/current/production_adapters.py:616	out-of-scope	ticket_plan.yaml:648-658	none mapped	unrepresented	out_of_scope_lexical_inventory		INFERRED exact-path scope; source not read
2079	"lexical hit not semantically classified: ""raised_cap_exit_code"": under.returncode,"	specs/.history/modular-fuzzing-epic/ticket-017-MF-031/ticket/current/production_adapters.py:1761	out-of-scope	ticket_plan.yaml:648-658	none mapped	unrepresented	out_of_scope_lexical_inventory		INFERRED exact-path scope; source not read
2080	"lexical hit not semantically classified: ""cap_raise_accept_path_offered"": accept_path,"	specs/.history/modular-fuzzing-epic/ticket-017-MF-031/ticket/current/production_adapters.py:1769	out-of-scope	ticket_plan.yaml:648-658	none mapped	unrepresented	out_of_scope_lexical_inventory		INFERRED exact-path scope; source not read
2081	lexical hit not semantically classified: `justification_does_not_change_the_verdict`: two fixtures identical except	specs/.history/modular-fuzzing-epic/ticket-017-MF-031/ticket/current/production_adapters.py:1785	out-of-scope	ticket_plan.yaml:648-658	none mapped	unrepresented	out_of_scope_lexical_inventory		INFERRED exact-path scope; source not read
2082	lexical hit not semantically classified: 3. `waiver_does_not_change_the_verdict` -- two catalogs identical except	specs/.history/modular-fuzzing-epic/ticket-017-MF-031/ticket/current/production_adapters.py:1883	out-of-scope	ticket_plan.yaml:648-658	none mapped	unrepresented	out_of_scope_lexical_inventory		INFERRED exact-path scope; source not read
2083	"lexical hit not semantically classified: assert result[""raised_cap_exit_code""] == 0, result[""stderr""]"	specs/.history/modular-fuzzing-epic/ticket-017-MF-031/ticket/current/tests/test_tla_spec_dev_corpus_adapter.py:34	out-of-scope	ticket_plan.yaml:648-658	none mapped	unrepresented	out_of_scope_lexical_inventory		INFERRED exact-path scope; source not read
2084	"lexical hit not semantically classified: assert result[""cap_raise_accept_path_offered""] is True"	specs/.history/modular-fuzzing-epic/ticket-017-MF-031/ticket/current/tests/test_tla_spec_dev_corpus_adapter.py:61	out-of-scope	ticket_plan.yaml:648-658	none mapped	unrepresented	out_of_scope_lexical_inventory		INFERRED exact-path scope; source not read
2085	lexical hit not semantically classified: directories identical except that one carries a recorded justification produce	specs/.history/modular-fuzzing-epic/ticket-017-MF-031/ticket/current/tests/test_tla_spec_dev_effect_conformance_adapter.py:10	out-of-scope	ticket_plan.yaml:648-658	none mapped	unrepresented	out_of_scope_lexical_inventory		INFERRED exact-path scope; source not read
2086	lexical hit not semantically classified: with pytest.raises(AssertionError):	specs/.history/modular-fuzzing-epic/ticket-017-MF-031/ticket/current/tests/test_tla_spec_dev_update_ticket_adapter.py:108	out-of-scope	ticket_plan.yaml:648-658	none mapped	unrepresented	out_of_scope_lexical_inventory		INFERRED exact-path scope; source not read
2087	lexical hit not semantically classified: with pytest.raises(AssertionError):	specs/.history/modular-fuzzing-epic/ticket-017-MF-031/ticket/current/tests/test_tla_spec_dev_update_ticket_adapter.py:116	out-of-scope	ticket_plan.yaml:648-658	none mapped	unrepresented	out_of_scope_lexical_inventory		INFERRED exact-path scope; source not read
2088	lexical hit not semantically classified: with pytest.raises((AssertionError, pa.BeforeStateUnreachable)):	specs/.history/modular-fuzzing-epic/ticket-017-MF-031/ticket/current/tests/test_tla_spec_dev_update_ticket_adapter.py:126	out-of-scope	ticket_plan.yaml:648-658	none mapped	unrepresented	out_of_scope_lexical_inventory		INFERRED exact-path scope; source not read
2089	"lexical hit not semantically classified: raise RuntimeError(""could not locate tla-spec-dev repository root"")"	specs/.history/modular-fuzzing-epic/ticket-017-MF-031/ticket/desired/production_adapters.py:16	out-of-scope	ticket_plan.yaml:648-658	none mapped	unrepresented	out_of_scope_lexical_inventory		INFERRED exact-path scope; source not read
2090	lexical hit not semantically classified: This is the honest failure mode for case execution and it is raised, never	specs/.history/modular-fuzzing-epic/ticket-017-MF-031/ticket/desired/production_adapters.py:95	out-of-scope	ticket_plan.yaml:648-658	none mapped	unrepresented	out_of_scope_lexical_inventory		INFERRED exact-path scope; source not read
2091	"lexical hit not semantically classified: raise BeforeStateUnreachable(f""setup_phase {phase} is outside the modelled pipeline"")"	specs/.history/modular-fuzzing-epic/ticket-017-MF-031/ticket/desired/production_adapters.py:120	out-of-scope	ticket_plan.yaml:648-658	none mapped	unrepresented	out_of_scope_lexical_inventory		INFERRED exact-path scope; source not read
2092	"lexical hit not semantically classified: raise BeforeStateUnreachable(f""no replay defined for {step}"")"	specs/.history/modular-fuzzing-epic/ticket-017-MF-031/ticket/desired/production_adapters.py:153	out-of-scope	ticket_plan.yaml:648-658	none mapped	unrepresented	out_of_scope_lexical_inventory		INFERRED exact-path scope; source not read
2093	lexical hit not semantically classified: raise BeforeStateUnreachable(	specs/.history/modular-fuzzing-epic/ticket-017-MF-031/ticket/desired/production_adapters.py:162	out-of-scope	ticket_plan.yaml:648-658	none mapped	unrepresented	out_of_scope_lexical_inventory		INFERRED exact-path scope; source not read
2094	"lexical hit not semantically classified: raise BeforeStateUnreachable(f""cannot record budgets before scaffold project: {manifest} missing"")"	specs/.history/modular-fuzzing-epic/ticket-017-MF-031/ticket/desired/production_adapters.py:186	out-of-scope	ticket_plan.yaml:648-658	none mapped	unrepresented	out_of_scope_lexical_inventory		INFERRED exact-path scope; source not read
2095	lexical hit not semantically classified: the comparison and raises here, and reports the unchecked field by name	specs/.history/modular-fuzzing-epic/ticket-017-MF-031/ticket/desired/production_adapters.py:304	out-of-scope	ticket_plan.yaml:648-658	none mapped	unrepresented	out_of_scope_lexical_inventory		INFERRED exact-path scope; source not read
2096	"lexical hit not semantically classified: raise AssertionError(f""{getattr(case, 'name')}: projected after-state disagrees with the model -- {detail}"")"	specs/.history/modular-fuzzing-epic/ticket-017-MF-031/ticket/desired/production_adapters.py:313	out-of-scope	ticket_plan.yaml:648-658	none mapped	unrepresented	out_of_scope_lexical_inventory		INFERRED exact-path scope; source not read
2097	"lexical hit not semantically classified: raise BeforeStateUnreachable(f""ticket plan missing at {plan_path}; workflow was not scaffolded"")"	specs/.history/modular-fuzzing-epic/ticket-017-MF-031/ticket/desired/production_adapters.py:329	out-of-scope	ticket_plan.yaml:648-658	none mapped	unrepresented	out_of_scope_lexical_inventory		INFERRED exact-path scope; source not read
2098	"lexical hit not semantically classified: raise BeforeStateUnreachable(f""ticket {ticket!r} has no {tree} model to mark ready"")"	specs/.history/modular-fuzzing-epic/ticket-017-MF-031/ticket/desired/production_adapters.py:359	out-of-scope	ticket_plan.yaml:648-658	none mapped	unrepresented	out_of_scope_lexical_inventory		INFERRED exact-path scope; source not read
2099	lexical hit not semantically classified: raise BeforeStateUnreachable(	specs/.history/modular-fuzzing-epic/ticket-017-MF-031/ticket/desired/production_adapters.py:391	out-of-scope	ticket_plan.yaml:648-658	none mapped	unrepresented	out_of_scope_lexical_inventory		INFERRED exact-path scope; source not read
2100	lexical hit not semantically classified: raise BeforeStateUnreachable(	specs/.history/modular-fuzzing-epic/ticket-017-MF-031/ticket/desired/production_adapters.py:401	out-of-scope	ticket_plan.yaml:648-658	none mapped	unrepresented	out_of_scope_lexical_inventory		INFERRED exact-path scope; source not read
2101	lexical hit not semantically classified: raise BeforeStateUnreachable(	specs/.history/modular-fuzzing-epic/ticket-017-MF-031/ticket/desired/production_adapters.py:411	out-of-scope	ticket_plan.yaml:648-658	none mapped	unrepresented	out_of_scope_lexical_inventory		INFERRED exact-path scope; source not read
2102	lexical hit not semantically classified: def recover_ticket_except_index(case: object) -> str:	specs/.history/modular-fuzzing-epic/ticket-017-MF-031/ticket/desired/production_adapters.py:458	out-of-scope	ticket_plan.yaml:648-658	none mapped	unrepresented	out_of_scope_lexical_inventory		INFERRED exact-path scope; source not read
2103	"lexical hit not semantically classified: """"""MF-029 except-index recovery of the `ticket` argument."	specs/.history/modular-fuzzing-epic/ticket-017-MF-031/ticket/desired/production_adapters.py:459	out-of-scope	ticket_plan.yaml:648-658	none mapped	unrepresented	out_of_scope_lexical_inventory		INFERRED exact-path scope; source not read
2104	lexical hit not semantically classified: raise BeforeStateUnreachable(	specs/.history/modular-fuzzing-epic/ticket-017-MF-031/ticket/desired/production_adapters.py:474	out-of-scope	ticket_plan.yaml:648-658	none mapped	unrepresented	out_of_scope_lexical_inventory		INFERRED exact-path scope; source not read
2105	lexical hit not semantically classified: 2. recovers the `ticket` argument by MF-029 except-index on `ticket_state`;	specs/.history/modular-fuzzing-epic/ticket-017-MF-031/ticket/desired/production_adapters.py:494	out-of-scope	ticket_plan.yaml:648-658	none mapped	unrepresented	out_of_scope_lexical_inventory		INFERRED exact-path scope; source not read
2106	lexical hit not semantically classified: try:	specs/.history/modular-fuzzing-epic/ticket-017-MF-031/ticket/desired/production_adapters.py:522	out-of-scope	ticket_plan.yaml:648-658	none mapped	unrepresented	out_of_scope_lexical_inventory		INFERRED exact-path scope; source not read
2107	lexical hit not semantically classified: ticket = recover_ticket_except_index(case)	specs/.history/modular-fuzzing-epic/ticket-017-MF-031/ticket/desired/production_adapters.py:523	out-of-scope	ticket_plan.yaml:648-658	none mapped	unrepresented	out_of_scope_lexical_inventory		INFERRED exact-path scope; source not read
2108	lexical hit not semantically classified: except BeforeStateUnreachable as exc:	specs/.history/modular-fuzzing-epic/ticket-017-MF-031/ticket/desired/production_adapters.py:524	out-of-scope	ticket_plan.yaml:648-658	none mapped	unrepresented	out_of_scope_lexical_inventory		INFERRED exact-path scope; source not read
2109	lexical hit not semantically classified: ticket = recover_ticket_except_index(case)	specs/.history/modular-fuzzing-epic/ticket-017-MF-031/ticket/desired/production_adapters.py:541	out-of-scope	ticket_plan.yaml:648-658	none mapped	unrepresented	out_of_scope_lexical_inventory		INFERRED exact-path scope; source not read
2110	"lexical hit not semantically classified: raise AssertionError(f""{getattr(case, 'name')}: stutter changed state"")"	specs/.history/modular-fuzzing-epic/ticket-017-MF-031/ticket/desired/production_adapters.py:616	out-of-scope	ticket_plan.yaml:648-658	none mapped	unrepresented	out_of_scope_lexical_inventory		INFERRED exact-path scope; source not read
2111	"lexical hit not semantically classified: ""raised_cap_exit_code"": under.returncode,"	specs/.history/modular-fuzzing-epic/ticket-017-MF-031/ticket/desired/production_adapters.py:1761	out-of-scope	ticket_plan.yaml:648-658	none mapped	unrepresented	out_of_scope_lexical_inventory		INFERRED exact-path scope; source not read
2112	"lexical hit not semantically classified: ""cap_raise_accept_path_offered"": accept_path,"	specs/.history/modular-fuzzing-epic/ticket-017-MF-031/ticket/desired/production_adapters.py:1769	out-of-scope	ticket_plan.yaml:648-658	none mapped	unrepresented	out_of_scope_lexical_inventory		INFERRED exact-path scope; source not read
2113	lexical hit not semantically classified: `justification_does_not_change_the_verdict`: two fixtures identical except	specs/.history/modular-fuzzing-epic/ticket-017-MF-031/ticket/desired/production_adapters.py:1785	out-of-scope	ticket_plan.yaml:648-658	none mapped	unrepresented	out_of_scope_lexical_inventory		INFERRED exact-path scope; source not read
2114	lexical hit not semantically classified: 3. `waiver_does_not_change_the_verdict` -- two catalogs identical except	specs/.history/modular-fuzzing-epic/ticket-017-MF-031/ticket/desired/production_adapters.py:1883	out-of-scope	ticket_plan.yaml:648-658	none mapped	unrepresented	out_of_scope_lexical_inventory		INFERRED exact-path scope; source not read
2115	"lexical hit not semantically classified: assert result[""raised_cap_exit_code""] == 0, result[""stderr""]"	specs/.history/modular-fuzzing-epic/ticket-017-MF-031/ticket/desired/tests/test_tla_spec_dev_corpus_adapter.py:34	out-of-scope	ticket_plan.yaml:648-658	none mapped	unrepresented	out_of_scope_lexical_inventory		INFERRED exact-path scope; source not read
2116	"lexical hit not semantically classified: assert result[""cap_raise_accept_path_offered""] is True"	specs/.history/modular-fuzzing-epic/ticket-017-MF-031/ticket/desired/tests/test_tla_spec_dev_corpus_adapter.py:61	out-of-scope	ticket_plan.yaml:648-658	none mapped	unrepresented	out_of_scope_lexical_inventory		INFERRED exact-path scope; source not read
2117	lexical hit not semantically classified: directories identical except that one carries a recorded justification produce	specs/.history/modular-fuzzing-epic/ticket-017-MF-031/ticket/desired/tests/test_tla_spec_dev_effect_conformance_adapter.py:10	out-of-scope	ticket_plan.yaml:648-658	none mapped	unrepresented	out_of_scope_lexical_inventory		INFERRED exact-path scope; source not read
2118	lexical hit not semantically classified: with pytest.raises(AssertionError):	specs/.history/modular-fuzzing-epic/ticket-017-MF-031/ticket/desired/tests/test_tla_spec_dev_update_ticket_adapter.py:108	out-of-scope	ticket_plan.yaml:648-658	none mapped	unrepresented	out_of_scope_lexical_inventory		INFERRED exact-path scope; source not read
2119	lexical hit not semantically classified: with pytest.raises(AssertionError):	specs/.history/modular-fuzzing-epic/ticket-017-MF-031/ticket/desired/tests/test_tla_spec_dev_update_ticket_adapter.py:116	out-of-scope	ticket_plan.yaml:648-658	none mapped	unrepresented	out_of_scope_lexical_inventory		INFERRED exact-path scope; source not read
2120	lexical hit not semantically classified: with pytest.raises((AssertionError, pa.BeforeStateUnreachable)):	specs/.history/modular-fuzzing-epic/ticket-017-MF-031/ticket/desired/tests/test_tla_spec_dev_update_ticket_adapter.py:126	out-of-scope	ticket_plan.yaml:648-658	none mapped	unrepresented	out_of_scope_lexical_inventory		INFERRED exact-path scope; source not read
2121	lexical hit not semantically classified: ticket = pa.recover_ticket_except_index(case)	specs/.history/modular-fuzzing-epic/ticket-017-MF-031/ticket/results/capture_projection.py:52	out-of-scope	ticket_plan.yaml:648-658	none mapped	unrepresented	out_of_scope_lexical_inventory		INFERRED exact-path scope; source not read
2122	"lexical hit not semantically classified: print(f""recovered ticket (except-index on ticket_state) : {ticket!r}"")"	specs/.history/modular-fuzzing-epic/ticket-017-MF-031/ticket/results/capture_projection.py:53	out-of-scope	ticket_plan.yaml:648-658	none mapped	unrepresented	out_of_scope_lexical_inventory		INFERRED exact-path scope; source not read
2123	lexical hit not semantically classified: try:	specs/.history/modular-fuzzing-epic/ticket-017-MF-031/ticket/results/capture_projection.py:68	out-of-scope	ticket_plan.yaml:648-658	none mapped	unrepresented	out_of_scope_lexical_inventory		INFERRED exact-path scope; source not read
2124	lexical hit not semantically classified: except (AssertionError, pa.BeforeStateUnreachable) as exc:	specs/.history/modular-fuzzing-epic/ticket-017-MF-031/ticket/results/capture_projection.py:70	out-of-scope	ticket_plan.yaml:648-658	none mapped	unrepresented	out_of_scope_lexical_inventory		INFERRED exact-path scope; source not read
2125	lexical hit not semantically classified: raise SystemExit(1)	specs/.history/modular-fuzzing-epic/ticket-017-MF-031/ticket/results/capture_projection.py:76	out-of-scope	ticket_plan.yaml:648-658	none mapped	unrepresented	out_of_scope_lexical_inventory		INFERRED exact-path scope; source not read
2126	lexical hit not semantically classified: raise SystemExit(main())	specs/.history/modular-fuzzing-epic/ticket-017-MF-031/ticket/results/capture_projection.py:112	out-of-scope	ticket_plan.yaml:648-658	none mapped	unrepresented	out_of_scope_lexical_inventory		INFERRED exact-path scope; source not read
2127	"lexical hit not semantically classified: raise RuntimeError(""could not locate tla-spec-dev repository root"")"	specs/.history/modular-fuzzing-epic/ticket-018-MF-032/snapshots/current/adapter_case_runtime.py:30	out-of-scope	ticket_plan.yaml:648-658	none mapped	unrepresented	out_of_scope_lexical_inventory		INFERRED exact-path scope; source not read
2128	lexical hit not semantically classified: This is the honest failure mode for case execution and it is raised, never	specs/.history/modular-fuzzing-epic/ticket-018-MF-032/snapshots/current/adapter_case_runtime.py:117	out-of-scope	ticket_plan.yaml:648-658	none mapped	unrepresented	out_of_scope_lexical_inventory		INFERRED exact-path scope; source not read
2129	"lexical hit not semantically classified: raise BeforeStateUnreachable(f""setup_phase {phase} is outside the modelled pipeline"")"	specs/.history/modular-fuzzing-epic/ticket-018-MF-032/snapshots/current/adapter_case_runtime.py:142	out-of-scope	ticket_plan.yaml:648-658	none mapped	unrepresented	out_of_scope_lexical_inventory		INFERRED exact-path scope; source not read
2130	"lexical hit not semantically classified: raise BeforeStateUnreachable(f""no replay defined for {step}"")"	specs/.history/modular-fuzzing-epic/ticket-018-MF-032/snapshots/current/adapter_case_runtime.py:175	out-of-scope	ticket_plan.yaml:648-658	none mapped	unrepresented	out_of_scope_lexical_inventory		INFERRED exact-path scope; source not read
2131	lexical hit not semantically classified: raise BeforeStateUnreachable(	specs/.history/modular-fuzzing-epic/ticket-018-MF-032/snapshots/current/adapter_case_runtime.py:184	out-of-scope	ticket_plan.yaml:648-658	none mapped	unrepresented	out_of_scope_lexical_inventory		INFERRED exact-path scope; source not read
2132	"lexical hit not semantically classified: raise BeforeStateUnreachable(f""cannot record budgets before scaffold project: {manifest} missing"")"	specs/.history/modular-fuzzing-epic/ticket-018-MF-032/snapshots/current/adapter_case_runtime.py:208	out-of-scope	ticket_plan.yaml:648-658	none mapped	unrepresented	out_of_scope_lexical_inventory		INFERRED exact-path scope; source not read
2133	"lexical hit not semantically classified: raise AssertionError(f""{getattr(case, 'name')}: projected after-state disagrees with the model -- {detail}"")"	specs/.history/modular-fuzzing-epic/ticket-018-MF-032/snapshots/current/adapter_case_runtime.py:335	out-of-scope	ticket_plan.yaml:648-658	none mapped	unrepresented	out_of_scope_lexical_inventory		INFERRED exact-path scope; source not read
2134	"lexical hit not semantically classified: raise BeforeStateUnreachable(f""ticket plan missing at {plan_path}; workflow was not scaffolded"")"	specs/.history/modular-fuzzing-epic/ticket-018-MF-032/snapshots/current/adapter_case_runtime.py:351	out-of-scope	ticket_plan.yaml:648-658	none mapped	unrepresented	out_of_scope_lexical_inventory		INFERRED exact-path scope; source not read
2135	"lexical hit not semantically classified: raise BeforeStateUnreachable(f""ticket {ticket!r} has no {tree} model to mark ready"")"	specs/.history/modular-fuzzing-epic/ticket-018-MF-032/snapshots/current/adapter_case_runtime.py:381	out-of-scope	ticket_plan.yaml:648-658	none mapped	unrepresented	out_of_scope_lexical_inventory		INFERRED exact-path scope; source not read
2136	lexical hit not semantically classified: raise BeforeStateUnreachable(	specs/.history/modular-fuzzing-epic/ticket-018-MF-032/snapshots/current/adapter_case_runtime.py:413	out-of-scope	ticket_plan.yaml:648-658	none mapped	unrepresented	out_of_scope_lexical_inventory		INFERRED exact-path scope; source not read
2137	lexical hit not semantically classified: raise BeforeStateUnreachable(	specs/.history/modular-fuzzing-epic/ticket-018-MF-032/snapshots/current/adapter_case_runtime.py:423	out-of-scope	ticket_plan.yaml:648-658	none mapped	unrepresented	out_of_scope_lexical_inventory		INFERRED exact-path scope; source not read
2138	lexical hit not semantically classified: raise BeforeStateUnreachable(	specs/.history/modular-fuzzing-epic/ticket-018-MF-032/snapshots/current/adapter_case_runtime.py:433	out-of-scope	ticket_plan.yaml:648-658	none mapped	unrepresented	out_of_scope_lexical_inventory		INFERRED exact-path scope; source not read
2139	lexical hit not semantically classified: def recover_ticket_except_index(case: object) -> str:	specs/.history/modular-fuzzing-epic/ticket-018-MF-032/snapshots/current/adapter_case_runtime.py:480	out-of-scope	ticket_plan.yaml:648-658	none mapped	unrepresented	out_of_scope_lexical_inventory		INFERRED exact-path scope; source not read
2140	"lexical hit not semantically classified: """"""MF-029 except-index recovery of the `ticket` argument."	specs/.history/modular-fuzzing-epic/ticket-018-MF-032/snapshots/current/adapter_case_runtime.py:481	out-of-scope	ticket_plan.yaml:648-658	none mapped	unrepresented	out_of_scope_lexical_inventory		INFERRED exact-path scope; source not read
2141	lexical hit not semantically classified: raise BeforeStateUnreachable(	specs/.history/modular-fuzzing-epic/ticket-018-MF-032/snapshots/current/adapter_case_runtime.py:496	out-of-scope	ticket_plan.yaml:648-658	none mapped	unrepresented	out_of_scope_lexical_inventory		INFERRED exact-path scope; source not read
2142	lexical hit not semantically classified: recover_ticket_except_index,	specs/.history/modular-fuzzing-epic/ticket-018-MF-032/snapshots/current/production_adapters.py:43	out-of-scope	ticket_plan.yaml:648-658	none mapped	unrepresented	out_of_scope_lexical_inventory		INFERRED exact-path scope; source not read
2143	lexical hit not semantically classified: 2. recovers the `ticket` argument by MF-029 except-index on `ticket_state`;	specs/.history/modular-fuzzing-epic/ticket-018-MF-032/snapshots/current/production_adapters.py:62	out-of-scope	ticket_plan.yaml:648-658	none mapped	unrepresented	out_of_scope_lexical_inventory		INFERRED exact-path scope; source not read
2144	lexical hit not semantically classified: try:	specs/.history/modular-fuzzing-epic/ticket-018-MF-032/snapshots/current/production_adapters.py:90	out-of-scope	ticket_plan.yaml:648-658	none mapped	unrepresented	out_of_scope_lexical_inventory		INFERRED exact-path scope; source not read
2145	lexical hit not semantically classified: ticket = recover_ticket_except_index(case)	specs/.history/modular-fuzzing-epic/ticket-018-MF-032/snapshots/current/production_adapters.py:91	out-of-scope	ticket_plan.yaml:648-658	none mapped	unrepresented	out_of_scope_lexical_inventory		INFERRED exact-path scope; source not read
2146	lexical hit not semantically classified: except BeforeStateUnreachable as exc:	specs/.history/modular-fuzzing-epic/ticket-018-MF-032/snapshots/current/production_adapters.py:92	out-of-scope	ticket_plan.yaml:648-658	none mapped	unrepresented	out_of_scope_lexical_inventory		INFERRED exact-path scope; source not read
2147	lexical hit not semantically classified: ticket = recover_ticket_except_index(case)	specs/.history/modular-fuzzing-epic/ticket-018-MF-032/snapshots/current/production_adapters.py:109	out-of-scope	ticket_plan.yaml:648-658	none mapped	unrepresented	out_of_scope_lexical_inventory		INFERRED exact-path scope; source not read
2148	"lexical hit not semantically classified: raise AssertionError(f""{getattr(case, 'name')}: stutter changed state"")"	specs/.history/modular-fuzzing-epic/ticket-018-MF-032/snapshots/current/production_adapters.py:184	out-of-scope	ticket_plan.yaml:648-658	none mapped	unrepresented	out_of_scope_lexical_inventory		INFERRED exact-path scope; source not read
2149	lexical hit not semantically classified: # recovered the same way UpdateTicket does it -- MF-029 except-index over the	specs/.history/modular-fuzzing-epic/ticket-018-MF-032/snapshots/current/production_adapters.py:625	out-of-scope	ticket_plan.yaml:648-658	none mapped	unrepresented	out_of_scope_lexical_inventory		INFERRED exact-path scope; source not read
2150	lexical hit not semantically classified: try:	specs/.history/modular-fuzzing-epic/ticket-018-MF-032/snapshots/current/production_adapters.py:636	out-of-scope	ticket_plan.yaml:648-658	none mapped	unrepresented	out_of_scope_lexical_inventory		INFERRED exact-path scope; source not read
2151	lexical hit not semantically classified: ticket = recover_ticket_except_index(case)	specs/.history/modular-fuzzing-epic/ticket-018-MF-032/snapshots/current/production_adapters.py:637	out-of-scope	ticket_plan.yaml:648-658	none mapped	unrepresented	out_of_scope_lexical_inventory		INFERRED exact-path scope; source not read
2152	lexical hit not semantically classified: except BeforeStateUnreachable as exc:	specs/.history/modular-fuzzing-epic/ticket-018-MF-032/snapshots/current/production_adapters.py:638	out-of-scope	ticket_plan.yaml:648-658	none mapped	unrepresented	out_of_scope_lexical_inventory		INFERRED exact-path scope; source not read
2153	lexical hit not semantically classified: ticket = recover_ticket_except_index(case)	specs/.history/modular-fuzzing-epic/ticket-018-MF-032/snapshots/current/production_adapters.py:658	out-of-scope	ticket_plan.yaml:648-658	none mapped	unrepresented	out_of_scope_lexical_inventory		INFERRED exact-path scope; source not read
2154	"lexical hit not semantically classified: raise BeforeStateUnreachable(f""open ticket {ticket} failed: {opened.stderr[-600:]}"")"	specs/.history/modular-fuzzing-epic/ticket-018-MF-032/snapshots/current/production_adapters.py:665	out-of-scope	ticket_plan.yaml:648-658	none mapped	unrepresented	out_of_scope_lexical_inventory		INFERRED exact-path scope; source not read
2155	"lexical hit not semantically classified: ""raised_cap_exit_code"": under.returncode,"	specs/.history/modular-fuzzing-epic/ticket-018-MF-032/snapshots/current/production_adapters.py:1541	out-of-scope	ticket_plan.yaml:648-658	none mapped	unrepresented	out_of_scope_lexical_inventory		INFERRED exact-path scope; source not read
2156	"lexical hit not semantically classified: ""cap_raise_accept_path_offered"": accept_path,"	specs/.history/modular-fuzzing-epic/ticket-018-MF-032/snapshots/current/production_adapters.py:1549	out-of-scope	ticket_plan.yaml:648-658	none mapped	unrepresented	out_of_scope_lexical_inventory		INFERRED exact-path scope; source not read
2157	lexical hit not semantically classified: `justification_does_not_change_the_verdict`: two fixtures identical except	specs/.history/modular-fuzzing-epic/ticket-018-MF-032/snapshots/current/production_adapters.py:1565	out-of-scope	ticket_plan.yaml:648-658	none mapped	unrepresented	out_of_scope_lexical_inventory		INFERRED exact-path scope; source not read
2158	lexical hit not semantically classified: 3. `waiver_does_not_change_the_verdict` -- two catalogs identical except	specs/.history/modular-fuzzing-epic/ticket-018-MF-032/snapshots/current/production_adapters.py:1663	out-of-scope	ticket_plan.yaml:648-658	none mapped	unrepresented	out_of_scope_lexical_inventory		INFERRED exact-path scope; source not read
2159	"lexical hit not semantically classified: raise AssertionError(""current spec_manifest.yaml has no status.active_ticket"")"	specs/.history/modular-fuzzing-epic/ticket-018-MF-032/snapshots/current/tests/test_current_ticket_workflow.py:11	out-of-scope	ticket_plan.yaml:648-658	none mapped	unrepresented	out_of_scope_lexical_inventory		INFERRED exact-path scope; source not read
2160	lexical hit not semantically classified: with pytest.raises(AssertionError):	specs/.history/modular-fuzzing-epic/ticket-018-MF-032/snapshots/current/tests/test_tla_spec_dev_case_execution_run.py:109	out-of-scope	ticket_plan.yaml:648-658	none mapped	unrepresented	out_of_scope_lexical_inventory		INFERRED exact-path scope; source not read
2161	lexical hit not semantically classified: with pytest.raises(AssertionError):	specs/.history/modular-fuzzing-epic/ticket-018-MF-032/snapshots/current/tests/test_tla_spec_dev_case_execution_run.py:131	out-of-scope	ticket_plan.yaml:648-658	none mapped	unrepresented	out_of_scope_lexical_inventory		INFERRED exact-path scope; source not read
2162	lexical hit not semantically classified: with pytest.raises(AssertionError):	specs/.history/modular-fuzzing-epic/ticket-018-MF-032/snapshots/current/tests/test_tla_spec_dev_case_execution_run.py:153	out-of-scope	ticket_plan.yaml:648-658	none mapped	unrepresented	out_of_scope_lexical_inventory		INFERRED exact-path scope; source not read
2163	lexical hit not semantically classified: with pytest.raises(AssertionError):	specs/.history/modular-fuzzing-epic/ticket-018-MF-032/snapshots/current/tests/test_tla_spec_dev_case_execution_run.py:178	out-of-scope	ticket_plan.yaml:648-658	none mapped	unrepresented	out_of_scope_lexical_inventory		INFERRED exact-path scope; source not read
2164	lexical hit not semantically classified: # except-index recovery succeeds and the stage guard is what rejects it.	specs/.history/modular-fuzzing-epic/ticket-018-MF-032/snapshots/current/tests/test_tla_spec_dev_case_execution_run.py:187	out-of-scope	ticket_plan.yaml:648-658	none mapped	unrepresented	out_of_scope_lexical_inventory		INFERRED exact-path scope; source not read
2165	"lexical hit not semantically classified: assert result[""raised_cap_exit_code""] == 0, result[""stderr""]"	specs/.history/modular-fuzzing-epic/ticket-018-MF-032/snapshots/current/tests/test_tla_spec_dev_corpus_adapter.py:34	out-of-scope	ticket_plan.yaml:648-658	none mapped	unrepresented	out_of_scope_lexical_inventory		INFERRED exact-path scope; source not read
2166	"lexical hit not semantically classified: assert result[""cap_raise_accept_path_offered""] is True"	specs/.history/modular-fuzzing-epic/ticket-018-MF-032/snapshots/current/tests/test_tla_spec_dev_corpus_adapter.py:61	out-of-scope	ticket_plan.yaml:648-658	none mapped	unrepresented	out_of_scope_lexical_inventory		INFERRED exact-path scope; source not read
2167	lexical hit not semantically classified: directories identical except that one carries a recorded justification produce	specs/.history/modular-fuzzing-epic/ticket-018-MF-032/snapshots/current/tests/test_tla_spec_dev_effect_conformance_adapter.py:10	out-of-scope	ticket_plan.yaml:648-658	none mapped	unrepresented	out_of_scope_lexical_inventory		INFERRED exact-path scope; source not read
2168	lexical hit not semantically classified: with pytest.raises(AssertionError):	specs/.history/modular-fuzzing-epic/ticket-018-MF-032/snapshots/current/tests/test_tla_spec_dev_update_ticket_adapter.py:108	out-of-scope	ticket_plan.yaml:648-658	none mapped	unrepresented	out_of_scope_lexical_inventory		INFERRED exact-path scope; source not read
2169	lexical hit not semantically classified: with pytest.raises(AssertionError):	specs/.history/modular-fuzzing-epic/ticket-018-MF-032/snapshots/current/tests/test_tla_spec_dev_update_ticket_adapter.py:116	out-of-scope	ticket_plan.yaml:648-658	none mapped	unrepresented	out_of_scope_lexical_inventory		INFERRED exact-path scope; source not read
2170	lexical hit not semantically classified: with pytest.raises((AssertionError, pa.BeforeStateUnreachable)):	specs/.history/modular-fuzzing-epic/ticket-018-MF-032/snapshots/current/tests/test_tla_spec_dev_update_ticket_adapter.py:126	out-of-scope	ticket_plan.yaml:648-658	none mapped	unrepresented	out_of_scope_lexical_inventory		INFERRED exact-path scope; source not read
2171	"lexical hit not semantically classified: raise RuntimeError(""could not locate tla-spec-dev repository root"")"	specs/.history/modular-fuzzing-epic/ticket-018-MF-032/snapshots/desired_program_model/production_adapters.py:15	out-of-scope	ticket_plan.yaml:648-658	none mapped	unrepresented	out_of_scope_lexical_inventory		INFERRED exact-path scope; source not read
2172	"lexical hit not semantically classified: raise RuntimeError(""could not locate tla-spec-dev repository root"")"	specs/.history/modular-fuzzing-epic/ticket-018-MF-032/snapshots/program_model/production_adapters.py:15	out-of-scope	ticket_plan.yaml:648-658	none mapped	unrepresented	out_of_scope_lexical_inventory		INFERRED exact-path scope; source not read
2173	"lexical hit not semantically classified: raise RuntimeError(""could not locate tla-spec-dev repository root"")"	specs/.history/modular-fuzzing-epic/ticket-018-MF-032/ticket/current/adapter_case_runtime.py:30	out-of-scope	ticket_plan.yaml:648-658	none mapped	unrepresented	out_of_scope_lexical_inventory		INFERRED exact-path scope; source not read
2174	lexical hit not semantically classified: This is the honest failure mode for case execution and it is raised, never	specs/.history/modular-fuzzing-epic/ticket-018-MF-032/ticket/current/adapter_case_runtime.py:117	out-of-scope	ticket_plan.yaml:648-658	none mapped	unrepresented	out_of_scope_lexical_inventory		INFERRED exact-path scope; source not read
2175	"lexical hit not semantically classified: raise BeforeStateUnreachable(f""setup_phase {phase} is outside the modelled pipeline"")"	specs/.history/modular-fuzzing-epic/ticket-018-MF-032/ticket/current/adapter_case_runtime.py:142	out-of-scope	ticket_plan.yaml:648-658	none mapped	unrepresented	out_of_scope_lexical_inventory		INFERRED exact-path scope; source not read
2176	"lexical hit not semantically classified: raise BeforeStateUnreachable(f""no replay defined for {step}"")"	specs/.history/modular-fuzzing-epic/ticket-018-MF-032/ticket/current/adapter_case_runtime.py:175	out-of-scope	ticket_plan.yaml:648-658	none mapped	unrepresented	out_of_scope_lexical_inventory		INFERRED exact-path scope; source not read
2177	lexical hit not semantically classified: raise BeforeStateUnreachable(	specs/.history/modular-fuzzing-epic/ticket-018-MF-032/ticket/current/adapter_case_runtime.py:184	out-of-scope	ticket_plan.yaml:648-658	none mapped	unrepresented	out_of_scope_lexical_inventory		INFERRED exact-path scope; source not read
2178	"lexical hit not semantically classified: raise BeforeStateUnreachable(f""cannot record budgets before scaffold project: {manifest} missing"")"	specs/.history/modular-fuzzing-epic/ticket-018-MF-032/ticket/current/adapter_case_runtime.py:208	out-of-scope	ticket_plan.yaml:648-658	none mapped	unrepresented	out_of_scope_lexical_inventory		INFERRED exact-path scope; source not read
2179	"lexical hit not semantically classified: raise AssertionError(f""{getattr(case, 'name')}: projected after-state disagrees with the model -- {detail}"")"	specs/.history/modular-fuzzing-epic/ticket-018-MF-032/ticket/current/adapter_case_runtime.py:335	out-of-scope	ticket_plan.yaml:648-658	none mapped	unrepresented	out_of_scope_lexical_inventory		INFERRED exact-path scope; source not read
2180	"lexical hit not semantically classified: raise BeforeStateUnreachable(f""ticket plan missing at {plan_path}; workflow was not scaffolded"")"	specs/.history/modular-fuzzing-epic/ticket-018-MF-032/ticket/current/adapter_case_runtime.py:351	out-of-scope	ticket_plan.yaml:648-658	none mapped	unrepresented	out_of_scope_lexical_inventory		INFERRED exact-path scope; source not read
2181	"lexical hit not semantically classified: raise BeforeStateUnreachable(f""ticket {ticket!r} has no {tree} model to mark ready"")"	specs/.history/modular-fuzzing-epic/ticket-018-MF-032/ticket/current/adapter_case_runtime.py:381	out-of-scope	ticket_plan.yaml:648-658	none mapped	unrepresented	out_of_scope_lexical_inventory		INFERRED exact-path scope; source not read
2182	lexical hit not semantically classified: raise BeforeStateUnreachable(	specs/.history/modular-fuzzing-epic/ticket-018-MF-032/ticket/current/adapter_case_runtime.py:413	out-of-scope	ticket_plan.yaml:648-658	none mapped	unrepresented	out_of_scope_lexical_inventory		INFERRED exact-path scope; source not read
2183	lexical hit not semantically classified: raise BeforeStateUnreachable(	specs/.history/modular-fuzzing-epic/ticket-018-MF-032/ticket/current/adapter_case_runtime.py:423	out-of-scope	ticket_plan.yaml:648-658	none mapped	unrepresented	out_of_scope_lexical_inventory		INFERRED exact-path scope; source not read
2184	lexical hit not semantically classified: raise BeforeStateUnreachable(	specs/.history/modular-fuzzing-epic/ticket-018-MF-032/ticket/current/adapter_case_runtime.py:433	out-of-scope	ticket_plan.yaml:648-658	none mapped	unrepresented	out_of_scope_lexical_inventory		INFERRED exact-path scope; source not read
2185	lexical hit not semantically classified: def recover_ticket_except_index(case: object) -> str:	specs/.history/modular-fuzzing-epic/ticket-018-MF-032/ticket/current/adapter_case_runtime.py:480	out-of-scope	ticket_plan.yaml:648-658	none mapped	unrepresented	out_of_scope_lexical_inventory		INFERRED exact-path scope; source not read
2186	"lexical hit not semantically classified: """"""MF-029 except-index recovery of the `ticket` argument."	specs/.history/modular-fuzzing-epic/ticket-018-MF-032/ticket/current/adapter_case_runtime.py:481	out-of-scope	ticket_plan.yaml:648-658	none mapped	unrepresented	out_of_scope_lexical_inventory		INFERRED exact-path scope; source not read
2187	lexical hit not semantically classified: raise BeforeStateUnreachable(	specs/.history/modular-fuzzing-epic/ticket-018-MF-032/ticket/current/adapter_case_runtime.py:496	out-of-scope	ticket_plan.yaml:648-658	none mapped	unrepresented	out_of_scope_lexical_inventory		INFERRED exact-path scope; source not read
2188	lexical hit not semantically classified: recover_ticket_except_index,	specs/.history/modular-fuzzing-epic/ticket-018-MF-032/ticket/current/production_adapters.py:43	out-of-scope	ticket_plan.yaml:648-658	none mapped	unrepresented	out_of_scope_lexical_inventory		INFERRED exact-path scope; source not read
2189	lexical hit not semantically classified: 2. recovers the `ticket` argument by MF-029 except-index on `ticket_state`;	specs/.history/modular-fuzzing-epic/ticket-018-MF-032/ticket/current/production_adapters.py:62	out-of-scope	ticket_plan.yaml:648-658	none mapped	unrepresented	out_of_scope_lexical_inventory		INFERRED exact-path scope; source not read
2190	lexical hit not semantically classified: try:	specs/.history/modular-fuzzing-epic/ticket-018-MF-032/ticket/current/production_adapters.py:90	out-of-scope	ticket_plan.yaml:648-658	none mapped	unrepresented	out_of_scope_lexical_inventory		INFERRED exact-path scope; source not read
2191	lexical hit not semantically classified: ticket = recover_ticket_except_index(case)	specs/.history/modular-fuzzing-epic/ticket-018-MF-032/ticket/current/production_adapters.py:91	out-of-scope	ticket_plan.yaml:648-658	none mapped	unrepresented	out_of_scope_lexical_inventory		INFERRED exact-path scope; source not read
2192	lexical hit not semantically classified: except BeforeStateUnreachable as exc:	specs/.history/modular-fuzzing-epic/ticket-018-MF-032/ticket/current/production_adapters.py:92	out-of-scope	ticket_plan.yaml:648-658	none mapped	unrepresented	out_of_scope_lexical_inventory		INFERRED exact-path scope; source not read
2193	lexical hit not semantically classified: ticket = recover_ticket_except_index(case)	specs/.history/modular-fuzzing-epic/ticket-018-MF-032/ticket/current/production_adapters.py:109	out-of-scope	ticket_plan.yaml:648-658	none mapped	unrepresented	out_of_scope_lexical_inventory		INFERRED exact-path scope; source not read
2194	"lexical hit not semantically classified: raise AssertionError(f""{getattr(case, 'name')}: stutter changed state"")"	specs/.history/modular-fuzzing-epic/ticket-018-MF-032/ticket/current/production_adapters.py:184	out-of-scope	ticket_plan.yaml:648-658	none mapped	unrepresented	out_of_scope_lexical_inventory		INFERRED exact-path scope; source not read
2195	lexical hit not semantically classified: # recovered the same way UpdateTicket does it -- MF-029 except-index over the	specs/.history/modular-fuzzing-epic/ticket-018-MF-032/ticket/current/production_adapters.py:625	out-of-scope	ticket_plan.yaml:648-658	none mapped	unrepresented	out_of_scope_lexical_inventory		INFERRED exact-path scope; source not read
2196	lexical hit not semantically classified: try:	specs/.history/modular-fuzzing-epic/ticket-018-MF-032/ticket/current/production_adapters.py:636	out-of-scope	ticket_plan.yaml:648-658	none mapped	unrepresented	out_of_scope_lexical_inventory		INFERRED exact-path scope; source not read
2197	lexical hit not semantically classified: ticket = recover_ticket_except_index(case)	specs/.history/modular-fuzzing-epic/ticket-018-MF-032/ticket/current/production_adapters.py:637	out-of-scope	ticket_plan.yaml:648-658	none mapped	unrepresented	out_of_scope_lexical_inventory		INFERRED exact-path scope; source not read
2198	lexical hit not semantically classified: except BeforeStateUnreachable as exc:	specs/.history/modular-fuzzing-epic/ticket-018-MF-032/ticket/current/production_adapters.py:638	out-of-scope	ticket_plan.yaml:648-658	none mapped	unrepresented	out_of_scope_lexical_inventory		INFERRED exact-path scope; source not read
2199	lexical hit not semantically classified: ticket = recover_ticket_except_index(case)	specs/.history/modular-fuzzing-epic/ticket-018-MF-032/ticket/current/production_adapters.py:658	out-of-scope	ticket_plan.yaml:648-658	none mapped	unrepresented	out_of_scope_lexical_inventory		INFERRED exact-path scope; source not read
2200	"lexical hit not semantically classified: raise BeforeStateUnreachable(f""open ticket {ticket} failed: {opened.stderr[-600:]}"")"	specs/.history/modular-fuzzing-epic/ticket-018-MF-032/ticket/current/production_adapters.py:665	out-of-scope	ticket_plan.yaml:648-658	none mapped	unrepresented	out_of_scope_lexical_inventory		INFERRED exact-path scope; source not read
2201	"lexical hit not semantically classified: ""raised_cap_exit_code"": under.returncode,"	specs/.history/modular-fuzzing-epic/ticket-018-MF-032/ticket/current/production_adapters.py:1541	out-of-scope	ticket_plan.yaml:648-658	none mapped	unrepresented	out_of_scope_lexical_inventory		INFERRED exact-path scope; source not read
2202	"lexical hit not semantically classified: ""cap_raise_accept_path_offered"": accept_path,"	specs/.history/modular-fuzzing-epic/ticket-018-MF-032/ticket/current/production_adapters.py:1549	out-of-scope	ticket_plan.yaml:648-658	none mapped	unrepresented	out_of_scope_lexical_inventory		INFERRED exact-path scope; source not read
2203	lexical hit not semantically classified: `justification_does_not_change_the_verdict`: two fixtures identical except	specs/.history/modular-fuzzing-epic/ticket-018-MF-032/ticket/current/production_adapters.py:1565	out-of-scope	ticket_plan.yaml:648-658	none mapped	unrepresented	out_of_scope_lexical_inventory		INFERRED exact-path scope; source not read
2204	lexical hit not semantically classified: 3. `waiver_does_not_change_the_verdict` -- two catalogs identical except	specs/.history/modular-fuzzing-epic/ticket-018-MF-032/ticket/current/production_adapters.py:1663	out-of-scope	ticket_plan.yaml:648-658	none mapped	unrepresented	out_of_scope_lexical_inventory		INFERRED exact-path scope; source not read
2205	lexical hit not semantically classified: with pytest.raises(AssertionError):	specs/.history/modular-fuzzing-epic/ticket-018-MF-032/ticket/current/tests/test_tla_spec_dev_case_execution_run.py:109	out-of-scope	ticket_plan.yaml:648-658	none mapped	unrepresented	out_of_scope_lexical_inventory		INFERRED exact-path scope; source not read
2206	lexical hit not semantically classified: with pytest.raises(AssertionError):	specs/.history/modular-fuzzing-epic/ticket-018-MF-032/ticket/current/tests/test_tla_spec_dev_case_execution_run.py:131	out-of-scope	ticket_plan.yaml:648-658	none mapped	unrepresented	out_of_scope_lexical_inventory		INFERRED exact-path scope; source not read
2207	lexical hit not semantically classified: with pytest.raises(AssertionError):	specs/.history/modular-fuzzing-epic/ticket-018-MF-032/ticket/current/tests/test_tla_spec_dev_case_execution_run.py:153	out-of-scope	ticket_plan.yaml:648-658	none mapped	unrepresented	out_of_scope_lexical_inventory		INFERRED exact-path scope; source not read
2208	lexical hit not semantically classified: with pytest.raises(AssertionError):	specs/.history/modular-fuzzing-epic/ticket-018-MF-032/ticket/current/tests/test_tla_spec_dev_case_execution_run.py:178	out-of-scope	ticket_plan.yaml:648-658	none mapped	unrepresented	out_of_scope_lexical_inventory		INFERRED exact-path scope; source not read
2209	lexical hit not semantically classified: # except-index recovery succeeds and the stage guard is what rejects it.	specs/.history/modular-fuzzing-epic/ticket-018-MF-032/ticket/current/tests/test_tla_spec_dev_case_execution_run.py:187	out-of-scope	ticket_plan.yaml:648-658	none mapped	unrepresented	out_of_scope_lexical_inventory		INFERRED exact-path scope; source not read
2210	"lexical hit not semantically classified: assert result[""raised_cap_exit_code""] == 0, result[""stderr""]"	specs/.history/modular-fuzzing-epic/ticket-018-MF-032/ticket/current/tests/test_tla_spec_dev_corpus_adapter.py:34	out-of-scope	ticket_plan.yaml:648-658	none mapped	unrepresented	out_of_scope_lexical_inventory		INFERRED exact-path scope; source not read
2211	"lexical hit not semantically classified: assert result[""cap_raise_accept_path_offered""] is True"	specs/.history/modular-fuzzing-epic/ticket-018-MF-032/ticket/current/tests/test_tla_spec_dev_corpus_adapter.py:61	out-of-scope	ticket_plan.yaml:648-658	none mapped	unrepresented	out_of_scope_lexical_inventory		INFERRED exact-path scope; source not read
2212	lexical hit not semantically classified: directories identical except that one carries a recorded justification produce	specs/.history/modular-fuzzing-epic/ticket-018-MF-032/ticket/current/tests/test_tla_spec_dev_effect_conformance_adapter.py:10	out-of-scope	ticket_plan.yaml:648-658	none mapped	unrepresented	out_of_scope_lexical_inventory		INFERRED exact-path scope; source not read
2213	lexical hit not semantically classified: with pytest.raises(AssertionError):	specs/.history/modular-fuzzing-epic/ticket-018-MF-032/ticket/current/tests/test_tla_spec_dev_update_ticket_adapter.py:108	out-of-scope	ticket_plan.yaml:648-658	none mapped	unrepresented	out_of_scope_lexical_inventory		INFERRED exact-path scope; source not read
2214	lexical hit not semantically classified: with pytest.raises(AssertionError):	specs/.history/modular-fuzzing-epic/ticket-018-MF-032/ticket/current/tests/test_tla_spec_dev_update_ticket_adapter.py:116	out-of-scope	ticket_plan.yaml:648-658	none mapped	unrepresented	out_of_scope_lexical_inventory		INFERRED exact-path scope; source not read
2215	lexical hit not semantically classified: with pytest.raises((AssertionError, pa.BeforeStateUnreachable)):	specs/.history/modular-fuzzing-epic/ticket-018-MF-032/ticket/current/tests/test_tla_spec_dev_update_ticket_adapter.py:126	out-of-scope	ticket_plan.yaml:648-658	none mapped	unrepresented	out_of_scope_lexical_inventory		INFERRED exact-path scope; source not read
2216	"lexical hit not semantically classified: raise RuntimeError(""could not locate tla-spec-dev repository root"")"	specs/.history/modular-fuzzing-epic/ticket-018-MF-032/ticket/desired/adapter_case_runtime.py:30	out-of-scope	ticket_plan.yaml:648-658	none mapped	unrepresented	out_of_scope_lexical_inventory		INFERRED exact-path scope; source not read
2217	lexical hit not semantically classified: This is the honest failure mode for case execution and it is raised, never	specs/.history/modular-fuzzing-epic/ticket-018-MF-032/ticket/desired/adapter_case_runtime.py:117	out-of-scope	ticket_plan.yaml:648-658	none mapped	unrepresented	out_of_scope_lexical_inventory		INFERRED exact-path scope; source not read
2218	"lexical hit not semantically classified: raise BeforeStateUnreachable(f""setup_phase {phase} is outside the modelled pipeline"")"	specs/.history/modular-fuzzing-epic/ticket-018-MF-032/ticket/desired/adapter_case_runtime.py:142	out-of-scope	ticket_plan.yaml:648-658	none mapped	unrepresented	out_of_scope_lexical_inventory		INFERRED exact-path scope; source not read
2219	"lexical hit not semantically classified: raise BeforeStateUnreachable(f""no replay defined for {step}"")"	specs/.history/modular-fuzzing-epic/ticket-018-MF-032/ticket/desired/adapter_case_runtime.py:175	out-of-scope	ticket_plan.yaml:648-658	none mapped	unrepresented	out_of_scope_lexical_inventory		INFERRED exact-path scope; source not read
2220	lexical hit not semantically classified: raise BeforeStateUnreachable(	specs/.history/modular-fuzzing-epic/ticket-018-MF-032/ticket/desired/adapter_case_runtime.py:184	out-of-scope	ticket_plan.yaml:648-658	none mapped	unrepresented	out_of_scope_lexical_inventory		INFERRED exact-path scope; source not read
2221	"lexical hit not semantically classified: raise BeforeStateUnreachable(f""cannot record budgets before scaffold project: {manifest} missing"")"	specs/.history/modular-fuzzing-epic/ticket-018-MF-032/ticket/desired/adapter_case_runtime.py:208	out-of-scope	ticket_plan.yaml:648-658	none mapped	unrepresented	out_of_scope_lexical_inventory		INFERRED exact-path scope; source not read
2222	"lexical hit not semantically classified: raise AssertionError(f""{getattr(case, 'name')}: projected after-state disagrees with the model -- {detail}"")"	specs/.history/modular-fuzzing-epic/ticket-018-MF-032/ticket/desired/adapter_case_runtime.py:335	out-of-scope	ticket_plan.yaml:648-658	none mapped	unrepresented	out_of_scope_lexical_inventory		INFERRED exact-path scope; source not read
2223	"lexical hit not semantically classified: raise BeforeStateUnreachable(f""ticket plan missing at {plan_path}; workflow was not scaffolded"")"	specs/.history/modular-fuzzing-epic/ticket-018-MF-032/ticket/desired/adapter_case_runtime.py:351	out-of-scope	ticket_plan.yaml:648-658	none mapped	unrepresented	out_of_scope_lexical_inventory		INFERRED exact-path scope; source not read
2224	"lexical hit not semantically classified: raise BeforeStateUnreachable(f""ticket {ticket!r} has no {tree} model to mark ready"")"	specs/.history/modular-fuzzing-epic/ticket-018-MF-032/ticket/desired/adapter_case_runtime.py:381	out-of-scope	ticket_plan.yaml:648-658	none mapped	unrepresented	out_of_scope_lexical_inventory		INFERRED exact-path scope; source not read
2225	lexical hit not semantically classified: raise BeforeStateUnreachable(	specs/.history/modular-fuzzing-epic/ticket-018-MF-032/ticket/desired/adapter_case_runtime.py:413	out-of-scope	ticket_plan.yaml:648-658	none mapped	unrepresented	out_of_scope_lexical_inventory		INFERRED exact-path scope; source not read
2226	lexical hit not semantically classified: raise BeforeStateUnreachable(	specs/.history/modular-fuzzing-epic/ticket-018-MF-032/ticket/desired/adapter_case_runtime.py:423	out-of-scope	ticket_plan.yaml:648-658	none mapped	unrepresented	out_of_scope_lexical_inventory		INFERRED exact-path scope; source not read
2227	lexical hit not semantically classified: raise BeforeStateUnreachable(	specs/.history/modular-fuzzing-epic/ticket-018-MF-032/ticket/desired/adapter_case_runtime.py:433	out-of-scope	ticket_plan.yaml:648-658	none mapped	unrepresented	out_of_scope_lexical_inventory		INFERRED exact-path scope; source not read
2228	lexical hit not semantically classified: def recover_ticket_except_index(case: object) -> str:	specs/.history/modular-fuzzing-epic/ticket-018-MF-032/ticket/desired/adapter_case_runtime.py:480	out-of-scope	ticket_plan.yaml:648-658	none mapped	unrepresented	out_of_scope_lexical_inventory		INFERRED exact-path scope; source not read
2229	"lexical hit not semantically classified: """"""MF-029 except-index recovery of the `ticket` argument."	specs/.history/modular-fuzzing-epic/ticket-018-MF-032/ticket/desired/adapter_case_runtime.py:481	out-of-scope	ticket_plan.yaml:648-658	none mapped	unrepresented	out_of_scope_lexical_inventory		INFERRED exact-path scope; source not read
2230	lexical hit not semantically classified: raise BeforeStateUnreachable(	specs/.history/modular-fuzzing-epic/ticket-018-MF-032/ticket/desired/adapter_case_runtime.py:496	out-of-scope	ticket_plan.yaml:648-658	none mapped	unrepresented	out_of_scope_lexical_inventory		INFERRED exact-path scope; source not read
2231	lexical hit not semantically classified: recover_ticket_except_index,	specs/.history/modular-fuzzing-epic/ticket-018-MF-032/ticket/desired/production_adapters.py:43	out-of-scope	ticket_plan.yaml:648-658	none mapped	unrepresented	out_of_scope_lexical_inventory		INFERRED exact-path scope; source not read
2232	lexical hit not semantically classified: 2. recovers the `ticket` argument by MF-029 except-index on `ticket_state`;	specs/.history/modular-fuzzing-epic/ticket-018-MF-032/ticket/desired/production_adapters.py:62	out-of-scope	ticket_plan.yaml:648-658	none mapped	unrepresented	out_of_scope_lexical_inventory		INFERRED exact-path scope; source not read
2233	lexical hit not semantically classified: try:	specs/.history/modular-fuzzing-epic/ticket-018-MF-032/ticket/desired/production_adapters.py:90	out-of-scope	ticket_plan.yaml:648-658	none mapped	unrepresented	out_of_scope_lexical_inventory		INFERRED exact-path scope; source not read
2234	lexical hit not semantically classified: ticket = recover_ticket_except_index(case)	specs/.history/modular-fuzzing-epic/ticket-018-MF-032/ticket/desired/production_adapters.py:91	out-of-scope	ticket_plan.yaml:648-658	none mapped	unrepresented	out_of_scope_lexical_inventory		INFERRED exact-path scope; source not read
2235	lexical hit not semantically classified: except BeforeStateUnreachable as exc:	specs/.history/modular-fuzzing-epic/ticket-018-MF-032/ticket/desired/production_adapters.py:92	out-of-scope	ticket_plan.yaml:648-658	none mapped	unrepresented	out_of_scope_lexical_inventory		INFERRED exact-path scope; source not read
2236	lexical hit not semantically classified: ticket = recover_ticket_except_index(case)	specs/.history/modular-fuzzing-epic/ticket-018-MF-032/ticket/desired/production_adapters.py:109	out-of-scope	ticket_plan.yaml:648-658	none mapped	unrepresented	out_of_scope_lexical_inventory		INFERRED exact-path scope; source not read
2237	"lexical hit not semantically classified: raise AssertionError(f""{getattr(case, 'name')}: stutter changed state"")"	specs/.history/modular-fuzzing-epic/ticket-018-MF-032/ticket/desired/production_adapters.py:184	out-of-scope	ticket_plan.yaml:648-658	none mapped	unrepresented	out_of_scope_lexical_inventory		INFERRED exact-path scope; source not read
2238	lexical hit not semantically classified: # recovered the same way UpdateTicket does it -- MF-029 except-index over the	specs/.history/modular-fuzzing-epic/ticket-018-MF-032/ticket/desired/production_adapters.py:625	out-of-scope	ticket_plan.yaml:648-658	none mapped	unrepresented	out_of_scope_lexical_inventory		INFERRED exact-path scope; source not read
2239	lexical hit not semantically classified: try:	specs/.history/modular-fuzzing-epic/ticket-018-MF-032/ticket/desired/production_adapters.py:636	out-of-scope	ticket_plan.yaml:648-658	none mapped	unrepresented	out_of_scope_lexical_inventory		INFERRED exact-path scope; source not read
2240	lexical hit not semantically classified: ticket = recover_ticket_except_index(case)	specs/.history/modular-fuzzing-epic/ticket-018-MF-032/ticket/desired/production_adapters.py:637	out-of-scope	ticket_plan.yaml:648-658	none mapped	unrepresented	out_of_scope_lexical_inventory		INFERRED exact-path scope; source not read
2241	lexical hit not semantically classified: except BeforeStateUnreachable as exc:	specs/.history/modular-fuzzing-epic/ticket-018-MF-032/ticket/desired/production_adapters.py:638	out-of-scope	ticket_plan.yaml:648-658	none mapped	unrepresented	out_of_scope_lexical_inventory		INFERRED exact-path scope; source not read
2242	lexical hit not semantically classified: ticket = recover_ticket_except_index(case)	specs/.history/modular-fuzzing-epic/ticket-018-MF-032/ticket/desired/production_adapters.py:658	out-of-scope	ticket_plan.yaml:648-658	none mapped	unrepresented	out_of_scope_lexical_inventory		INFERRED exact-path scope; source not read
2243	"lexical hit not semantically classified: raise BeforeStateUnreachable(f""open ticket {ticket} failed: {opened.stderr[-600:]}"")"	specs/.history/modular-fuzzing-epic/ticket-018-MF-032/ticket/desired/production_adapters.py:665	out-of-scope	ticket_plan.yaml:648-658	none mapped	unrepresented	out_of_scope_lexical_inventory		INFERRED exact-path scope; source not read
2244	"lexical hit not semantically classified: ""raised_cap_exit_code"": under.returncode,"	specs/.history/modular-fuzzing-epic/ticket-018-MF-032/ticket/desired/production_adapters.py:1541	out-of-scope	ticket_plan.yaml:648-658	none mapped	unrepresented	out_of_scope_lexical_inventory		INFERRED exact-path scope; source not read
2245	"lexical hit not semantically classified: ""cap_raise_accept_path_offered"": accept_path,"	specs/.history/modular-fuzzing-epic/ticket-018-MF-032/ticket/desired/production_adapters.py:1549	out-of-scope	ticket_plan.yaml:648-658	none mapped	unrepresented	out_of_scope_lexical_inventory		INFERRED exact-path scope; source not read
2246	lexical hit not semantically classified: `justification_does_not_change_the_verdict`: two fixtures identical except	specs/.history/modular-fuzzing-epic/ticket-018-MF-032/ticket/desired/production_adapters.py:1565	out-of-scope	ticket_plan.yaml:648-658	none mapped	unrepresented	out_of_scope_lexical_inventory		INFERRED exact-path scope; source not read
2247	lexical hit not semantically classified: 3. `waiver_does_not_change_the_verdict` -- two catalogs identical except	specs/.history/modular-fuzzing-epic/ticket-018-MF-032/ticket/desired/production_adapters.py:1663	out-of-scope	ticket_plan.yaml:648-658	none mapped	unrepresented	out_of_scope_lexical_inventory		INFERRED exact-path scope; source not read
2248	lexical hit not semantically classified: with pytest.raises(AssertionError):	specs/.history/modular-fuzzing-epic/ticket-018-MF-032/ticket/desired/tests/test_tla_spec_dev_case_execution_run.py:109	out-of-scope	ticket_plan.yaml:648-658	none mapped	unrepresented	out_of_scope_lexical_inventory		INFERRED exact-path scope; source not read
2249	lexical hit not semantically classified: with pytest.raises(AssertionError):	specs/.history/modular-fuzzing-epic/ticket-018-MF-032/ticket/desired/tests/test_tla_spec_dev_case_execution_run.py:131	out-of-scope	ticket_plan.yaml:648-658	none mapped	unrepresented	out_of_scope_lexical_inventory		INFERRED exact-path scope; source not read
2250	lexical hit not semantically classified: with pytest.raises(AssertionError):	specs/.history/modular-fuzzing-epic/ticket-018-MF-032/ticket/desired/tests/test_tla_spec_dev_case_execution_run.py:153	out-of-scope	ticket_plan.yaml:648-658	none mapped	unrepresented	out_of_scope_lexical_inventory		INFERRED exact-path scope; source not read
2251	lexical hit not semantically classified: with pytest.raises(AssertionError):	specs/.history/modular-fuzzing-epic/ticket-018-MF-032/ticket/desired/tests/test_tla_spec_dev_case_execution_run.py:178	out-of-scope	ticket_plan.yaml:648-658	none mapped	unrepresented	out_of_scope_lexical_inventory		INFERRED exact-path scope; source not read
2252	lexical hit not semantically classified: # except-index recovery succeeds and the stage guard is what rejects it.	specs/.history/modular-fuzzing-epic/ticket-018-MF-032/ticket/desired/tests/test_tla_spec_dev_case_execution_run.py:187	out-of-scope	ticket_plan.yaml:648-658	none mapped	unrepresented	out_of_scope_lexical_inventory		INFERRED exact-path scope; source not read
2253	"lexical hit not semantically classified: assert result[""raised_cap_exit_code""] == 0, result[""stderr""]"	specs/.history/modular-fuzzing-epic/ticket-018-MF-032/ticket/desired/tests/test_tla_spec_dev_corpus_adapter.py:34	out-of-scope	ticket_plan.yaml:648-658	none mapped	unrepresented	out_of_scope_lexical_inventory		INFERRED exact-path scope; source not read
2254	"lexical hit not semantically classified: assert result[""cap_raise_accept_path_offered""] is True"	specs/.history/modular-fuzzing-epic/ticket-018-MF-032/ticket/desired/tests/test_tla_spec_dev_corpus_adapter.py:61	out-of-scope	ticket_plan.yaml:648-658	none mapped	unrepresented	out_of_scope_lexical_inventory		INFERRED exact-path scope; source not read
2255	lexical hit not semantically classified: directories identical except that one carries a recorded justification produce	specs/.history/modular-fuzzing-epic/ticket-018-MF-032/ticket/desired/tests/test_tla_spec_dev_effect_conformance_adapter.py:10	out-of-scope	ticket_plan.yaml:648-658	none mapped	unrepresented	out_of_scope_lexical_inventory		INFERRED exact-path scope; source not read
2256	lexical hit not semantically classified: with pytest.raises(AssertionError):	specs/.history/modular-fuzzing-epic/ticket-018-MF-032/ticket/desired/tests/test_tla_spec_dev_update_ticket_adapter.py:108	out-of-scope	ticket_plan.yaml:648-658	none mapped	unrepresented	out_of_scope_lexical_inventory		INFERRED exact-path scope; source not read
2257	lexical hit not semantically classified: with pytest.raises(AssertionError):	specs/.history/modular-fuzzing-epic/ticket-018-MF-032/ticket/desired/tests/test_tla_spec_dev_update_ticket_adapter.py:116	out-of-scope	ticket_plan.yaml:648-658	none mapped	unrepresented	out_of_scope_lexical_inventory		INFERRED exact-path scope; source not read
2258	lexical hit not semantically classified: with pytest.raises((AssertionError, pa.BeforeStateUnreachable)):	specs/.history/modular-fuzzing-epic/ticket-018-MF-032/ticket/desired/tests/test_tla_spec_dev_update_ticket_adapter.py:126	out-of-scope	ticket_plan.yaml:648-658	none mapped	unrepresented	out_of_scope_lexical_inventory		INFERRED exact-path scope; source not read
2259	lexical hit not semantically classified: try:	specs/.history/modular-fuzzing-epic/ticket-018-MF-032/ticket/results/capture_projection.py:37	out-of-scope	ticket_plan.yaml:648-658	none mapped	unrepresented	out_of_scope_lexical_inventory		INFERRED exact-path scope; source not read
2260	lexical hit not semantically classified: except (AssertionError, pa.BeforeStateUnreachable) as e:	specs/.history/modular-fuzzing-epic/ticket-018-MF-032/ticket/results/capture_projection.py:40	out-of-scope	ticket_plan.yaml:648-658	none mapped	unrepresented	out_of_scope_lexical_inventory		INFERRED exact-path scope; source not read
2261	"lexical hit not semantically classified: raise RuntimeError(""could not locate tla-spec-dev repository root"")"	specs/.history/modular-fuzzing-epic/ticket-019-MF-033/snapshots/current/adapter_case_runtime.py:30	out-of-scope	ticket_plan.yaml:648-658	none mapped	unrepresented	out_of_scope_lexical_inventory		INFERRED exact-path scope; source not read
2262	lexical hit not semantically classified: This is the honest failure mode for case execution and it is raised, never	specs/.history/modular-fuzzing-epic/ticket-019-MF-033/snapshots/current/adapter_case_runtime.py:117	out-of-scope	ticket_plan.yaml:648-658	none mapped	unrepresented	out_of_scope_lexical_inventory		INFERRED exact-path scope; source not read
2263	"lexical hit not semantically classified: raise BeforeStateUnreachable(f""setup_phase {phase} is outside the modelled pipeline"")"	specs/.history/modular-fuzzing-epic/ticket-019-MF-033/snapshots/current/adapter_case_runtime.py:142	out-of-scope	ticket_plan.yaml:648-658	none mapped	unrepresented	out_of_scope_lexical_inventory		INFERRED exact-path scope; source not read
2264	"lexical hit not semantically classified: raise BeforeStateUnreachable(f""no replay defined for {step}"")"	specs/.history/modular-fuzzing-epic/ticket-019-MF-033/snapshots/current/adapter_case_runtime.py:175	out-of-scope	ticket_plan.yaml:648-658	none mapped	unrepresented	out_of_scope_lexical_inventory		INFERRED exact-path scope; source not read
2265	lexical hit not semantically classified: raise BeforeStateUnreachable(	specs/.history/modular-fuzzing-epic/ticket-019-MF-033/snapshots/current/adapter_case_runtime.py:184	out-of-scope	ticket_plan.yaml:648-658	none mapped	unrepresented	out_of_scope_lexical_inventory		INFERRED exact-path scope; source not read
2266	"lexical hit not semantically classified: raise BeforeStateUnreachable(f""cannot record budgets before scaffold project: {manifest} missing"")"	specs/.history/modular-fuzzing-epic/ticket-019-MF-033/snapshots/current/adapter_case_runtime.py:208	out-of-scope	ticket_plan.yaml:648-658	none mapped	unrepresented	out_of_scope_lexical_inventory		INFERRED exact-path scope; source not read
2267	"lexical hit not semantically classified: raise AssertionError(f""{getattr(case, 'name')}: projected after-state disagrees with the model -- {detail}"")"	specs/.history/modular-fuzzing-epic/ticket-019-MF-033/snapshots/current/adapter_case_runtime.py:335	out-of-scope	ticket_plan.yaml:648-658	none mapped	unrepresented	out_of_scope_lexical_inventory		INFERRED exact-path scope; source not read
2268	"lexical hit not semantically classified: raise BeforeStateUnreachable(f""ticket plan missing at {plan_path}; workflow was not scaffolded"")"	specs/.history/modular-fuzzing-epic/ticket-019-MF-033/snapshots/current/adapter_case_runtime.py:351	out-of-scope	ticket_plan.yaml:648-658	none mapped	unrepresented	out_of_scope_lexical_inventory		INFERRED exact-path scope; source not read
2269	"lexical hit not semantically classified: raise BeforeStateUnreachable(f""ticket {ticket!r} has no {tree} model to mark ready"")"	specs/.history/modular-fuzzing-epic/ticket-019-MF-033/snapshots/current/adapter_case_runtime.py:381	out-of-scope	ticket_plan.yaml:648-658	none mapped	unrepresented	out_of_scope_lexical_inventory		INFERRED exact-path scope; source not read
2270	lexical hit not semantically classified: raise BeforeStateUnreachable(	specs/.history/modular-fuzzing-epic/ticket-019-MF-033/snapshots/current/adapter_case_runtime.py:413	out-of-scope	ticket_plan.yaml:648-658	none mapped	unrepresented	out_of_scope_lexical_inventory		INFERRED exact-path scope; source not read
2271	lexical hit not semantically classified: raise BeforeStateUnreachable(	specs/.history/modular-fuzzing-epic/ticket-019-MF-033/snapshots/current/adapter_case_runtime.py:423	out-of-scope	ticket_plan.yaml:648-658	none mapped	unrepresented	out_of_scope_lexical_inventory		INFERRED exact-path scope; source not read
2272	lexical hit not semantically classified: raise BeforeStateUnreachable(	specs/.history/modular-fuzzing-epic/ticket-019-MF-033/snapshots/current/adapter_case_runtime.py:433	out-of-scope	ticket_plan.yaml:648-658	none mapped	unrepresented	out_of_scope_lexical_inventory		INFERRED exact-path scope; source not read
2273	lexical hit not semantically classified: def recover_ticket_except_index(case: object) -> str:	specs/.history/modular-fuzzing-epic/ticket-019-MF-033/snapshots/current/adapter_case_runtime.py:480	out-of-scope	ticket_plan.yaml:648-658	none mapped	unrepresented	out_of_scope_lexical_inventory		INFERRED exact-path scope; source not read
2274	"lexical hit not semantically classified: """"""MF-029 except-index recovery of the `ticket` argument."	specs/.history/modular-fuzzing-epic/ticket-019-MF-033/snapshots/current/adapter_case_runtime.py:481	out-of-scope	ticket_plan.yaml:648-658	none mapped	unrepresented	out_of_scope_lexical_inventory		INFERRED exact-path scope; source not read
2275	lexical hit not semantically classified: raise BeforeStateUnreachable(	specs/.history/modular-fuzzing-epic/ticket-019-MF-033/snapshots/current/adapter_case_runtime.py:496	out-of-scope	ticket_plan.yaml:648-658	none mapped	unrepresented	out_of_scope_lexical_inventory		INFERRED exact-path scope; source not read
2276	lexical hit not semantically classified: recover_ticket_except_index,	specs/.history/modular-fuzzing-epic/ticket-019-MF-033/snapshots/current/production_adapters.py:43	out-of-scope	ticket_plan.yaml:648-658	none mapped	unrepresented	out_of_scope_lexical_inventory		INFERRED exact-path scope; source not read
2277	lexical hit not semantically classified: 2. recovers the `ticket` argument by MF-029 except-index on `ticket_state`;	specs/.history/modular-fuzzing-epic/ticket-019-MF-033/snapshots/current/production_adapters.py:62	out-of-scope	ticket_plan.yaml:648-658	none mapped	unrepresented	out_of_scope_lexical_inventory		INFERRED exact-path scope; source not read
2278	lexical hit not semantically classified: try:	specs/.history/modular-fuzzing-epic/ticket-019-MF-033/snapshots/current/production_adapters.py:90	out-of-scope	ticket_plan.yaml:648-658	none mapped	unrepresented	out_of_scope_lexical_inventory		INFERRED exact-path scope; source not read
2279	lexical hit not semantically classified: ticket = recover_ticket_except_index(case)	specs/.history/modular-fuzzing-epic/ticket-019-MF-033/snapshots/current/production_adapters.py:91	out-of-scope	ticket_plan.yaml:648-658	none mapped	unrepresented	out_of_scope_lexical_inventory		INFERRED exact-path scope; source not read
2280	lexical hit not semantically classified: except BeforeStateUnreachable as exc:	specs/.history/modular-fuzzing-epic/ticket-019-MF-033/snapshots/current/production_adapters.py:92	out-of-scope	ticket_plan.yaml:648-658	none mapped	unrepresented	out_of_scope_lexical_inventory		INFERRED exact-path scope; source not read
2281	lexical hit not semantically classified: ticket = recover_ticket_except_index(case)	specs/.history/modular-fuzzing-epic/ticket-019-MF-033/snapshots/current/production_adapters.py:109	out-of-scope	ticket_plan.yaml:648-658	none mapped	unrepresented	out_of_scope_lexical_inventory		INFERRED exact-path scope; source not read
2282	"lexical hit not semantically classified: raise AssertionError(f""{getattr(case, 'name')}: stutter changed state"")"	specs/.history/modular-fuzzing-epic/ticket-019-MF-033/snapshots/current/production_adapters.py:184	out-of-scope	ticket_plan.yaml:648-658	none mapped	unrepresented	out_of_scope_lexical_inventory		INFERRED exact-path scope; source not read
2283	lexical hit not semantically classified: # recovered the same way UpdateTicket does it -- MF-029 except-index over the	specs/.history/modular-fuzzing-epic/ticket-019-MF-033/snapshots/current/production_adapters.py:625	out-of-scope	ticket_plan.yaml:648-658	none mapped	unrepresented	out_of_scope_lexical_inventory		INFERRED exact-path scope; source not read
2284	lexical hit not semantically classified: try:	specs/.history/modular-fuzzing-epic/ticket-019-MF-033/snapshots/current/production_adapters.py:636	out-of-scope	ticket_plan.yaml:648-658	none mapped	unrepresented	out_of_scope_lexical_inventory		INFERRED exact-path scope; source not read
2285	lexical hit not semantically classified: ticket = recover_ticket_except_index(case)	specs/.history/modular-fuzzing-epic/ticket-019-MF-033/snapshots/current/production_adapters.py:637	out-of-scope	ticket_plan.yaml:648-658	none mapped	unrepresented	out_of_scope_lexical_inventory		INFERRED exact-path scope; source not read
2286	lexical hit not semantically classified: except BeforeStateUnreachable as exc:	specs/.history/modular-fuzzing-epic/ticket-019-MF-033/snapshots/current/production_adapters.py:638	out-of-scope	ticket_plan.yaml:648-658	none mapped	unrepresented	out_of_scope_lexical_inventory		INFERRED exact-path scope; source not read
2287	lexical hit not semantically classified: ticket = recover_ticket_except_index(case)	specs/.history/modular-fuzzing-epic/ticket-019-MF-033/snapshots/current/production_adapters.py:658	out-of-scope	ticket_plan.yaml:648-658	none mapped	unrepresented	out_of_scope_lexical_inventory		INFERRED exact-path scope; source not read
2288	"lexical hit not semantically classified: raise BeforeStateUnreachable(f""open ticket {ticket} failed: {opened.stderr[-600:]}"")"	specs/.history/modular-fuzzing-epic/ticket-019-MF-033/snapshots/current/production_adapters.py:665	out-of-scope	ticket_plan.yaml:648-658	none mapped	unrepresented	out_of_scope_lexical_inventory		INFERRED exact-path scope; source not read
2289	"lexical hit not semantically classified: ""raised_cap_exit_code"": under.returncode,"	specs/.history/modular-fuzzing-epic/ticket-019-MF-033/snapshots/current/production_adapters.py:1541	out-of-scope	ticket_plan.yaml:648-658	none mapped	unrepresented	out_of_scope_lexical_inventory		INFERRED exact-path scope; source not read
2290	"lexical hit not semantically classified: ""cap_raise_accept_path_offered"": accept_path,"	specs/.history/modular-fuzzing-epic/ticket-019-MF-033/snapshots/current/production_adapters.py:1549	out-of-scope	ticket_plan.yaml:648-658	none mapped	unrepresented	out_of_scope_lexical_inventory		INFERRED exact-path scope; source not read
2291	lexical hit not semantically classified: `justification_does_not_change_the_verdict`: two fixtures identical except	specs/.history/modular-fuzzing-epic/ticket-019-MF-033/snapshots/current/production_adapters.py:1565	out-of-scope	ticket_plan.yaml:648-658	none mapped	unrepresented	out_of_scope_lexical_inventory		INFERRED exact-path scope; source not read
2292	lexical hit not semantically classified: 3. `waiver_does_not_change_the_verdict` -- two catalogs identical except	specs/.history/modular-fuzzing-epic/ticket-019-MF-033/snapshots/current/production_adapters.py:1663	out-of-scope	ticket_plan.yaml:648-658	none mapped	unrepresented	out_of_scope_lexical_inventory		INFERRED exact-path scope; source not read
2293	"lexical hit not semantically classified: raise AssertionError(""current spec_manifest.yaml has no status.active_ticket"")"	specs/.history/modular-fuzzing-epic/ticket-019-MF-033/snapshots/current/tests/test_current_ticket_workflow.py:11	out-of-scope	ticket_plan.yaml:648-658	none mapped	unrepresented	out_of_scope_lexical_inventory		INFERRED exact-path scope; source not read
2294	lexical hit not semantically classified: with pytest.raises(AssertionError):	specs/.history/modular-fuzzing-epic/ticket-019-MF-033/snapshots/current/tests/test_tla_spec_dev_case_execution_run.py:109	out-of-scope	ticket_plan.yaml:648-658	none mapped	unrepresented	out_of_scope_lexical_inventory		INFERRED exact-path scope; source not read
2295	lexical hit not semantically classified: with pytest.raises(AssertionError):	specs/.history/modular-fuzzing-epic/ticket-019-MF-033/snapshots/current/tests/test_tla_spec_dev_case_execution_run.py:131	out-of-scope	ticket_plan.yaml:648-658	none mapped	unrepresented	out_of_scope_lexical_inventory		INFERRED exact-path scope; source not read
2296	lexical hit not semantically classified: with pytest.raises(AssertionError):	specs/.history/modular-fuzzing-epic/ticket-019-MF-033/snapshots/current/tests/test_tla_spec_dev_case_execution_run.py:153	out-of-scope	ticket_plan.yaml:648-658	none mapped	unrepresented	out_of_scope_lexical_inventory		INFERRED exact-path scope; source not read
2297	lexical hit not semantically classified: with pytest.raises(AssertionError):	specs/.history/modular-fuzzing-epic/ticket-019-MF-033/snapshots/current/tests/test_tla_spec_dev_case_execution_run.py:178	out-of-scope	ticket_plan.yaml:648-658	none mapped	unrepresented	out_of_scope_lexical_inventory		INFERRED exact-path scope; source not read
2298	lexical hit not semantically classified: # except-index recovery succeeds and the stage guard is what rejects it.	specs/.history/modular-fuzzing-epic/ticket-019-MF-033/snapshots/current/tests/test_tla_spec_dev_case_execution_run.py:187	out-of-scope	ticket_plan.yaml:648-658	none mapped	unrepresented	out_of_scope_lexical_inventory		INFERRED exact-path scope; source not read
2299	"lexical hit not semantically classified: assert result[""raised_cap_exit_code""] == 0, result[""stderr""]"	specs/.history/modular-fuzzing-epic/ticket-019-MF-033/snapshots/current/tests/test_tla_spec_dev_corpus_adapter.py:34	out-of-scope	ticket_plan.yaml:648-658	none mapped	unrepresented	out_of_scope_lexical_inventory		INFERRED exact-path scope; source not read
2300	"lexical hit not semantically classified: assert result[""cap_raise_accept_path_offered""] is True"	specs/.history/modular-fuzzing-epic/ticket-019-MF-033/snapshots/current/tests/test_tla_spec_dev_corpus_adapter.py:61	out-of-scope	ticket_plan.yaml:648-658	none mapped	unrepresented	out_of_scope_lexical_inventory		INFERRED exact-path scope; source not read
2301	lexical hit not semantically classified: directories identical except that one carries a recorded justification produce	specs/.history/modular-fuzzing-epic/ticket-019-MF-033/snapshots/current/tests/test_tla_spec_dev_effect_conformance_adapter.py:10	out-of-scope	ticket_plan.yaml:648-658	none mapped	unrepresented	out_of_scope_lexical_inventory		INFERRED exact-path scope; source not read
2302	lexical hit not semantically classified: with pytest.raises(AssertionError):	specs/.history/modular-fuzzing-epic/ticket-019-MF-033/snapshots/current/tests/test_tla_spec_dev_update_ticket_adapter.py:108	out-of-scope	ticket_plan.yaml:648-658	none mapped	unrepresented	out_of_scope_lexical_inventory		INFERRED exact-path scope; source not read
2303	lexical hit not semantically classified: with pytest.raises(AssertionError):	specs/.history/modular-fuzzing-epic/ticket-019-MF-033/snapshots/current/tests/test_tla_spec_dev_update_ticket_adapter.py:116	out-of-scope	ticket_plan.yaml:648-658	none mapped	unrepresented	out_of_scope_lexical_inventory		INFERRED exact-path scope; source not read
2304	lexical hit not semantically classified: with pytest.raises((AssertionError, pa.BeforeStateUnreachable)):	specs/.history/modular-fuzzing-epic/ticket-019-MF-033/snapshots/current/tests/test_tla_spec_dev_update_ticket_adapter.py:126	out-of-scope	ticket_plan.yaml:648-658	none mapped	unrepresented	out_of_scope_lexical_inventory		INFERRED exact-path scope; source not read
2305	"lexical hit not semantically classified: raise RuntimeError(""could not locate tla-spec-dev repository root"")"	specs/.history/modular-fuzzing-epic/ticket-019-MF-033/snapshots/desired_program_model/production_adapters.py:15	out-of-scope	ticket_plan.yaml:648-658	none mapped	unrepresented	out_of_scope_lexical_inventory		INFERRED exact-path scope; source not read
2306	"lexical hit not semantically classified: raise RuntimeError(""could not locate tla-spec-dev repository root"")"	specs/.history/modular-fuzzing-epic/ticket-019-MF-033/snapshots/program_model/production_adapters.py:15	out-of-scope	ticket_plan.yaml:648-658	none mapped	unrepresented	out_of_scope_lexical_inventory		INFERRED exact-path scope; source not read
2307	"lexical hit not semantically classified: raise RuntimeError(""could not locate tla-spec-dev repository root"")"	specs/.history/modular-fuzzing-epic/ticket-019-MF-033/ticket/current/adapter_case_runtime.py:30	out-of-scope	ticket_plan.yaml:648-658	none mapped	unrepresented	out_of_scope_lexical_inventory		INFERRED exact-path scope; source not read
2308	lexical hit not semantically classified: This is the honest failure mode for case execution and it is raised, never	specs/.history/modular-fuzzing-epic/ticket-019-MF-033/ticket/current/adapter_case_runtime.py:117	out-of-scope	ticket_plan.yaml:648-658	none mapped	unrepresented	out_of_scope_lexical_inventory		INFERRED exact-path scope; source not read
2309	"lexical hit not semantically classified: raise BeforeStateUnreachable(f""setup_phase {phase} is outside the modelled pipeline"")"	specs/.history/modular-fuzzing-epic/ticket-019-MF-033/ticket/current/adapter_case_runtime.py:142	out-of-scope	ticket_plan.yaml:648-658	none mapped	unrepresented	out_of_scope_lexical_inventory		INFERRED exact-path scope; source not read
2310	"lexical hit not semantically classified: raise BeforeStateUnreachable(f""no replay defined for {step}"")"	specs/.history/modular-fuzzing-epic/ticket-019-MF-033/ticket/current/adapter_case_runtime.py:175	out-of-scope	ticket_plan.yaml:648-658	none mapped	unrepresented	out_of_scope_lexical_inventory		INFERRED exact-path scope; source not read
2311	lexical hit not semantically classified: raise BeforeStateUnreachable(	specs/.history/modular-fuzzing-epic/ticket-019-MF-033/ticket/current/adapter_case_runtime.py:184	out-of-scope	ticket_plan.yaml:648-658	none mapped	unrepresented	out_of_scope_lexical_inventory		INFERRED exact-path scope; source not read
2312	"lexical hit not semantically classified: raise BeforeStateUnreachable(f""cannot record budgets before scaffold project: {manifest} missing"")"	specs/.history/modular-fuzzing-epic/ticket-019-MF-033/ticket/current/adapter_case_runtime.py:208	out-of-scope	ticket_plan.yaml:648-658	none mapped	unrepresented	out_of_scope_lexical_inventory		INFERRED exact-path scope; source not read
2313	"lexical hit not semantically classified: raise AssertionError(f""{getattr(case, 'name')}: projected after-state disagrees with the model -- {detail}"")"	specs/.history/modular-fuzzing-epic/ticket-019-MF-033/ticket/current/adapter_case_runtime.py:335	out-of-scope	ticket_plan.yaml:648-658	none mapped	unrepresented	out_of_scope_lexical_inventory		INFERRED exact-path scope; source not read
2314	"lexical hit not semantically classified: raise BeforeStateUnreachable(f""ticket plan missing at {plan_path}; workflow was not scaffolded"")"	specs/.history/modular-fuzzing-epic/ticket-019-MF-033/ticket/current/adapter_case_runtime.py:351	out-of-scope	ticket_plan.yaml:648-658	none mapped	unrepresented	out_of_scope_lexical_inventory		INFERRED exact-path scope; source not read
2315	"lexical hit not semantically classified: raise BeforeStateUnreachable(f""ticket {ticket!r} has no {tree} model to mark ready"")"	specs/.history/modular-fuzzing-epic/ticket-019-MF-033/ticket/current/adapter_case_runtime.py:381	out-of-scope	ticket_plan.yaml:648-658	none mapped	unrepresented	out_of_scope_lexical_inventory		INFERRED exact-path scope; source not read
2316	lexical hit not semantically classified: raise BeforeStateUnreachable(	specs/.history/modular-fuzzing-epic/ticket-019-MF-033/ticket/current/adapter_case_runtime.py:413	out-of-scope	ticket_plan.yaml:648-658	none mapped	unrepresented	out_of_scope_lexical_inventory		INFERRED exact-path scope; source not read
2317	lexical hit not semantically classified: raise BeforeStateUnreachable(	specs/.history/modular-fuzzing-epic/ticket-019-MF-033/ticket/current/adapter_case_runtime.py:423	out-of-scope	ticket_plan.yaml:648-658	none mapped	unrepresented	out_of_scope_lexical_inventory		INFERRED exact-path scope; source not read
2318	lexical hit not semantically classified: raise BeforeStateUnreachable(	specs/.history/modular-fuzzing-epic/ticket-019-MF-033/ticket/current/adapter_case_runtime.py:433	out-of-scope	ticket_plan.yaml:648-658	none mapped	unrepresented	out_of_scope_lexical_inventory		INFERRED exact-path scope; source not read
2319	lexical hit not semantically classified: def recover_ticket_except_index(case: object) -> str:	specs/.history/modular-fuzzing-epic/ticket-019-MF-033/ticket/current/adapter_case_runtime.py:480	out-of-scope	ticket_plan.yaml:648-658	none mapped	unrepresented	out_of_scope_lexical_inventory		INFERRED exact-path scope; source not read
2320	"lexical hit not semantically classified: """"""MF-029 except-index recovery of the `ticket` argument."	specs/.history/modular-fuzzing-epic/ticket-019-MF-033/ticket/current/adapter_case_runtime.py:481	out-of-scope	ticket_plan.yaml:648-658	none mapped	unrepresented	out_of_scope_lexical_inventory		INFERRED exact-path scope; source not read
2321	lexical hit not semantically classified: raise BeforeStateUnreachable(	specs/.history/modular-fuzzing-epic/ticket-019-MF-033/ticket/current/adapter_case_runtime.py:496	out-of-scope	ticket_plan.yaml:648-658	none mapped	unrepresented	out_of_scope_lexical_inventory		INFERRED exact-path scope; source not read
2322	lexical hit not semantically classified: recover_ticket_except_index,	specs/.history/modular-fuzzing-epic/ticket-019-MF-033/ticket/current/production_adapters.py:43	out-of-scope	ticket_plan.yaml:648-658	none mapped	unrepresented	out_of_scope_lexical_inventory		INFERRED exact-path scope; source not read
2323	lexical hit not semantically classified: 2. recovers the `ticket` argument by MF-029 except-index on `ticket_state`;	specs/.history/modular-fuzzing-epic/ticket-019-MF-033/ticket/current/production_adapters.py:62	out-of-scope	ticket_plan.yaml:648-658	none mapped	unrepresented	out_of_scope_lexical_inventory		INFERRED exact-path scope; source not read
2324	lexical hit not semantically classified: try:	specs/.history/modular-fuzzing-epic/ticket-019-MF-033/ticket/current/production_adapters.py:90	out-of-scope	ticket_plan.yaml:648-658	none mapped	unrepresented	out_of_scope_lexical_inventory		INFERRED exact-path scope; source not read
2325	lexical hit not semantically classified: ticket = recover_ticket_except_index(case)	specs/.history/modular-fuzzing-epic/ticket-019-MF-033/ticket/current/production_adapters.py:91	out-of-scope	ticket_plan.yaml:648-658	none mapped	unrepresented	out_of_scope_lexical_inventory		INFERRED exact-path scope; source not read
2326	lexical hit not semantically classified: except BeforeStateUnreachable as exc:	specs/.history/modular-fuzzing-epic/ticket-019-MF-033/ticket/current/production_adapters.py:92	out-of-scope	ticket_plan.yaml:648-658	none mapped	unrepresented	out_of_scope_lexical_inventory		INFERRED exact-path scope; source not read
2327	lexical hit not semantically classified: ticket = recover_ticket_except_index(case)	specs/.history/modular-fuzzing-epic/ticket-019-MF-033/ticket/current/production_adapters.py:109	out-of-scope	ticket_plan.yaml:648-658	none mapped	unrepresented	out_of_scope_lexical_inventory		INFERRED exact-path scope; source not read
2328	"lexical hit not semantically classified: raise AssertionError(f""{getattr(case, 'name')}: stutter changed state"")"	specs/.history/modular-fuzzing-epic/ticket-019-MF-033/ticket/current/production_adapters.py:184	out-of-scope	ticket_plan.yaml:648-658	none mapped	unrepresented	out_of_scope_lexical_inventory		INFERRED exact-path scope; source not read
2329	lexical hit not semantically classified: # recovered the same way UpdateTicket does it -- MF-029 except-index over the	specs/.history/modular-fuzzing-epic/ticket-019-MF-033/ticket/current/production_adapters.py:625	out-of-scope	ticket_plan.yaml:648-658	none mapped	unrepresented	out_of_scope_lexical_inventory		INFERRED exact-path scope; source not read
2330	lexical hit not semantically classified: try:	specs/.history/modular-fuzzing-epic/ticket-019-MF-033/ticket/current/production_adapters.py:636	out-of-scope	ticket_plan.yaml:648-658	none mapped	unrepresented	out_of_scope_lexical_inventory		INFERRED exact-path scope; source not read
2331	lexical hit not semantically classified: ticket = recover_ticket_except_index(case)	specs/.history/modular-fuzzing-epic/ticket-019-MF-033/ticket/current/production_adapters.py:637	out-of-scope	ticket_plan.yaml:648-658	none mapped	unrepresented	out_of_scope_lexical_inventory		INFERRED exact-path scope; source not read
2332	lexical hit not semantically classified: except BeforeStateUnreachable as exc:	specs/.history/modular-fuzzing-epic/ticket-019-MF-033/ticket/current/production_adapters.py:638	out-of-scope	ticket_plan.yaml:648-658	none mapped	unrepresented	out_of_scope_lexical_inventory		INFERRED exact-path scope; source not read
2333	lexical hit not semantically classified: ticket = recover_ticket_except_index(case)	specs/.history/modular-fuzzing-epic/ticket-019-MF-033/ticket/current/production_adapters.py:658	out-of-scope	ticket_plan.yaml:648-658	none mapped	unrepresented	out_of_scope_lexical_inventory		INFERRED exact-path scope; source not read
2334	"lexical hit not semantically classified: raise BeforeStateUnreachable(f""open ticket {ticket} failed: {opened.stderr[-600:]}"")"	specs/.history/modular-fuzzing-epic/ticket-019-MF-033/ticket/current/production_adapters.py:665	out-of-scope	ticket_plan.yaml:648-658	none mapped	unrepresented	out_of_scope_lexical_inventory		INFERRED exact-path scope; source not read
2335	"lexical hit not semantically classified: ""raised_cap_exit_code"": under.returncode,"	specs/.history/modular-fuzzing-epic/ticket-019-MF-033/ticket/current/production_adapters.py:1541	out-of-scope	ticket_plan.yaml:648-658	none mapped	unrepresented	out_of_scope_lexical_inventory		INFERRED exact-path scope; source not read
2336	"lexical hit not semantically classified: ""cap_raise_accept_path_offered"": accept_path,"	specs/.history/modular-fuzzing-epic/ticket-019-MF-033/ticket/current/production_adapters.py:1549	out-of-scope	ticket_plan.yaml:648-658	none mapped	unrepresented	out_of_scope_lexical_inventory		INFERRED exact-path scope; source not read
2337	lexical hit not semantically classified: `justification_does_not_change_the_verdict`: two fixtures identical except	specs/.history/modular-fuzzing-epic/ticket-019-MF-033/ticket/current/production_adapters.py:1565	out-of-scope	ticket_plan.yaml:648-658	none mapped	unrepresented	out_of_scope_lexical_inventory		INFERRED exact-path scope; source not read
2338	lexical hit not semantically classified: 3. `waiver_does_not_change_the_verdict` -- two catalogs identical except	specs/.history/modular-fuzzing-epic/ticket-019-MF-033/ticket/current/production_adapters.py:1663	out-of-scope	ticket_plan.yaml:648-658	none mapped	unrepresented	out_of_scope_lexical_inventory		INFERRED exact-path scope; source not read
2339	lexical hit not semantically classified: with pytest.raises(AssertionError):	specs/.history/modular-fuzzing-epic/ticket-019-MF-033/ticket/current/tests/test_tla_spec_dev_case_execution_run.py:109	out-of-scope	ticket_plan.yaml:648-658	none mapped	unrepresented	out_of_scope_lexical_inventory		INFERRED exact-path scope; source not read
2340	lexical hit not semantically classified: with pytest.raises(AssertionError):	specs/.history/modular-fuzzing-epic/ticket-019-MF-033/ticket/current/tests/test_tla_spec_dev_case_execution_run.py:131	out-of-scope	ticket_plan.yaml:648-658	none mapped	unrepresented	out_of_scope_lexical_inventory		INFERRED exact-path scope; source not read
2341	lexical hit not semantically classified: with pytest.raises(AssertionError):	specs/.history/modular-fuzzing-epic/ticket-019-MF-033/ticket/current/tests/test_tla_spec_dev_case_execution_run.py:153	out-of-scope	ticket_plan.yaml:648-658	none mapped	unrepresented	out_of_scope_lexical_inventory		INFERRED exact-path scope; source not read
2342	lexical hit not semantically classified: with pytest.raises(AssertionError):	specs/.history/modular-fuzzing-epic/ticket-019-MF-033/ticket/current/tests/test_tla_spec_dev_case_execution_run.py:178	out-of-scope	ticket_plan.yaml:648-658	none mapped	unrepresented	out_of_scope_lexical_inventory		INFERRED exact-path scope; source not read
2343	lexical hit not semantically classified: # except-index recovery succeeds and the stage guard is what rejects it.	specs/.history/modular-fuzzing-epic/ticket-019-MF-033/ticket/current/tests/test_tla_spec_dev_case_execution_run.py:187	out-of-scope	ticket_plan.yaml:648-658	none mapped	unrepresented	out_of_scope_lexical_inventory		INFERRED exact-path scope; source not read
2344	"lexical hit not semantically classified: assert result[""raised_cap_exit_code""] == 0, result[""stderr""]"	specs/.history/modular-fuzzing-epic/ticket-019-MF-033/ticket/current/tests/test_tla_spec_dev_corpus_adapter.py:34	out-of-scope	ticket_plan.yaml:648-658	none mapped	unrepresented	out_of_scope_lexical_inventory		INFERRED exact-path scope; source not read
2345	"lexical hit not semantically classified: assert result[""cap_raise_accept_path_offered""] is True"	specs/.history/modular-fuzzing-epic/ticket-019-MF-033/ticket/current/tests/test_tla_spec_dev_corpus_adapter.py:61	out-of-scope	ticket_plan.yaml:648-658	none mapped	unrepresented	out_of_scope_lexical_inventory		INFERRED exact-path scope; source not read
2346	lexical hit not semantically classified: directories identical except that one carries a recorded justification produce	specs/.history/modular-fuzzing-epic/ticket-019-MF-033/ticket/current/tests/test_tla_spec_dev_effect_conformance_adapter.py:10	out-of-scope	ticket_plan.yaml:648-658	none mapped	unrepresented	out_of_scope_lexical_inventory		INFERRED exact-path scope; source not read
2347	lexical hit not semantically classified: with pytest.raises(AssertionError):	specs/.history/modular-fuzzing-epic/ticket-019-MF-033/ticket/current/tests/test_tla_spec_dev_update_ticket_adapter.py:108	out-of-scope	ticket_plan.yaml:648-658	none mapped	unrepresented	out_of_scope_lexical_inventory		INFERRED exact-path scope; source not read
2348	lexical hit not semantically classified: with pytest.raises(AssertionError):	specs/.history/modular-fuzzing-epic/ticket-019-MF-033/ticket/current/tests/test_tla_spec_dev_update_ticket_adapter.py:116	out-of-scope	ticket_plan.yaml:648-658	none mapped	unrepresented	out_of_scope_lexical_inventory		INFERRED exact-path scope; source not read
2349	lexical hit not semantically classified: with pytest.raises((AssertionError, pa.BeforeStateUnreachable)):	specs/.history/modular-fuzzing-epic/ticket-019-MF-033/ticket/current/tests/test_tla_spec_dev_update_ticket_adapter.py:126	out-of-scope	ticket_plan.yaml:648-658	none mapped	unrepresented	out_of_scope_lexical_inventory		INFERRED exact-path scope; source not read
2350	"lexical hit not semantically classified: raise RuntimeError(""could not locate tla-spec-dev repository root"")"	specs/.history/modular-fuzzing-epic/ticket-019-MF-033/ticket/desired/adapter_case_runtime.py:30	out-of-scope	ticket_plan.yaml:648-658	none mapped	unrepresented	out_of_scope_lexical_inventory		INFERRED exact-path scope; source not read
2351	lexical hit not semantically classified: This is the honest failure mode for case execution and it is raised, never	specs/.history/modular-fuzzing-epic/ticket-019-MF-033/ticket/desired/adapter_case_runtime.py:117	out-of-scope	ticket_plan.yaml:648-658	none mapped	unrepresented	out_of_scope_lexical_inventory		INFERRED exact-path scope; source not read
2352	"lexical hit not semantically classified: raise BeforeStateUnreachable(f""setup_phase {phase} is outside the modelled pipeline"")"	specs/.history/modular-fuzzing-epic/ticket-019-MF-033/ticket/desired/adapter_case_runtime.py:142	out-of-scope	ticket_plan.yaml:648-658	none mapped	unrepresented	out_of_scope_lexical_inventory		INFERRED exact-path scope; source not read
2353	"lexical hit not semantically classified: raise BeforeStateUnreachable(f""no replay defined for {step}"")"	specs/.history/modular-fuzzing-epic/ticket-019-MF-033/ticket/desired/adapter_case_runtime.py:175	out-of-scope	ticket_plan.yaml:648-658	none mapped	unrepresented	out_of_scope_lexical_inventory		INFERRED exact-path scope; source not read
2354	lexical hit not semantically classified: raise BeforeStateUnreachable(	specs/.history/modular-fuzzing-epic/ticket-019-MF-033/ticket/desired/adapter_case_runtime.py:184	out-of-scope	ticket_plan.yaml:648-658	none mapped	unrepresented	out_of_scope_lexical_inventory		INFERRED exact-path scope; source not read
2355	"lexical hit not semantically classified: raise BeforeStateUnreachable(f""cannot record budgets before scaffold project: {manifest} missing"")"	specs/.history/modular-fuzzing-epic/ticket-019-MF-033/ticket/desired/adapter_case_runtime.py:208	out-of-scope	ticket_plan.yaml:648-658	none mapped	unrepresented	out_of_scope_lexical_inventory		INFERRED exact-path scope; source not read
2356	"lexical hit not semantically classified: raise AssertionError(f""{getattr(case, 'name')}: projected after-state disagrees with the model -- {detail}"")"	specs/.history/modular-fuzzing-epic/ticket-019-MF-033/ticket/desired/adapter_case_runtime.py:335	out-of-scope	ticket_plan.yaml:648-658	none mapped	unrepresented	out_of_scope_lexical_inventory		INFERRED exact-path scope; source not read
2357	"lexical hit not semantically classified: raise BeforeStateUnreachable(f""ticket plan missing at {plan_path}; workflow was not scaffolded"")"	specs/.history/modular-fuzzing-epic/ticket-019-MF-033/ticket/desired/adapter_case_runtime.py:351	out-of-scope	ticket_plan.yaml:648-658	none mapped	unrepresented	out_of_scope_lexical_inventory		INFERRED exact-path scope; source not read
2358	"lexical hit not semantically classified: raise BeforeStateUnreachable(f""ticket {ticket!r} has no {tree} model to mark ready"")"	specs/.history/modular-fuzzing-epic/ticket-019-MF-033/ticket/desired/adapter_case_runtime.py:381	out-of-scope	ticket_plan.yaml:648-658	none mapped	unrepresented	out_of_scope_lexical_inventory		INFERRED exact-path scope; source not read
2359	lexical hit not semantically classified: raise BeforeStateUnreachable(	specs/.history/modular-fuzzing-epic/ticket-019-MF-033/ticket/desired/adapter_case_runtime.py:413	out-of-scope	ticket_plan.yaml:648-658	none mapped	unrepresented	out_of_scope_lexical_inventory		INFERRED exact-path scope; source not read
2360	lexical hit not semantically classified: raise BeforeStateUnreachable(	specs/.history/modular-fuzzing-epic/ticket-019-MF-033/ticket/desired/adapter_case_runtime.py:423	out-of-scope	ticket_plan.yaml:648-658	none mapped	unrepresented	out_of_scope_lexical_inventory		INFERRED exact-path scope; source not read
2361	lexical hit not semantically classified: raise BeforeStateUnreachable(	specs/.history/modular-fuzzing-epic/ticket-019-MF-033/ticket/desired/adapter_case_runtime.py:433	out-of-scope	ticket_plan.yaml:648-658	none mapped	unrepresented	out_of_scope_lexical_inventory		INFERRED exact-path scope; source not read
2362	lexical hit not semantically classified: def recover_ticket_except_index(case: object) -> str:	specs/.history/modular-fuzzing-epic/ticket-019-MF-033/ticket/desired/adapter_case_runtime.py:480	out-of-scope	ticket_plan.yaml:648-658	none mapped	unrepresented	out_of_scope_lexical_inventory		INFERRED exact-path scope; source not read
2363	"lexical hit not semantically classified: """"""MF-029 except-index recovery of the `ticket` argument."	specs/.history/modular-fuzzing-epic/ticket-019-MF-033/ticket/desired/adapter_case_runtime.py:481	out-of-scope	ticket_plan.yaml:648-658	none mapped	unrepresented	out_of_scope_lexical_inventory		INFERRED exact-path scope; source not read
2364	lexical hit not semantically classified: raise BeforeStateUnreachable(	specs/.history/modular-fuzzing-epic/ticket-019-MF-033/ticket/desired/adapter_case_runtime.py:496	out-of-scope	ticket_plan.yaml:648-658	none mapped	unrepresented	out_of_scope_lexical_inventory		INFERRED exact-path scope; source not read
2365	lexical hit not semantically classified: recover_ticket_except_index,	specs/.history/modular-fuzzing-epic/ticket-019-MF-033/ticket/desired/production_adapters.py:43	out-of-scope	ticket_plan.yaml:648-658	none mapped	unrepresented	out_of_scope_lexical_inventory		INFERRED exact-path scope; source not read
2366	lexical hit not semantically classified: 2. recovers the `ticket` argument by MF-029 except-index on `ticket_state`;	specs/.history/modular-fuzzing-epic/ticket-019-MF-033/ticket/desired/production_adapters.py:62	out-of-scope	ticket_plan.yaml:648-658	none mapped	unrepresented	out_of_scope_lexical_inventory		INFERRED exact-path scope; source not read
2367	lexical hit not semantically classified: try:	specs/.history/modular-fuzzing-epic/ticket-019-MF-033/ticket/desired/production_adapters.py:90	out-of-scope	ticket_plan.yaml:648-658	none mapped	unrepresented	out_of_scope_lexical_inventory		INFERRED exact-path scope; source not read
2368	lexical hit not semantically classified: ticket = recover_ticket_except_index(case)	specs/.history/modular-fuzzing-epic/ticket-019-MF-033/ticket/desired/production_adapters.py:91	out-of-scope	ticket_plan.yaml:648-658	none mapped	unrepresented	out_of_scope_lexical_inventory		INFERRED exact-path scope; source not read
2369	lexical hit not semantically classified: except BeforeStateUnreachable as exc:	specs/.history/modular-fuzzing-epic/ticket-019-MF-033/ticket/desired/production_adapters.py:92	out-of-scope	ticket_plan.yaml:648-658	none mapped	unrepresented	out_of_scope_lexical_inventory		INFERRED exact-path scope; source not read
2370	lexical hit not semantically classified: ticket = recover_ticket_except_index(case)	specs/.history/modular-fuzzing-epic/ticket-019-MF-033/ticket/desired/production_adapters.py:109	out-of-scope	ticket_plan.yaml:648-658	none mapped	unrepresented	out_of_scope_lexical_inventory		INFERRED exact-path scope; source not read
2371	"lexical hit not semantically classified: raise AssertionError(f""{getattr(case, 'name')}: stutter changed state"")"	specs/.history/modular-fuzzing-epic/ticket-019-MF-033/ticket/desired/production_adapters.py:184	out-of-scope	ticket_plan.yaml:648-658	none mapped	unrepresented	out_of_scope_lexical_inventory		INFERRED exact-path scope; source not read
2372	lexical hit not semantically classified: # recovered the same way UpdateTicket does it -- MF-029 except-index over the	specs/.history/modular-fuzzing-epic/ticket-019-MF-033/ticket/desired/production_adapters.py:625	out-of-scope	ticket_plan.yaml:648-658	none mapped	unrepresented	out_of_scope_lexical_inventory		INFERRED exact-path scope; source not read
2373	lexical hit not semantically classified: try:	specs/.history/modular-fuzzing-epic/ticket-019-MF-033/ticket/desired/production_adapters.py:636	out-of-scope	ticket_plan.yaml:648-658	none mapped	unrepresented	out_of_scope_lexical_inventory		INFERRED exact-path scope; source not read
2374	lexical hit not semantically classified: ticket = recover_ticket_except_index(case)	specs/.history/modular-fuzzing-epic/ticket-019-MF-033/ticket/desired/production_adapters.py:637	out-of-scope	ticket_plan.yaml:648-658	none mapped	unrepresented	out_of_scope_lexical_inventory		INFERRED exact-path scope; source not read
2375	lexical hit not semantically classified: except BeforeStateUnreachable as exc:	specs/.history/modular-fuzzing-epic/ticket-019-MF-033/ticket/desired/production_adapters.py:638	out-of-scope	ticket_plan.yaml:648-658	none mapped	unrepresented	out_of_scope_lexical_inventory		INFERRED exact-path scope; source not read
2376	lexical hit not semantically classified: ticket = recover_ticket_except_index(case)	specs/.history/modular-fuzzing-epic/ticket-019-MF-033/ticket/desired/production_adapters.py:658	out-of-scope	ticket_plan.yaml:648-658	none mapped	unrepresented	out_of_scope_lexical_inventory		INFERRED exact-path scope; source not read
2377	"lexical hit not semantically classified: raise BeforeStateUnreachable(f""open ticket {ticket} failed: {opened.stderr[-600:]}"")"	specs/.history/modular-fuzzing-epic/ticket-019-MF-033/ticket/desired/production_adapters.py:665	out-of-scope	ticket_plan.yaml:648-658	none mapped	unrepresented	out_of_scope_lexical_inventory		INFERRED exact-path scope; source not read
2378	"lexical hit not semantically classified: ""raised_cap_exit_code"": under.returncode,"	specs/.history/modular-fuzzing-epic/ticket-019-MF-033/ticket/desired/production_adapters.py:1541	out-of-scope	ticket_plan.yaml:648-658	none mapped	unrepresented	out_of_scope_lexical_inventory		INFERRED exact-path scope; source not read
2379	"lexical hit not semantically classified: ""cap_raise_accept_path_offered"": accept_path,"	specs/.history/modular-fuzzing-epic/ticket-019-MF-033/ticket/desired/production_adapters.py:1549	out-of-scope	ticket_plan.yaml:648-658	none mapped	unrepresented	out_of_scope_lexical_inventory		INFERRED exact-path scope; source not read
2380	lexical hit not semantically classified: `justification_does_not_change_the_verdict`: two fixtures identical except	specs/.history/modular-fuzzing-epic/ticket-019-MF-033/ticket/desired/production_adapters.py:1565	out-of-scope	ticket_plan.yaml:648-658	none mapped	unrepresented	out_of_scope_lexical_inventory		INFERRED exact-path scope; source not read
2381	lexical hit not semantically classified: 3. `waiver_does_not_change_the_verdict` -- two catalogs identical except	specs/.history/modular-fuzzing-epic/ticket-019-MF-033/ticket/desired/production_adapters.py:1663	out-of-scope	ticket_plan.yaml:648-658	none mapped	unrepresented	out_of_scope_lexical_inventory		INFERRED exact-path scope; source not read
2382	lexical hit not semantically classified: with pytest.raises(AssertionError):	specs/.history/modular-fuzzing-epic/ticket-019-MF-033/ticket/desired/tests/test_tla_spec_dev_case_execution_run.py:109	out-of-scope	ticket_plan.yaml:648-658	none mapped	unrepresented	out_of_scope_lexical_inventory		INFERRED exact-path scope; source not read
2383	lexical hit not semantically classified: with pytest.raises(AssertionError):	specs/.history/modular-fuzzing-epic/ticket-019-MF-033/ticket/desired/tests/test_tla_spec_dev_case_execution_run.py:131	out-of-scope	ticket_plan.yaml:648-658	none mapped	unrepresented	out_of_scope_lexical_inventory		INFERRED exact-path scope; source not read
2384	lexical hit not semantically classified: with pytest.raises(AssertionError):	specs/.history/modular-fuzzing-epic/ticket-019-MF-033/ticket/desired/tests/test_tla_spec_dev_case_execution_run.py:153	out-of-scope	ticket_plan.yaml:648-658	none mapped	unrepresented	out_of_scope_lexical_inventory		INFERRED exact-path scope; source not read
2385	lexical hit not semantically classified: with pytest.raises(AssertionError):	specs/.history/modular-fuzzing-epic/ticket-019-MF-033/ticket/desired/tests/test_tla_spec_dev_case_execution_run.py:178	out-of-scope	ticket_plan.yaml:648-658	none mapped	unrepresented	out_of_scope_lexical_inventory		INFERRED exact-path scope; source not read
2386	lexical hit not semantically classified: # except-index recovery succeeds and the stage guard is what rejects it.	specs/.history/modular-fuzzing-epic/ticket-019-MF-033/ticket/desired/tests/test_tla_spec_dev_case_execution_run.py:187	out-of-scope	ticket_plan.yaml:648-658	none mapped	unrepresented	out_of_scope_lexical_inventory		INFERRED exact-path scope; source not read
2387	"lexical hit not semantically classified: assert result[""raised_cap_exit_code""] == 0, result[""stderr""]"	specs/.history/modular-fuzzing-epic/ticket-019-MF-033/ticket/desired/tests/test_tla_spec_dev_corpus_adapter.py:34	out-of-scope	ticket_plan.yaml:648-658	none mapped	unrepresented	out_of_scope_lexical_inventory		INFERRED exact-path scope; source not read
2388	"lexical hit not semantically classified: assert result[""cap_raise_accept_path_offered""] is True"	specs/.history/modular-fuzzing-epic/ticket-019-MF-033/ticket/desired/tests/test_tla_spec_dev_corpus_adapter.py:61	out-of-scope	ticket_plan.yaml:648-658	none mapped	unrepresented	out_of_scope_lexical_inventory		INFERRED exact-path scope; source not read
2389	lexical hit not semantically classified: directories identical except that one carries a recorded justification produce	specs/.history/modular-fuzzing-epic/ticket-019-MF-033/ticket/desired/tests/test_tla_spec_dev_effect_conformance_adapter.py:10	out-of-scope	ticket_plan.yaml:648-658	none mapped	unrepresented	out_of_scope_lexical_inventory		INFERRED exact-path scope; source not read
2390	lexical hit not semantically classified: with pytest.raises(AssertionError):	specs/.history/modular-fuzzing-epic/ticket-019-MF-033/ticket/desired/tests/test_tla_spec_dev_update_ticket_adapter.py:108	out-of-scope	ticket_plan.yaml:648-658	none mapped	unrepresented	out_of_scope_lexical_inventory		INFERRED exact-path scope; source not read
2391	lexical hit not semantically classified: with pytest.raises(AssertionError):	specs/.history/modular-fuzzing-epic/ticket-019-MF-033/ticket/desired/tests/test_tla_spec_dev_update_ticket_adapter.py:116	out-of-scope	ticket_plan.yaml:648-658	none mapped	unrepresented	out_of_scope_lexical_inventory		INFERRED exact-path scope; source not read
2392	lexical hit not semantically classified: with pytest.raises((AssertionError, pa.BeforeStateUnreachable)):	specs/.history/modular-fuzzing-epic/ticket-019-MF-033/ticket/desired/tests/test_tla_spec_dev_update_ticket_adapter.py:126	out-of-scope	ticket_plan.yaml:648-658	none mapped	unrepresented	out_of_scope_lexical_inventory		INFERRED exact-path scope; source not read
2393	lexical hit not semantically classified: raise SystemExit(main())	specs/.history/modular-fuzzing-epic/ticket-019-MF-033/ticket/results/observe_out_of_process.py:137	out-of-scope	ticket_plan.yaml:648-658	none mapped	unrepresented	out_of_scope_lexical_inventory		INFERRED exact-path scope; source not read
2394	"lexical hit not semantically classified: raise RuntimeError(""could not locate tla-spec-dev repository root"")"	specs/.history/modular-fuzzing-epic/ticket-020-MF-038/snapshots/current/adapter_case_runtime.py:30	out-of-scope	ticket_plan.yaml:648-658	none mapped	unrepresented	out_of_scope_lexical_inventory		INFERRED exact-path scope; source not read
2395	lexical hit not semantically classified: This is the honest failure mode for case execution and it is raised, never	specs/.history/modular-fuzzing-epic/ticket-020-MF-038/snapshots/current/adapter_case_runtime.py:117	out-of-scope	ticket_plan.yaml:648-658	none mapped	unrepresented	out_of_scope_lexical_inventory		INFERRED exact-path scope; source not read
2396	"lexical hit not semantically classified: raise BeforeStateUnreachable(f""setup_phase {phase} is outside the modelled pipeline"")"	specs/.history/modular-fuzzing-epic/ticket-020-MF-038/snapshots/current/adapter_case_runtime.py:142	out-of-scope	ticket_plan.yaml:648-658	none mapped	unrepresented	out_of_scope_lexical_inventory		INFERRED exact-path scope; source not read
2397	"lexical hit not semantically classified: raise BeforeStateUnreachable(f""no replay defined for {step}"")"	specs/.history/modular-fuzzing-epic/ticket-020-MF-038/snapshots/current/adapter_case_runtime.py:175	out-of-scope	ticket_plan.yaml:648-658	none mapped	unrepresented	out_of_scope_lexical_inventory		INFERRED exact-path scope; source not read
2398	lexical hit not semantically classified: raise BeforeStateUnreachable(	specs/.history/modular-fuzzing-epic/ticket-020-MF-038/snapshots/current/adapter_case_runtime.py:184	out-of-scope	ticket_plan.yaml:648-658	none mapped	unrepresented	out_of_scope_lexical_inventory		INFERRED exact-path scope; source not read
2399	"lexical hit not semantically classified: raise BeforeStateUnreachable(f""cannot record budgets before scaffold project: {manifest} missing"")"	specs/.history/modular-fuzzing-epic/ticket-020-MF-038/snapshots/current/adapter_case_runtime.py:208	out-of-scope	ticket_plan.yaml:648-658	none mapped	unrepresented	out_of_scope_lexical_inventory		INFERRED exact-path scope; source not read
2400	"lexical hit not semantically classified: raise AssertionError(f""{getattr(case, 'name')}: projected after-state disagrees with the model -- {detail}"")"	specs/.history/modular-fuzzing-epic/ticket-020-MF-038/snapshots/current/adapter_case_runtime.py:335	out-of-scope	ticket_plan.yaml:648-658	none mapped	unrepresented	out_of_scope_lexical_inventory		INFERRED exact-path scope; source not read
2401	"lexical hit not semantically classified: raise BeforeStateUnreachable(f""ticket plan missing at {plan_path}; workflow was not scaffolded"")"	specs/.history/modular-fuzzing-epic/ticket-020-MF-038/snapshots/current/adapter_case_runtime.py:351	out-of-scope	ticket_plan.yaml:648-658	none mapped	unrepresented	out_of_scope_lexical_inventory		INFERRED exact-path scope; source not read
2402	"lexical hit not semantically classified: raise BeforeStateUnreachable(f""ticket {ticket!r} has no {tree} model to mark ready"")"	specs/.history/modular-fuzzing-epic/ticket-020-MF-038/snapshots/current/adapter_case_runtime.py:381	out-of-scope	ticket_plan.yaml:648-658	none mapped	unrepresented	out_of_scope_lexical_inventory		INFERRED exact-path scope; source not read
2403	lexical hit not semantically classified: raise BeforeStateUnreachable(	specs/.history/modular-fuzzing-epic/ticket-020-MF-038/snapshots/current/adapter_case_runtime.py:413	out-of-scope	ticket_plan.yaml:648-658	none mapped	unrepresented	out_of_scope_lexical_inventory		INFERRED exact-path scope; source not read
2404	lexical hit not semantically classified: raise BeforeStateUnreachable(	specs/.history/modular-fuzzing-epic/ticket-020-MF-038/snapshots/current/adapter_case_runtime.py:423	out-of-scope	ticket_plan.yaml:648-658	none mapped	unrepresented	out_of_scope_lexical_inventory		INFERRED exact-path scope; source not read
2405	lexical hit not semantically classified: raise BeforeStateUnreachable(	specs/.history/modular-fuzzing-epic/ticket-020-MF-038/snapshots/current/adapter_case_runtime.py:433	out-of-scope	ticket_plan.yaml:648-658	none mapped	unrepresented	out_of_scope_lexical_inventory		INFERRED exact-path scope; source not read
2406	lexical hit not semantically classified: def recover_ticket_except_index(case: object) -> str:	specs/.history/modular-fuzzing-epic/ticket-020-MF-038/snapshots/current/adapter_case_runtime.py:480	out-of-scope	ticket_plan.yaml:648-658	none mapped	unrepresented	out_of_scope_lexical_inventory		INFERRED exact-path scope; source not read
2407	"lexical hit not semantically classified: """"""MF-029 except-index recovery of the `ticket` argument."	specs/.history/modular-fuzzing-epic/ticket-020-MF-038/snapshots/current/adapter_case_runtime.py:481	out-of-scope	ticket_plan.yaml:648-658	none mapped	unrepresented	out_of_scope_lexical_inventory		INFERRED exact-path scope; source not read
2408	lexical hit not semantically classified: raise BeforeStateUnreachable(	specs/.history/modular-fuzzing-epic/ticket-020-MF-038/snapshots/current/adapter_case_runtime.py:496	out-of-scope	ticket_plan.yaml:648-658	none mapped	unrepresented	out_of_scope_lexical_inventory		INFERRED exact-path scope; source not read
2409	lexical hit not semantically classified: recover_ticket_except_index,	specs/.history/modular-fuzzing-epic/ticket-020-MF-038/snapshots/current/production_adapters.py:43	out-of-scope	ticket_plan.yaml:648-658	none mapped	unrepresented	out_of_scope_lexical_inventory		INFERRED exact-path scope; source not read
2410	lexical hit not semantically classified: 2. recovers the `ticket` argument by MF-029 except-index on `ticket_state`;	specs/.history/modular-fuzzing-epic/ticket-020-MF-038/snapshots/current/production_adapters.py:62	out-of-scope	ticket_plan.yaml:648-658	none mapped	unrepresented	out_of_scope_lexical_inventory		INFERRED exact-path scope; source not read
2411	lexical hit not semantically classified: try:	specs/.history/modular-fuzzing-epic/ticket-020-MF-038/snapshots/current/production_adapters.py:90	out-of-scope	ticket_plan.yaml:648-658	none mapped	unrepresented	out_of_scope_lexical_inventory		INFERRED exact-path scope; source not read
2412	lexical hit not semantically classified: ticket = recover_ticket_except_index(case)	specs/.history/modular-fuzzing-epic/ticket-020-MF-038/snapshots/current/production_adapters.py:91	out-of-scope	ticket_plan.yaml:648-658	none mapped	unrepresented	out_of_scope_lexical_inventory		INFERRED exact-path scope; source not read
2413	lexical hit not semantically classified: except BeforeStateUnreachable as exc:	specs/.history/modular-fuzzing-epic/ticket-020-MF-038/snapshots/current/production_adapters.py:92	out-of-scope	ticket_plan.yaml:648-658	none mapped	unrepresented	out_of_scope_lexical_inventory		INFERRED exact-path scope; source not read
2414	lexical hit not semantically classified: ticket = recover_ticket_except_index(case)	specs/.history/modular-fuzzing-epic/ticket-020-MF-038/snapshots/current/production_adapters.py:109	out-of-scope	ticket_plan.yaml:648-658	none mapped	unrepresented	out_of_scope_lexical_inventory		INFERRED exact-path scope; source not read
2415	"lexical hit not semantically classified: raise AssertionError(f""{getattr(case, 'name')}: stutter changed state"")"	specs/.history/modular-fuzzing-epic/ticket-020-MF-038/snapshots/current/production_adapters.py:184	out-of-scope	ticket_plan.yaml:648-658	none mapped	unrepresented	out_of_scope_lexical_inventory		INFERRED exact-path scope; source not read
2416	lexical hit not semantically classified: # recovered the same way UpdateTicket does it -- MF-029 except-index over the	specs/.history/modular-fuzzing-epic/ticket-020-MF-038/snapshots/current/production_adapters.py:625	out-of-scope	ticket_plan.yaml:648-658	none mapped	unrepresented	out_of_scope_lexical_inventory		INFERRED exact-path scope; source not read
2417	lexical hit not semantically classified: try:	specs/.history/modular-fuzzing-epic/ticket-020-MF-038/snapshots/current/production_adapters.py:636	out-of-scope	ticket_plan.yaml:648-658	none mapped	unrepresented	out_of_scope_lexical_inventory		INFERRED exact-path scope; source not read
2418	lexical hit not semantically classified: ticket = recover_ticket_except_index(case)	specs/.history/modular-fuzzing-epic/ticket-020-MF-038/snapshots/current/production_adapters.py:637	out-of-scope	ticket_plan.yaml:648-658	none mapped	unrepresented	out_of_scope_lexical_inventory		INFERRED exact-path scope; source not read
2419	lexical hit not semantically classified: except BeforeStateUnreachable as exc:	specs/.history/modular-fuzzing-epic/ticket-020-MF-038/snapshots/current/production_adapters.py:638	out-of-scope	ticket_plan.yaml:648-658	none mapped	unrepresented	out_of_scope_lexical_inventory		INFERRED exact-path scope; source not read
2420	lexical hit not semantically classified: ticket = recover_ticket_except_index(case)	specs/.history/modular-fuzzing-epic/ticket-020-MF-038/snapshots/current/production_adapters.py:658	out-of-scope	ticket_plan.yaml:648-658	none mapped	unrepresented	out_of_scope_lexical_inventory		INFERRED exact-path scope; source not read
2421	"lexical hit not semantically classified: raise BeforeStateUnreachable(f""open ticket {ticket} failed: {opened.stderr[-600:]}"")"	specs/.history/modular-fuzzing-epic/ticket-020-MF-038/snapshots/current/production_adapters.py:665	out-of-scope	ticket_plan.yaml:648-658	none mapped	unrepresented	out_of_scope_lexical_inventory		INFERRED exact-path scope; source not read
2422	"lexical hit not semantically classified: ""raised_cap_exit_code"": under.returncode,"	specs/.history/modular-fuzzing-epic/ticket-020-MF-038/snapshots/current/production_adapters.py:1541	out-of-scope	ticket_plan.yaml:648-658	none mapped	unrepresented	out_of_scope_lexical_inventory		INFERRED exact-path scope; source not read
2423	"lexical hit not semantically classified: ""cap_raise_accept_path_offered"": accept_path,"	specs/.history/modular-fuzzing-epic/ticket-020-MF-038/snapshots/current/production_adapters.py:1549	out-of-scope	ticket_plan.yaml:648-658	none mapped	unrepresented	out_of_scope_lexical_inventory		INFERRED exact-path scope; source not read
2424	lexical hit not semantically classified: `justification_does_not_change_the_verdict`: two fixtures identical except	specs/.history/modular-fuzzing-epic/ticket-020-MF-038/snapshots/current/production_adapters.py:1565	out-of-scope	ticket_plan.yaml:648-658	none mapped	unrepresented	out_of_scope_lexical_inventory		INFERRED exact-path scope; source not read
2425	lexical hit not semantically classified: 3. `waiver_does_not_change_the_verdict` -- two catalogs identical except	specs/.history/modular-fuzzing-epic/ticket-020-MF-038/snapshots/current/production_adapters.py:1663	out-of-scope	ticket_plan.yaml:648-658	none mapped	unrepresented	out_of_scope_lexical_inventory		INFERRED exact-path scope; source not read
2426	"lexical hit not semantically classified: raise AssertionError(""current spec_manifest.yaml has no status.active_ticket"")"	specs/.history/modular-fuzzing-epic/ticket-020-MF-038/snapshots/current/tests/test_current_ticket_workflow.py:11	out-of-scope	ticket_plan.yaml:648-658	none mapped	unrepresented	out_of_scope_lexical_inventory		INFERRED exact-path scope; source not read
2427	lexical hit not semantically classified: with pytest.raises(AssertionError):	specs/.history/modular-fuzzing-epic/ticket-020-MF-038/snapshots/current/tests/test_tla_spec_dev_case_execution_run.py:109	out-of-scope	ticket_plan.yaml:648-658	none mapped	unrepresented	out_of_scope_lexical_inventory		INFERRED exact-path scope; source not read
2428	lexical hit not semantically classified: with pytest.raises(AssertionError):	specs/.history/modular-fuzzing-epic/ticket-020-MF-038/snapshots/current/tests/test_tla_spec_dev_case_execution_run.py:131	out-of-scope	ticket_plan.yaml:648-658	none mapped	unrepresented	out_of_scope_lexical_inventory		INFERRED exact-path scope; source not read
2429	lexical hit not semantically classified: with pytest.raises(AssertionError):	specs/.history/modular-fuzzing-epic/ticket-020-MF-038/snapshots/current/tests/test_tla_spec_dev_case_execution_run.py:153	out-of-scope	ticket_plan.yaml:648-658	none mapped	unrepresented	out_of_scope_lexical_inventory		INFERRED exact-path scope; source not read
2430	lexical hit not semantically classified: with pytest.raises(AssertionError):	specs/.history/modular-fuzzing-epic/ticket-020-MF-038/snapshots/current/tests/test_tla_spec_dev_case_execution_run.py:178	out-of-scope	ticket_plan.yaml:648-658	none mapped	unrepresented	out_of_scope_lexical_inventory		INFERRED exact-path scope; source not read
2431	lexical hit not semantically classified: # except-index recovery succeeds and the stage guard is what rejects it.	specs/.history/modular-fuzzing-epic/ticket-020-MF-038/snapshots/current/tests/test_tla_spec_dev_case_execution_run.py:187	out-of-scope	ticket_plan.yaml:648-658	none mapped	unrepresented	out_of_scope_lexical_inventory		INFERRED exact-path scope; source not read
2432	"lexical hit not semantically classified: assert result[""raised_cap_exit_code""] == 0, result[""stderr""]"	specs/.history/modular-fuzzing-epic/ticket-020-MF-038/snapshots/current/tests/test_tla_spec_dev_corpus_adapter.py:34	out-of-scope	ticket_plan.yaml:648-658	none mapped	unrepresented	out_of_scope_lexical_inventory		INFERRED exact-path scope; source not read
2433	"lexical hit not semantically classified: assert result[""cap_raise_accept_path_offered""] is True"	specs/.history/modular-fuzzing-epic/ticket-020-MF-038/snapshots/current/tests/test_tla_spec_dev_corpus_adapter.py:61	out-of-scope	ticket_plan.yaml:648-658	none mapped	unrepresented	out_of_scope_lexical_inventory		INFERRED exact-path scope; source not read
2434	lexical hit not semantically classified: directories identical except that one carries a recorded justification produce	specs/.history/modular-fuzzing-epic/ticket-020-MF-038/snapshots/current/tests/test_tla_spec_dev_effect_conformance_adapter.py:10	out-of-scope	ticket_plan.yaml:648-658	none mapped	unrepresented	out_of_scope_lexical_inventory		INFERRED exact-path scope; source not read
2435	lexical hit not semantically classified: with pytest.raises(AssertionError):	specs/.history/modular-fuzzing-epic/ticket-020-MF-038/snapshots/current/tests/test_tla_spec_dev_update_ticket_adapter.py:108	out-of-scope	ticket_plan.yaml:648-658	none mapped	unrepresented	out_of_scope_lexical_inventory		INFERRED exact-path scope; source not read
2436	lexical hit not semantically classified: with pytest.raises(AssertionError):	specs/.history/modular-fuzzing-epic/ticket-020-MF-038/snapshots/current/tests/test_tla_spec_dev_update_ticket_adapter.py:116	out-of-scope	ticket_plan.yaml:648-658	none mapped	unrepresented	out_of_scope_lexical_inventory		INFERRED exact-path scope; source not read
2437	lexical hit not semantically classified: with pytest.raises((AssertionError, pa.BeforeStateUnreachable)):	specs/.history/modular-fuzzing-epic/ticket-020-MF-038/snapshots/current/tests/test_tla_spec_dev_update_ticket_adapter.py:126	out-of-scope	ticket_plan.yaml:648-658	none mapped	unrepresented	out_of_scope_lexical_inventory		INFERRED exact-path scope; source not read
2438	"lexical hit not semantically classified: raise RuntimeError(""could not locate tla-spec-dev repository root"")"	specs/.history/modular-fuzzing-epic/ticket-020-MF-038/snapshots/desired_program_model/production_adapters.py:15	out-of-scope	ticket_plan.yaml:648-658	none mapped	unrepresented	out_of_scope_lexical_inventory		INFERRED exact-path scope; source not read
2439	"lexical hit not semantically classified: raise RuntimeError(""could not locate tla-spec-dev repository root"")"	specs/.history/modular-fuzzing-epic/ticket-020-MF-038/snapshots/program_model/production_adapters.py:15	out-of-scope	ticket_plan.yaml:648-658	none mapped	unrepresented	out_of_scope_lexical_inventory		INFERRED exact-path scope; source not read
2440	"lexical hit not semantically classified: raise RuntimeError(""could not locate tla-spec-dev repository root"")"	specs/.history/modular-fuzzing-epic/ticket-020-MF-038/ticket/current/adapter_case_runtime.py:30	out-of-scope	ticket_plan.yaml:648-658	none mapped	unrepresented	out_of_scope_lexical_inventory		INFERRED exact-path scope; source not read
2441	lexical hit not semantically classified: This is the honest failure mode for case execution and it is raised, never	specs/.history/modular-fuzzing-epic/ticket-020-MF-038/ticket/current/adapter_case_runtime.py:117	out-of-scope	ticket_plan.yaml:648-658	none mapped	unrepresented	out_of_scope_lexical_inventory		INFERRED exact-path scope; source not read
2442	"lexical hit not semantically classified: raise BeforeStateUnreachable(f""setup_phase {phase} is outside the modelled pipeline"")"	specs/.history/modular-fuzzing-epic/ticket-020-MF-038/ticket/current/adapter_case_runtime.py:142	out-of-scope	ticket_plan.yaml:648-658	none mapped	unrepresented	out_of_scope_lexical_inventory		INFERRED exact-path scope; source not read
2443	"lexical hit not semantically classified: raise BeforeStateUnreachable(f""no replay defined for {step}"")"	specs/.history/modular-fuzzing-epic/ticket-020-MF-038/ticket/current/adapter_case_runtime.py:175	out-of-scope	ticket_plan.yaml:648-658	none mapped	unrepresented	out_of_scope_lexical_inventory		INFERRED exact-path scope; source not read
2444	lexical hit not semantically classified: raise BeforeStateUnreachable(	specs/.history/modular-fuzzing-epic/ticket-020-MF-038/ticket/current/adapter_case_runtime.py:184	out-of-scope	ticket_plan.yaml:648-658	none mapped	unrepresented	out_of_scope_lexical_inventory		INFERRED exact-path scope; source not read
2445	"lexical hit not semantically classified: raise BeforeStateUnreachable(f""cannot record budgets before scaffold project: {manifest} missing"")"	specs/.history/modular-fuzzing-epic/ticket-020-MF-038/ticket/current/adapter_case_runtime.py:208	out-of-scope	ticket_plan.yaml:648-658	none mapped	unrepresented	out_of_scope_lexical_inventory		INFERRED exact-path scope; source not read
2446	"lexical hit not semantically classified: raise AssertionError(f""{getattr(case, 'name')}: projected after-state disagrees with the model -- {detail}"")"	specs/.history/modular-fuzzing-epic/ticket-020-MF-038/ticket/current/adapter_case_runtime.py:335	out-of-scope	ticket_plan.yaml:648-658	none mapped	unrepresented	out_of_scope_lexical_inventory		INFERRED exact-path scope; source not read
2447	"lexical hit not semantically classified: raise BeforeStateUnreachable(f""ticket plan missing at {plan_path}; workflow was not scaffolded"")"	specs/.history/modular-fuzzing-epic/ticket-020-MF-038/ticket/current/adapter_case_runtime.py:351	out-of-scope	ticket_plan.yaml:648-658	none mapped	unrepresented	out_of_scope_lexical_inventory		INFERRED exact-path scope; source not read
2448	"lexical hit not semantically classified: raise BeforeStateUnreachable(f""ticket {ticket!r} has no {tree} model to mark ready"")"	specs/.history/modular-fuzzing-epic/ticket-020-MF-038/ticket/current/adapter_case_runtime.py:381	out-of-scope	ticket_plan.yaml:648-658	none mapped	unrepresented	out_of_scope_lexical_inventory		INFERRED exact-path scope; source not read
2449	lexical hit not semantically classified: raise BeforeStateUnreachable(	specs/.history/modular-fuzzing-epic/ticket-020-MF-038/ticket/current/adapter_case_runtime.py:413	out-of-scope	ticket_plan.yaml:648-658	none mapped	unrepresented	out_of_scope_lexical_inventory		INFERRED exact-path scope; source not read
2450	lexical hit not semantically classified: raise BeforeStateUnreachable(	specs/.history/modular-fuzzing-epic/ticket-020-MF-038/ticket/current/adapter_case_runtime.py:423	out-of-scope	ticket_plan.yaml:648-658	none mapped	unrepresented	out_of_scope_lexical_inventory		INFERRED exact-path scope; source not read
2451	lexical hit not semantically classified: raise BeforeStateUnreachable(	specs/.history/modular-fuzzing-epic/ticket-020-MF-038/ticket/current/adapter_case_runtime.py:433	out-of-scope	ticket_plan.yaml:648-658	none mapped	unrepresented	out_of_scope_lexical_inventory		INFERRED exact-path scope; source not read
2452	lexical hit not semantically classified: def recover_ticket_except_index(case: object) -> str:	specs/.history/modular-fuzzing-epic/ticket-020-MF-038/ticket/current/adapter_case_runtime.py:480	out-of-scope	ticket_plan.yaml:648-658	none mapped	unrepresented	out_of_scope_lexical_inventory		INFERRED exact-path scope; source not read
2453	"lexical hit not semantically classified: """"""MF-029 except-index recovery of the `ticket` argument."	specs/.history/modular-fuzzing-epic/ticket-020-MF-038/ticket/current/adapter_case_runtime.py:481	out-of-scope	ticket_plan.yaml:648-658	none mapped	unrepresented	out_of_scope_lexical_inventory		INFERRED exact-path scope; source not read
2454	lexical hit not semantically classified: raise BeforeStateUnreachable(	specs/.history/modular-fuzzing-epic/ticket-020-MF-038/ticket/current/adapter_case_runtime.py:496	out-of-scope	ticket_plan.yaml:648-658	none mapped	unrepresented	out_of_scope_lexical_inventory		INFERRED exact-path scope; source not read
2455	lexical hit not semantically classified: recover_ticket_except_index,	specs/.history/modular-fuzzing-epic/ticket-020-MF-038/ticket/current/production_adapters.py:43	out-of-scope	ticket_plan.yaml:648-658	none mapped	unrepresented	out_of_scope_lexical_inventory		INFERRED exact-path scope; source not read
2456	lexical hit not semantically classified: 2. recovers the `ticket` argument by MF-029 except-index on `ticket_state`;	specs/.history/modular-fuzzing-epic/ticket-020-MF-038/ticket/current/production_adapters.py:62	out-of-scope	ticket_plan.yaml:648-658	none mapped	unrepresented	out_of_scope_lexical_inventory		INFERRED exact-path scope; source not read
2457	lexical hit not semantically classified: try:	specs/.history/modular-fuzzing-epic/ticket-020-MF-038/ticket/current/production_adapters.py:90	out-of-scope	ticket_plan.yaml:648-658	none mapped	unrepresented	out_of_scope_lexical_inventory		INFERRED exact-path scope; source not read
2458	lexical hit not semantically classified: ticket = recover_ticket_except_index(case)	specs/.history/modular-fuzzing-epic/ticket-020-MF-038/ticket/current/production_adapters.py:91	out-of-scope	ticket_plan.yaml:648-658	none mapped	unrepresented	out_of_scope_lexical_inventory		INFERRED exact-path scope; source not read
2459	lexical hit not semantically classified: except BeforeStateUnreachable as exc:	specs/.history/modular-fuzzing-epic/ticket-020-MF-038/ticket/current/production_adapters.py:92	out-of-scope	ticket_plan.yaml:648-658	none mapped	unrepresented	out_of_scope_lexical_inventory		INFERRED exact-path scope; source not read
2460	lexical hit not semantically classified: ticket = recover_ticket_except_index(case)	specs/.history/modular-fuzzing-epic/ticket-020-MF-038/ticket/current/production_adapters.py:109	out-of-scope	ticket_plan.yaml:648-658	none mapped	unrepresented	out_of_scope_lexical_inventory		INFERRED exact-path scope; source not read
2461	"lexical hit not semantically classified: raise AssertionError(f""{getattr(case, 'name')}: stutter changed state"")"	specs/.history/modular-fuzzing-epic/ticket-020-MF-038/ticket/current/production_adapters.py:184	out-of-scope	ticket_plan.yaml:648-658	none mapped	unrepresented	out_of_scope_lexical_inventory		INFERRED exact-path scope; source not read
2462	lexical hit not semantically classified: # recovered the same way UpdateTicket does it -- MF-029 except-index over the	specs/.history/modular-fuzzing-epic/ticket-020-MF-038/ticket/current/production_adapters.py:625	out-of-scope	ticket_plan.yaml:648-658	none mapped	unrepresented	out_of_scope_lexical_inventory		INFERRED exact-path scope; source not read
2463	lexical hit not semantically classified: try:	specs/.history/modular-fuzzing-epic/ticket-020-MF-038/ticket/current/production_adapters.py:636	out-of-scope	ticket_plan.yaml:648-658	none mapped	unrepresented	out_of_scope_lexical_inventory		INFERRED exact-path scope; source not read
2464	lexical hit not semantically classified: ticket = recover_ticket_except_index(case)	specs/.history/modular-fuzzing-epic/ticket-020-MF-038/ticket/current/production_adapters.py:637	out-of-scope	ticket_plan.yaml:648-658	none mapped	unrepresented	out_of_scope_lexical_inventory		INFERRED exact-path scope; source not read
2465	lexical hit not semantically classified: except BeforeStateUnreachable as exc:	specs/.history/modular-fuzzing-epic/ticket-020-MF-038/ticket/current/production_adapters.py:638	out-of-scope	ticket_plan.yaml:648-658	none mapped	unrepresented	out_of_scope_lexical_inventory		INFERRED exact-path scope; source not read
2466	lexical hit not semantically classified: ticket = recover_ticket_except_index(case)	specs/.history/modular-fuzzing-epic/ticket-020-MF-038/ticket/current/production_adapters.py:658	out-of-scope	ticket_plan.yaml:648-658	none mapped	unrepresented	out_of_scope_lexical_inventory		INFERRED exact-path scope; source not read
2467	"lexical hit not semantically classified: raise BeforeStateUnreachable(f""open ticket {ticket} failed: {opened.stderr[-600:]}"")"	specs/.history/modular-fuzzing-epic/ticket-020-MF-038/ticket/current/production_adapters.py:665	out-of-scope	ticket_plan.yaml:648-658	none mapped	unrepresented	out_of_scope_lexical_inventory		INFERRED exact-path scope; source not read
2468	"lexical hit not semantically classified: ""raised_cap_exit_code"": under.returncode,"	specs/.history/modular-fuzzing-epic/ticket-020-MF-038/ticket/current/production_adapters.py:1541	out-of-scope	ticket_plan.yaml:648-658	none mapped	unrepresented	out_of_scope_lexical_inventory		INFERRED exact-path scope; source not read
2469	"lexical hit not semantically classified: ""cap_raise_accept_path_offered"": accept_path,"	specs/.history/modular-fuzzing-epic/ticket-020-MF-038/ticket/current/production_adapters.py:1549	out-of-scope	ticket_plan.yaml:648-658	none mapped	unrepresented	out_of_scope_lexical_inventory		INFERRED exact-path scope; source not read
2470	lexical hit not semantically classified: `justification_does_not_change_the_verdict`: two fixtures identical except	specs/.history/modular-fuzzing-epic/ticket-020-MF-038/ticket/current/production_adapters.py:1565	out-of-scope	ticket_plan.yaml:648-658	none mapped	unrepresented	out_of_scope_lexical_inventory		INFERRED exact-path scope; source not read
2471	lexical hit not semantically classified: 3. `waiver_does_not_change_the_verdict` -- two catalogs identical except	specs/.history/modular-fuzzing-epic/ticket-020-MF-038/ticket/current/production_adapters.py:1663	out-of-scope	ticket_plan.yaml:648-658	none mapped	unrepresented	out_of_scope_lexical_inventory		INFERRED exact-path scope; source not read
2472	lexical hit not semantically classified: with pytest.raises(AssertionError):	specs/.history/modular-fuzzing-epic/ticket-020-MF-038/ticket/current/tests/test_tla_spec_dev_case_execution_run.py:109	out-of-scope	ticket_plan.yaml:648-658	none mapped	unrepresented	out_of_scope_lexical_inventory		INFERRED exact-path scope; source not read
2473	lexical hit not semantically classified: with pytest.raises(AssertionError):	specs/.history/modular-fuzzing-epic/ticket-020-MF-038/ticket/current/tests/test_tla_spec_dev_case_execution_run.py:131	out-of-scope	ticket_plan.yaml:648-658	none mapped	unrepresented	out_of_scope_lexical_inventory		INFERRED exact-path scope; source not read
2474	lexical hit not semantically classified: with pytest.raises(AssertionError):	specs/.history/modular-fuzzing-epic/ticket-020-MF-038/ticket/current/tests/test_tla_spec_dev_case_execution_run.py:153	out-of-scope	ticket_plan.yaml:648-658	none mapped	unrepresented	out_of_scope_lexical_inventory		INFERRED exact-path scope; source not read
2475	lexical hit not semantically classified: with pytest.raises(AssertionError):	specs/.history/modular-fuzzing-epic/ticket-020-MF-038/ticket/current/tests/test_tla_spec_dev_case_execution_run.py:178	out-of-scope	ticket_plan.yaml:648-658	none mapped	unrepresented	out_of_scope_lexical_inventory		INFERRED exact-path scope; source not read
2476	lexical hit not semantically classified: # except-index recovery succeeds and the stage guard is what rejects it.	specs/.history/modular-fuzzing-epic/ticket-020-MF-038/ticket/current/tests/test_tla_spec_dev_case_execution_run.py:187	out-of-scope	ticket_plan.yaml:648-658	none mapped	unrepresented	out_of_scope_lexical_inventory		INFERRED exact-path scope; source not read
2477	"lexical hit not semantically classified: assert result[""raised_cap_exit_code""] == 0, result[""stderr""]"	specs/.history/modular-fuzzing-epic/ticket-020-MF-038/ticket/current/tests/test_tla_spec_dev_corpus_adapter.py:34	out-of-scope	ticket_plan.yaml:648-658	none mapped	unrepresented	out_of_scope_lexical_inventory		INFERRED exact-path scope; source not read
2478	"lexical hit not semantically classified: assert result[""cap_raise_accept_path_offered""] is True"	specs/.history/modular-fuzzing-epic/ticket-020-MF-038/ticket/current/tests/test_tla_spec_dev_corpus_adapter.py:61	out-of-scope	ticket_plan.yaml:648-658	none mapped	unrepresented	out_of_scope_lexical_inventory		INFERRED exact-path scope; source not read
2479	lexical hit not semantically classified: directories identical except that one carries a recorded justification produce	specs/.history/modular-fuzzing-epic/ticket-020-MF-038/ticket/current/tests/test_tla_spec_dev_effect_conformance_adapter.py:10	out-of-scope	ticket_plan.yaml:648-658	none mapped	unrepresented	out_of_scope_lexical_inventory		INFERRED exact-path scope; source not read
2480	lexical hit not semantically classified: with pytest.raises(AssertionError):	specs/.history/modular-fuzzing-epic/ticket-020-MF-038/ticket/current/tests/test_tla_spec_dev_update_ticket_adapter.py:108	out-of-scope	ticket_plan.yaml:648-658	none mapped	unrepresented	out_of_scope_lexical_inventory		INFERRED exact-path scope; source not read
2481	lexical hit not semantically classified: with pytest.raises(AssertionError):	specs/.history/modular-fuzzing-epic/ticket-020-MF-038/ticket/current/tests/test_tla_spec_dev_update_ticket_adapter.py:116	out-of-scope	ticket_plan.yaml:648-658	none mapped	unrepresented	out_of_scope_lexical_inventory		INFERRED exact-path scope; source not read
2482	lexical hit not semantically classified: with pytest.raises((AssertionError, pa.BeforeStateUnreachable)):	specs/.history/modular-fuzzing-epic/ticket-020-MF-038/ticket/current/tests/test_tla_spec_dev_update_ticket_adapter.py:126	out-of-scope	ticket_plan.yaml:648-658	none mapped	unrepresented	out_of_scope_lexical_inventory		INFERRED exact-path scope; source not read
2483	"lexical hit not semantically classified: raise RuntimeError(""could not locate tla-spec-dev repository root"")"	specs/.history/modular-fuzzing-epic/ticket-020-MF-038/ticket/desired/adapter_case_runtime.py:30	out-of-scope	ticket_plan.yaml:648-658	none mapped	unrepresented	out_of_scope_lexical_inventory		INFERRED exact-path scope; source not read
2484	lexical hit not semantically classified: This is the honest failure mode for case execution and it is raised, never	specs/.history/modular-fuzzing-epic/ticket-020-MF-038/ticket/desired/adapter_case_runtime.py:117	out-of-scope	ticket_plan.yaml:648-658	none mapped	unrepresented	out_of_scope_lexical_inventory		INFERRED exact-path scope; source not read
2485	"lexical hit not semantically classified: raise BeforeStateUnreachable(f""setup_phase {phase} is outside the modelled pipeline"")"	specs/.history/modular-fuzzing-epic/ticket-020-MF-038/ticket/desired/adapter_case_runtime.py:142	out-of-scope	ticket_plan.yaml:648-658	none mapped	unrepresented	out_of_scope_lexical_inventory		INFERRED exact-path scope; source not read
2486	"lexical hit not semantically classified: raise BeforeStateUnreachable(f""no replay defined for {step}"")"	specs/.history/modular-fuzzing-epic/ticket-020-MF-038/ticket/desired/adapter_case_runtime.py:175	out-of-scope	ticket_plan.yaml:648-658	none mapped	unrepresented	out_of_scope_lexical_inventory		INFERRED exact-path scope; source not read
2487	lexical hit not semantically classified: raise BeforeStateUnreachable(	specs/.history/modular-fuzzing-epic/ticket-020-MF-038/ticket/desired/adapter_case_runtime.py:184	out-of-scope	ticket_plan.yaml:648-658	none mapped	unrepresented	out_of_scope_lexical_inventory		INFERRED exact-path scope; source not read
2488	"lexical hit not semantically classified: raise BeforeStateUnreachable(f""cannot record budgets before scaffold project: {manifest} missing"")"	specs/.history/modular-fuzzing-epic/ticket-020-MF-038/ticket/desired/adapter_case_runtime.py:208	out-of-scope	ticket_plan.yaml:648-658	none mapped	unrepresented	out_of_scope_lexical_inventory		INFERRED exact-path scope; source not read
2489	"lexical hit not semantically classified: raise AssertionError(f""{getattr(case, 'name')}: projected after-state disagrees with the model -- {detail}"")"	specs/.history/modular-fuzzing-epic/ticket-020-MF-038/ticket/desired/adapter_case_runtime.py:335	out-of-scope	ticket_plan.yaml:648-658	none mapped	unrepresented	out_of_scope_lexical_inventory		INFERRED exact-path scope; source not read
2490	"lexical hit not semantically classified: raise BeforeStateUnreachable(f""ticket plan missing at {plan_path}; workflow was not scaffolded"")"	specs/.history/modular-fuzzing-epic/ticket-020-MF-038/ticket/desired/adapter_case_runtime.py:351	out-of-scope	ticket_plan.yaml:648-658	none mapped	unrepresented	out_of_scope_lexical_inventory		INFERRED exact-path scope; source not read
2491	"lexical hit not semantically classified: raise BeforeStateUnreachable(f""ticket {ticket!r} has no {tree} model to mark ready"")"	specs/.history/modular-fuzzing-epic/ticket-020-MF-038/ticket/desired/adapter_case_runtime.py:381	out-of-scope	ticket_plan.yaml:648-658	none mapped	unrepresented	out_of_scope_lexical_inventory		INFERRED exact-path scope; source not read
2492	lexical hit not semantically classified: raise BeforeStateUnreachable(	specs/.history/modular-fuzzing-epic/ticket-020-MF-038/ticket/desired/adapter_case_runtime.py:413	out-of-scope	ticket_plan.yaml:648-658	none mapped	unrepresented	out_of_scope_lexical_inventory		INFERRED exact-path scope; source not read
2493	lexical hit not semantically classified: raise BeforeStateUnreachable(	specs/.history/modular-fuzzing-epic/ticket-020-MF-038/ticket/desired/adapter_case_runtime.py:423	out-of-scope	ticket_plan.yaml:648-658	none mapped	unrepresented	out_of_scope_lexical_inventory		INFERRED exact-path scope; source not read
2494	lexical hit not semantically classified: raise BeforeStateUnreachable(	specs/.history/modular-fuzzing-epic/ticket-020-MF-038/ticket/desired/adapter_case_runtime.py:433	out-of-scope	ticket_plan.yaml:648-658	none mapped	unrepresented	out_of_scope_lexical_inventory		INFERRED exact-path scope; source not read
2495	lexical hit not semantically classified: def recover_ticket_except_index(case: object) -> str:	specs/.history/modular-fuzzing-epic/ticket-020-MF-038/ticket/desired/adapter_case_runtime.py:480	out-of-scope	ticket_plan.yaml:648-658	none mapped	unrepresented	out_of_scope_lexical_inventory		INFERRED exact-path scope; source not read
2496	"lexical hit not semantically classified: """"""MF-029 except-index recovery of the `ticket` argument."	specs/.history/modular-fuzzing-epic/ticket-020-MF-038/ticket/desired/adapter_case_runtime.py:481	out-of-scope	ticket_plan.yaml:648-658	none mapped	unrepresented	out_of_scope_lexical_inventory		INFERRED exact-path scope; source not read
2497	lexical hit not semantically classified: raise BeforeStateUnreachable(	specs/.history/modular-fuzzing-epic/ticket-020-MF-038/ticket/desired/adapter_case_runtime.py:496	out-of-scope	ticket_plan.yaml:648-658	none mapped	unrepresented	out_of_scope_lexical_inventory		INFERRED exact-path scope; source not read
2498	lexical hit not semantically classified: recover_ticket_except_index,	specs/.history/modular-fuzzing-epic/ticket-020-MF-038/ticket/desired/production_adapters.py:43	out-of-scope	ticket_plan.yaml:648-658	none mapped	unrepresented	out_of_scope_lexical_inventory		INFERRED exact-path scope; source not read
2499	lexical hit not semantically classified: 2. recovers the `ticket` argument by MF-029 except-index on `ticket_state`;	specs/.history/modular-fuzzing-epic/ticket-020-MF-038/ticket/desired/production_adapters.py:62	out-of-scope	ticket_plan.yaml:648-658	none mapped	unrepresented	out_of_scope_lexical_inventory		INFERRED exact-path scope; source not read
2500	lexical hit not semantically classified: try:	specs/.history/modular-fuzzing-epic/ticket-020-MF-038/ticket/desired/production_adapters.py:90	out-of-scope	ticket_plan.yaml:648-658	none mapped	unrepresented	out_of_scope_lexical_inventory		INFERRED exact-path scope; source not read
2501	lexical hit not semantically classified: ticket = recover_ticket_except_index(case)	specs/.history/modular-fuzzing-epic/ticket-020-MF-038/ticket/desired/production_adapters.py:91	out-of-scope	ticket_plan.yaml:648-658	none mapped	unrepresented	out_of_scope_lexical_inventory		INFERRED exact-path scope; source not read
2502	lexical hit not semantically classified: except BeforeStateUnreachable as exc:	specs/.history/modular-fuzzing-epic/ticket-020-MF-038/ticket/desired/production_adapters.py:92	out-of-scope	ticket_plan.yaml:648-658	none mapped	unrepresented	out_of_scope_lexical_inventory		INFERRED exact-path scope; source not read
2503	lexical hit not semantically classified: ticket = recover_ticket_except_index(case)	specs/.history/modular-fuzzing-epic/ticket-020-MF-038/ticket/desired/production_adapters.py:109	out-of-scope	ticket_plan.yaml:648-658	none mapped	unrepresented	out_of_scope_lexical_inventory		INFERRED exact-path scope; source not read
2504	"lexical hit not semantically classified: raise AssertionError(f""{getattr(case, 'name')}: stutter changed state"")"	specs/.history/modular-fuzzing-epic/ticket-020-MF-038/ticket/desired/production_adapters.py:184	out-of-scope	ticket_plan.yaml:648-658	none mapped	unrepresented	out_of_scope_lexical_inventory		INFERRED exact-path scope; source not read
2505	lexical hit not semantically classified: # recovered the same way UpdateTicket does it -- MF-029 except-index over the	specs/.history/modular-fuzzing-epic/ticket-020-MF-038/ticket/desired/production_adapters.py:625	out-of-scope	ticket_plan.yaml:648-658	none mapped	unrepresented	out_of_scope_lexical_inventory		INFERRED exact-path scope; source not read
2506	lexical hit not semantically classified: try:	specs/.history/modular-fuzzing-epic/ticket-020-MF-038/ticket/desired/production_adapters.py:636	out-of-scope	ticket_plan.yaml:648-658	none mapped	unrepresented	out_of_scope_lexical_inventory		INFERRED exact-path scope; source not read
2507	lexical hit not semantically classified: ticket = recover_ticket_except_index(case)	specs/.history/modular-fuzzing-epic/ticket-020-MF-038/ticket/desired/production_adapters.py:637	out-of-scope	ticket_plan.yaml:648-658	none mapped	unrepresented	out_of_scope_lexical_inventory		INFERRED exact-path scope; source not read
2508	lexical hit not semantically classified: except BeforeStateUnreachable as exc:	specs/.history/modular-fuzzing-epic/ticket-020-MF-038/ticket/desired/production_adapters.py:638	out-of-scope	ticket_plan.yaml:648-658	none mapped	unrepresented	out_of_scope_lexical_inventory		INFERRED exact-path scope; source not read
2509	lexical hit not semantically classified: ticket = recover_ticket_except_index(case)	specs/.history/modular-fuzzing-epic/ticket-020-MF-038/ticket/desired/production_adapters.py:658	out-of-scope	ticket_plan.yaml:648-658	none mapped	unrepresented	out_of_scope_lexical_inventory		INFERRED exact-path scope; source not read
2510	"lexical hit not semantically classified: raise BeforeStateUnreachable(f""open ticket {ticket} failed: {opened.stderr[-600:]}"")"	specs/.history/modular-fuzzing-epic/ticket-020-MF-038/ticket/desired/production_adapters.py:665	out-of-scope	ticket_plan.yaml:648-658	none mapped	unrepresented	out_of_scope_lexical_inventory		INFERRED exact-path scope; source not read
2511	"lexical hit not semantically classified: ""raised_cap_exit_code"": under.returncode,"	specs/.history/modular-fuzzing-epic/ticket-020-MF-038/ticket/desired/production_adapters.py:1541	out-of-scope	ticket_plan.yaml:648-658	none mapped	unrepresented	out_of_scope_lexical_inventory		INFERRED exact-path scope; source not read
2512	"lexical hit not semantically classified: ""cap_raise_accept_path_offered"": accept_path,"	specs/.history/modular-fuzzing-epic/ticket-020-MF-038/ticket/desired/production_adapters.py:1549	out-of-scope	ticket_plan.yaml:648-658	none mapped	unrepresented	out_of_scope_lexical_inventory		INFERRED exact-path scope; source not read
2513	lexical hit not semantically classified: `justification_does_not_change_the_verdict`: two fixtures identical except	specs/.history/modular-fuzzing-epic/ticket-020-MF-038/ticket/desired/production_adapters.py:1565	out-of-scope	ticket_plan.yaml:648-658	none mapped	unrepresented	out_of_scope_lexical_inventory		INFERRED exact-path scope; source not read
2514	lexical hit not semantically classified: 3. `waiver_does_not_change_the_verdict` -- two catalogs identical except	specs/.history/modular-fuzzing-epic/ticket-020-MF-038/ticket/desired/production_adapters.py:1663	out-of-scope	ticket_plan.yaml:648-658	none mapped	unrepresented	out_of_scope_lexical_inventory		INFERRED exact-path scope; source not read
2515	lexical hit not semantically classified: with pytest.raises(AssertionError):	specs/.history/modular-fuzzing-epic/ticket-020-MF-038/ticket/desired/tests/test_tla_spec_dev_case_execution_run.py:109	out-of-scope	ticket_plan.yaml:648-658	none mapped	unrepresented	out_of_scope_lexical_inventory		INFERRED exact-path scope; source not read
2516	lexical hit not semantically classified: with pytest.raises(AssertionError):	specs/.history/modular-fuzzing-epic/ticket-020-MF-038/ticket/desired/tests/test_tla_spec_dev_case_execution_run.py:131	out-of-scope	ticket_plan.yaml:648-658	none mapped	unrepresented	out_of_scope_lexical_inventory		INFERRED exact-path scope; source not read
2517	lexical hit not semantically classified: with pytest.raises(AssertionError):	specs/.history/modular-fuzzing-epic/ticket-020-MF-038/ticket/desired/tests/test_tla_spec_dev_case_execution_run.py:153	out-of-scope	ticket_plan.yaml:648-658	none mapped	unrepresented	out_of_scope_lexical_inventory		INFERRED exact-path scope; source not read
2518	lexical hit not semantically classified: with pytest.raises(AssertionError):	specs/.history/modular-fuzzing-epic/ticket-020-MF-038/ticket/desired/tests/test_tla_spec_dev_case_execution_run.py:178	out-of-scope	ticket_plan.yaml:648-658	none mapped	unrepresented	out_of_scope_lexical_inventory		INFERRED exact-path scope; source not read
2519	lexical hit not semantically classified: # except-index recovery succeeds and the stage guard is what rejects it.	specs/.history/modular-fuzzing-epic/ticket-020-MF-038/ticket/desired/tests/test_tla_spec_dev_case_execution_run.py:187	out-of-scope	ticket_plan.yaml:648-658	none mapped	unrepresented	out_of_scope_lexical_inventory		INFERRED exact-path scope; source not read
2520	"lexical hit not semantically classified: assert result[""raised_cap_exit_code""] == 0, result[""stderr""]"	specs/.history/modular-fuzzing-epic/ticket-020-MF-038/ticket/desired/tests/test_tla_spec_dev_corpus_adapter.py:34	out-of-scope	ticket_plan.yaml:648-658	none mapped	unrepresented	out_of_scope_lexical_inventory		INFERRED exact-path scope; source not read
2521	"lexical hit not semantically classified: assert result[""cap_raise_accept_path_offered""] is True"	specs/.history/modular-fuzzing-epic/ticket-020-MF-038/ticket/desired/tests/test_tla_spec_dev_corpus_adapter.py:61	out-of-scope	ticket_plan.yaml:648-658	none mapped	unrepresented	out_of_scope_lexical_inventory		INFERRED exact-path scope; source not read
2522	lexical hit not semantically classified: directories identical except that one carries a recorded justification produce	specs/.history/modular-fuzzing-epic/ticket-020-MF-038/ticket/desired/tests/test_tla_spec_dev_effect_conformance_adapter.py:10	out-of-scope	ticket_plan.yaml:648-658	none mapped	unrepresented	out_of_scope_lexical_inventory		INFERRED exact-path scope; source not read
2523	lexical hit not semantically classified: with pytest.raises(AssertionError):	specs/.history/modular-fuzzing-epic/ticket-020-MF-038/ticket/desired/tests/test_tla_spec_dev_update_ticket_adapter.py:108	out-of-scope	ticket_plan.yaml:648-658	none mapped	unrepresented	out_of_scope_lexical_inventory		INFERRED exact-path scope; source not read
2524	lexical hit not semantically classified: with pytest.raises(AssertionError):	specs/.history/modular-fuzzing-epic/ticket-020-MF-038/ticket/desired/tests/test_tla_spec_dev_update_ticket_adapter.py:116	out-of-scope	ticket_plan.yaml:648-658	none mapped	unrepresented	out_of_scope_lexical_inventory		INFERRED exact-path scope; source not read
2525	lexical hit not semantically classified: with pytest.raises((AssertionError, pa.BeforeStateUnreachable)):	specs/.history/modular-fuzzing-epic/ticket-020-MF-038/ticket/desired/tests/test_tla_spec_dev_update_ticket_adapter.py:126	out-of-scope	ticket_plan.yaml:648-658	none mapped	unrepresented	out_of_scope_lexical_inventory		INFERRED exact-path scope; source not read
2526	lexical hit not semantically classified: raise SystemExit(main())	specs/.history/modular-fuzzing-epic/ticket-020-MF-038/ticket/results/measure_kill_rate.py:164	out-of-scope	ticket_plan.yaml:648-658	none mapped	unrepresented	out_of_scope_lexical_inventory		INFERRED exact-path scope; source not read
2527	"lexical hit not semantically classified: raise RuntimeError(""could not locate tla-spec-dev repository root"")"	specs/.history/modular-fuzzing-epic/ticket-022-MF-036/snapshots/current/production_adapters.py:16	out-of-scope	ticket_plan.yaml:648-658	none mapped	unrepresented	out_of_scope_lexical_inventory		INFERRED exact-path scope; source not read
2528	lexical hit not semantically classified: This is the honest failure mode for case execution and it is raised, never	specs/.history/modular-fuzzing-epic/ticket-022-MF-036/snapshots/current/production_adapters.py:72	out-of-scope	ticket_plan.yaml:648-658	none mapped	unrepresented	out_of_scope_lexical_inventory		INFERRED exact-path scope; source not read
2529	"lexical hit not semantically classified: raise BeforeStateUnreachable(f""setup_phase {phase} is outside the modelled pipeline"")"	specs/.history/modular-fuzzing-epic/ticket-022-MF-036/snapshots/current/production_adapters.py:97	out-of-scope	ticket_plan.yaml:648-658	none mapped	unrepresented	out_of_scope_lexical_inventory		INFERRED exact-path scope; source not read
2530	"lexical hit not semantically classified: raise BeforeStateUnreachable(f""no replay defined for {step}"")"	specs/.history/modular-fuzzing-epic/ticket-022-MF-036/snapshots/current/production_adapters.py:130	out-of-scope	ticket_plan.yaml:648-658	none mapped	unrepresented	out_of_scope_lexical_inventory		INFERRED exact-path scope; source not read
2531	lexical hit not semantically classified: raise BeforeStateUnreachable(	specs/.history/modular-fuzzing-epic/ticket-022-MF-036/snapshots/current/production_adapters.py:139	out-of-scope	ticket_plan.yaml:648-658	none mapped	unrepresented	out_of_scope_lexical_inventory		INFERRED exact-path scope; source not read
2532	lexical hit not semantically classified: raise BeforeStateUnreachable(	specs/.history/modular-fuzzing-epic/ticket-022-MF-036/snapshots/current/production_adapters.py:149	out-of-scope	ticket_plan.yaml:648-658	none mapped	unrepresented	out_of_scope_lexical_inventory		INFERRED exact-path scope; source not read
2533	"lexical hit not semantically classified: raise BeforeStateUnreachable(f""cannot record budgets before scaffold project: {manifest} missing"")"	specs/.history/modular-fuzzing-epic/ticket-022-MF-036/snapshots/current/production_adapters.py:160	out-of-scope	ticket_plan.yaml:648-658	none mapped	unrepresented	out_of_scope_lexical_inventory		INFERRED exact-path scope; source not read
2534	lexical hit not semantically classified: the comparison and raises here, and reports the unchecked field by name	specs/.history/modular-fuzzing-epic/ticket-022-MF-036/snapshots/current/production_adapters.py:278	out-of-scope	ticket_plan.yaml:648-658	none mapped	unrepresented	out_of_scope_lexical_inventory		INFERRED exact-path scope; source not read
2535	"lexical hit not semantically classified: raise AssertionError(f""{getattr(case, 'name')}: projected after-state disagrees with the model -- {detail}"")"	specs/.history/modular-fuzzing-epic/ticket-022-MF-036/snapshots/current/production_adapters.py:287	out-of-scope	ticket_plan.yaml:648-658	none mapped	unrepresented	out_of_scope_lexical_inventory		INFERRED exact-path scope; source not read
2536	lexical hit not semantically classified: raise NotImplementedError(	specs/.history/modular-fuzzing-epic/ticket-022-MF-036/snapshots/current/production_adapters.py:308	out-of-scope	ticket_plan.yaml:648-658	none mapped	unrepresented	out_of_scope_lexical_inventory		INFERRED exact-path scope; source not read
2537	"lexical hit not semantically classified: raise AssertionError(f""{getattr(case, 'name')}: stutter changed state"")"	specs/.history/modular-fuzzing-epic/ticket-022-MF-036/snapshots/current/production_adapters.py:341	out-of-scope	ticket_plan.yaml:648-658	none mapped	unrepresented	out_of_scope_lexical_inventory		INFERRED exact-path scope; source not read
2538	"lexical hit not semantically classified: ""raised_cap_exit_code"": under.returncode,"	specs/.history/modular-fuzzing-epic/ticket-022-MF-036/snapshots/current/production_adapters.py:1470	out-of-scope	ticket_plan.yaml:648-658	none mapped	unrepresented	out_of_scope_lexical_inventory		INFERRED exact-path scope; source not read
2539	"lexical hit not semantically classified: ""cap_raise_accept_path_offered"": accept_path,"	specs/.history/modular-fuzzing-epic/ticket-022-MF-036/snapshots/current/production_adapters.py:1478	out-of-scope	ticket_plan.yaml:648-658	none mapped	unrepresented	out_of_scope_lexical_inventory		INFERRED exact-path scope; source not read
2540	lexical hit not semantically classified: `justification_does_not_change_the_verdict`: two fixtures identical except	specs/.history/modular-fuzzing-epic/ticket-022-MF-036/snapshots/current/production_adapters.py:1494	out-of-scope	ticket_plan.yaml:648-658	none mapped	unrepresented	out_of_scope_lexical_inventory		INFERRED exact-path scope; source not read
2541	lexical hit not semantically classified: 3. `waiver_does_not_change_the_verdict` -- two catalogs identical except	specs/.history/modular-fuzzing-epic/ticket-022-MF-036/snapshots/current/production_adapters.py:1592	out-of-scope	ticket_plan.yaml:648-658	none mapped	unrepresented	out_of_scope_lexical_inventory		INFERRED exact-path scope; source not read
2542	"lexical hit not semantically classified: raise AssertionError(""current spec_manifest.yaml has no status.active_ticket"")"	specs/.history/modular-fuzzing-epic/ticket-022-MF-036/snapshots/current/tests/test_current_ticket_workflow.py:11	out-of-scope	ticket_plan.yaml:648-658	none mapped	unrepresented	out_of_scope_lexical_inventory		INFERRED exact-path scope; source not read
2543	"lexical hit not semantically classified: assert result[""raised_cap_exit_code""] == 0, result[""stderr""]"	specs/.history/modular-fuzzing-epic/ticket-022-MF-036/snapshots/current/tests/test_tla_spec_dev_corpus_adapter.py:34	out-of-scope	ticket_plan.yaml:648-658	none mapped	unrepresented	out_of_scope_lexical_inventory		INFERRED exact-path scope; source not read
2544	"lexical hit not semantically classified: assert result[""cap_raise_accept_path_offered""] is True"	specs/.history/modular-fuzzing-epic/ticket-022-MF-036/snapshots/current/tests/test_tla_spec_dev_corpus_adapter.py:61	out-of-scope	ticket_plan.yaml:648-658	none mapped	unrepresented	out_of_scope_lexical_inventory		INFERRED exact-path scope; source not read
2545	lexical hit not semantically classified: directories identical except that one carries a recorded justification produce	specs/.history/modular-fuzzing-epic/ticket-022-MF-036/snapshots/current/tests/test_tla_spec_dev_effect_conformance_adapter.py:10	out-of-scope	ticket_plan.yaml:648-658	none mapped	unrepresented	out_of_scope_lexical_inventory		INFERRED exact-path scope; source not read
2546	"lexical hit not semantically classified: raise RuntimeError(""could not locate tla-spec-dev repository root"")"	specs/.history/modular-fuzzing-epic/ticket-022-MF-036/snapshots/desired_program_model/production_adapters.py:15	out-of-scope	ticket_plan.yaml:648-658	none mapped	unrepresented	out_of_scope_lexical_inventory		INFERRED exact-path scope; source not read
2547	"lexical hit not semantically classified: raise RuntimeError(""could not locate tla-spec-dev repository root"")"	specs/.history/modular-fuzzing-epic/ticket-022-MF-036/snapshots/program_model/production_adapters.py:15	out-of-scope	ticket_plan.yaml:648-658	none mapped	unrepresented	out_of_scope_lexical_inventory		INFERRED exact-path scope; source not read
2548	"lexical hit not semantically classified: raise RuntimeError(""could not locate tla-spec-dev repository root"")"	specs/.history/modular-fuzzing-epic/ticket-022-MF-036/ticket/current/production_adapters.py:16	out-of-scope	ticket_plan.yaml:648-658	none mapped	unrepresented	out_of_scope_lexical_inventory		INFERRED exact-path scope; source not read
2549	lexical hit not semantically classified: This is the honest failure mode for case execution and it is raised, never	specs/.history/modular-fuzzing-epic/ticket-022-MF-036/ticket/current/production_adapters.py:72	out-of-scope	ticket_plan.yaml:648-658	none mapped	unrepresented	out_of_scope_lexical_inventory		INFERRED exact-path scope; source not read
2550	"lexical hit not semantically classified: raise BeforeStateUnreachable(f""setup_phase {phase} is outside the modelled pipeline"")"	specs/.history/modular-fuzzing-epic/ticket-022-MF-036/ticket/current/production_adapters.py:97	out-of-scope	ticket_plan.yaml:648-658	none mapped	unrepresented	out_of_scope_lexical_inventory		INFERRED exact-path scope; source not read
2551	"lexical hit not semantically classified: raise BeforeStateUnreachable(f""no replay defined for {step}"")"	specs/.history/modular-fuzzing-epic/ticket-022-MF-036/ticket/current/production_adapters.py:130	out-of-scope	ticket_plan.yaml:648-658	none mapped	unrepresented	out_of_scope_lexical_inventory		INFERRED exact-path scope; source not read
2552	lexical hit not semantically classified: raise BeforeStateUnreachable(	specs/.history/modular-fuzzing-epic/ticket-022-MF-036/ticket/current/production_adapters.py:139	out-of-scope	ticket_plan.yaml:648-658	none mapped	unrepresented	out_of_scope_lexical_inventory		INFERRED exact-path scope; source not read
2553	lexical hit not semantically classified: raise BeforeStateUnreachable(	specs/.history/modular-fuzzing-epic/ticket-022-MF-036/ticket/current/production_adapters.py:149	out-of-scope	ticket_plan.yaml:648-658	none mapped	unrepresented	out_of_scope_lexical_inventory		INFERRED exact-path scope; source not read
2554	"lexical hit not semantically classified: raise BeforeStateUnreachable(f""cannot record budgets before scaffold project: {manifest} missing"")"	specs/.history/modular-fuzzing-epic/ticket-022-MF-036/ticket/current/production_adapters.py:160	out-of-scope	ticket_plan.yaml:648-658	none mapped	unrepresented	out_of_scope_lexical_inventory		INFERRED exact-path scope; source not read
2555	lexical hit not semantically classified: the comparison and raises here, and reports the unchecked field by name	specs/.history/modular-fuzzing-epic/ticket-022-MF-036/ticket/current/production_adapters.py:278	out-of-scope	ticket_plan.yaml:648-658	none mapped	unrepresented	out_of_scope_lexical_inventory		INFERRED exact-path scope; source not read
2556	"lexical hit not semantically classified: raise AssertionError(f""{getattr(case, 'name')}: projected after-state disagrees with the model -- {detail}"")"	specs/.history/modular-fuzzing-epic/ticket-022-MF-036/ticket/current/production_adapters.py:287	out-of-scope	ticket_plan.yaml:648-658	none mapped	unrepresented	out_of_scope_lexical_inventory		INFERRED exact-path scope; source not read
2557	lexical hit not semantically classified: raise NotImplementedError(	specs/.history/modular-fuzzing-epic/ticket-022-MF-036/ticket/current/production_adapters.py:308	out-of-scope	ticket_plan.yaml:648-658	none mapped	unrepresented	out_of_scope_lexical_inventory		INFERRED exact-path scope; source not read
2558	"lexical hit not semantically classified: raise AssertionError(f""{getattr(case, 'name')}: stutter changed state"")"	specs/.history/modular-fuzzing-epic/ticket-022-MF-036/ticket/current/production_adapters.py:341	out-of-scope	ticket_plan.yaml:648-658	none mapped	unrepresented	out_of_scope_lexical_inventory		INFERRED exact-path scope; source not read
2559	"lexical hit not semantically classified: ""raised_cap_exit_code"": under.returncode,"	specs/.history/modular-fuzzing-epic/ticket-022-MF-036/ticket/current/production_adapters.py:1470	out-of-scope	ticket_plan.yaml:648-658	none mapped	unrepresented	out_of_scope_lexical_inventory		INFERRED exact-path scope; source not read
2560	"lexical hit not semantically classified: ""cap_raise_accept_path_offered"": accept_path,"	specs/.history/modular-fuzzing-epic/ticket-022-MF-036/ticket/current/production_adapters.py:1478	out-of-scope	ticket_plan.yaml:648-658	none mapped	unrepresented	out_of_scope_lexical_inventory		INFERRED exact-path scope; source not read
2561	lexical hit not semantically classified: `justification_does_not_change_the_verdict`: two fixtures identical except	specs/.history/modular-fuzzing-epic/ticket-022-MF-036/ticket/current/production_adapters.py:1494	out-of-scope	ticket_plan.yaml:648-658	none mapped	unrepresented	out_of_scope_lexical_inventory		INFERRED exact-path scope; source not read
2562	lexical hit not semantically classified: 3. `waiver_does_not_change_the_verdict` -- two catalogs identical except	specs/.history/modular-fuzzing-epic/ticket-022-MF-036/ticket/current/production_adapters.py:1592	out-of-scope	ticket_plan.yaml:648-658	none mapped	unrepresented	out_of_scope_lexical_inventory		INFERRED exact-path scope; source not read
2563	"lexical hit not semantically classified: assert result[""raised_cap_exit_code""] == 0, result[""stderr""]"	specs/.history/modular-fuzzing-epic/ticket-022-MF-036/ticket/current/tests/test_tla_spec_dev_corpus_adapter.py:34	out-of-scope	ticket_plan.yaml:648-658	none mapped	unrepresented	out_of_scope_lexical_inventory		INFERRED exact-path scope; source not read
2564	"lexical hit not semantically classified: assert result[""cap_raise_accept_path_offered""] is True"	specs/.history/modular-fuzzing-epic/ticket-022-MF-036/ticket/current/tests/test_tla_spec_dev_corpus_adapter.py:61	out-of-scope	ticket_plan.yaml:648-658	none mapped	unrepresented	out_of_scope_lexical_inventory		INFERRED exact-path scope; source not read
2565	lexical hit not semantically classified: directories identical except that one carries a recorded justification produce	specs/.history/modular-fuzzing-epic/ticket-022-MF-036/ticket/current/tests/test_tla_spec_dev_effect_conformance_adapter.py:10	out-of-scope	ticket_plan.yaml:648-658	none mapped	unrepresented	out_of_scope_lexical_inventory		INFERRED exact-path scope; source not read
2566	"lexical hit not semantically classified: raise RuntimeError(""could not locate tla-spec-dev repository root"")"	specs/.history/modular-fuzzing-epic/ticket-022-MF-036/ticket/desired/production_adapters.py:16	out-of-scope	ticket_plan.yaml:648-658	none mapped	unrepresented	out_of_scope_lexical_inventory		INFERRED exact-path scope; source not read
2567	lexical hit not semantically classified: This is the honest failure mode for case execution and it is raised, never	specs/.history/modular-fuzzing-epic/ticket-022-MF-036/ticket/desired/production_adapters.py:72	out-of-scope	ticket_plan.yaml:648-658	none mapped	unrepresented	out_of_scope_lexical_inventory		INFERRED exact-path scope; source not read
2568	"lexical hit not semantically classified: raise BeforeStateUnreachable(f""setup_phase {phase} is outside the modelled pipeline"")"	specs/.history/modular-fuzzing-epic/ticket-022-MF-036/ticket/desired/production_adapters.py:97	out-of-scope	ticket_plan.yaml:648-658	none mapped	unrepresented	out_of_scope_lexical_inventory		INFERRED exact-path scope; source not read
2569	"lexical hit not semantically classified: raise BeforeStateUnreachable(f""no replay defined for {step}"")"	specs/.history/modular-fuzzing-epic/ticket-022-MF-036/ticket/desired/production_adapters.py:130	out-of-scope	ticket_plan.yaml:648-658	none mapped	unrepresented	out_of_scope_lexical_inventory		INFERRED exact-path scope; source not read
2570	lexical hit not semantically classified: raise BeforeStateUnreachable(	specs/.history/modular-fuzzing-epic/ticket-022-MF-036/ticket/desired/production_adapters.py:139	out-of-scope	ticket_plan.yaml:648-658	none mapped	unrepresented	out_of_scope_lexical_inventory		INFERRED exact-path scope; source not read
2571	lexical hit not semantically classified: raise BeforeStateUnreachable(	specs/.history/modular-fuzzing-epic/ticket-022-MF-036/ticket/desired/production_adapters.py:149	out-of-scope	ticket_plan.yaml:648-658	none mapped	unrepresented	out_of_scope_lexical_inventory		INFERRED exact-path scope; source not read
2572	"lexical hit not semantically classified: raise BeforeStateUnreachable(f""cannot record budgets before scaffold project: {manifest} missing"")"	specs/.history/modular-fuzzing-epic/ticket-022-MF-036/ticket/desired/production_adapters.py:160	out-of-scope	ticket_plan.yaml:648-658	none mapped	unrepresented	out_of_scope_lexical_inventory		INFERRED exact-path scope; source not read
2573	lexical hit not semantically classified: the comparison and raises here, and reports the unchecked field by name	specs/.history/modular-fuzzing-epic/ticket-022-MF-036/ticket/desired/production_adapters.py:278	out-of-scope	ticket_plan.yaml:648-658	none mapped	unrepresented	out_of_scope_lexical_inventory		INFERRED exact-path scope; source not read
2574	"lexical hit not semantically classified: raise AssertionError(f""{getattr(case, 'name')}: projected after-state disagrees with the model -- {detail}"")"	specs/.history/modular-fuzzing-epic/ticket-022-MF-036/ticket/desired/production_adapters.py:287	out-of-scope	ticket_plan.yaml:648-658	none mapped	unrepresented	out_of_scope_lexical_inventory		INFERRED exact-path scope; source not read
2575	lexical hit not semantically classified: raise NotImplementedError(	specs/.history/modular-fuzzing-epic/ticket-022-MF-036/ticket/desired/production_adapters.py:308	out-of-scope	ticket_plan.yaml:648-658	none mapped	unrepresented	out_of_scope_lexical_inventory		INFERRED exact-path scope; source not read
2576	"lexical hit not semantically classified: raise AssertionError(f""{getattr(case, 'name')}: stutter changed state"")"	specs/.history/modular-fuzzing-epic/ticket-022-MF-036/ticket/desired/production_adapters.py:341	out-of-scope	ticket_plan.yaml:648-658	none mapped	unrepresented	out_of_scope_lexical_inventory		INFERRED exact-path scope; source not read
2577	"lexical hit not semantically classified: ""raised_cap_exit_code"": under.returncode,"	specs/.history/modular-fuzzing-epic/ticket-022-MF-036/ticket/desired/production_adapters.py:1470	out-of-scope	ticket_plan.yaml:648-658	none mapped	unrepresented	out_of_scope_lexical_inventory		INFERRED exact-path scope; source not read
2578	"lexical hit not semantically classified: ""cap_raise_accept_path_offered"": accept_path,"	specs/.history/modular-fuzzing-epic/ticket-022-MF-036/ticket/desired/production_adapters.py:1478	out-of-scope	ticket_plan.yaml:648-658	none mapped	unrepresented	out_of_scope_lexical_inventory		INFERRED exact-path scope; source not read
2579	lexical hit not semantically classified: `justification_does_not_change_the_verdict`: two fixtures identical except	specs/.history/modular-fuzzing-epic/ticket-022-MF-036/ticket/desired/production_adapters.py:1494	out-of-scope	ticket_plan.yaml:648-658	none mapped	unrepresented	out_of_scope_lexical_inventory		INFERRED exact-path scope; source not read
2580	lexical hit not semantically classified: 3. `waiver_does_not_change_the_verdict` -- two catalogs identical except	specs/.history/modular-fuzzing-epic/ticket-022-MF-036/ticket/desired/production_adapters.py:1592	out-of-scope	ticket_plan.yaml:648-658	none mapped	unrepresented	out_of_scope_lexical_inventory		INFERRED exact-path scope; source not read
2581	"lexical hit not semantically classified: assert result[""raised_cap_exit_code""] == 0, result[""stderr""]"	specs/.history/modular-fuzzing-epic/ticket-022-MF-036/ticket/desired/tests/test_tla_spec_dev_corpus_adapter.py:34	out-of-scope	ticket_plan.yaml:648-658	none mapped	unrepresented	out_of_scope_lexical_inventory		INFERRED exact-path scope; source not read
2582	"lexical hit not semantically classified: assert result[""cap_raise_accept_path_offered""] is True"	specs/.history/modular-fuzzing-epic/ticket-022-MF-036/ticket/desired/tests/test_tla_spec_dev_corpus_adapter.py:61	out-of-scope	ticket_plan.yaml:648-658	none mapped	unrepresented	out_of_scope_lexical_inventory		INFERRED exact-path scope; source not read
2583	lexical hit not semantically classified: directories identical except that one carries a recorded justification produce	specs/.history/modular-fuzzing-epic/ticket-022-MF-036/ticket/desired/tests/test_tla_spec_dev_effect_conformance_adapter.py:10	out-of-scope	ticket_plan.yaml:648-658	none mapped	unrepresented	out_of_scope_lexical_inventory		INFERRED exact-path scope; source not read
2584	"lexical hit not semantically classified: raise RuntimeError(""could not locate tla-spec-dev repository root"")"	specs/.history/modular-fuzzing-epic/ticket-024-MF-023/snapshots/current/adapter_case_runtime.py:30	out-of-scope	ticket_plan.yaml:648-658	none mapped	unrepresented	out_of_scope_lexical_inventory		INFERRED exact-path scope; source not read
2585	lexical hit not semantically classified: This is the honest failure mode for case execution and it is raised, never	specs/.history/modular-fuzzing-epic/ticket-024-MF-023/snapshots/current/adapter_case_runtime.py:117	out-of-scope	ticket_plan.yaml:648-658	none mapped	unrepresented	out_of_scope_lexical_inventory		INFERRED exact-path scope; source not read
2586	"lexical hit not semantically classified: raise BeforeStateUnreachable(f""setup_phase {phase} is outside the modelled pipeline"")"	specs/.history/modular-fuzzing-epic/ticket-024-MF-023/snapshots/current/adapter_case_runtime.py:142	out-of-scope	ticket_plan.yaml:648-658	none mapped	unrepresented	out_of_scope_lexical_inventory		INFERRED exact-path scope; source not read
2587	"lexical hit not semantically classified: raise BeforeStateUnreachable(f""no replay defined for {step}"")"	specs/.history/modular-fuzzing-epic/ticket-024-MF-023/snapshots/current/adapter_case_runtime.py:175	out-of-scope	ticket_plan.yaml:648-658	none mapped	unrepresented	out_of_scope_lexical_inventory		INFERRED exact-path scope; source not read
2588	lexical hit not semantically classified: raise BeforeStateUnreachable(	specs/.history/modular-fuzzing-epic/ticket-024-MF-023/snapshots/current/adapter_case_runtime.py:184	out-of-scope	ticket_plan.yaml:648-658	none mapped	unrepresented	out_of_scope_lexical_inventory		INFERRED exact-path scope; source not read
2589	"lexical hit not semantically classified: raise BeforeStateUnreachable(f""cannot record budgets before scaffold project: {manifest} missing"")"	specs/.history/modular-fuzzing-epic/ticket-024-MF-023/snapshots/current/adapter_case_runtime.py:208	out-of-scope	ticket_plan.yaml:648-658	none mapped	unrepresented	out_of_scope_lexical_inventory		INFERRED exact-path scope; source not read
2590	"lexical hit not semantically classified: raise AssertionError(f""{getattr(case, 'name')}: projected after-state disagrees with the model -- {detail}"")"	specs/.history/modular-fuzzing-epic/ticket-024-MF-023/snapshots/current/adapter_case_runtime.py:335	out-of-scope	ticket_plan.yaml:648-658	none mapped	unrepresented	out_of_scope_lexical_inventory		INFERRED exact-path scope; source not read
2591	"lexical hit not semantically classified: raise BeforeStateUnreachable(f""ticket plan missing at {plan_path}; workflow was not scaffolded"")"	specs/.history/modular-fuzzing-epic/ticket-024-MF-023/snapshots/current/adapter_case_runtime.py:351	out-of-scope	ticket_plan.yaml:648-658	none mapped	unrepresented	out_of_scope_lexical_inventory		INFERRED exact-path scope; source not read
2592	"lexical hit not semantically classified: raise BeforeStateUnreachable(f""ticket {ticket!r} has no {tree} model to mark ready"")"	specs/.history/modular-fuzzing-epic/ticket-024-MF-023/snapshots/current/adapter_case_runtime.py:381	out-of-scope	ticket_plan.yaml:648-658	none mapped	unrepresented	out_of_scope_lexical_inventory		INFERRED exact-path scope; source not read
2593	lexical hit not semantically classified: raise BeforeStateUnreachable(	specs/.history/modular-fuzzing-epic/ticket-024-MF-023/snapshots/current/adapter_case_runtime.py:413	out-of-scope	ticket_plan.yaml:648-658	none mapped	unrepresented	out_of_scope_lexical_inventory		INFERRED exact-path scope; source not read
2594	lexical hit not semantically classified: raise BeforeStateUnreachable(	specs/.history/modular-fuzzing-epic/ticket-024-MF-023/snapshots/current/adapter_case_runtime.py:423	out-of-scope	ticket_plan.yaml:648-658	none mapped	unrepresented	out_of_scope_lexical_inventory		INFERRED exact-path scope; source not read
2595	lexical hit not semantically classified: raise BeforeStateUnreachable(	specs/.history/modular-fuzzing-epic/ticket-024-MF-023/snapshots/current/adapter_case_runtime.py:433	out-of-scope	ticket_plan.yaml:648-658	none mapped	unrepresented	out_of_scope_lexical_inventory		INFERRED exact-path scope; source not read
2596	lexical hit not semantically classified: def recover_ticket_except_index(case: object) -> str:	specs/.history/modular-fuzzing-epic/ticket-024-MF-023/snapshots/current/adapter_case_runtime.py:480	out-of-scope	ticket_plan.yaml:648-658	none mapped	unrepresented	out_of_scope_lexical_inventory		INFERRED exact-path scope; source not read
2597	"lexical hit not semantically classified: """"""MF-029 except-index recovery of the `ticket` argument."	specs/.history/modular-fuzzing-epic/ticket-024-MF-023/snapshots/current/adapter_case_runtime.py:481	out-of-scope	ticket_plan.yaml:648-658	none mapped	unrepresented	out_of_scope_lexical_inventory		INFERRED exact-path scope; source not read
2598	lexical hit not semantically classified: raise BeforeStateUnreachable(	specs/.history/modular-fuzzing-epic/ticket-024-MF-023/snapshots/current/adapter_case_runtime.py:496	out-of-scope	ticket_plan.yaml:648-658	none mapped	unrepresented	out_of_scope_lexical_inventory		INFERRED exact-path scope; source not read
2599	lexical hit not semantically classified: recover_ticket_except_index,	specs/.history/modular-fuzzing-epic/ticket-024-MF-023/snapshots/current/production_adapters.py:43	out-of-scope	ticket_plan.yaml:648-658	none mapped	unrepresented	out_of_scope_lexical_inventory		INFERRED exact-path scope; source not read
2600	lexical hit not semantically classified: 2. recovers the `ticket` argument by MF-029 except-index on `ticket_state`;	specs/.history/modular-fuzzing-epic/ticket-024-MF-023/snapshots/current/production_adapters.py:62	out-of-scope	ticket_plan.yaml:648-658	none mapped	unrepresented	out_of_scope_lexical_inventory		INFERRED exact-path scope; source not read
2601	lexical hit not semantically classified: try:	specs/.history/modular-fuzzing-epic/ticket-024-MF-023/snapshots/current/production_adapters.py:90	out-of-scope	ticket_plan.yaml:648-658	none mapped	unrepresented	out_of_scope_lexical_inventory		INFERRED exact-path scope; source not read
2602	lexical hit not semantically classified: ticket = recover_ticket_except_index(case)	specs/.history/modular-fuzzing-epic/ticket-024-MF-023/snapshots/current/production_adapters.py:91	out-of-scope	ticket_plan.yaml:648-658	none mapped	unrepresented	out_of_scope_lexical_inventory		INFERRED exact-path scope; source not read
2603	lexical hit not semantically classified: except BeforeStateUnreachable as exc:	specs/.history/modular-fuzzing-epic/ticket-024-MF-023/snapshots/current/production_adapters.py:92	out-of-scope	ticket_plan.yaml:648-658	none mapped	unrepresented	out_of_scope_lexical_inventory		INFERRED exact-path scope; source not read
2604	lexical hit not semantically classified: ticket = recover_ticket_except_index(case)	specs/.history/modular-fuzzing-epic/ticket-024-MF-023/snapshots/current/production_adapters.py:109	out-of-scope	ticket_plan.yaml:648-658	none mapped	unrepresented	out_of_scope_lexical_inventory		INFERRED exact-path scope; source not read
2605	"lexical hit not semantically classified: raise AssertionError(f""{getattr(case, 'name')}: stutter changed state"")"	specs/.history/modular-fuzzing-epic/ticket-024-MF-023/snapshots/current/production_adapters.py:184	out-of-scope	ticket_plan.yaml:648-658	none mapped	unrepresented	out_of_scope_lexical_inventory		INFERRED exact-path scope; source not read
2606	lexical hit not semantically classified: # recovered the same way UpdateTicket does it -- MF-029 except-index over the	specs/.history/modular-fuzzing-epic/ticket-024-MF-023/snapshots/current/production_adapters.py:625	out-of-scope	ticket_plan.yaml:648-658	none mapped	unrepresented	out_of_scope_lexical_inventory		INFERRED exact-path scope; source not read
2607	lexical hit not semantically classified: try:	specs/.history/modular-fuzzing-epic/ticket-024-MF-023/snapshots/current/production_adapters.py:636	out-of-scope	ticket_plan.yaml:648-658	none mapped	unrepresented	out_of_scope_lexical_inventory		INFERRED exact-path scope; source not read
2608	lexical hit not semantically classified: ticket = recover_ticket_except_index(case)	specs/.history/modular-fuzzing-epic/ticket-024-MF-023/snapshots/current/production_adapters.py:637	out-of-scope	ticket_plan.yaml:648-658	none mapped	unrepresented	out_of_scope_lexical_inventory		INFERRED exact-path scope; source not read
2609	lexical hit not semantically classified: except BeforeStateUnreachable as exc:	specs/.history/modular-fuzzing-epic/ticket-024-MF-023/snapshots/current/production_adapters.py:638	out-of-scope	ticket_plan.yaml:648-658	none mapped	unrepresented	out_of_scope_lexical_inventory		INFERRED exact-path scope; source not read
2610	lexical hit not semantically classified: ticket = recover_ticket_except_index(case)	specs/.history/modular-fuzzing-epic/ticket-024-MF-023/snapshots/current/production_adapters.py:658	out-of-scope	ticket_plan.yaml:648-658	none mapped	unrepresented	out_of_scope_lexical_inventory		INFERRED exact-path scope; source not read
2611	"lexical hit not semantically classified: raise BeforeStateUnreachable(f""open ticket {ticket} failed: {opened.stderr[-600:]}"")"	specs/.history/modular-fuzzing-epic/ticket-024-MF-023/snapshots/current/production_adapters.py:665	out-of-scope	ticket_plan.yaml:648-658	none mapped	unrepresented	out_of_scope_lexical_inventory		INFERRED exact-path scope; source not read
2612	"lexical hit not semantically classified: ""raised_cap_exit_code"": under.returncode,"	specs/.history/modular-fuzzing-epic/ticket-024-MF-023/snapshots/current/production_adapters.py:1541	out-of-scope	ticket_plan.yaml:648-658	none mapped	unrepresented	out_of_scope_lexical_inventory		INFERRED exact-path scope; source not read
2613	"lexical hit not semantically classified: ""cap_raise_accept_path_offered"": accept_path,"	specs/.history/modular-fuzzing-epic/ticket-024-MF-023/snapshots/current/production_adapters.py:1549	out-of-scope	ticket_plan.yaml:648-658	none mapped	unrepresented	out_of_scope_lexical_inventory		INFERRED exact-path scope; source not read
2614	lexical hit not semantically classified: `justification_does_not_change_the_verdict`: two fixtures identical except	specs/.history/modular-fuzzing-epic/ticket-024-MF-023/snapshots/current/production_adapters.py:1565	out-of-scope	ticket_plan.yaml:648-658	none mapped	unrepresented	out_of_scope_lexical_inventory		INFERRED exact-path scope; source not read
2615	lexical hit not semantically classified: 3. `waiver_does_not_change_the_verdict` -- two catalogs identical except	specs/.history/modular-fuzzing-epic/ticket-024-MF-023/snapshots/current/production_adapters.py:1663	out-of-scope	ticket_plan.yaml:648-658	none mapped	unrepresented	out_of_scope_lexical_inventory		INFERRED exact-path scope; source not read
2616	"lexical hit not semantically classified: raise AssertionError(""current spec_manifest.yaml has no status.active_ticket"")"	specs/.history/modular-fuzzing-epic/ticket-024-MF-023/snapshots/current/tests/test_current_ticket_workflow.py:11	out-of-scope	ticket_plan.yaml:648-658	none mapped	unrepresented	out_of_scope_lexical_inventory		INFERRED exact-path scope; source not read
2617	lexical hit not semantically classified: with pytest.raises(AssertionError):	specs/.history/modular-fuzzing-epic/ticket-024-MF-023/snapshots/current/tests/test_tla_spec_dev_case_execution_run.py:109	out-of-scope	ticket_plan.yaml:648-658	none mapped	unrepresented	out_of_scope_lexical_inventory		INFERRED exact-path scope; source not read
2618	lexical hit not semantically classified: with pytest.raises(AssertionError):	specs/.history/modular-fuzzing-epic/ticket-024-MF-023/snapshots/current/tests/test_tla_spec_dev_case_execution_run.py:131	out-of-scope	ticket_plan.yaml:648-658	none mapped	unrepresented	out_of_scope_lexical_inventory		INFERRED exact-path scope; source not read
2619	lexical hit not semantically classified: with pytest.raises(AssertionError):	specs/.history/modular-fuzzing-epic/ticket-024-MF-023/snapshots/current/tests/test_tla_spec_dev_case_execution_run.py:153	out-of-scope	ticket_plan.yaml:648-658	none mapped	unrepresented	out_of_scope_lexical_inventory		INFERRED exact-path scope; source not read
2620	lexical hit not semantically classified: with pytest.raises(AssertionError):	specs/.history/modular-fuzzing-epic/ticket-024-MF-023/snapshots/current/tests/test_tla_spec_dev_case_execution_run.py:178	out-of-scope	ticket_plan.yaml:648-658	none mapped	unrepresented	out_of_scope_lexical_inventory		INFERRED exact-path scope; source not read
2621	lexical hit not semantically classified: # except-index recovery succeeds and the stage guard is what rejects it.	specs/.history/modular-fuzzing-epic/ticket-024-MF-023/snapshots/current/tests/test_tla_spec_dev_case_execution_run.py:187	out-of-scope	ticket_plan.yaml:648-658	none mapped	unrepresented	out_of_scope_lexical_inventory		INFERRED exact-path scope; source not read
2622	"lexical hit not semantically classified: assert result[""raised_cap_exit_code""] == 0, result[""stderr""]"	specs/.history/modular-fuzzing-epic/ticket-024-MF-023/snapshots/current/tests/test_tla_spec_dev_corpus_adapter.py:34	out-of-scope	ticket_plan.yaml:648-658	none mapped	unrepresented	out_of_scope_lexical_inventory		INFERRED exact-path scope; source not read
2623	"lexical hit not semantically classified: assert result[""cap_raise_accept_path_offered""] is True"	specs/.history/modular-fuzzing-epic/ticket-024-MF-023/snapshots/current/tests/test_tla_spec_dev_corpus_adapter.py:61	out-of-scope	ticket_plan.yaml:648-658	none mapped	unrepresented	out_of_scope_lexical_inventory		INFERRED exact-path scope; source not read
2624	lexical hit not semantically classified: directories identical except that one carries a recorded justification produce	specs/.history/modular-fuzzing-epic/ticket-024-MF-023/snapshots/current/tests/test_tla_spec_dev_effect_conformance_adapter.py:10	out-of-scope	ticket_plan.yaml:648-658	none mapped	unrepresented	out_of_scope_lexical_inventory		INFERRED exact-path scope; source not read
2625	lexical hit not semantically classified: with pytest.raises(AssertionError):	specs/.history/modular-fuzzing-epic/ticket-024-MF-023/snapshots/current/tests/test_tla_spec_dev_update_ticket_adapter.py:108	out-of-scope	ticket_plan.yaml:648-658	none mapped	unrepresented	out_of_scope_lexical_inventory		INFERRED exact-path scope; source not read
2626	lexical hit not semantically classified: with pytest.raises(AssertionError):	specs/.history/modular-fuzzing-epic/ticket-024-MF-023/snapshots/current/tests/test_tla_spec_dev_update_ticket_adapter.py:116	out-of-scope	ticket_plan.yaml:648-658	none mapped	unrepresented	out_of_scope_lexical_inventory		INFERRED exact-path scope; source not read
2627	lexical hit not semantically classified: with pytest.raises((AssertionError, pa.BeforeStateUnreachable)):	specs/.history/modular-fuzzing-epic/ticket-024-MF-023/snapshots/current/tests/test_tla_spec_dev_update_ticket_adapter.py:126	out-of-scope	ticket_plan.yaml:648-658	none mapped	unrepresented	out_of_scope_lexical_inventory		INFERRED exact-path scope; source not read
2628	"lexical hit not semantically classified: raise RuntimeError(""could not locate tla-spec-dev repository root"")"	specs/.history/modular-fuzzing-epic/ticket-024-MF-023/snapshots/desired_program_model/production_adapters.py:15	out-of-scope	ticket_plan.yaml:648-658	none mapped	unrepresented	out_of_scope_lexical_inventory		INFERRED exact-path scope; source not read
2629	"lexical hit not semantically classified: raise RuntimeError(""could not locate tla-spec-dev repository root"")"	specs/.history/modular-fuzzing-epic/ticket-024-MF-023/snapshots/program_model/production_adapters.py:15	out-of-scope	ticket_plan.yaml:648-658	none mapped	unrepresented	out_of_scope_lexical_inventory		INFERRED exact-path scope; source not read
2630	"lexical hit not semantically classified: raise RuntimeError(""could not locate tla-spec-dev repository root"")"	specs/.history/modular-fuzzing-epic/ticket-024-MF-023/ticket/current/adapter_case_runtime.py:30	out-of-scope	ticket_plan.yaml:648-658	none mapped	unrepresented	out_of_scope_lexical_inventory		INFERRED exact-path scope; source not read
2631	lexical hit not semantically classified: This is the honest failure mode for case execution and it is raised, never	specs/.history/modular-fuzzing-epic/ticket-024-MF-023/ticket/current/adapter_case_runtime.py:117	out-of-scope	ticket_plan.yaml:648-658	none mapped	unrepresented	out_of_scope_lexical_inventory		INFERRED exact-path scope; source not read
2632	"lexical hit not semantically classified: raise BeforeStateUnreachable(f""setup_phase {phase} is outside the modelled pipeline"")"	specs/.history/modular-fuzzing-epic/ticket-024-MF-023/ticket/current/adapter_case_runtime.py:142	out-of-scope	ticket_plan.yaml:648-658	none mapped	unrepresented	out_of_scope_lexical_inventory		INFERRED exact-path scope; source not read
2633	"lexical hit not semantically classified: raise BeforeStateUnreachable(f""no replay defined for {step}"")"	specs/.history/modular-fuzzing-epic/ticket-024-MF-023/ticket/current/adapter_case_runtime.py:175	out-of-scope	ticket_plan.yaml:648-658	none mapped	unrepresented	out_of_scope_lexical_inventory		INFERRED exact-path scope; source not read
2634	lexical hit not semantically classified: raise BeforeStateUnreachable(	specs/.history/modular-fuzzing-epic/ticket-024-MF-023/ticket/current/adapter_case_runtime.py:184	out-of-scope	ticket_plan.yaml:648-658	none mapped	unrepresented	out_of_scope_lexical_inventory		INFERRED exact-path scope; source not read
2635	"lexical hit not semantically classified: raise BeforeStateUnreachable(f""cannot record budgets before scaffold project: {manifest} missing"")"	specs/.history/modular-fuzzing-epic/ticket-024-MF-023/ticket/current/adapter_case_runtime.py:208	out-of-scope	ticket_plan.yaml:648-658	none mapped	unrepresented	out_of_scope_lexical_inventory		INFERRED exact-path scope; source not read
2636	"lexical hit not semantically classified: raise AssertionError(f""{getattr(case, 'name')}: projected after-state disagrees with the model -- {detail}"")"	specs/.history/modular-fuzzing-epic/ticket-024-MF-023/ticket/current/adapter_case_runtime.py:335	out-of-scope	ticket_plan.yaml:648-658	none mapped	unrepresented	out_of_scope_lexical_inventory		INFERRED exact-path scope; source not read
2637	"lexical hit not semantically classified: raise BeforeStateUnreachable(f""ticket plan missing at {plan_path}; workflow was not scaffolded"")"	specs/.history/modular-fuzzing-epic/ticket-024-MF-023/ticket/current/adapter_case_runtime.py:351	out-of-scope	ticket_plan.yaml:648-658	none mapped	unrepresented	out_of_scope_lexical_inventory		INFERRED exact-path scope; source not read
2638	"lexical hit not semantically classified: raise BeforeStateUnreachable(f""ticket {ticket!r} has no {tree} model to mark ready"")"	specs/.history/modular-fuzzing-epic/ticket-024-MF-023/ticket/current/adapter_case_runtime.py:381	out-of-scope	ticket_plan.yaml:648-658	none mapped	unrepresented	out_of_scope_lexical_inventory		INFERRED exact-path scope; source not read
2639	lexical hit not semantically classified: raise BeforeStateUnreachable(	specs/.history/modular-fuzzing-epic/ticket-024-MF-023/ticket/current/adapter_case_runtime.py:413	out-of-scope	ticket_plan.yaml:648-658	none mapped	unrepresented	out_of_scope_lexical_inventory		INFERRED exact-path scope; source not read
2640	lexical hit not semantically classified: raise BeforeStateUnreachable(	specs/.history/modular-fuzzing-epic/ticket-024-MF-023/ticket/current/adapter_case_runtime.py:423	out-of-scope	ticket_plan.yaml:648-658	none mapped	unrepresented	out_of_scope_lexical_inventory		INFERRED exact-path scope; source not read
2641	lexical hit not semantically classified: raise BeforeStateUnreachable(	specs/.history/modular-fuzzing-epic/ticket-024-MF-023/ticket/current/adapter_case_runtime.py:433	out-of-scope	ticket_plan.yaml:648-658	none mapped	unrepresented	out_of_scope_lexical_inventory		INFERRED exact-path scope; source not read
2642	lexical hit not semantically classified: def recover_ticket_except_index(case: object) -> str:	specs/.history/modular-fuzzing-epic/ticket-024-MF-023/ticket/current/adapter_case_runtime.py:480	out-of-scope	ticket_plan.yaml:648-658	none mapped	unrepresented	out_of_scope_lexical_inventory		INFERRED exact-path scope; source not read
2643	"lexical hit not semantically classified: """"""MF-029 except-index recovery of the `ticket` argument."	specs/.history/modular-fuzzing-epic/ticket-024-MF-023/ticket/current/adapter_case_runtime.py:481	out-of-scope	ticket_plan.yaml:648-658	none mapped	unrepresented	out_of_scope_lexical_inventory		INFERRED exact-path scope; source not read
2644	lexical hit not semantically classified: raise BeforeStateUnreachable(	specs/.history/modular-fuzzing-epic/ticket-024-MF-023/ticket/current/adapter_case_runtime.py:496	out-of-scope	ticket_plan.yaml:648-658	none mapped	unrepresented	out_of_scope_lexical_inventory		INFERRED exact-path scope; source not read
2645	lexical hit not semantically classified: recover_ticket_except_index,	specs/.history/modular-fuzzing-epic/ticket-024-MF-023/ticket/current/production_adapters.py:43	out-of-scope	ticket_plan.yaml:648-658	none mapped	unrepresented	out_of_scope_lexical_inventory		INFERRED exact-path scope; source not read
2646	lexical hit not semantically classified: 2. recovers the `ticket` argument by MF-029 except-index on `ticket_state`;	specs/.history/modular-fuzzing-epic/ticket-024-MF-023/ticket/current/production_adapters.py:62	out-of-scope	ticket_plan.yaml:648-658	none mapped	unrepresented	out_of_scope_lexical_inventory		INFERRED exact-path scope; source not read
2647	lexical hit not semantically classified: try:	specs/.history/modular-fuzzing-epic/ticket-024-MF-023/ticket/current/production_adapters.py:90	out-of-scope	ticket_plan.yaml:648-658	none mapped	unrepresented	out_of_scope_lexical_inventory		INFERRED exact-path scope; source not read
2648	lexical hit not semantically classified: ticket = recover_ticket_except_index(case)	specs/.history/modular-fuzzing-epic/ticket-024-MF-023/ticket/current/production_adapters.py:91	out-of-scope	ticket_plan.yaml:648-658	none mapped	unrepresented	out_of_scope_lexical_inventory		INFERRED exact-path scope; source not read
2649	lexical hit not semantically classified: except BeforeStateUnreachable as exc:	specs/.history/modular-fuzzing-epic/ticket-024-MF-023/ticket/current/production_adapters.py:92	out-of-scope	ticket_plan.yaml:648-658	none mapped	unrepresented	out_of_scope_lexical_inventory		INFERRED exact-path scope; source not read
2650	lexical hit not semantically classified: ticket = recover_ticket_except_index(case)	specs/.history/modular-fuzzing-epic/ticket-024-MF-023/ticket/current/production_adapters.py:109	out-of-scope	ticket_plan.yaml:648-658	none mapped	unrepresented	out_of_scope_lexical_inventory		INFERRED exact-path scope; source not read
2651	"lexical hit not semantically classified: raise AssertionError(f""{getattr(case, 'name')}: stutter changed state"")"	specs/.history/modular-fuzzing-epic/ticket-024-MF-023/ticket/current/production_adapters.py:184	out-of-scope	ticket_plan.yaml:648-658	none mapped	unrepresented	out_of_scope_lexical_inventory		INFERRED exact-path scope; source not read
2652	lexical hit not semantically classified: # recovered the same way UpdateTicket does it -- MF-029 except-index over the	specs/.history/modular-fuzzing-epic/ticket-024-MF-023/ticket/current/production_adapters.py:625	out-of-scope	ticket_plan.yaml:648-658	none mapped	unrepresented	out_of_scope_lexical_inventory		INFERRED exact-path scope; source not read
2653	lexical hit not semantically classified: try:	specs/.history/modular-fuzzing-epic/ticket-024-MF-023/ticket/current/production_adapters.py:636	out-of-scope	ticket_plan.yaml:648-658	none mapped	unrepresented	out_of_scope_lexical_inventory		INFERRED exact-path scope; source not read
2654	lexical hit not semantically classified: ticket = recover_ticket_except_index(case)	specs/.history/modular-fuzzing-epic/ticket-024-MF-023/ticket/current/production_adapters.py:637	out-of-scope	ticket_plan.yaml:648-658	none mapped	unrepresented	out_of_scope_lexical_inventory		INFERRED exact-path scope; source not read
2655	lexical hit not semantically classified: except BeforeStateUnreachable as exc:	specs/.history/modular-fuzzing-epic/ticket-024-MF-023/ticket/current/production_adapters.py:638	out-of-scope	ticket_plan.yaml:648-658	none mapped	unrepresented	out_of_scope_lexical_inventory		INFERRED exact-path scope; source not read
2656	lexical hit not semantically classified: ticket = recover_ticket_except_index(case)	specs/.history/modular-fuzzing-epic/ticket-024-MF-023/ticket/current/production_adapters.py:658	out-of-scope	ticket_plan.yaml:648-658	none mapped	unrepresented	out_of_scope_lexical_inventory		INFERRED exact-path scope; source not read
2657	"lexical hit not semantically classified: raise BeforeStateUnreachable(f""open ticket {ticket} failed: {opened.stderr[-600:]}"")"	specs/.history/modular-fuzzing-epic/ticket-024-MF-023/ticket/current/production_adapters.py:665	out-of-scope	ticket_plan.yaml:648-658	none mapped	unrepresented	out_of_scope_lexical_inventory		INFERRED exact-path scope; source not read
2658	"lexical hit not semantically classified: ""raised_cap_exit_code"": under.returncode,"	specs/.history/modular-fuzzing-epic/ticket-024-MF-023/ticket/current/production_adapters.py:1541	out-of-scope	ticket_plan.yaml:648-658	none mapped	unrepresented	out_of_scope_lexical_inventory		INFERRED exact-path scope; source not read
2659	"lexical hit not semantically classified: ""cap_raise_accept_path_offered"": accept_path,"	specs/.history/modular-fuzzing-epic/ticket-024-MF-023/ticket/current/production_adapters.py:1549	out-of-scope	ticket_plan.yaml:648-658	none mapped	unrepresented	out_of_scope_lexical_inventory		INFERRED exact-path scope; source not read
2660	lexical hit not semantically classified: `justification_does_not_change_the_verdict`: two fixtures identical except	specs/.history/modular-fuzzing-epic/ticket-024-MF-023/ticket/current/production_adapters.py:1565	out-of-scope	ticket_plan.yaml:648-658	none mapped	unrepresented	out_of_scope_lexical_inventory		INFERRED exact-path scope; source not read
2661	lexical hit not semantically classified: 3. `waiver_does_not_change_the_verdict` -- two catalogs identical except	specs/.history/modular-fuzzing-epic/ticket-024-MF-023/ticket/current/production_adapters.py:1663	out-of-scope	ticket_plan.yaml:648-658	none mapped	unrepresented	out_of_scope_lexical_inventory		INFERRED exact-path scope; source not read
2662	lexical hit not semantically classified: with pytest.raises(AssertionError):	specs/.history/modular-fuzzing-epic/ticket-024-MF-023/ticket/current/tests/test_tla_spec_dev_case_execution_run.py:109	out-of-scope	ticket_plan.yaml:648-658	none mapped	unrepresented	out_of_scope_lexical_inventory		INFERRED exact-path scope; source not read
2663	lexical hit not semantically classified: with pytest.raises(AssertionError):	specs/.history/modular-fuzzing-epic/ticket-024-MF-023/ticket/current/tests/test_tla_spec_dev_case_execution_run.py:131	out-of-scope	ticket_plan.yaml:648-658	none mapped	unrepresented	out_of_scope_lexical_inventory		INFERRED exact-path scope; source not read
2664	lexical hit not semantically classified: with pytest.raises(AssertionError):	specs/.history/modular-fuzzing-epic/ticket-024-MF-023/ticket/current/tests/test_tla_spec_dev_case_execution_run.py:153	out-of-scope	ticket_plan.yaml:648-658	none mapped	unrepresented	out_of_scope_lexical_inventory		INFERRED exact-path scope; source not read
2665	lexical hit not semantically classified: with pytest.raises(AssertionError):	specs/.history/modular-fuzzing-epic/ticket-024-MF-023/ticket/current/tests/test_tla_spec_dev_case_execution_run.py:178	out-of-scope	ticket_plan.yaml:648-658	none mapped	unrepresented	out_of_scope_lexical_inventory		INFERRED exact-path scope; source not read
2666	lexical hit not semantically classified: # except-index recovery succeeds and the stage guard is what rejects it.	specs/.history/modular-fuzzing-epic/ticket-024-MF-023/ticket/current/tests/test_tla_spec_dev_case_execution_run.py:187	out-of-scope	ticket_plan.yaml:648-658	none mapped	unrepresented	out_of_scope_lexical_inventory		INFERRED exact-path scope; source not read
2667	"lexical hit not semantically classified: assert result[""raised_cap_exit_code""] == 0, result[""stderr""]"	specs/.history/modular-fuzzing-epic/ticket-024-MF-023/ticket/current/tests/test_tla_spec_dev_corpus_adapter.py:34	out-of-scope	ticket_plan.yaml:648-658	none mapped	unrepresented	out_of_scope_lexical_inventory		INFERRED exact-path scope; source not read
2668	"lexical hit not semantically classified: assert result[""cap_raise_accept_path_offered""] is True"	specs/.history/modular-fuzzing-epic/ticket-024-MF-023/ticket/current/tests/test_tla_spec_dev_corpus_adapter.py:61	out-of-scope	ticket_plan.yaml:648-658	none mapped	unrepresented	out_of_scope_lexical_inventory		INFERRED exact-path scope; source not read
2669	lexical hit not semantically classified: directories identical except that one carries a recorded justification produce	specs/.history/modular-fuzzing-epic/ticket-024-MF-023/ticket/current/tests/test_tla_spec_dev_effect_conformance_adapter.py:10	out-of-scope	ticket_plan.yaml:648-658	none mapped	unrepresented	out_of_scope_lexical_inventory		INFERRED exact-path scope; source not read
2670	lexical hit not semantically classified: with pytest.raises(AssertionError):	specs/.history/modular-fuzzing-epic/ticket-024-MF-023/ticket/current/tests/test_tla_spec_dev_update_ticket_adapter.py:108	out-of-scope	ticket_plan.yaml:648-658	none mapped	unrepresented	out_of_scope_lexical_inventory		INFERRED exact-path scope; source not read
2671	lexical hit not semantically classified: with pytest.raises(AssertionError):	specs/.history/modular-fuzzing-epic/ticket-024-MF-023/ticket/current/tests/test_tla_spec_dev_update_ticket_adapter.py:116	out-of-scope	ticket_plan.yaml:648-658	none mapped	unrepresented	out_of_scope_lexical_inventory		INFERRED exact-path scope; source not read
2672	lexical hit not semantically classified: with pytest.raises((AssertionError, pa.BeforeStateUnreachable)):	specs/.history/modular-fuzzing-epic/ticket-024-MF-023/ticket/current/tests/test_tla_spec_dev_update_ticket_adapter.py:126	out-of-scope	ticket_plan.yaml:648-658	none mapped	unrepresented	out_of_scope_lexical_inventory		INFERRED exact-path scope; source not read
2673	"lexical hit not semantically classified: raise RuntimeError(""could not locate tla-spec-dev repository root"")"	specs/.history/modular-fuzzing-epic/ticket-024-MF-023/ticket/desired/adapter_case_runtime.py:30	out-of-scope	ticket_plan.yaml:648-658	none mapped	unrepresented	out_of_scope_lexical_inventory		INFERRED exact-path scope; source not read
2674	lexical hit not semantically classified: This is the honest failure mode for case execution and it is raised, never	specs/.history/modular-fuzzing-epic/ticket-024-MF-023/ticket/desired/adapter_case_runtime.py:117	out-of-scope	ticket_plan.yaml:648-658	none mapped	unrepresented	out_of_scope_lexical_inventory		INFERRED exact-path scope; source not read
2675	"lexical hit not semantically classified: raise BeforeStateUnreachable(f""setup_phase {phase} is outside the modelled pipeline"")"	specs/.history/modular-fuzzing-epic/ticket-024-MF-023/ticket/desired/adapter_case_runtime.py:142	out-of-scope	ticket_plan.yaml:648-658	none mapped	unrepresented	out_of_scope_lexical_inventory		INFERRED exact-path scope; source not read
2676	"lexical hit not semantically classified: raise BeforeStateUnreachable(f""no replay defined for {step}"")"	specs/.history/modular-fuzzing-epic/ticket-024-MF-023/ticket/desired/adapter_case_runtime.py:175	out-of-scope	ticket_plan.yaml:648-658	none mapped	unrepresented	out_of_scope_lexical_inventory		INFERRED exact-path scope; source not read
2677	lexical hit not semantically classified: raise BeforeStateUnreachable(	specs/.history/modular-fuzzing-epic/ticket-024-MF-023/ticket/desired/adapter_case_runtime.py:184	out-of-scope	ticket_plan.yaml:648-658	none mapped	unrepresented	out_of_scope_lexical_inventory		INFERRED exact-path scope; source not read
2678	"lexical hit not semantically classified: raise BeforeStateUnreachable(f""cannot record budgets before scaffold project: {manifest} missing"")"	specs/.history/modular-fuzzing-epic/ticket-024-MF-023/ticket/desired/adapter_case_runtime.py:208	out-of-scope	ticket_plan.yaml:648-658	none mapped	unrepresented	out_of_scope_lexical_inventory		INFERRED exact-path scope; source not read
2679	"lexical hit not semantically classified: raise AssertionError(f""{getattr(case, 'name')}: projected after-state disagrees with the model -- {detail}"")"	specs/.history/modular-fuzzing-epic/ticket-024-MF-023/ticket/desired/adapter_case_runtime.py:335	out-of-scope	ticket_plan.yaml:648-658	none mapped	unrepresented	out_of_scope_lexical_inventory		INFERRED exact-path scope; source not read
2680	"lexical hit not semantically classified: raise BeforeStateUnreachable(f""ticket plan missing at {plan_path}; workflow was not scaffolded"")"	specs/.history/modular-fuzzing-epic/ticket-024-MF-023/ticket/desired/adapter_case_runtime.py:351	out-of-scope	ticket_plan.yaml:648-658	none mapped	unrepresented	out_of_scope_lexical_inventory		INFERRED exact-path scope; source not read
2681	"lexical hit not semantically classified: raise BeforeStateUnreachable(f""ticket {ticket!r} has no {tree} model to mark ready"")"	specs/.history/modular-fuzzing-epic/ticket-024-MF-023/ticket/desired/adapter_case_runtime.py:381	out-of-scope	ticket_plan.yaml:648-658	none mapped	unrepresented	out_of_scope_lexical_inventory		INFERRED exact-path scope; source not read
2682	lexical hit not semantically classified: raise BeforeStateUnreachable(	specs/.history/modular-fuzzing-epic/ticket-024-MF-023/ticket/desired/adapter_case_runtime.py:413	out-of-scope	ticket_plan.yaml:648-658	none mapped	unrepresented	out_of_scope_lexical_inventory		INFERRED exact-path scope; source not read
2683	lexical hit not semantically classified: raise BeforeStateUnreachable(	specs/.history/modular-fuzzing-epic/ticket-024-MF-023/ticket/desired/adapter_case_runtime.py:423	out-of-scope	ticket_plan.yaml:648-658	none mapped	unrepresented	out_of_scope_lexical_inventory		INFERRED exact-path scope; source not read
2684	lexical hit not semantically classified: raise BeforeStateUnreachable(	specs/.history/modular-fuzzing-epic/ticket-024-MF-023/ticket/desired/adapter_case_runtime.py:433	out-of-scope	ticket_plan.yaml:648-658	none mapped	unrepresented	out_of_scope_lexical_inventory		INFERRED exact-path scope; source not read
2685	lexical hit not semantically classified: def recover_ticket_except_index(case: object) -> str:	specs/.history/modular-fuzzing-epic/ticket-024-MF-023/ticket/desired/adapter_case_runtime.py:480	out-of-scope	ticket_plan.yaml:648-658	none mapped	unrepresented	out_of_scope_lexical_inventory		INFERRED exact-path scope; source not read
2686	"lexical hit not semantically classified: """"""MF-029 except-index recovery of the `ticket` argument."	specs/.history/modular-fuzzing-epic/ticket-024-MF-023/ticket/desired/adapter_case_runtime.py:481	out-of-scope	ticket_plan.yaml:648-658	none mapped	unrepresented	out_of_scope_lexical_inventory		INFERRED exact-path scope; source not read
2687	lexical hit not semantically classified: raise BeforeStateUnreachable(	specs/.history/modular-fuzzing-epic/ticket-024-MF-023/ticket/desired/adapter_case_runtime.py:496	out-of-scope	ticket_plan.yaml:648-658	none mapped	unrepresented	out_of_scope_lexical_inventory		INFERRED exact-path scope; source not read
2688	lexical hit not semantically classified: recover_ticket_except_index,	specs/.history/modular-fuzzing-epic/ticket-024-MF-023/ticket/desired/production_adapters.py:43	out-of-scope	ticket_plan.yaml:648-658	none mapped	unrepresented	out_of_scope_lexical_inventory		INFERRED exact-path scope; source not read
2689	lexical hit not semantically classified: 2. recovers the `ticket` argument by MF-029 except-index on `ticket_state`;	specs/.history/modular-fuzzing-epic/ticket-024-MF-023/ticket/desired/production_adapters.py:62	out-of-scope	ticket_plan.yaml:648-658	none mapped	unrepresented	out_of_scope_lexical_inventory		INFERRED exact-path scope; source not read
2690	lexical hit not semantically classified: try:	specs/.history/modular-fuzzing-epic/ticket-024-MF-023/ticket/desired/production_adapters.py:90	out-of-scope	ticket_plan.yaml:648-658	none mapped	unrepresented	out_of_scope_lexical_inventory		INFERRED exact-path scope; source not read
2691	lexical hit not semantically classified: ticket = recover_ticket_except_index(case)	specs/.history/modular-fuzzing-epic/ticket-024-MF-023/ticket/desired/production_adapters.py:91	out-of-scope	ticket_plan.yaml:648-658	none mapped	unrepresented	out_of_scope_lexical_inventory		INFERRED exact-path scope; source not read
2692	lexical hit not semantically classified: except BeforeStateUnreachable as exc:	specs/.history/modular-fuzzing-epic/ticket-024-MF-023/ticket/desired/production_adapters.py:92	out-of-scope	ticket_plan.yaml:648-658	none mapped	unrepresented	out_of_scope_lexical_inventory		INFERRED exact-path scope; source not read
2693	lexical hit not semantically classified: ticket = recover_ticket_except_index(case)	specs/.history/modular-fuzzing-epic/ticket-024-MF-023/ticket/desired/production_adapters.py:109	out-of-scope	ticket_plan.yaml:648-658	none mapped	unrepresented	out_of_scope_lexical_inventory		INFERRED exact-path scope; source not read
2694	"lexical hit not semantically classified: raise AssertionError(f""{getattr(case, 'name')}: stutter changed state"")"	specs/.history/modular-fuzzing-epic/ticket-024-MF-023/ticket/desired/production_adapters.py:184	out-of-scope	ticket_plan.yaml:648-658	none mapped	unrepresented	out_of_scope_lexical_inventory		INFERRED exact-path scope; source not read
2695	lexical hit not semantically classified: # recovered the same way UpdateTicket does it -- MF-029 except-index over the	specs/.history/modular-fuzzing-epic/ticket-024-MF-023/ticket/desired/production_adapters.py:625	out-of-scope	ticket_plan.yaml:648-658	none mapped	unrepresented	out_of_scope_lexical_inventory		INFERRED exact-path scope; source not read
2696	lexical hit not semantically classified: try:	specs/.history/modular-fuzzing-epic/ticket-024-MF-023/ticket/desired/production_adapters.py:636	out-of-scope	ticket_plan.yaml:648-658	none mapped	unrepresented	out_of_scope_lexical_inventory		INFERRED exact-path scope; source not read
2697	lexical hit not semantically classified: ticket = recover_ticket_except_index(case)	specs/.history/modular-fuzzing-epic/ticket-024-MF-023/ticket/desired/production_adapters.py:637	out-of-scope	ticket_plan.yaml:648-658	none mapped	unrepresented	out_of_scope_lexical_inventory		INFERRED exact-path scope; source not read
2698	lexical hit not semantically classified: except BeforeStateUnreachable as exc:	specs/.history/modular-fuzzing-epic/ticket-024-MF-023/ticket/desired/production_adapters.py:638	out-of-scope	ticket_plan.yaml:648-658	none mapped	unrepresented	out_of_scope_lexical_inventory		INFERRED exact-path scope; source not read
2699	lexical hit not semantically classified: ticket = recover_ticket_except_index(case)	specs/.history/modular-fuzzing-epic/ticket-024-MF-023/ticket/desired/production_adapters.py:658	out-of-scope	ticket_plan.yaml:648-658	none mapped	unrepresented	out_of_scope_lexical_inventory		INFERRED exact-path scope; source not read
2700	"lexical hit not semantically classified: raise BeforeStateUnreachable(f""open ticket {ticket} failed: {opened.stderr[-600:]}"")"	specs/.history/modular-fuzzing-epic/ticket-024-MF-023/ticket/desired/production_adapters.py:665	out-of-scope	ticket_plan.yaml:648-658	none mapped	unrepresented	out_of_scope_lexical_inventory		INFERRED exact-path scope; source not read
2701	"lexical hit not semantically classified: ""raised_cap_exit_code"": under.returncode,"	specs/.history/modular-fuzzing-epic/ticket-024-MF-023/ticket/desired/production_adapters.py:1541	out-of-scope	ticket_plan.yaml:648-658	none mapped	unrepresented	out_of_scope_lexical_inventory		INFERRED exact-path scope; source not read
2702	"lexical hit not semantically classified: ""cap_raise_accept_path_offered"": accept_path,"	specs/.history/modular-fuzzing-epic/ticket-024-MF-023/ticket/desired/production_adapters.py:1549	out-of-scope	ticket_plan.yaml:648-658	none mapped	unrepresented	out_of_scope_lexical_inventory		INFERRED exact-path scope; source not read
2703	lexical hit not semantically classified: `justification_does_not_change_the_verdict`: two fixtures identical except	specs/.history/modular-fuzzing-epic/ticket-024-MF-023/ticket/desired/production_adapters.py:1565	out-of-scope	ticket_plan.yaml:648-658	none mapped	unrepresented	out_of_scope_lexical_inventory		INFERRED exact-path scope; source not read
2704	lexical hit not semantically classified: 3. `waiver_does_not_change_the_verdict` -- two catalogs identical except	specs/.history/modular-fuzzing-epic/ticket-024-MF-023/ticket/desired/production_adapters.py:1663	out-of-scope	ticket_plan.yaml:648-658	none mapped	unrepresented	out_of_scope_lexical_inventory		INFERRED exact-path scope; source not read
2705	lexical hit not semantically classified: with pytest.raises(AssertionError):	specs/.history/modular-fuzzing-epic/ticket-024-MF-023/ticket/desired/tests/test_tla_spec_dev_case_execution_run.py:109	out-of-scope	ticket_plan.yaml:648-658	none mapped	unrepresented	out_of_scope_lexical_inventory		INFERRED exact-path scope; source not read
2706	lexical hit not semantically classified: with pytest.raises(AssertionError):	specs/.history/modular-fuzzing-epic/ticket-024-MF-023/ticket/desired/tests/test_tla_spec_dev_case_execution_run.py:131	out-of-scope	ticket_plan.yaml:648-658	none mapped	unrepresented	out_of_scope_lexical_inventory		INFERRED exact-path scope; source not read
2707	lexical hit not semantically classified: with pytest.raises(AssertionError):	specs/.history/modular-fuzzing-epic/ticket-024-MF-023/ticket/desired/tests/test_tla_spec_dev_case_execution_run.py:153	out-of-scope	ticket_plan.yaml:648-658	none mapped	unrepresented	out_of_scope_lexical_inventory		INFERRED exact-path scope; source not read
2708	lexical hit not semantically classified: with pytest.raises(AssertionError):	specs/.history/modular-fuzzing-epic/ticket-024-MF-023/ticket/desired/tests/test_tla_spec_dev_case_execution_run.py:178	out-of-scope	ticket_plan.yaml:648-658	none mapped	unrepresented	out_of_scope_lexical_inventory		INFERRED exact-path scope; source not read
2709	lexical hit not semantically classified: # except-index recovery succeeds and the stage guard is what rejects it.	specs/.history/modular-fuzzing-epic/ticket-024-MF-023/ticket/desired/tests/test_tla_spec_dev_case_execution_run.py:187	out-of-scope	ticket_plan.yaml:648-658	none mapped	unrepresented	out_of_scope_lexical_inventory		INFERRED exact-path scope; source not read
2710	"lexical hit not semantically classified: assert result[""raised_cap_exit_code""] == 0, result[""stderr""]"	specs/.history/modular-fuzzing-epic/ticket-024-MF-023/ticket/desired/tests/test_tla_spec_dev_corpus_adapter.py:34	out-of-scope	ticket_plan.yaml:648-658	none mapped	unrepresented	out_of_scope_lexical_inventory		INFERRED exact-path scope; source not read
2711	"lexical hit not semantically classified: assert result[""cap_raise_accept_path_offered""] is True"	specs/.history/modular-fuzzing-epic/ticket-024-MF-023/ticket/desired/tests/test_tla_spec_dev_corpus_adapter.py:61	out-of-scope	ticket_plan.yaml:648-658	none mapped	unrepresented	out_of_scope_lexical_inventory		INFERRED exact-path scope; source not read
2712	lexical hit not semantically classified: directories identical except that one carries a recorded justification produce	specs/.history/modular-fuzzing-epic/ticket-024-MF-023/ticket/desired/tests/test_tla_spec_dev_effect_conformance_adapter.py:10	out-of-scope	ticket_plan.yaml:648-658	none mapped	unrepresented	out_of_scope_lexical_inventory		INFERRED exact-path scope; source not read
2713	lexical hit not semantically classified: with pytest.raises(AssertionError):	specs/.history/modular-fuzzing-epic/ticket-024-MF-023/ticket/desired/tests/test_tla_spec_dev_update_ticket_adapter.py:108	out-of-scope	ticket_plan.yaml:648-658	none mapped	unrepresented	out_of_scope_lexical_inventory		INFERRED exact-path scope; source not read
2714	lexical hit not semantically classified: with pytest.raises(AssertionError):	specs/.history/modular-fuzzing-epic/ticket-024-MF-023/ticket/desired/tests/test_tla_spec_dev_update_ticket_adapter.py:116	out-of-scope	ticket_plan.yaml:648-658	none mapped	unrepresented	out_of_scope_lexical_inventory		INFERRED exact-path scope; source not read
2715	lexical hit not semantically classified: with pytest.raises((AssertionError, pa.BeforeStateUnreachable)):	specs/.history/modular-fuzzing-epic/ticket-024-MF-023/ticket/desired/tests/test_tla_spec_dev_update_ticket_adapter.py:126	out-of-scope	ticket_plan.yaml:648-658	none mapped	unrepresented	out_of_scope_lexical_inventory		INFERRED exact-path scope; source not read
2716	"lexical hit not semantically classified: raise RuntimeError(""could not locate tla-spec-dev repository root"")"	specs/.history/tla-spec-dev-cli-workflow/closed-snapshot/snapshots/current/production_adapters.py:15	out-of-scope	ticket_plan.yaml:648-658	none mapped	unrepresented	out_of_scope_lexical_inventory		INFERRED exact-path scope; source not read
2717	"lexical hit not semantically classified: raise RuntimeError(""could not locate tla-spec-dev repository root"")"	specs/.history/tla-spec-dev-cli-workflow/closed-snapshot/snapshots/desired_program_model/production_adapters.py:15	out-of-scope	ticket_plan.yaml:648-658	none mapped	unrepresented	out_of_scope_lexical_inventory		INFERRED exact-path scope; source not read
2718	"lexical hit not semantically classified: raise RuntimeError(""could not locate tla-spec-dev repository root"")"	specs/.history/tla-spec-dev-cli-workflow/closed-snapshot/snapshots/program_model/production_adapters.py:15	out-of-scope	ticket_plan.yaml:648-658	none mapped	unrepresented	out_of_scope_lexical_inventory		INFERRED exact-path scope; source not read
2719	"lexical hit not semantically classified: raise RuntimeError(""could not locate tla-spec-dev repository root"")"	specs/.history/tla-spec-dev-cli-workflow/ticket-001-CLI-002/snapshots/current/production_adapters.py:14	out-of-scope	ticket_plan.yaml:648-658	none mapped	unrepresented	out_of_scope_lexical_inventory		INFERRED exact-path scope; source not read
2720	"lexical hit not semantically classified: raise RuntimeError(""could not locate tla-spec-dev repository root"")"	specs/.history/tla-spec-dev-cli-workflow/ticket-001-CLI-002/ticket/current/production_adapters.py:14	out-of-scope	ticket_plan.yaml:648-658	none mapped	unrepresented	out_of_scope_lexical_inventory		INFERRED exact-path scope; source not read
2721	"lexical hit not semantically classified: raise RuntimeError(""could not locate tla-spec-dev repository root"")"	specs/.history/tla-spec-dev-cli-workflow/ticket-001-CLI-002/ticket/desired/production_adapters.py:14	out-of-scope	ticket_plan.yaml:648-658	none mapped	unrepresented	out_of_scope_lexical_inventory		INFERRED exact-path scope; source not read
2722	"lexical hit not semantically classified: raise RuntimeError(""could not locate tla-spec-dev repository root"")"	specs/.history/tla-spec-dev-cli-workflow/ticket-002-CLI-003/snapshots/current/production_adapters.py:15	out-of-scope	ticket_plan.yaml:648-658	none mapped	unrepresented	out_of_scope_lexical_inventory		INFERRED exact-path scope; source not read
2723	"lexical hit not semantically classified: raise RuntimeError(""could not locate tla-spec-dev repository root"")"	specs/.history/tla-spec-dev-cli-workflow/ticket-002-CLI-003/ticket/current/production_adapters.py:15	out-of-scope	ticket_plan.yaml:648-658	none mapped	unrepresented	out_of_scope_lexical_inventory		INFERRED exact-path scope; source not read
2724	"lexical hit not semantically classified: raise RuntimeError(""could not locate tla-spec-dev repository root"")"	specs/.history/tla-spec-dev-cli-workflow/ticket-002-CLI-003/ticket/desired/production_adapters.py:15	out-of-scope	ticket_plan.yaml:648-658	none mapped	unrepresented	out_of_scope_lexical_inventory		INFERRED exact-path scope; source not read
2725	"lexical hit not semantically classified: raise RuntimeError(""could not locate tla-spec-dev repository root"")"	specs/.history/tla-spec-dev-cli-workflow/ticket-003-CLI-004/snapshots/current/production_adapters.py:15	out-of-scope	ticket_plan.yaml:648-658	none mapped	unrepresented	out_of_scope_lexical_inventory		INFERRED exact-path scope; source not read
2726	"lexical hit not semantically classified: raise RuntimeError(""could not locate tla-spec-dev repository root"")"	specs/.history/tla-spec-dev-cli-workflow/ticket-003-CLI-004/ticket/current/production_adapters.py:15	out-of-scope	ticket_plan.yaml:648-658	none mapped	unrepresented	out_of_scope_lexical_inventory		INFERRED exact-path scope; source not read
2727	"lexical hit not semantically classified: raise RuntimeError(""could not locate tla-spec-dev repository root"")"	specs/.history/tla-spec-dev-cli-workflow/ticket-003-CLI-004/ticket/desired/production_adapters.py:15	out-of-scope	ticket_plan.yaml:648-658	none mapped	unrepresented	out_of_scope_lexical_inventory		INFERRED exact-path scope; source not read
2728	"lexical hit not semantically classified: raise RuntimeError(""could not locate tla-spec-dev repository root"")"	specs/.history/tla-spec-dev-cli-workflow/ticket-004-CLI-005/snapshots/current/production_adapters.py:15	out-of-scope	ticket_plan.yaml:648-658	none mapped	unrepresented	out_of_scope_lexical_inventory		INFERRED exact-path scope; source not read
2729	"lexical hit not semantically classified: raise RuntimeError(""could not locate tla-spec-dev repository root"")"	specs/.history/tla-spec-dev-cli-workflow/ticket-004-CLI-005/ticket/current/production_adapters.py:15	out-of-scope	ticket_plan.yaml:648-658	none mapped	unrepresented	out_of_scope_lexical_inventory		INFERRED exact-path scope; source not read
2730	"lexical hit not semantically classified: raise RuntimeError(""could not locate tla-spec-dev repository root"")"	specs/.history/tla-spec-dev-cli-workflow/ticket-004-CLI-005/ticket/desired/production_adapters.py:15	out-of-scope	ticket_plan.yaml:648-658	none mapped	unrepresented	out_of_scope_lexical_inventory		INFERRED exact-path scope; source not read
2731	"lexical hit not semantically classified: raise RuntimeError(""could not locate tla-spec-dev repository root"")"	specs/.history/tla-spec-dev-cli-workflow/ticket-005-CLI-006/snapshots/current/production_adapters.py:15	out-of-scope	ticket_plan.yaml:648-658	none mapped	unrepresented	out_of_scope_lexical_inventory		INFERRED exact-path scope; source not read
2732	"lexical hit not semantically classified: raise RuntimeError(""could not locate tla-spec-dev repository root"")"	specs/.history/tla-spec-dev-cli-workflow/ticket-005-CLI-006/ticket/current/production_adapters.py:15	out-of-scope	ticket_plan.yaml:648-658	none mapped	unrepresented	out_of_scope_lexical_inventory		INFERRED exact-path scope; source not read
2733	"lexical hit not semantically classified: raise RuntimeError(""could not locate tla-spec-dev repository root"")"	specs/.history/tla-spec-dev-cli-workflow/ticket-005-CLI-006/ticket/desired/production_adapters.py:15	out-of-scope	ticket_plan.yaml:648-658	none mapped	unrepresented	out_of_scope_lexical_inventory		INFERRED exact-path scope; source not read
2734	"lexical hit not semantically classified: raise RuntimeError(""could not locate tla-spec-dev repository root"")"	specs/.history/tla-spec-dev-cli-workflow/ticket-006-CLI-007/snapshots/current/production_adapters.py:15	out-of-scope	ticket_plan.yaml:648-658	none mapped	unrepresented	out_of_scope_lexical_inventory		INFERRED exact-path scope; source not read
2735	"lexical hit not semantically classified: raise RuntimeError(""could not locate tla-spec-dev repository root"")"	specs/.history/tla-spec-dev-cli-workflow/ticket-006-CLI-007/ticket/current/production_adapters.py:15	out-of-scope	ticket_plan.yaml:648-658	none mapped	unrepresented	out_of_scope_lexical_inventory		INFERRED exact-path scope; source not read
2736	"lexical hit not semantically classified: raise RuntimeError(""could not locate tla-spec-dev repository root"")"	specs/.history/tla-spec-dev-cli-workflow/ticket-006-CLI-007/ticket/desired/production_adapters.py:15	out-of-scope	ticket_plan.yaml:648-658	none mapped	unrepresented	out_of_scope_lexical_inventory		INFERRED exact-path scope; source not read
2737	"lexical hit not semantically classified: raise RuntimeError(""could not locate tla-spec-dev repository root"")"	specs/current/adapter_case_runtime.py:30	out-of-scope	ticket_plan.yaml:648-658	none mapped	unrepresented	out_of_scope_lexical_inventory		INFERRED exact-path scope; source not read
2738	lexical hit not semantically classified: This is the honest failure mode for case execution and it is raised, never	specs/current/adapter_case_runtime.py:117	out-of-scope	ticket_plan.yaml:648-658	none mapped	unrepresented	out_of_scope_lexical_inventory		INFERRED exact-path scope; source not read
2739	"lexical hit not semantically classified: raise BeforeStateUnreachable(f""setup_phase {phase} is outside the modelled pipeline"")"	specs/current/adapter_case_runtime.py:142	out-of-scope	ticket_plan.yaml:648-658	none mapped	unrepresented	out_of_scope_lexical_inventory		INFERRED exact-path scope; source not read
2740	"lexical hit not semantically classified: raise BeforeStateUnreachable(f""no replay defined for {step}"")"	specs/current/adapter_case_runtime.py:175	out-of-scope	ticket_plan.yaml:648-658	none mapped	unrepresented	out_of_scope_lexical_inventory		INFERRED exact-path scope; source not read
2741	lexical hit not semantically classified: raise BeforeStateUnreachable(	specs/current/adapter_case_runtime.py:184	out-of-scope	ticket_plan.yaml:648-658	none mapped	unrepresented	out_of_scope_lexical_inventory		INFERRED exact-path scope; source not read
2742	"lexical hit not semantically classified: raise BeforeStateUnreachable(f""cannot record budgets before scaffold project: {manifest} missing"")"	specs/current/adapter_case_runtime.py:208	out-of-scope	ticket_plan.yaml:648-658	none mapped	unrepresented	out_of_scope_lexical_inventory		INFERRED exact-path scope; source not read
2743	"lexical hit not semantically classified: raise AssertionError(f""{getattr(case, 'name')}: projected after-state disagrees with the model -- {detail}"")"	specs/current/adapter_case_runtime.py:335	out-of-scope	ticket_plan.yaml:648-658	none mapped	unrepresented	out_of_scope_lexical_inventory		INFERRED exact-path scope; source not read
2744	"lexical hit not semantically classified: raise BeforeStateUnreachable(f""ticket plan missing at {plan_path}; workflow was not scaffolded"")"	specs/current/adapter_case_runtime.py:351	out-of-scope	ticket_plan.yaml:648-658	none mapped	unrepresented	out_of_scope_lexical_inventory		INFERRED exact-path scope; source not read
2745	"lexical hit not semantically classified: raise BeforeStateUnreachable(f""ticket {ticket!r} has no {tree} model to mark ready"")"	specs/current/adapter_case_runtime.py:381	out-of-scope	ticket_plan.yaml:648-658	none mapped	unrepresented	out_of_scope_lexical_inventory		INFERRED exact-path scope; source not read
2746	lexical hit not semantically classified: raise BeforeStateUnreachable(	specs/current/adapter_case_runtime.py:413	out-of-scope	ticket_plan.yaml:648-658	none mapped	unrepresented	out_of_scope_lexical_inventory		INFERRED exact-path scope; source not read
2747	lexical hit not semantically classified: raise BeforeStateUnreachable(	specs/current/adapter_case_runtime.py:423	out-of-scope	ticket_plan.yaml:648-658	none mapped	unrepresented	out_of_scope_lexical_inventory		INFERRED exact-path scope; source not read
2748	lexical hit not semantically classified: raise BeforeStateUnreachable(	specs/current/adapter_case_runtime.py:433	out-of-scope	ticket_plan.yaml:648-658	none mapped	unrepresented	out_of_scope_lexical_inventory		INFERRED exact-path scope; source not read
2749	lexical hit not semantically classified: def recover_ticket_except_index(case: object) -> str:	specs/current/adapter_case_runtime.py:480	out-of-scope	ticket_plan.yaml:648-658	none mapped	unrepresented	out_of_scope_lexical_inventory		INFERRED exact-path scope; source not read
2750	"lexical hit not semantically classified: """"""MF-029 except-index recovery of the `ticket` argument."	specs/current/adapter_case_runtime.py:481	out-of-scope	ticket_plan.yaml:648-658	none mapped	unrepresented	out_of_scope_lexical_inventory		INFERRED exact-path scope; source not read
2751	lexical hit not semantically classified: raise BeforeStateUnreachable(	specs/current/adapter_case_runtime.py:496	out-of-scope	ticket_plan.yaml:648-658	none mapped	unrepresented	out_of_scope_lexical_inventory		INFERRED exact-path scope; source not read
2752	lexical hit not semantically classified: recover_ticket_except_index,	specs/current/production_adapters.py:43	out-of-scope	ticket_plan.yaml:648-658	none mapped	unrepresented	out_of_scope_lexical_inventory		INFERRED exact-path scope; source not read
2753	lexical hit not semantically classified: 2. recovers the `ticket` argument by MF-029 except-index on `ticket_state`;	specs/current/production_adapters.py:62	out-of-scope	ticket_plan.yaml:648-658	none mapped	unrepresented	out_of_scope_lexical_inventory		INFERRED exact-path scope; source not read
2754	lexical hit not semantically classified: try:	specs/current/production_adapters.py:90	out-of-scope	ticket_plan.yaml:648-658	none mapped	unrepresented	out_of_scope_lexical_inventory		INFERRED exact-path scope; source not read
2755	lexical hit not semantically classified: ticket = recover_ticket_except_index(case)	specs/current/production_adapters.py:91	out-of-scope	ticket_plan.yaml:648-658	none mapped	unrepresented	out_of_scope_lexical_inventory		INFERRED exact-path scope; source not read
2756	lexical hit not semantically classified: except BeforeStateUnreachable as exc:	specs/current/production_adapters.py:92	out-of-scope	ticket_plan.yaml:648-658	none mapped	unrepresented	out_of_scope_lexical_inventory		INFERRED exact-path scope; source not read
2757	lexical hit not semantically classified: ticket = recover_ticket_except_index(case)	specs/current/production_adapters.py:109	out-of-scope	ticket_plan.yaml:648-658	none mapped	unrepresented	out_of_scope_lexical_inventory		INFERRED exact-path scope; source not read
2758	"lexical hit not semantically classified: raise AssertionError(f""{getattr(case, 'name')}: stutter changed state"")"	specs/current/production_adapters.py:184	out-of-scope	ticket_plan.yaml:648-658	none mapped	unrepresented	out_of_scope_lexical_inventory		INFERRED exact-path scope; source not read
2759	lexical hit not semantically classified: # recovered the same way UpdateTicket does it -- MF-029 except-index over the	specs/current/production_adapters.py:625	out-of-scope	ticket_plan.yaml:648-658	none mapped	unrepresented	out_of_scope_lexical_inventory		INFERRED exact-path scope; source not read
2760	lexical hit not semantically classified: try:	specs/current/production_adapters.py:636	out-of-scope	ticket_plan.yaml:648-658	none mapped	unrepresented	out_of_scope_lexical_inventory		INFERRED exact-path scope; source not read
2761	lexical hit not semantically classified: ticket = recover_ticket_except_index(case)	specs/current/production_adapters.py:637	out-of-scope	ticket_plan.yaml:648-658	none mapped	unrepresented	out_of_scope_lexical_inventory		INFERRED exact-path scope; source not read
2762	lexical hit not semantically classified: except BeforeStateUnreachable as exc:	specs/current/production_adapters.py:638	out-of-scope	ticket_plan.yaml:648-658	none mapped	unrepresented	out_of_scope_lexical_inventory		INFERRED exact-path scope; source not read
2763	lexical hit not semantically classified: ticket = recover_ticket_except_index(case)	specs/current/production_adapters.py:658	out-of-scope	ticket_plan.yaml:648-658	none mapped	unrepresented	out_of_scope_lexical_inventory		INFERRED exact-path scope; source not read
2764	"lexical hit not semantically classified: raise BeforeStateUnreachable(f""open ticket {ticket} failed: {opened.stderr[-600:]}"")"	specs/current/production_adapters.py:665	out-of-scope	ticket_plan.yaml:648-658	none mapped	unrepresented	out_of_scope_lexical_inventory		INFERRED exact-path scope; source not read
2765	"lexical hit not semantically classified: ""raised_cap_exit_code"": under.returncode,"	specs/current/production_adapters.py:1541	out-of-scope	ticket_plan.yaml:648-658	none mapped	unrepresented	out_of_scope_lexical_inventory		INFERRED exact-path scope; source not read
2766	"lexical hit not semantically classified: ""cap_raise_accept_path_offered"": accept_path,"	specs/current/production_adapters.py:1549	out-of-scope	ticket_plan.yaml:648-658	none mapped	unrepresented	out_of_scope_lexical_inventory		INFERRED exact-path scope; source not read
2767	lexical hit not semantically classified: `justification_does_not_change_the_verdict`: two fixtures identical except	specs/current/production_adapters.py:1565	out-of-scope	ticket_plan.yaml:648-658	none mapped	unrepresented	out_of_scope_lexical_inventory		INFERRED exact-path scope; source not read
2768	lexical hit not semantically classified: 3. `waiver_does_not_change_the_verdict` -- two catalogs identical except	specs/current/production_adapters.py:1663	out-of-scope	ticket_plan.yaml:648-658	none mapped	unrepresented	out_of_scope_lexical_inventory		INFERRED exact-path scope; source not read
2769	"lexical hit not semantically classified: raise AssertionError(""current spec_manifest.yaml has no status.active_ticket"")"	specs/current/tests/test_current_ticket_workflow.py:11	out-of-scope	ticket_plan.yaml:648-658	none mapped	unrepresented	out_of_scope_lexical_inventory		INFERRED exact-path scope; source not read
2770	lexical hit not semantically classified: with pytest.raises(AssertionError):	specs/current/tests/test_tla_spec_dev_case_execution_run.py:109	out-of-scope	ticket_plan.yaml:648-658	none mapped	unrepresented	out_of_scope_lexical_inventory		INFERRED exact-path scope; source not read
2771	lexical hit not semantically classified: with pytest.raises(AssertionError):	specs/current/tests/test_tla_spec_dev_case_execution_run.py:131	out-of-scope	ticket_plan.yaml:648-658	none mapped	unrepresented	out_of_scope_lexical_inventory		INFERRED exact-path scope; source not read
2772	lexical hit not semantically classified: with pytest.raises(AssertionError):	specs/current/tests/test_tla_spec_dev_case_execution_run.py:153	out-of-scope	ticket_plan.yaml:648-658	none mapped	unrepresented	out_of_scope_lexical_inventory		INFERRED exact-path scope; source not read
2773	lexical hit not semantically classified: with pytest.raises(AssertionError):	specs/current/tests/test_tla_spec_dev_case_execution_run.py:178	out-of-scope	ticket_plan.yaml:648-658	none mapped	unrepresented	out_of_scope_lexical_inventory		INFERRED exact-path scope; source not read
2774	lexical hit not semantically classified: # except-index recovery succeeds and the stage guard is what rejects it.	specs/current/tests/test_tla_spec_dev_case_execution_run.py:187	out-of-scope	ticket_plan.yaml:648-658	none mapped	unrepresented	out_of_scope_lexical_inventory		INFERRED exact-path scope; source not read
2775	"lexical hit not semantically classified: assert result[""raised_cap_exit_code""] == 0, result[""stderr""]"	specs/current/tests/test_tla_spec_dev_corpus_adapter.py:34	out-of-scope	ticket_plan.yaml:648-658	none mapped	unrepresented	out_of_scope_lexical_inventory		INFERRED exact-path scope; source not read
2776	"lexical hit not semantically classified: assert result[""cap_raise_accept_path_offered""] is True"	specs/current/tests/test_tla_spec_dev_corpus_adapter.py:61	out-of-scope	ticket_plan.yaml:648-658	none mapped	unrepresented	out_of_scope_lexical_inventory		INFERRED exact-path scope; source not read
2777	lexical hit not semantically classified: directories identical except that one carries a recorded justification produce	specs/current/tests/test_tla_spec_dev_effect_conformance_adapter.py:10	out-of-scope	ticket_plan.yaml:648-658	none mapped	unrepresented	out_of_scope_lexical_inventory		INFERRED exact-path scope; source not read
2778	lexical hit not semantically classified: with pytest.raises(AssertionError):	specs/current/tests/test_tla_spec_dev_update_ticket_adapter.py:108	out-of-scope	ticket_plan.yaml:648-658	none mapped	unrepresented	out_of_scope_lexical_inventory		INFERRED exact-path scope; source not read
2779	lexical hit not semantically classified: with pytest.raises(AssertionError):	specs/current/tests/test_tla_spec_dev_update_ticket_adapter.py:116	out-of-scope	ticket_plan.yaml:648-658	none mapped	unrepresented	out_of_scope_lexical_inventory		INFERRED exact-path scope; source not read
2780	lexical hit not semantically classified: with pytest.raises((AssertionError, pa.BeforeStateUnreachable)):	specs/current/tests/test_tla_spec_dev_update_ticket_adapter.py:126	out-of-scope	ticket_plan.yaml:648-658	none mapped	unrepresented	out_of_scope_lexical_inventory		INFERRED exact-path scope; source not read
2781	"lexical hit not semantically classified: raise RuntimeError(""could not locate tla-spec-dev repository root"")"	specs/desired_program_model/production_adapters.py:15	out-of-scope	ticket_plan.yaml:648-658	none mapped	unrepresented	out_of_scope_lexical_inventory		INFERRED exact-path scope; source not read
2782	"lexical hit not semantically classified: raise RuntimeError(""could not locate tla-spec-dev repository root"")"	specs/program_model/production_adapters.py:15	out-of-scope	ticket_plan.yaml:648-658	none mapped	unrepresented	out_of_scope_lexical_inventory		INFERRED exact-path scope; source not read
2783	lexical hit not semantically classified: private val registry: ExecutorRegistry,	specs/tickets/MF-027/results/graph-reports/specWorkflow-20260719-194428-2cebfb33/cleanup-failure-probe-test-graph/build-logic/src/main/kotlin/com/hayden/testgraphsdk/exec/PlanExecutor.kt:30	out-of-scope	ticket_plan.yaml:648-658	none mapped	unrepresented	out_of_scope_lexical_inventory		INFERRED exact-path scope; source not read
2784	lexical hit not semantically classified: # you may not use this file except in compliance with the License.	specs/tickets/MF-027/results/graph-reports/specWorkflow-20260719-194428-2cebfb33/cleanup-failure-probe-test-graph/gradlew:7	out-of-scope	ticket_plan.yaml:648-658	none mapped	unrepresented	out_of_scope_lexical_inventory		INFERRED exact-path scope; source not read
2785	lexical hit not semantically classified: * without wrapping the whole lambda in try/catch. Any exception that	specs/tickets/MF-027/results/graph-reports/specWorkflow-20260719-194428-2cebfb33/cleanup-failure-probe-test-graph/sdk/java/src/main/java/com/hayden/testgraphsdk/sdk/NodeBody.java:8	out-of-scope	ticket_plan.yaml:648-658	none mapped	unrepresented	out_of_scope_lexical_inventory		INFERRED exact-path scope; source not read
2786	"lexical hit not semantically classified: * uniform — it never has to decide between ""exception escaped"" and"	specs/tickets/MF-027/results/graph-reports/specWorkflow-20260719-194428-2cebfb33/cleanup-failure-probe-test-graph/sdk/java/src/main/java/com/hayden/testgraphsdk/sdk/Procs.java:29	out-of-scope	ticket_plan.yaml:648-658	none mapped	unrepresented	out_of_scope_lexical_inventory		INFERRED exact-path scope; source not read
2787	lexical hit not semantically classified: raise RuntimeError(	specs/tickets/MF-027/results/graph-reports/specWorkflow-20260719-194428-2cebfb33/cleanup-failure-probe-test-graph/sdk/python/src/testgraphsdk/context.py:52	out-of-scope	ticket_plan.yaml:648-658	none mapped	unrepresented	out_of_scope_lexical_inventory		INFERRED exact-path scope; source not read
2788	"lexical hit not semantically classified: raise ValueError(f""invalid kind '{k}'; expected one of {sorted(VALID_KINDS)}"")"	specs/tickets/MF-027/results/graph-reports/specWorkflow-20260719-194428-2cebfb33/cleanup-failure-probe-test-graph/sdk/python/src/testgraphsdk/node_spec.py:36	out-of-scope	ticket_plan.yaml:648-658	none mapped	unrepresented	out_of_scope_lexical_inventory		INFERRED exact-path scope; source not read
2789	lexical hit not semantically classified: Never raises on spawn failure: if :func:`subprocess.Popen` blows up	specs/tickets/MF-027/results/graph-reports/specWorkflow-20260719-194428-2cebfb33/cleanup-failure-probe-test-graph/sdk/python/src/testgraphsdk/procs.py:9	out-of-scope	ticket_plan.yaml:648-658	none mapped	unrepresented	out_of_scope_lexical_inventory		INFERRED exact-path scope; source not read
2790	"lexical hit not semantically classified: between ""exception escaped"" and ""child exited non-zero""."	specs/tickets/MF-027/results/graph-reports/specWorkflow-20260719-194428-2cebfb33/cleanup-failure-probe-test-graph/sdk/python/src/testgraphsdk/procs.py:13	out-of-scope	ticket_plan.yaml:648-658	none mapped	unrepresented	out_of_scope_lexical_inventory		INFERRED exact-path scope; source not read
2791	lexical hit not semantically classified: try:	specs/tickets/MF-027/results/graph-reports/specWorkflow-20260719-194428-2cebfb33/cleanup-failure-probe-test-graph/sdk/python/src/testgraphsdk/procs.py:55	out-of-scope	ticket_plan.yaml:648-658	none mapped	unrepresented	out_of_scope_lexical_inventory		INFERRED exact-path scope; source not read
2792	lexical hit not semantically classified: except OSError as e:	specs/tickets/MF-027/results/graph-reports/specWorkflow-20260719-194428-2cebfb33/cleanup-failure-probe-test-graph/sdk/python/src/testgraphsdk/procs.py:57	out-of-scope	ticket_plan.yaml:648-658	none mapped	unrepresented	out_of_scope_lexical_inventory		INFERRED exact-path scope; source not read
2793	lexical hit not semantically classified: try:	specs/tickets/MF-027/results/graph-reports/specWorkflow-20260719-194428-2cebfb33/cleanup-failure-probe-test-graph/sdk/python/src/testgraphsdk/procs.py:66	out-of-scope	ticket_plan.yaml:648-658	none mapped	unrepresented	out_of_scope_lexical_inventory		INFERRED exact-path scope; source not read
2794	lexical hit not semantically classified: try:	specs/tickets/MF-027/results/graph-reports/specWorkflow-20260719-194428-2cebfb33/cleanup-failure-probe-test-graph/sdk/python/src/testgraphsdk/procs.py:78	out-of-scope	ticket_plan.yaml:648-658	none mapped	unrepresented	out_of_scope_lexical_inventory		INFERRED exact-path scope; source not read
2795	lexical hit not semantically classified: except KeyboardInterrupt:	specs/tickets/MF-027/results/graph-reports/specWorkflow-20260719-194428-2cebfb33/cleanup-failure-probe-test-graph/sdk/python/src/testgraphsdk/procs.py:80	out-of-scope	ticket_plan.yaml:648-658	none mapped	unrepresented	out_of_scope_lexical_inventory		INFERRED exact-path scope; source not read
2796	lexical hit not semantically classified: except (OSError, FileNotFoundError) as e:	specs/tickets/MF-027/results/graph-reports/specWorkflow-20260719-194428-2cebfb33/cleanup-failure-probe-test-graph/sdk/python/src/testgraphsdk/procs.py:92	out-of-scope	ticket_plan.yaml:648-658	none mapped	unrepresented	out_of_scope_lexical_inventory		INFERRED exact-path scope; source not read
2797	lexical hit not semantically classified: try:	specs/tickets/MF-027/results/graph-reports/specWorkflow-20260719-194428-2cebfb33/cleanup-failure-probe-test-graph/sdk/python/src/testgraphsdk/procs.py:121	out-of-scope	ticket_plan.yaml:648-658	none mapped	unrepresented	out_of_scope_lexical_inventory		INFERRED exact-path scope; source not read
2798	lexical hit not semantically classified: except ValueError:	specs/tickets/MF-027/results/graph-reports/specWorkflow-20260719-194428-2cebfb33/cleanup-failure-probe-test-graph/sdk/python/src/testgraphsdk/procs.py:123	out-of-scope	ticket_plan.yaml:648-658	none mapped	unrepresented	out_of_scope_lexical_inventory		INFERRED exact-path scope; source not read
2799	lexical hit not semantically classified: populated ``error`` message — the helper never raises, so the node	specs/tickets/MF-027/results/graph-reports/specWorkflow-20260719-194428-2cebfb33/cleanup-failure-probe-test-graph/sdk/python/src/testgraphsdk/result.py:46	out-of-scope	ticket_plan.yaml:648-658	none mapped	unrepresented	out_of_scope_lexical_inventory		INFERRED exact-path scope; source not read
2800	"lexical hit not semantically classified: error_stack="""".join(traceback.format_exception(exc)),"	specs/tickets/MF-027/results/graph-reports/specWorkflow-20260719-194428-2cebfb33/cleanup-failure-probe-test-graph/sdk/python/src/testgraphsdk/result.py:121	out-of-scope	ticket_plan.yaml:648-658	none mapped	unrepresented	out_of_scope_lexical_inventory		INFERRED exact-path scope; source not read
2801	lexical hit not semantically classified: raise RuntimeError(	specs/tickets/MF-027/results/graph-reports/specWorkflow-20260719-194428-2cebfb33/cleanup-failure-probe-test-graph/sdk/python/src/testgraphsdk/runner.py:43	out-of-scope	ticket_plan.yaml:648-658	none mapped	unrepresented	out_of_scope_lexical_inventory		INFERRED exact-path scope; source not read
2802	lexical hit not semantically classified: try:	specs/tickets/MF-027/results/graph-reports/specWorkflow-20260719-194428-2cebfb33/cleanup-failure-probe-test-graph/sdk/python/src/testgraphsdk/runner.py:48	out-of-scope	ticket_plan.yaml:648-658	none mapped	unrepresented	out_of_scope_lexical_inventory		INFERRED exact-path scope; source not read
2803	lexical hit not semantically classified: except BaseException as exc:	specs/tickets/MF-027/results/graph-reports/specWorkflow-20260719-194428-2cebfb33/cleanup-failure-probe-test-graph/sdk/python/src/testgraphsdk/runner.py:50	out-of-scope	ticket_plan.yaml:648-658	none mapped	unrepresented	out_of_scope_lexical_inventory		INFERRED exact-path scope; source not read
2804	lexical hit not semantically classified: try:	specs/tickets/MF-027/results/graph-reports/specWorkflow-20260719-194428-2cebfb33/cleanup-failure-probe-test-graph/sdk/python/src/testgraphsdk/runner.py:70	out-of-scope	ticket_plan.yaml:648-658	none mapped	unrepresented	out_of_scope_lexical_inventory		INFERRED exact-path scope; source not read
2805	lexical hit not semantically classified: except OSError as exc:	specs/tickets/MF-027/results/graph-reports/specWorkflow-20260719-194428-2cebfb33/cleanup-failure-probe-test-graph/sdk/python/src/testgraphsdk/runner.py:74	out-of-scope	ticket_plan.yaml:648-658	none mapped	unrepresented	out_of_scope_lexical_inventory		INFERRED exact-path scope; source not read
2806	lexical hit not semantically classified: private val registry: ExecutorRegistry,	specs/tickets/MF-027/results/graph-reports/specWorkflow-20260719-195414-d28e3b52/cleanup-failure-probe-test-graph/build-logic/src/main/kotlin/com/hayden/testgraphsdk/exec/PlanExecutor.kt:30	out-of-scope	ticket_plan.yaml:648-658	none mapped	unrepresented	out_of_scope_lexical_inventory		INFERRED exact-path scope; source not read
2807	lexical hit not semantically classified: # you may not use this file except in compliance with the License.	specs/tickets/MF-027/results/graph-reports/specWorkflow-20260719-195414-d28e3b52/cleanup-failure-probe-test-graph/gradlew:7	out-of-scope	ticket_plan.yaml:648-658	none mapped	unrepresented	out_of_scope_lexical_inventory		INFERRED exact-path scope; source not read
2808	lexical hit not semantically classified: * without wrapping the whole lambda in try/catch. Any exception that	specs/tickets/MF-027/results/graph-reports/specWorkflow-20260719-195414-d28e3b52/cleanup-failure-probe-test-graph/sdk/java/src/main/java/com/hayden/testgraphsdk/sdk/NodeBody.java:8	out-of-scope	ticket_plan.yaml:648-658	none mapped	unrepresented	out_of_scope_lexical_inventory		INFERRED exact-path scope; source not read
2809	"lexical hit not semantically classified: * uniform — it never has to decide between ""exception escaped"" and"	specs/tickets/MF-027/results/graph-reports/specWorkflow-20260719-195414-d28e3b52/cleanup-failure-probe-test-graph/sdk/java/src/main/java/com/hayden/testgraphsdk/sdk/Procs.java:29	out-of-scope	ticket_plan.yaml:648-658	none mapped	unrepresented	out_of_scope_lexical_inventory		INFERRED exact-path scope; source not read
2810	lexical hit not semantically classified: raise RuntimeError(	specs/tickets/MF-027/results/graph-reports/specWorkflow-20260719-195414-d28e3b52/cleanup-failure-probe-test-graph/sdk/python/src/testgraphsdk/context.py:52	out-of-scope	ticket_plan.yaml:648-658	none mapped	unrepresented	out_of_scope_lexical_inventory		INFERRED exact-path scope; source not read
2811	"lexical hit not semantically classified: raise ValueError(f""invalid kind '{k}'; expected one of {sorted(VALID_KINDS)}"")"	specs/tickets/MF-027/results/graph-reports/specWorkflow-20260719-195414-d28e3b52/cleanup-failure-probe-test-graph/sdk/python/src/testgraphsdk/node_spec.py:36	out-of-scope	ticket_plan.yaml:648-658	none mapped	unrepresented	out_of_scope_lexical_inventory		INFERRED exact-path scope; source not read
2812	lexical hit not semantically classified: Never raises on spawn failure: if :func:`subprocess.Popen` blows up	specs/tickets/MF-027/results/graph-reports/specWorkflow-20260719-195414-d28e3b52/cleanup-failure-probe-test-graph/sdk/python/src/testgraphsdk/procs.py:9	out-of-scope	ticket_plan.yaml:648-658	none mapped	unrepresented	out_of_scope_lexical_inventory		INFERRED exact-path scope; source not read
2813	"lexical hit not semantically classified: between ""exception escaped"" and ""child exited non-zero""."	specs/tickets/MF-027/results/graph-reports/specWorkflow-20260719-195414-d28e3b52/cleanup-failure-probe-test-graph/sdk/python/src/testgraphsdk/procs.py:13	out-of-scope	ticket_plan.yaml:648-658	none mapped	unrepresented	out_of_scope_lexical_inventory		INFERRED exact-path scope; source not read
2814	lexical hit not semantically classified: try:	specs/tickets/MF-027/results/graph-reports/specWorkflow-20260719-195414-d28e3b52/cleanup-failure-probe-test-graph/sdk/python/src/testgraphsdk/procs.py:55	out-of-scope	ticket_plan.yaml:648-658	none mapped	unrepresented	out_of_scope_lexical_inventory		INFERRED exact-path scope; source not read
2815	lexical hit not semantically classified: except OSError as e:	specs/tickets/MF-027/results/graph-reports/specWorkflow-20260719-195414-d28e3b52/cleanup-failure-probe-test-graph/sdk/python/src/testgraphsdk/procs.py:57	out-of-scope	ticket_plan.yaml:648-658	none mapped	unrepresented	out_of_scope_lexical_inventory		INFERRED exact-path scope; source not read
2816	lexical hit not semantically classified: try:	specs/tickets/MF-027/results/graph-reports/specWorkflow-20260719-195414-d28e3b52/cleanup-failure-probe-test-graph/sdk/python/src/testgraphsdk/procs.py:66	out-of-scope	ticket_plan.yaml:648-658	none mapped	unrepresented	out_of_scope_lexical_inventory		INFERRED exact-path scope; source not read
2817	lexical hit not semantically classified: try:	specs/tickets/MF-027/results/graph-reports/specWorkflow-20260719-195414-d28e3b52/cleanup-failure-probe-test-graph/sdk/python/src/testgraphsdk/procs.py:78	out-of-scope	ticket_plan.yaml:648-658	none mapped	unrepresented	out_of_scope_lexical_inventory		INFERRED exact-path scope; source not read
2818	lexical hit not semantically classified: except KeyboardInterrupt:	specs/tickets/MF-027/results/graph-reports/specWorkflow-20260719-195414-d28e3b52/cleanup-failure-probe-test-graph/sdk/python/src/testgraphsdk/procs.py:80	out-of-scope	ticket_plan.yaml:648-658	none mapped	unrepresented	out_of_scope_lexical_inventory		INFERRED exact-path scope; source not read
2819	lexical hit not semantically classified: except (OSError, FileNotFoundError) as e:	specs/tickets/MF-027/results/graph-reports/specWorkflow-20260719-195414-d28e3b52/cleanup-failure-probe-test-graph/sdk/python/src/testgraphsdk/procs.py:92	out-of-scope	ticket_plan.yaml:648-658	none mapped	unrepresented	out_of_scope_lexical_inventory		INFERRED exact-path scope; source not read
2820	lexical hit not semantically classified: try:	specs/tickets/MF-027/results/graph-reports/specWorkflow-20260719-195414-d28e3b52/cleanup-failure-probe-test-graph/sdk/python/src/testgraphsdk/procs.py:121	out-of-scope	ticket_plan.yaml:648-658	none mapped	unrepresented	out_of_scope_lexical_inventory		INFERRED exact-path scope; source not read
2821	lexical hit not semantically classified: except ValueError:	specs/tickets/MF-027/results/graph-reports/specWorkflow-20260719-195414-d28e3b52/cleanup-failure-probe-test-graph/sdk/python/src/testgraphsdk/procs.py:123	out-of-scope	ticket_plan.yaml:648-658	none mapped	unrepresented	out_of_scope_lexical_inventory		INFERRED exact-path scope; source not read
2822	lexical hit not semantically classified: populated ``error`` message — the helper never raises, so the node	specs/tickets/MF-027/results/graph-reports/specWorkflow-20260719-195414-d28e3b52/cleanup-failure-probe-test-graph/sdk/python/src/testgraphsdk/result.py:46	out-of-scope	ticket_plan.yaml:648-658	none mapped	unrepresented	out_of_scope_lexical_inventory		INFERRED exact-path scope; source not read
2823	"lexical hit not semantically classified: error_stack="""".join(traceback.format_exception(exc)),"	specs/tickets/MF-027/results/graph-reports/specWorkflow-20260719-195414-d28e3b52/cleanup-failure-probe-test-graph/sdk/python/src/testgraphsdk/result.py:121	out-of-scope	ticket_plan.yaml:648-658	none mapped	unrepresented	out_of_scope_lexical_inventory		INFERRED exact-path scope; source not read
2824	lexical hit not semantically classified: raise RuntimeError(	specs/tickets/MF-027/results/graph-reports/specWorkflow-20260719-195414-d28e3b52/cleanup-failure-probe-test-graph/sdk/python/src/testgraphsdk/runner.py:43	out-of-scope	ticket_plan.yaml:648-658	none mapped	unrepresented	out_of_scope_lexical_inventory		INFERRED exact-path scope; source not read
2825	lexical hit not semantically classified: try:	specs/tickets/MF-027/results/graph-reports/specWorkflow-20260719-195414-d28e3b52/cleanup-failure-probe-test-graph/sdk/python/src/testgraphsdk/runner.py:48	out-of-scope	ticket_plan.yaml:648-658	none mapped	unrepresented	out_of_scope_lexical_inventory		INFERRED exact-path scope; source not read
2826	lexical hit not semantically classified: except BaseException as exc:	specs/tickets/MF-027/results/graph-reports/specWorkflow-20260719-195414-d28e3b52/cleanup-failure-probe-test-graph/sdk/python/src/testgraphsdk/runner.py:50	out-of-scope	ticket_plan.yaml:648-658	none mapped	unrepresented	out_of_scope_lexical_inventory		INFERRED exact-path scope; source not read
2827	lexical hit not semantically classified: try:	specs/tickets/MF-027/results/graph-reports/specWorkflow-20260719-195414-d28e3b52/cleanup-failure-probe-test-graph/sdk/python/src/testgraphsdk/runner.py:70	out-of-scope	ticket_plan.yaml:648-658	none mapped	unrepresented	out_of_scope_lexical_inventory		INFERRED exact-path scope; source not read
2828	lexical hit not semantically classified: except OSError as exc:	specs/tickets/MF-027/results/graph-reports/specWorkflow-20260719-195414-d28e3b52/cleanup-failure-probe-test-graph/sdk/python/src/testgraphsdk/runner.py:74	out-of-scope	ticket_plan.yaml:648-658	none mapped	unrepresented	out_of_scope_lexical_inventory		INFERRED exact-path scope; source not read
2829	lexical hit not semantically classified: try:	templates/python/strategies.py.j2:8	out-of-scope	ticket_plan.yaml:648-658	none mapped	unrepresented	out_of_scope_lexical_inventory		INFERRED exact-path scope; source not read
2830	lexical hit not semantically classified: except Exception:  # pragma: no cover - import fallback for environments without Hypothesis	templates/python/strategies.py.j2:10	out-of-scope	ticket_plan.yaml:648-658	none mapped	unrepresented	out_of_scope_lexical_inventory		INFERRED exact-path scope; source not read
2831	"lexical hit not semantically classified: raise RuntimeError(""Hypothesis is required for generated strategies"")"	templates/python/strategies.py.j2:18	out-of-scope	ticket_plan.yaml:648-658	none mapped	unrepresented	out_of_scope_lexical_inventory		INFERRED exact-path scope; source not read
2832	lexical hit not semantically classified: try:	templates/python/validators.py.j2:18	out-of-scope	ticket_plan.yaml:648-658	none mapped	unrepresented	out_of_scope_lexical_inventory		INFERRED exact-path scope; source not read
2833	lexical hit not semantically classified: except AssertionError as exc:	templates/python/validators.py.j2:20	out-of-scope	ticket_plan.yaml:648-658	none mapped	unrepresented	out_of_scope_lexical_inventory		INFERRED exact-path scope; source not read
2834	"lexical hit not semantically classified: raise AssertionError(f""no generated transition dispatcher for {method_name}"")"	templates/python/validators.py.j2:30	out-of-scope	ticket_plan.yaml:648-658	none mapped	unrepresented	out_of_scope_lexical_inventory		INFERRED exact-path scope; source not read
2835	lexical hit not semantically classified: private val registry: ExecutorRegistry,	test_graph/build-logic/src/main/kotlin/com/hayden/testgraphsdk/exec/PlanExecutor.kt:30	out-of-scope	ticket_plan.yaml:648-658	none mapped	unrepresented	out_of_scope_lexical_inventory		INFERRED exact-path scope; source not read
2836	lexical hit not semantically classified: # you may not use this file except in compliance with the License.	test_graph/gradlew:7	out-of-scope	ticket_plan.yaml:648-658	none mapped	unrepresented	out_of_scope_lexical_inventory		INFERRED exact-path scope; source not read
2837	lexical hit not semantically classified: * without wrapping the whole lambda in try/catch. Any exception that	test_graph/sdk/java/src/main/java/com/hayden/testgraphsdk/sdk/NodeBody.java:8	out-of-scope	ticket_plan.yaml:648-658	none mapped	unrepresented	out_of_scope_lexical_inventory		INFERRED exact-path scope; source not read
2838	"lexical hit not semantically classified: * uniform — it never has to decide between ""exception escaped"" and"	test_graph/sdk/java/src/main/java/com/hayden/testgraphsdk/sdk/Procs.java:29	out-of-scope	ticket_plan.yaml:648-658	none mapped	unrepresented	out_of_scope_lexical_inventory		INFERRED exact-path scope; source not read
2839	lexical hit not semantically classified: raise RuntimeError(	test_graph/sdk/python/src/testgraphsdk/context.py:52	out-of-scope	ticket_plan.yaml:648-658	none mapped	unrepresented	out_of_scope_lexical_inventory		INFERRED exact-path scope; source not read
2840	"lexical hit not semantically classified: raise ValueError(f""invalid kind '{k}'; expected one of {sorted(VALID_KINDS)}"")"	test_graph/sdk/python/src/testgraphsdk/node_spec.py:36	out-of-scope	ticket_plan.yaml:648-658	none mapped	unrepresented	out_of_scope_lexical_inventory		INFERRED exact-path scope; source not read
2841	lexical hit not semantically classified: Never raises on spawn failure: if :func:`subprocess.Popen` blows up	test_graph/sdk/python/src/testgraphsdk/procs.py:9	out-of-scope	ticket_plan.yaml:648-658	none mapped	unrepresented	out_of_scope_lexical_inventory		INFERRED exact-path scope; source not read
2842	"lexical hit not semantically classified: between ""exception escaped"" and ""child exited non-zero""."	test_graph/sdk/python/src/testgraphsdk/procs.py:13	out-of-scope	ticket_plan.yaml:648-658	none mapped	unrepresented	out_of_scope_lexical_inventory		INFERRED exact-path scope; source not read
2843	lexical hit not semantically classified: try:	test_graph/sdk/python/src/testgraphsdk/procs.py:55	out-of-scope	ticket_plan.yaml:648-658	none mapped	unrepresented	out_of_scope_lexical_inventory		INFERRED exact-path scope; source not read
2844	lexical hit not semantically classified: except OSError as e:	test_graph/sdk/python/src/testgraphsdk/procs.py:57	out-of-scope	ticket_plan.yaml:648-658	none mapped	unrepresented	out_of_scope_lexical_inventory		INFERRED exact-path scope; source not read
2845	lexical hit not semantically classified: try:	test_graph/sdk/python/src/testgraphsdk/procs.py:66	out-of-scope	ticket_plan.yaml:648-658	none mapped	unrepresented	out_of_scope_lexical_inventory		INFERRED exact-path scope; source not read
2846	lexical hit not semantically classified: try:	test_graph/sdk/python/src/testgraphsdk/procs.py:78	out-of-scope	ticket_plan.yaml:648-658	none mapped	unrepresented	out_of_scope_lexical_inventory		INFERRED exact-path scope; source not read
2847	lexical hit not semantically classified: except KeyboardInterrupt:	test_graph/sdk/python/src/testgraphsdk/procs.py:80	out-of-scope	ticket_plan.yaml:648-658	none mapped	unrepresented	out_of_scope_lexical_inventory		INFERRED exact-path scope; source not read
2848	lexical hit not semantically classified: except (OSError, FileNotFoundError) as e:	test_graph/sdk/python/src/testgraphsdk/procs.py:92	out-of-scope	ticket_plan.yaml:648-658	none mapped	unrepresented	out_of_scope_lexical_inventory		INFERRED exact-path scope; source not read
2849	lexical hit not semantically classified: try:	test_graph/sdk/python/src/testgraphsdk/procs.py:121	out-of-scope	ticket_plan.yaml:648-658	none mapped	unrepresented	out_of_scope_lexical_inventory		INFERRED exact-path scope; source not read
2850	lexical hit not semantically classified: except ValueError:	test_graph/sdk/python/src/testgraphsdk/procs.py:123	out-of-scope	ticket_plan.yaml:648-658	none mapped	unrepresented	out_of_scope_lexical_inventory		INFERRED exact-path scope; source not read
2851	lexical hit not semantically classified: populated ``error`` message — the helper never raises, so the node	test_graph/sdk/python/src/testgraphsdk/result.py:46	out-of-scope	ticket_plan.yaml:648-658	none mapped	unrepresented	out_of_scope_lexical_inventory		INFERRED exact-path scope; source not read
2852	"lexical hit not semantically classified: error_stack="""".join(traceback.format_exception(exc)),"	test_graph/sdk/python/src/testgraphsdk/result.py:121	out-of-scope	ticket_plan.yaml:648-658	none mapped	unrepresented	out_of_scope_lexical_inventory		INFERRED exact-path scope; source not read
2853	lexical hit not semantically classified: raise RuntimeError(	test_graph/sdk/python/src/testgraphsdk/runner.py:43	out-of-scope	ticket_plan.yaml:648-658	none mapped	unrepresented	out_of_scope_lexical_inventory		INFERRED exact-path scope; source not read
2854	lexical hit not semantically classified: try:	test_graph/sdk/python/src/testgraphsdk/runner.py:48	out-of-scope	ticket_plan.yaml:648-658	none mapped	unrepresented	out_of_scope_lexical_inventory		INFERRED exact-path scope; source not read
2855	lexical hit not semantically classified: except BaseException as exc:	test_graph/sdk/python/src/testgraphsdk/runner.py:50	out-of-scope	ticket_plan.yaml:648-658	none mapped	unrepresented	out_of_scope_lexical_inventory		INFERRED exact-path scope; source not read
2856	lexical hit not semantically classified: try:	test_graph/sdk/python/src/testgraphsdk/runner.py:70	out-of-scope	ticket_plan.yaml:648-658	none mapped	unrepresented	out_of_scope_lexical_inventory		INFERRED exact-path scope; source not read
2857	lexical hit not semantically classified: except OSError as exc:	test_graph/sdk/python/src/testgraphsdk/runner.py:74	out-of-scope	ticket_plan.yaml:648-658	none mapped	unrepresented	out_of_scope_lexical_inventory		INFERRED exact-path scope; source not read
2858	lexical hit not semantically classified: The scan raises warnings, but `analyze complexity` still exits 0 -- a	tests/test_analyze_complexity.py:542	out-of-scope	ticket_plan.yaml:648-658	none mapped	unrepresented	out_of_scope_lexical_inventory		INFERRED exact-path scope; source not read
2859	"lexical hit not semantically classified: assert result.warnings, ""an over-threshold model must raise advisory warnings"""	tests/test_analyze_complexity.py:548	out-of-scope	ticket_plan.yaml:648-658	none mapped	unrepresented	out_of_scope_lexical_inventory		INFERRED exact-path scope; source not read
2860	"lexical hit not semantically classified: with pytest.raises(UnsupportedModuleConstructError, match=""INSTANCE""):"	tests/test_analyze_complexity.py:904	out-of-scope	ticket_plan.yaml:648-658	none mapped	unrepresented	out_of_scope_lexical_inventory		INFERRED exact-path scope; source not read
2861	"lexical hit not semantically classified: with pytest.raises(UnsupportedModuleConstructError, match=""LOCAL""):"	tests/test_analyze_complexity.py:915	out-of-scope	ticket_plan.yaml:648-658	none mapped	unrepresented	out_of_scope_lexical_inventory		INFERRED exact-path scope; source not read
2862	"lexical hit not semantically classified: with pytest.raises(UnresolvedExtendsError, match=""Missing""):"	tests/test_analyze_complexity.py:926	out-of-scope	ticket_plan.yaml:648-658	none mapped	unrepresented	out_of_scope_lexical_inventory		INFERRED exact-path scope; source not read
2863	lexical hit not semantically classified: try:	tests/test_case_adapter_runtime.py:109	out-of-scope	ticket_plan.yaml:648-658	none mapped	unrepresented	out_of_scope_lexical_inventory		INFERRED exact-path scope; source not read
2864	lexical hit not semantically classified: except SystemExit as exc:	tests/test_case_adapter_runtime.py:111	out-of-scope	ticket_plan.yaml:648-658	none mapped	unrepresented	out_of_scope_lexical_inventory		INFERRED exact-path scope; source not read
2865	"lexical hit not semantically classified: raise AssertionError(""expected missing external action adapter to fail"")"	tests/test_case_adapter_runtime.py:114	out-of-scope	ticket_plan.yaml:648-658	none mapped	unrepresented	out_of_scope_lexical_inventory		INFERRED exact-path scope; source not read
2866	lexical hit not semantically classified: try:	tests/test_case_adapter_runtime.py:140	out-of-scope	ticket_plan.yaml:648-658	none mapped	unrepresented	out_of_scope_lexical_inventory		INFERRED exact-path scope; source not read
2867	lexical hit not semantically classified: except SystemExit as exc:	tests/test_case_adapter_runtime.py:154	out-of-scope	ticket_plan.yaml:648-658	none mapped	unrepresented	out_of_scope_lexical_inventory		INFERRED exact-path scope; source not read
2868	"lexical hit not semantically classified: raise AssertionError(""expected observable action without projector to fail"")"	tests/test_case_adapter_runtime.py:157	out-of-scope	ticket_plan.yaml:648-658	none mapped	unrepresented	out_of_scope_lexical_inventory		INFERRED exact-path scope; source not read
2869	"lexical hit not semantically classified: raise RuntimeError(""cluster state invalid"")"	tests/test_case_adapter_runtime.py:276	out-of-scope	ticket_plan.yaml:648-658	none mapped	unrepresented	out_of_scope_lexical_inventory		INFERRED exact-path scope; source not read
2870	lexical hit not semantically classified: try:	tests/test_case_adapter_runtime.py:292	out-of-scope	ticket_plan.yaml:648-658	none mapped	unrepresented	out_of_scope_lexical_inventory		INFERRED exact-path scope; source not read
2871	lexical hit not semantically classified: except SystemExit as exc:	tests/test_case_adapter_runtime.py:294	out-of-scope	ticket_plan.yaml:648-658	none mapped	unrepresented	out_of_scope_lexical_inventory		INFERRED exact-path scope; source not read
2872	"lexical hit not semantically classified: raise AssertionError(""expected failing case to fail batch execution"")"	tests/test_case_adapter_runtime.py:297	out-of-scope	ticket_plan.yaml:648-658	none mapped	unrepresented	out_of_scope_lexical_inventory		INFERRED exact-path scope; source not read
2873	lexical hit not semantically classified: try:	tests/test_case_adapter_runtime.py:420	out-of-scope	ticket_plan.yaml:648-658	none mapped	unrepresented	out_of_scope_lexical_inventory		INFERRED exact-path scope; source not read
2874	lexical hit not semantically classified: except SystemExit as exc:	tests/test_case_adapter_runtime.py:422	out-of-scope	ticket_plan.yaml:648-658	none mapped	unrepresented	out_of_scope_lexical_inventory		INFERRED exact-path scope; source not read
2875	"lexical hit not semantically classified: raise AssertionError(""expected projected state mismatch to fail"")"	tests/test_case_adapter_runtime.py:425	out-of-scope	ticket_plan.yaml:648-658	none mapped	unrepresented	out_of_scope_lexical_inventory		INFERRED exact-path scope; source not read
2876	lexical hit not semantically classified: try:	tests/test_case_adapter_runtime.py:571	out-of-scope	ticket_plan.yaml:648-658	none mapped	unrepresented	out_of_scope_lexical_inventory		INFERRED exact-path scope; source not read
2877	lexical hit not semantically classified: except AssertionError as exc:	tests/test_case_adapter_runtime.py:576	out-of-scope	ticket_plan.yaml:648-658	none mapped	unrepresented	out_of_scope_lexical_inventory		INFERRED exact-path scope; source not read
2878	"lexical hit not semantically classified: raise AssertionError(""expected a per-field after-state mismatch to fail"")"	tests/test_case_adapter_runtime.py:580	out-of-scope	ticket_plan.yaml:648-658	none mapped	unrepresented	out_of_scope_lexical_inventory		INFERRED exact-path scope; source not read
2879	lexical hit not semantically classified: with pytest.raises(cl.LedgerError):	tests/test_complexity_ledger.py:430	out-of-scope	ticket_plan.yaml:648-658	none mapped	unrepresented	out_of_scope_lexical_inventory		INFERRED exact-path scope; source not read
2880	lexical hit not semantically classified: with pytest.raises(SystemExit) as excinfo:	tests/test_corpus_diagnostics.py:136	out-of-scope	ticket_plan.yaml:648-658	none mapped	unrepresented	out_of_scope_lexical_inventory		INFERRED exact-path scope; source not read
2881	"lexical hit not semantically classified: raised = cd.analyze_corpus(cases, view=""external"", budgets={""max_external_cases_per_action"": 200})"	tests/test_corpus_diagnostics.py:174	out-of-scope	ticket_plan.yaml:648-658	none mapped	unrepresented	out_of_scope_lexical_inventory		INFERRED exact-path scope; source not read
2882	lexical hit not semantically classified: assert raised.passed is True	tests/test_corpus_diagnostics.py:175	out-of-scope	ticket_plan.yaml:648-658	none mapped	unrepresented	out_of_scope_lexical_inventory		INFERRED exact-path scope; source not read
2883	"lexical hit not semantically classified: assert raised.total_cases == 732, ""accepting via the cap kept every case"""	tests/test_corpus_diagnostics.py:176	out-of-scope	ticket_plan.yaml:648-658	none mapped	unrepresented	out_of_scope_lexical_inventory		INFERRED exact-path scope; source not read
2884	lexical hit not semantically classified: # Still retained when the cap is raised to a passing value.	tests/test_corpus_diagnostics.py:323	out-of-scope	ticket_plan.yaml:648-658	none mapped	unrepresented	out_of_scope_lexical_inventory		INFERRED exact-path scope; source not read
2885	"lexical hit not semantically classified: with pytest.raises(EffectDeclarationError, match=""declares no type""):"	tests/test_effect_conformance.py:82	out-of-scope	ticket_plan.yaml:648-658	none mapped	unrepresented	out_of_scope_lexical_inventory		INFERRED exact-path scope; source not read
2886	"lexical hit not semantically classified: with pytest.raises(EffectDeclarationError, match=""declares no target""):"	tests/test_effect_conformance.py:86	out-of-scope	ticket_plan.yaml:648-658	none mapped	unrepresented	out_of_scope_lexical_inventory		INFERRED exact-path scope; source not read
2887	"lexical hit not semantically classified: with pytest.raises(EffectDeclarationError, match=""unobservable type""):"	tests/test_effect_conformance.py:91	out-of-scope	ticket_plan.yaml:648-658	none mapped	unrepresented	out_of_scope_lexical_inventory		INFERRED exact-path scope; source not read
2888	"lexical hit not semantically classified: with pytest.raises(EffectDeclarationError, match=""unknown port""):"	tests/test_effect_conformance.py:97	out-of-scope	ticket_plan.yaml:648-658	none mapped	unrepresented	out_of_scope_lexical_inventory		INFERRED exact-path scope; source not read
2889	lexical hit not semantically classified: def test_patches_are_removed_even_when_body_raises(self, tmp_path):	tests/test_effect_conformance.py:161	out-of-scope	ticket_plan.yaml:648-658	none mapped	unrepresented	out_of_scope_lexical_inventory		INFERRED exact-path scope; source not read
2890	lexical hit not semantically classified: with pytest.raises(RuntimeError):	tests/test_effect_conformance.py:166	out-of-scope	ticket_plan.yaml:648-658	none mapped	unrepresented	out_of_scope_lexical_inventory		INFERRED exact-path scope; source not read
2891	"lexical hit not semantically classified: raise RuntimeError(""adapter blew up"")"	tests/test_effect_conformance.py:168	out-of-scope	ticket_plan.yaml:648-658	none mapped	unrepresented	out_of_scope_lexical_inventory		INFERRED exact-path scope; source not read
2892	lexical hit not semantically classified: with pytest.raises(SystemExit) as excinfo:	tests/test_effect_conformance_runner.py:88	out-of-scope	ticket_plan.yaml:648-658	none mapped	unrepresented	out_of_scope_lexical_inventory		INFERRED exact-path scope; source not read
2893	lexical hit not semantically classified: with pytest.raises(SystemExit):	tests/test_effect_conformance_runner.py:98	out-of-scope	ticket_plan.yaml:648-658	none mapped	unrepresented	out_of_scope_lexical_inventory		INFERRED exact-path scope; source not read
2894	lexical hit not semantically classified: with pytest.raises(SystemExit) as excinfo:	tests/test_effect_conformance_runner.py:119	out-of-scope	ticket_plan.yaml:648-658	none mapped	unrepresented	out_of_scope_lexical_inventory		INFERRED exact-path scope; source not read
2895	lexical hit not semantically classified: with pytest.raises(SystemExit) as excinfo:	tests/test_effect_conformance_runner.py:136	out-of-scope	ticket_plan.yaml:648-658	none mapped	unrepresented	out_of_scope_lexical_inventory		INFERRED exact-path scope; source not read
2896	lexical hit not semantically classified: with pytest.raises(SystemExit) as excinfo:	tests/test_effect_conformance_runner.py:146	out-of-scope	ticket_plan.yaml:648-658	none mapped	unrepresented	out_of_scope_lexical_inventory		INFERRED exact-path scope; source not read
2897	lexical hit not semantically classified: with pytest.raises(SystemExit) as excinfo:	tests/test_effect_conformance_runner.py:152	out-of-scope	ticket_plan.yaml:648-658	none mapped	unrepresented	out_of_scope_lexical_inventory		INFERRED exact-path scope; source not read
2898	lexical hit not semantically classified: with pytest.raises(SystemExit):	tests/test_effect_conformance_runner.py:160	out-of-scope	ticket_plan.yaml:648-658	none mapped	unrepresented	out_of_scope_lexical_inventory		INFERRED exact-path scope; source not read
2899	lexical hit not semantically classified: with pytest.raises(SystemExit):	tests/test_effect_conformance_runner.py:162	out-of-scope	ticket_plan.yaml:648-658	none mapped	unrepresented	out_of_scope_lexical_inventory		INFERRED exact-path scope; source not read
2900	lexical hit not semantically classified: with pytest.raises(FrozenInstanceError):	tests/test_effect_provider_fuzzing.py:108	out-of-scope	ticket_plan.yaml:648-658	none mapped	unrepresented	out_of_scope_lexical_inventory		INFERRED exact-path scope; source not read
2901	"lexical hit not semantically classified: raise AssertionError(""provider patch was not installed"")"	tests/test_effect_provider_fuzzing.py:692	out-of-scope	ticket_plan.yaml:648-658	none mapped	unrepresented	out_of_scope_lexical_inventory		INFERRED exact-path scope; source not read
2902	lexical hit not semantically classified: try:	tests/test_effect_provider_fuzzing.py:699	out-of-scope	ticket_plan.yaml:648-658	none mapped	unrepresented	out_of_scope_lexical_inventory		INFERRED exact-path scope; source not read
2903	"lexical hit not semantically classified: with pytest.raises(AssertionError, match=""provider patch was not installed""):"	tests/test_effect_provider_fuzzing.py:765	out-of-scope	ticket_plan.yaml:648-658	none mapped	unrepresented	out_of_scope_lexical_inventory		INFERRED exact-path scope; source not read
2904	"lexical hit not semantically classified: raise RuntimeError(""builder failed"")"	tests/test_effect_provider_fuzzing.py:813	out-of-scope	ticket_plan.yaml:648-658	none mapped	unrepresented	out_of_scope_lexical_inventory		INFERRED exact-path scope; source not read
2905	"lexical hit not semantically classified: with pytest.raises(RuntimeError, match=""builder failed""):"	tests/test_effect_provider_fuzzing.py:816	out-of-scope	ticket_plan.yaml:648-658	none mapped	unrepresented	out_of_scope_lexical_inventory		INFERRED exact-path scope; source not read
2906	lexical hit not semantically classified: try:	tests/test_effect_provider_fuzzing.py:830	out-of-scope	ticket_plan.yaml:648-658	none mapped	unrepresented	out_of_scope_lexical_inventory		INFERRED exact-path scope; source not read
2907	"lexical hit not semantically classified: raise RuntimeError(f""{name} enter failed"")"	tests/test_effect_provider_fuzzing.py:832	out-of-scope	ticket_plan.yaml:648-658	none mapped	unrepresented	out_of_scope_lexical_inventory		INFERRED exact-path scope; source not read
2908	"lexical hit not semantically classified: with pytest.raises(RuntimeError, match=""inner enter failed""):"	tests/test_effect_provider_fuzzing.py:845	out-of-scope	ticket_plan.yaml:648-658	none mapped	unrepresented	out_of_scope_lexical_inventory		INFERRED exact-path scope; source not read
2909	"lexical hit not semantically classified: with pytest.raises(ValueError, match=""primary""):"	tests/test_effect_provider_fuzzing.py:866	out-of-scope	ticket_plan.yaml:648-658	none mapped	unrepresented	out_of_scope_lexical_inventory		INFERRED exact-path scope; source not read
2910	"lexical hit not semantically classified: raise ValueError(""primary"")"	tests/test_effect_provider_fuzzing.py:868	out-of-scope	ticket_plan.yaml:648-658	none mapped	unrepresented	out_of_scope_lexical_inventory		INFERRED exact-path scope; source not read
2911	"lexical hit not semantically classified: raise RuntimeError(f""cleanup failed: {self.name}"")"	tests/test_effect_provider_fuzzing.py:889	out-of-scope	ticket_plan.yaml:648-658	none mapped	unrepresented	out_of_scope_lexical_inventory		INFERRED exact-path scope; source not read
2912	"lexical hit not semantically classified: raise ValueError(""installer primary"")"	tests/test_effect_provider_fuzzing.py:894	out-of-scope	ticket_plan.yaml:648-658	none mapped	unrepresented	out_of_scope_lexical_inventory		INFERRED exact-path scope; source not read
2913	lexical hit not semantically classified: with pytest.raises(EffectProviderEnterCleanupError) as raised:	tests/test_effect_provider_fuzzing.py:897	out-of-scope	ticket_plan.yaml:648-658	none mapped	unrepresented	out_of_scope_lexical_inventory		INFERRED exact-path scope; source not read
2914	lexical hit not semantically classified: assert isinstance(raised.value.primary, ValueError)	tests/test_effect_provider_fuzzing.py:900	out-of-scope	ticket_plan.yaml:648-658	none mapped	unrepresented	out_of_scope_lexical_inventory		INFERRED exact-path scope; source not read
2915	"lexical hit not semantically classified: assert str(raised.value.primary) == ""installer primary"""	tests/test_effect_provider_fuzzing.py:901	out-of-scope	ticket_plan.yaml:648-658	none mapped	unrepresented	out_of_scope_lexical_inventory		INFERRED exact-path scope; source not read
2916	lexical hit not semantically classified: assert [str(error) for error in raised.value.cleanup_errors] == [	tests/test_effect_provider_fuzzing.py:902	out-of-scope	ticket_plan.yaml:648-658	none mapped	unrepresented	out_of_scope_lexical_inventory		INFERRED exact-path scope; source not read
2917	"lexical hit not semantically classified: assert ""installer primary"" in str(raised.value)"	tests/test_effect_provider_fuzzing.py:906	out-of-scope	ticket_plan.yaml:648-658	none mapped	unrepresented	out_of_scope_lexical_inventory		INFERRED exact-path scope; source not read
2918	"lexical hit not semantically classified: assert ""cleanup failed: inner"" in str(raised.value)"	tests/test_effect_provider_fuzzing.py:907	out-of-scope	ticket_plan.yaml:648-658	none mapped	unrepresented	out_of_scope_lexical_inventory		INFERRED exact-path scope; source not read
2919	"lexical hit not semantically classified: assert ""cleanup failed: outer"" in str(raised.value)"	tests/test_effect_provider_fuzzing.py:908	out-of-scope	ticket_plan.yaml:648-658	none mapped	unrepresented	out_of_scope_lexical_inventory		INFERRED exact-path scope; source not read
2920	"lexical hit not semantically classified: raise RuntimeError(""cleanup failed"")"	tests/test_effect_provider_fuzzing.py:924	out-of-scope	ticket_plan.yaml:648-658	none mapped	unrepresented	out_of_scope_lexical_inventory		INFERRED exact-path scope; source not read
2921	lexical hit not semantically classified: raise control_flow	tests/test_effect_provider_fuzzing.py:928	out-of-scope	ticket_plan.yaml:648-658	none mapped	unrepresented	out_of_scope_lexical_inventory		INFERRED exact-path scope; source not read
2922	lexical hit not semantically classified: with pytest.raises(type(control_flow)) as raised:	tests/test_effect_provider_fuzzing.py:931	out-of-scope	ticket_plan.yaml:648-658	none mapped	unrepresented	out_of_scope_lexical_inventory		INFERRED exact-path scope; source not read
2923	lexical hit not semantically classified: assert raised.value is control_flow	tests/test_effect_provider_fuzzing.py:934	out-of-scope	ticket_plan.yaml:648-658	none mapped	unrepresented	out_of_scope_lexical_inventory		INFERRED exact-path scope; source not read
2924	lexical hit not semantically classified: assert isinstance(raised.value.__cause__, RuntimeError)	tests/test_effect_provider_fuzzing.py:935	out-of-scope	ticket_plan.yaml:648-658	none mapped	unrepresented	out_of_scope_lexical_inventory		INFERRED exact-path scope; source not read
2925	"lexical hit not semantically classified: assert str(raised.value.__cause__) == ""cleanup failed"""	tests/test_effect_provider_fuzzing.py:936	out-of-scope	ticket_plan.yaml:648-658	none mapped	unrepresented	out_of_scope_lexical_inventory		INFERRED exact-path scope; source not read
2926	"lexical hit not semantically classified: with pytest.raises(ValueError, match=""path-free""):"	tests/test_effect_provider_fuzzing.py:946	out-of-scope	ticket_plan.yaml:648-658	none mapped	unrepresented	out_of_scope_lexical_inventory		INFERRED exact-path scope; source not read
2927	"lexical hit not semantically classified: raise RuntimeError(""enter failed"")"	tests/test_effect_provider_fuzzing.py:974	out-of-scope	ticket_plan.yaml:648-658	none mapped	unrepresented	out_of_scope_lexical_inventory		INFERRED exact-path scope; source not read
2928	"lexical hit not semantically classified: raise RuntimeError(""exit failed for "" + self.context.port_name)"	tests/test_effect_provider_fuzzing.py:981	out-of-scope	ticket_plan.yaml:648-658	none mapped	unrepresented	out_of_scope_lexical_inventory		INFERRED exact-path scope; source not read
2929	"lexical hit not semantically classified: raise RuntimeError(""bind failed"")"	tests/test_effect_provider_fuzzing.py:993	out-of-scope	ticket_plan.yaml:648-658	none mapped	unrepresented	out_of_scope_lexical_inventory		INFERRED exact-path scope; source not read
2930	"lexical hit not semantically classified: raise RuntimeError(""adapter instantiate failed"")"	tests/test_effect_provider_fuzzing.py:1004	out-of-scope	ticket_plan.yaml:648-658	none mapped	unrepresented	out_of_scope_lexical_inventory		INFERRED exact-path scope; source not read
2931	"lexical hit not semantically classified: raise RuntimeError(""setup_all failed"")"	tests/test_effect_provider_fuzzing.py:1009	out-of-scope	ticket_plan.yaml:648-658	none mapped	unrepresented	out_of_scope_lexical_inventory		INFERRED exact-path scope; source not read
2932	"lexical hit not semantically classified: raise RuntimeError(""setup failed"")"	tests/test_effect_provider_fuzzing.py:1014	out-of-scope	ticket_plan.yaml:648-658	none mapped	unrepresented	out_of_scope_lexical_inventory		INFERRED exact-path scope; source not read
2933	"lexical hit not semantically classified: raise RuntimeError(""run failed"")"	tests/test_effect_provider_fuzzing.py:1019	out-of-scope	ticket_plan.yaml:648-658	none mapped	unrepresented	out_of_scope_lexical_inventory		INFERRED exact-path scope; source not read
2934	"lexical hit not semantically classified: raise RuntimeError(""teardown failed"")"	tests/test_effect_provider_fuzzing.py:1025	out-of-scope	ticket_plan.yaml:648-658	none mapped	unrepresented	out_of_scope_lexical_inventory		INFERRED exact-path scope; source not read
2935	"lexical hit not semantically classified: raise RuntimeError(""teardown_all failed"")"	tests/test_effect_provider_fuzzing.py:1030	out-of-scope	ticket_plan.yaml:648-658	none mapped	unrepresented	out_of_scope_lexical_inventory		INFERRED exact-path scope; source not read
2936	lexical hit not semantically classified: with pytest.raises(SystemExit) as raised:	tests/test_effect_provider_fuzzing.py:1069	out-of-scope	ticket_plan.yaml:648-658	none mapped	unrepresented	out_of_scope_lexical_inventory		INFERRED exact-path scope; source not read
2937	"lexical hit not semantically classified: diagnostic = next(item for item in structured_failures(str(raised.value)) if item[""phase""] == ""bind"")"	tests/test_effect_provider_fuzzing.py:1085	out-of-scope	ticket_plan.yaml:648-658	none mapped	unrepresented	out_of_scope_lexical_inventory		INFERRED exact-path scope; source not read
2938	lexical hit not semantically classified: with pytest.raises(SystemExit) as raised:	tests/test_effect_provider_fuzzing.py:1153	out-of-scope	ticket_plan.yaml:648-658	none mapped	unrepresented	out_of_scope_lexical_inventory		INFERRED exact-path scope; source not read
2939	lexical hit not semantically classified: failures = structured_failures(str(raised.value))	tests/test_effect_provider_fuzzing.py:1169	out-of-scope	ticket_plan.yaml:648-658	none mapped	unrepresented	out_of_scope_lexical_inventory		INFERRED exact-path scope; source not read
2940	"lexical hit not semantically classified: raise RuntimeError(""deterministic setup_all replay failure"")"	tests/test_effect_provider_fuzzing.py:1364	out-of-scope	ticket_plan.yaml:648-658	none mapped	unrepresented	out_of_scope_lexical_inventory		INFERRED exact-path scope; source not read
2941	"lexical hit not semantically classified: raise RuntimeError(""deterministic run replay failure"")"	tests/test_effect_provider_fuzzing.py:1374	out-of-scope	ticket_plan.yaml:648-658	none mapped	unrepresented	out_of_scope_lexical_inventory		INFERRED exact-path scope; source not read
2942	"lexical hit not semantically classified: raise RuntimeError(""deterministic teardown_all replay failure"")"	tests/test_effect_provider_fuzzing.py:1383	out-of-scope	ticket_plan.yaml:648-658	none mapped	unrepresented	out_of_scope_lexical_inventory		INFERRED exact-path scope; source not read
2943	lexical hit not semantically classified: try:	tests/test_effect_provider_runtime.py:145	out-of-scope	ticket_plan.yaml:648-658	none mapped	unrepresented	out_of_scope_lexical_inventory		INFERRED exact-path scope; source not read
2944	"lexical hit not semantically classified: raise RuntimeError(\""provider exit failed\"")"	tests/test_effect_provider_runtime.py:166	out-of-scope	ticket_plan.yaml:648-658	none mapped	unrepresented	out_of_scope_lexical_inventory		INFERRED exact-path scope; source not read
2945	"lexical hit not semantically classified: raise RuntimeError(\""adapter setup failed\"")"	tests/test_effect_provider_runtime.py:179	out-of-scope	ticket_plan.yaml:648-658	none mapped	unrepresented	out_of_scope_lexical_inventory		INFERRED exact-path scope; source not read
2946	lexical hit not semantically classified: try:	tests/test_effect_provider_runtime.py:181	out-of-scope	ticket_plan.yaml:648-658	none mapped	unrepresented	out_of_scope_lexical_inventory		INFERRED exact-path scope; source not read
2947	lexical hit not semantically classified: except TypeError:	tests/test_effect_provider_runtime.py:183	out-of-scope	ticket_plan.yaml:648-658	none mapped	unrepresented	out_of_scope_lexical_inventory		INFERRED exact-path scope; source not read
2948	"lexical hit not semantically classified: raise RuntimeError(\""adapter run failed\"")"	tests/test_effect_provider_runtime.py:189	out-of-scope	ticket_plan.yaml:648-658	none mapped	unrepresented	out_of_scope_lexical_inventory		INFERRED exact-path scope; source not read
2949	"lexical hit not semantically classified: raise RuntimeError(\""adapter teardown failed\"")"	tests/test_effect_provider_runtime.py:194	out-of-scope	ticket_plan.yaml:648-658	none mapped	unrepresented	out_of_scope_lexical_inventory		INFERRED exact-path scope; source not read
2950	lexical hit not semantically classified: try:	tests/test_effect_provider_runtime.py:239	out-of-scope	ticket_plan.yaml:648-658	none mapped	unrepresented	out_of_scope_lexical_inventory		INFERRED exact-path scope; source not read
2951	"lexical hit not semantically classified: raise RuntimeError(""inner provider enter failed"")"	tests/test_effect_provider_runtime.py:248	out-of-scope	ticket_plan.yaml:648-658	none mapped	unrepresented	out_of_scope_lexical_inventory		INFERRED exact-path scope; source not read
2952	"lexical hit not semantically classified: raise RuntimeError(""inner provider exit failed"")"	tests/test_effect_provider_runtime.py:265	out-of-scope	ticket_plan.yaml:648-658	none mapped	unrepresented	out_of_scope_lexical_inventory		INFERRED exact-path scope; source not read
2953	lexical hit not semantically classified: with pytest.raises(TypeError):	tests/test_effect_provider_runtime.py:374	out-of-scope	ticket_plan.yaml:648-658	none mapped	unrepresented	out_of_scope_lexical_inventory		INFERRED exact-path scope; source not read
2954	"lexical hit not semantically classified: with pytest.raises(SystemExit, match=""must not rewrite the test oracle""):"	tests/test_effect_provider_runtime.py:452	out-of-scope	ticket_plan.yaml:648-658	none mapped	unrepresented	out_of_scope_lexical_inventory		INFERRED exact-path scope; source not read
2955	"lexical hit not semantically classified: with pytest.raises(ValueError, match=""duplicate key 'provider'""):"	tests/test_effect_provider_runtime.py:467	out-of-scope	ticket_plan.yaml:648-658	none mapped	unrepresented	out_of_scope_lexical_inventory		INFERRED exact-path scope; source not read
2956	"lexical hit not semantically classified: with pytest.raises(ValueError, match=r""duplicate \[adapters.Publish\] table""):"	tests/test_effect_provider_runtime.py:475	out-of-scope	ticket_plan.yaml:648-658	none mapped	unrepresented	out_of_scope_lexical_inventory		INFERRED exact-path scope; source not read
2957	lexical hit not semantically classified: with pytest.raises(SystemExit, match=message):	tests/test_effect_provider_runtime.py:503	out-of-scope	ticket_plan.yaml:648-658	none mapped	unrepresented	out_of_scope_lexical_inventory		INFERRED exact-path scope; source not read
2958	lexical hit not semantically classified: with pytest.raises(SystemExit) as excinfo:	tests/test_effect_provider_runtime.py:526	out-of-scope	ticket_plan.yaml:648-658	none mapped	unrepresented	out_of_scope_lexical_inventory		INFERRED exact-path scope; source not read
2959	"lexical hit not semantically classified: with pytest.raises(SystemExit, match=""adapter run failed""):"	tests/test_effect_provider_runtime.py:548	out-of-scope	ticket_plan.yaml:648-658	none mapped	unrepresented	out_of_scope_lexical_inventory		INFERRED exact-path scope; source not read
2960	"lexical hit not semantically classified: with pytest.raises(SystemExit, match=""does not implement generated port PatchPort""):"	tests/test_effect_provider_runtime.py:563	out-of-scope	ticket_plan.yaml:648-658	none mapped	unrepresented	out_of_scope_lexical_inventory		INFERRED exact-path scope; source not read
2961	"lexical hit not semantically classified: with pytest.raises(SystemExit, match=""inner provider enter failed""):"	tests/test_effect_provider_runtime.py:585	out-of-scope	ticket_plan.yaml:648-658	none mapped	unrepresented	out_of_scope_lexical_inventory		INFERRED exact-path scope; source not read
2962	"lexical hit not semantically classified: with pytest.raises(SystemExit, match=""inner provider exit failed""):"	tests/test_effect_provider_runtime.py:606	out-of-scope	ticket_plan.yaml:648-658	none mapped	unrepresented	out_of_scope_lexical_inventory		INFERRED exact-path scope; source not read
2963	lexical hit not semantically classified: with pytest.raises(SystemExit) as excinfo:	tests/test_effect_provider_runtime.py:629	out-of-scope	ticket_plan.yaml:648-658	none mapped	unrepresented	out_of_scope_lexical_inventory		INFERRED exact-path scope; source not read
2964	"lexical hit not semantically classified: with pytest.raises(SystemExit, match=""adapter output mismatch""):"	tests/test_effect_provider_runtime.py:664	out-of-scope	ticket_plan.yaml:648-658	none mapped	unrepresented	out_of_scope_lexical_inventory		INFERRED exact-path scope; source not read
2965	lexical hit not semantically classified: with pytest.raises(EffectProviderConfigurationError, match=message):	tests/test_effect_provider_runtime.py:736	out-of-scope	ticket_plan.yaml:648-658	none mapped	unrepresented	out_of_scope_lexical_inventory		INFERRED exact-path scope; source not read
2966	"lexical hit not semantically classified: with pytest.raises(EffectProviderConfigurationError, match=""unknown semantic effect port PatchPort""):"	tests/test_effect_provider_runtime.py:757	out-of-scope	ticket_plan.yaml:648-658	none mapped	unrepresented	out_of_scope_lexical_inventory		INFERRED exact-path scope; source not read
2967	"lexical hit not semantically classified: with pytest.raises(EffectProviderConfigurationError, match=""invalid provider mapping""):"	tests/test_effect_provider_runtime.py:776	out-of-scope	ticket_plan.yaml:648-658	none mapped	unrepresented	out_of_scope_lexical_inventory		INFERRED exact-path scope; source not read
2968	"lexical hit not semantically classified: with pytest.raises(EffectProviderConfigurationError, match=""unknown key.*response_plan""):"	tests/test_effect_provider_runtime.py:793	out-of-scope	ticket_plan.yaml:648-658	none mapped	unrepresented	out_of_scope_lexical_inventory		INFERRED exact-path scope; source not read
2969	"lexical hit not semantically classified: with pytest.raises(EffectProviderConfigurationError, match=""UnknownPort""):"	tests/test_effect_provider_runtime.py:815	out-of-scope	ticket_plan.yaml:648-658	none mapped	unrepresented	out_of_scope_lexical_inventory		INFERRED exact-path scope; source not read
2970	lexical hit not semantically classified: with pytest.raises(EffectProviderConfigurationError, match=message):	tests/test_effect_provider_runtime.py:870	out-of-scope	ticket_plan.yaml:648-658	none mapped	unrepresented	out_of_scope_lexical_inventory		INFERRED exact-path scope; source not read
2971	lexical hit not semantically classified: try:	tests/test_effect_provider_runtime.py:893	out-of-scope	ticket_plan.yaml:648-658	none mapped	unrepresented	out_of_scope_lexical_inventory		INFERRED exact-path scope; source not read
2972	"lexical hit not semantically classified: with pytest.raises(SystemExit, match=""does not implement generated port FilesystemPort""):"	tests/test_effect_provider_runtime.py:911	out-of-scope	ticket_plan.yaml:648-658	none mapped	unrepresented	out_of_scope_lexical_inventory		INFERRED exact-path scope; source not read
2973	"lexical hit not semantically classified: raise RuntimeError(""provider enter failed"")"	tests/test_effect_provider_runtime.py:937	out-of-scope	ticket_plan.yaml:648-658	none mapped	unrepresented	out_of_scope_lexical_inventory		INFERRED exact-path scope; source not read
2974	"lexical hit not semantically classified: with pytest.raises(SystemExit, match=""provider enter failed""):"	tests/test_effect_provider_runtime.py:962	out-of-scope	ticket_plan.yaml:648-658	none mapped	unrepresented	out_of_scope_lexical_inventory		INFERRED exact-path scope; source not read
2975	"lexical hit not semantically classified: with pytest.raises(SystemExit, match=""semantic effect providers require --batch""):"	tests/test_effect_provider_runtime.py:983	out-of-scope	ticket_plan.yaml:648-658	none mapped	unrepresented	out_of_scope_lexical_inventory		INFERRED exact-path scope; source not read
2976	lexical hit not semantically classified: try:	tests/test_effect_provider_runtime.py:1168	out-of-scope	ticket_plan.yaml:648-658	none mapped	unrepresented	out_of_scope_lexical_inventory		INFERRED exact-path scope; source not read
2977	lexical hit not semantically classified: try:	tests/test_export_testgraph_cases.py:66	out-of-scope	ticket_plan.yaml:648-658	none mapped	unrepresented	out_of_scope_lexical_inventory		INFERRED exact-path scope; source not read
2978	lexical hit not semantically classified: except ValueError as exc:	tests/test_export_testgraph_cases.py:68	out-of-scope	ticket_plan.yaml:648-658	none mapped	unrepresented	out_of_scope_lexical_inventory		INFERRED exact-path scope; source not read
2979	"lexical hit not semantically classified: raise AssertionError(""expected internal case export to fail"")"	tests/test_export_testgraph_cases.py:71	out-of-scope	ticket_plan.yaml:648-658	none mapped	unrepresented	out_of_scope_lexical_inventory		INFERRED exact-path scope; source not read
2980	lexical hit not semantically classified: control and asserts each one raises. A check that cannot fail is not a check,	tests/test_infer_action_params.py:18	out-of-scope	ticket_plan.yaml:648-658	none mapped	unrepresented	out_of_scope_lexical_inventory		INFERRED exact-path scope; source not read
2981	"lexical hit not semantically classified: raise AssertionError(f""no fixture for {action}"")"	tests/test_infer_action_params.py:194	out-of-scope	ticket_plan.yaml:648-658	none mapped	unrepresented	out_of_scope_lexical_inventory		INFERRED exact-path scope; source not read
2982	lexical hit not semantically classified: # except-index: name a ticket that did not change.	tests/test_infer_action_params.py:235	out-of-scope	ticket_plan.yaml:648-658	none mapped	unrepresented	out_of_scope_lexical_inventory		INFERRED exact-path scope; source not read
2983	lexical hit not semantically classified: with pytest.raises(AssertionError):	tests/test_infer_action_params.py:282	out-of-scope	ticket_plan.yaml:648-658	none mapped	unrepresented	out_of_scope_lexical_inventory		INFERRED exact-path scope; source not read
2984	lexical hit not semantically classified: def test_except_index_tracks_which_entry_changed(recipes, action, changed_ticket):	tests/test_infer_action_params.py:382	out-of-scope	ticket_plan.yaml:648-658	none mapped	unrepresented	out_of_scope_lexical_inventory		INFERRED exact-path scope; source not read
2985	"lexical hit not semantically classified: """"""No guard-pinned or except-index action sacrifices an after-state field."""""""	tests/test_infer_action_params.py:418	out-of-scope	ticket_plan.yaml:648-658	none mapped	unrepresented	out_of_scope_lexical_inventory		INFERRED exact-path scope; source not read
2986	lexical hit not semantically classified: def test_except_index_returns_unchecked_when_nothing_changed(recipes):	tests/test_infer_action_params.py:452	out-of-scope	ticket_plan.yaml:648-658	none mapped	unrepresented	out_of_scope_lexical_inventory		INFERRED exact-path scope; source not read
2987	lexical hit not semantically classified: with pytest.raises(KillTestCatalogError, match=omitted):	tests/test_kill_test.py:524	out-of-scope	ticket_plan.yaml:648-658	none mapped	unrepresented	out_of_scope_lexical_inventory		INFERRED exact-path scope; source not read
2988	lexical hit not semantically classified: def test_the_file_is_restored_even_when_the_run_raises(self, tmp_path: Path) -> None:	tests/test_kill_test.py:584	out-of-scope	ticket_plan.yaml:648-658	none mapped	unrepresented	out_of_scope_lexical_inventory		INFERRED exact-path scope; source not read
2989	lexical hit not semantically classified: with pytest.raises(RuntimeError):	tests/test_kill_test.py:589	out-of-scope	ticket_plan.yaml:648-658	none mapped	unrepresented	out_of_scope_lexical_inventory		INFERRED exact-path scope; source not read
2990	"lexical hit not semantically classified: raise RuntimeError(""corpus blew up"")"	tests/test_kill_test.py:591	out-of-scope	ticket_plan.yaml:648-658	none mapped	unrepresented	out_of_scope_lexical_inventory		INFERRED exact-path scope; source not read
2991	"lexical hit not semantically classified: with pytest.raises(KillTestCatalogError, match=""stale""):"	tests/test_kill_test.py:599	out-of-scope	ticket_plan.yaml:648-658	none mapped	unrepresented	out_of_scope_lexical_inventory		INFERRED exact-path scope; source not read
2992	"lexical hit not semantically classified: with pytest.raises(KillTestCatalogError, match=""not a passing kill""):"	tests/test_kill_test.py:604	out-of-scope	ticket_plan.yaml:648-658	none mapped	unrepresented	out_of_scope_lexical_inventory		INFERRED exact-path scope; source not read
2993	"lexical hit not semantically classified: with pytest.raises(KillTestCatalogError, match=""duplicate""):"	tests/test_kill_test.py:619	out-of-scope	ticket_plan.yaml:648-658	none mapped	unrepresented	out_of_scope_lexical_inventory		INFERRED exact-path scope; source not read
2994	"lexical hit not semantically classified: with pytest.raises(KillTestCatalogError, match=""no such model config""):"	tests/test_kill_test.py:981	out-of-scope	ticket_plan.yaml:648-658	none mapped	unrepresented	out_of_scope_lexical_inventory		INFERRED exact-path scope; source not read
2995	"lexical hit not semantically classified: assert ""Do not simply raise the timeout"" in skill"	tests/test_new_ticket_workflow.py:20	out-of-scope	ticket_plan.yaml:648-658	none mapped	unrepresented	out_of_scope_lexical_inventory		INFERRED exact-path scope; source not read
2996	lexical hit not semantically classified: try:	tests/test_new_ticket_workflow.py:293	out-of-scope	ticket_plan.yaml:648-658	none mapped	unrepresented	out_of_scope_lexical_inventory		INFERRED exact-path scope; source not read
2997	lexical hit not semantically classified: except SystemExit as exc:	tests/test_new_ticket_workflow.py:301	out-of-scope	ticket_plan.yaml:648-658	none mapped	unrepresented	out_of_scope_lexical_inventory		INFERRED exact-path scope; source not read
2998	"lexical hit not semantically classified: raise AssertionError(""expected divergent ticket current/desired to block close"")"	tests/test_new_ticket_workflow.py:305	out-of-scope	ticket_plan.yaml:648-658	none mapped	unrepresented	out_of_scope_lexical_inventory		INFERRED exact-path scope; source not read
2999	lexical hit not semantically classified: try:	tests/test_new_ticket_workflow.py:359	out-of-scope	ticket_plan.yaml:648-658	none mapped	unrepresented	out_of_scope_lexical_inventory		INFERRED exact-path scope; source not read
3000	lexical hit not semantically classified: except SystemExit as exc:	tests/test_new_ticket_workflow.py:367	out-of-scope	ticket_plan.yaml:648-658	none mapped	unrepresented	out_of_scope_lexical_inventory		INFERRED exact-path scope; source not read
3001	"lexical hit not semantically classified: raise AssertionError(""expected divergent ticket to block close with guidance"")"	tests/test_new_ticket_workflow.py:373	out-of-scope	ticket_plan.yaml:648-658	none mapped	unrepresented	out_of_scope_lexical_inventory		INFERRED exact-path scope; source not read
3002	lexical hit not semantically classified: try:	tests/test_new_ticket_workflow.py:395	out-of-scope	ticket_plan.yaml:648-658	none mapped	unrepresented	out_of_scope_lexical_inventory		INFERRED exact-path scope; source not read
3003	lexical hit not semantically classified: except SystemExit as exc:	tests/test_new_ticket_workflow.py:403	out-of-scope	ticket_plan.yaml:648-658	none mapped	unrepresented	out_of_scope_lexical_inventory		INFERRED exact-path scope; source not read
3004	"lexical hit not semantically classified: raise AssertionError(""expected divergent ticket adapter to block close"")"	tests/test_new_ticket_workflow.py:406	out-of-scope	ticket_plan.yaml:648-658	none mapped	unrepresented	out_of_scope_lexical_inventory		INFERRED exact-path scope; source not read
3005	lexical hit not semantically classified: try:	tests/test_new_ticket_workflow.py:410	out-of-scope	ticket_plan.yaml:648-658	none mapped	unrepresented	out_of_scope_lexical_inventory		INFERRED exact-path scope; source not read
3006	lexical hit not semantically classified: except SystemExit as exc:	tests/test_new_ticket_workflow.py:412	out-of-scope	ticket_plan.yaml:648-658	none mapped	unrepresented	out_of_scope_lexical_inventory		INFERRED exact-path scope; source not read
3007	"lexical hit not semantically classified: raise AssertionError(""expected missing baseline to fail"")"	tests/test_new_ticket_workflow.py:415	out-of-scope	ticket_plan.yaml:648-658	none mapped	unrepresented	out_of_scope_lexical_inventory		INFERRED exact-path scope; source not read
3008	lexical hit not semantically classified: try:	tests/test_new_ticket_workflow.py:495	out-of-scope	ticket_plan.yaml:648-658	none mapped	unrepresented	out_of_scope_lexical_inventory		INFERRED exact-path scope; source not read
3009	lexical hit not semantically classified: except SystemExit as exc:	tests/test_new_ticket_workflow.py:497	out-of-scope	ticket_plan.yaml:648-658	none mapped	unrepresented	out_of_scope_lexical_inventory		INFERRED exact-path scope; source not read
3010	"lexical hit not semantically classified: raise AssertionError(""expected open ticket to block closeout"")"	tests/test_new_ticket_workflow.py:500	out-of-scope	ticket_plan.yaml:648-658	none mapped	unrepresented	out_of_scope_lexical_inventory		INFERRED exact-path scope; source not read
3011	lexical hit not semantically classified: try:	tests/test_new_ticket_workflow.py:521	out-of-scope	ticket_plan.yaml:648-658	none mapped	unrepresented	out_of_scope_lexical_inventory		INFERRED exact-path scope; source not read
3012	lexical hit not semantically classified: except SystemExit as exc:	tests/test_new_ticket_workflow.py:523	out-of-scope	ticket_plan.yaml:648-658	none mapped	unrepresented	out_of_scope_lexical_inventory		INFERRED exact-path scope; source not read
3013	"lexical hit not semantically classified: raise AssertionError(""expected unpromoted program_model to block closeout"")"	tests/test_new_ticket_workflow.py:529	out-of-scope	ticket_plan.yaml:648-658	none mapped	unrepresented	out_of_scope_lexical_inventory		INFERRED exact-path scope; source not read
3014	lexical hit not semantically classified: try:	tests/test_new_ticket_workflow.py:577	out-of-scope	ticket_plan.yaml:648-658	none mapped	unrepresented	out_of_scope_lexical_inventory		INFERRED exact-path scope; source not read
3015	lexical hit not semantically classified: except SystemExit as exc:	tests/test_new_ticket_workflow.py:579	out-of-scope	ticket_plan.yaml:648-658	none mapped	unrepresented	out_of_scope_lexical_inventory		INFERRED exact-path scope; source not read
3016	"lexical hit not semantically classified: raise AssertionError(""expected accept-new to still require closed tickets"")"	tests/test_new_ticket_workflow.py:582	out-of-scope	ticket_plan.yaml:648-658	none mapped	unrepresented	out_of_scope_lexical_inventory		INFERRED exact-path scope; source not read
3017	lexical hit not semantically classified: try:	tests/test_spec_yaml_valid.py:52	out-of-scope	ticket_plan.yaml:648-658	none mapped	unrepresented	out_of_scope_lexical_inventory		INFERRED exact-path scope; source not read
3018	lexical hit not semantically classified: except yaml.YAMLError as exc:  # pragma: no cover - failure path is the point	tests/test_spec_yaml_valid.py:54	out-of-scope	ticket_plan.yaml:648-658	none mapped	unrepresented	out_of_scope_lexical_inventory		INFERRED exact-path scope; source not read
3019	lexical hit not semantically classified: with pytest.raises(ChannelEnforcementError) as excinfo:	tests/test_testgraph_channels.py:109	out-of-scope	ticket_plan.yaml:648-658	none mapped	unrepresented	out_of_scope_lexical_inventory		INFERRED exact-path scope; source not read
3020	lexical hit not semantically classified: with pytest.raises(ChannelEnforcementError) as excinfo:	tests/test_testgraph_channels.py:143	out-of-scope	ticket_plan.yaml:648-658	none mapped	unrepresented	out_of_scope_lexical_inventory		INFERRED exact-path scope; source not read
3021	lexical hit not semantically classified: with pytest.raises(ChannelEnforcementError) as excinfo:	tests/test_testgraph_channels.py:164	out-of-scope	ticket_plan.yaml:648-658	none mapped	unrepresented	out_of_scope_lexical_inventory		INFERRED exact-path scope; source not read
3022	lexical hit not semantically classified: with pytest.raises(ChannelEnforcementError) as excinfo:	tests/test_testgraph_channels.py:182	out-of-scope	ticket_plan.yaml:648-658	none mapped	unrepresented	out_of_scope_lexical_inventory		INFERRED exact-path scope; source not read
3023	lexical hit not semantically classified: with pytest.raises(ChannelEnforcementError) as excinfo:	tests/test_testgraph_channels.py:211	out-of-scope	ticket_plan.yaml:648-658	none mapped	unrepresented	out_of_scope_lexical_inventory		INFERRED exact-path scope; source not read
3024	lexical hit not semantically classified: with pytest.raises(ChannelEnforcementError) as excinfo:	tests/test_testgraph_channels.py:234	out-of-scope	ticket_plan.yaml:648-658	none mapped	unrepresented	out_of_scope_lexical_inventory		INFERRED exact-path scope; source not read
3025	lexical hit not semantically classified: with pytest.raises(ChannelEnforcementError) as excinfo:	tests/test_testgraph_channels.py:260	out-of-scope	ticket_plan.yaml:648-658	none mapped	unrepresented	out_of_scope_lexical_inventory		INFERRED exact-path scope; source not read
3026	lexical hit not semantically classified: with pytest.raises(ChannelEnforcementError) as excinfo:	tests/test_testgraph_channels.py:279	out-of-scope	ticket_plan.yaml:648-658	none mapped	unrepresented	out_of_scope_lexical_inventory		INFERRED exact-path scope; source not read
3027	lexical hit not semantically classified: with pytest.raises(ChannelEnforcementError) as excinfo:	tests/test_testgraph_channels.py:294	out-of-scope	ticket_plan.yaml:648-658	none mapped	unrepresented	out_of_scope_lexical_inventory		INFERRED exact-path scope; source not read
3028	lexical hit not semantically classified: with pytest.raises(ChannelEnforcementError) as excinfo:	tests/test_testgraph_channels.py:319	out-of-scope	ticket_plan.yaml:648-658	none mapped	unrepresented	out_of_scope_lexical_inventory		INFERRED exact-path scope; source not read
3029	lexical hit not semantically classified: with pytest.raises(ChannelEnforcementError) as excinfo:	tests/test_testgraph_channels.py:335	out-of-scope	ticket_plan.yaml:648-658	none mapped	unrepresented	out_of_scope_lexical_inventory		INFERRED exact-path scope; source not read
3030	lexical hit not semantically classified: with pytest.raises(ChannelEnforcementError) as excinfo:	tests/test_testgraph_channels.py:350	out-of-scope	ticket_plan.yaml:648-658	none mapped	unrepresented	out_of_scope_lexical_inventory		INFERRED exact-path scope; source not read
3031	lexical hit not semantically classified: with pytest.raises(ChannelEnforcementError) as excinfo:	tests/test_testgraph_channels.py:372	out-of-scope	ticket_plan.yaml:648-658	none mapped	unrepresented	out_of_scope_lexical_inventory		INFERRED exact-path scope; source not read
