#	Behavior	Trigger	In/Out	Plan line	Spec action/invariant	Verdict	Classification	Disposition gap ID	Review basis
1	lexical hit not semantically classified: continue	examples/distributed_history/specs/program_model/tlc_projection.py:83	out-of-scope	ticket_plan.yaml:648-658	none mapped	unrepresented	out_of_scope_lexical_inventory		INFERRED exact-path scope; source not read
2	lexical hit not semantically classified: if (id in nodes) continue	examples/distributed_history/test_graph/build-logic/src/main/kotlin/com/hayden/testgraphsdk/GraphAssembler.kt:55	out-of-scope	ticket_plan.yaml:648-658	none mapped	unrepresented	out_of_scope_lexical_inventory		INFERRED exact-path scope; source not read
3	lexical hit not semantically classified: if (dir.isEmpty()) continue	examples/distributed_history/test_graph/build-logic/src/main/kotlin/com/hayden/testgraphsdk/Toolchain.kt:106	out-of-scope	ticket_plan.yaml:648-658	none mapped	unrepresented	out_of_scope_lexical_inventory		INFERRED exact-path scope; source not read
4	lexical hit not semantically classified: * `failed`/`errored` is final on the first attempt. Authors opt in	examples/distributed_history/test_graph/build-logic/src/main/kotlin/com/hayden/testgraphsdk/ValidationNodeSpec.kt:21	out-of-scope	ticket_plan.yaml:648-658	none mapped	unrepresented	out_of_scope_lexical_inventory		INFERRED exact-path scope; source not read
5	lexical hit not semantically classified: * input context snapshot captured before the selected node's prior attempt.	examples/distributed_history/test_graph/build-logic/src/main/kotlin/com/hayden/testgraphsdk/exec/Context.kt:42	out-of-scope	ticket_plan.yaml:648-658	none mapped	unrepresented	out_of_scope_lexical_inventory		INFERRED exact-path scope; source not read
6	lexical hit not semantically classified: * Wall-clock budget for one attempt, parsed once from	examples/distributed_history/test_graph/build-logic/src/main/kotlin/com/hayden/testgraphsdk/exec/Executors.kt:40	out-of-scope	ticket_plan.yaml:648-658	none mapped	unrepresented	out_of_scope_lexical_inventory		INFERRED exact-path scope; source not read
7	lexical hit not semantically classified: * Outcome of one execution attempt. Kept as a sealed type so	examples/distributed_history/test_graph/build-logic/src/main/kotlin/com/hayden/testgraphsdk/exec/Executors.kt:50	out-of-scope	ticket_plan.yaml:648-658	none mapped	unrepresented	out_of_scope_lexical_inventory		INFERRED exact-path scope; source not read
8	"lexical hit not semantically classified: * `PlanExecutor` can distinguish ""timed out → maybe retry"" from"	examples/distributed_history/test_graph/build-logic/src/main/kotlin/com/hayden/testgraphsdk/exec/Executors.kt:51	out-of-scope	ticket_plan.yaml:648-658	none mapped	unrepresented	out_of_scope_lexical_inventory		INFERRED exact-path scope; source not read
9	"lexical hit not semantically classified: * --result-out"". A non-zero exit code is NOT a retry trigger — only a"	examples/distributed_history/test_graph/build-logic/src/main/kotlin/com/hayden/testgraphsdk/exec/Executors.kt:53	out-of-scope	ticket_plan.yaml:648-658	none mapped	unrepresented	out_of_scope_lexical_inventory		INFERRED exact-path scope; source not read
10	lexical hit not semantically classified: // log file on retry).	examples/distributed_history/test_graph/build-logic/src/main/kotlin/com/hayden/testgraphsdk/exec/Executors.kt:112	out-of-scope	ticket_plan.yaml:648-658	none mapped	unrepresented	out_of_scope_lexical_inventory		INFERRED exact-path scope; source not read
11	lexical hit not semantically classified: continue	examples/distributed_history/test_graph/build-logic/src/main/kotlin/com/hayden/testgraphsdk/exec/PlanExecutor.kt:70	out-of-scope	ticket_plan.yaml:648-658	none mapped	unrepresented	out_of_scope_lexical_inventory		INFERRED exact-path scope; source not read
12	lexical hit not semantically classified: for (attempt in 1..maxAttempts) {	examples/distributed_history/test_graph/build-logic/src/main/kotlin/com/hayden/testgraphsdk/exec/PlanExecutor.kt:140	out-of-scope	ticket_plan.yaml:648-658	none mapped	unrepresented	out_of_scope_lexical_inventory		INFERRED exact-path scope; source not read
13	lexical hit not semantically classified: if (attempt > 1) {	examples/distributed_history/test_graph/build-logic/src/main/kotlin/com/hayden/testgraphsdk/exec/PlanExecutor.kt:141	out-of-scope	ticket_plan.yaml:648-658	none mapped	unrepresented	out_of_scope_lexical_inventory		INFERRED exact-path scope; source not read
14	"lexical hit not semantically classified: ""    retry ${attempt - 1}/${spec.retries} after timeout — "" +"	examples/distributed_history/test_graph/build-logic/src/main/kotlin/com/hayden/testgraphsdk/exec/PlanExecutor.kt:143	out-of-scope	ticket_plan.yaml:648-658	none mapped	unrepresented	out_of_scope_lexical_inventory		INFERRED exact-path scope; source not read
15	"lexical hit not semantically classified: ""previous attempt exceeded ${spec.timeout}"""	examples/distributed_history/test_graph/build-logic/src/main/kotlin/com/hayden/testgraphsdk/exec/PlanExecutor.kt:144	out-of-scope	ticket_plan.yaml:648-658	none mapped	unrepresented	out_of_scope_lexical_inventory		INFERRED exact-path scope; source not read
16	"lexical hit not semantically classified: // attempt (or from a stale earlier run). The ""did the SDK"	examples/distributed_history/test_graph/build-logic/src/main/kotlin/com/hayden/testgraphsdk/exec/PlanExecutor.kt:148	out-of-scope	ticket_plan.yaml:648-658	none mapped	unrepresented	out_of_scope_lexical_inventory		INFERRED exact-path scope; source not read
17	lexical hit not semantically classified: val a = item as? Map<*, *> ?: continue	examples/distributed_history/test_graph/build-logic/src/main/kotlin/com/hayden/testgraphsdk/tasks/RunReportWriter.kt:207	out-of-scope	ticket_plan.yaml:648-658	none mapped	unrepresented	out_of_scope_lexical_inventory		INFERRED exact-path scope; source not read
18	lexical hit not semantically classified: val p = item as? Map<*, *> ?: continue	examples/distributed_history/test_graph/build-logic/src/main/kotlin/com/hayden/testgraphsdk/tasks/RunReportWriter.kt:231	out-of-scope	ticket_plan.yaml:648-658	none mapped	unrepresented	out_of_scope_lexical_inventory		INFERRED exact-path scope; source not read
19	lexical hit not semantically classified: val a = item as? Map<*, *> ?: continue	examples/distributed_history/test_graph/build-logic/src/main/kotlin/com/hayden/testgraphsdk/tasks/RunReportWriter.kt:256	out-of-scope	ticket_plan.yaml:648-658	none mapped	unrepresented	out_of_scope_lexical_inventory		INFERRED exact-path scope; source not read
20	"lexical hit not semantically classified: val path = a[""path""] as? String ?: continue"	examples/distributed_history/test_graph/build-logic/src/main/kotlin/com/hayden/testgraphsdk/tasks/RunReportWriter.kt:258	out-of-scope	ticket_plan.yaml:648-658	none mapped	unrepresented	out_of_scope_lexical_inventory		INFERRED exact-path scope; source not read
21	"lexical hit not semantically classified: if (!raw.startsWith(""--"")) continue;"	examples/distributed_history/test_graph/sdk/java/src/main/java/com/hayden/testgraphsdk/sdk/NodeContext.java:45	out-of-scope	ticket_plan.yaml:648-658	none mapped	unrepresented	out_of_scope_lexical_inventory		INFERRED exact-path scope; source not read
22	lexical hit not semantically classified: if (eq < 0) continue;	examples/distributed_history/test_graph/sdk/java/src/main/java/com/hayden/testgraphsdk/sdk/NodeContext.java:47	out-of-scope	ticket_plan.yaml:648-658	none mapped	unrepresented	out_of_scope_lexical_inventory		INFERRED exact-path scope; source not read
23	lexical hit not semantically classified: * non-timeout exit code) is final on the first attempt.	examples/distributed_history/test_graph/sdk/java/src/main/java/com/hayden/testgraphsdk/sdk/NodeSpec.java:59	out-of-scope	ticket_plan.yaml:648-658	none mapped	unrepresented	out_of_scope_lexical_inventory		INFERRED exact-path scope; source not read
24	lexical hit not semantically classified: * affordance exposed after a completed node attempt.	examples/distributed_history/test_graph/sdk/java/src/main/java/com/hayden/testgraphsdk/sdk/NodeSpec.java:72	out-of-scope	ticket_plan.yaml:648-658	none mapped	unrepresented	out_of_scope_lexical_inventory		INFERRED exact-path scope; source not read
25	lexical hit not semantically classified: continue	examples/distributed_history/test_graph/sdk/python/src/testgraphsdk/context.py:39	out-of-scope	ticket_plan.yaml:648-658	none mapped	unrepresented	out_of_scope_lexical_inventory		INFERRED exact-path scope; source not read
26	lexical hit not semantically classified: orphaned state on retry. Triggers only on timeout, never on a	examples/distributed_history/test_graph/sdk/python/src/testgraphsdk/node_spec.py:58	out-of-scope	ticket_plan.yaml:648-658	none mapped	unrepresented	out_of_scope_lexical_inventory		INFERRED exact-path scope; source not read
27	"lexical hit not semantically classified: ""mutant_execution"": ""V0 stops after the first complete failing iteration (7 points); the green control executes all 7 x 16 points. Collect/continue mode is a follow-up, not a score correction."", ""run_label"": args.run_label,"	examples/effect_providers/atomic_publisher/run_experiment.py:81	out-of-scope	ticket_plan.yaml:648-658	none mapped	unrepresented	out_of_scope_lexical_inventory		INFERRED exact-path scope; source not read
28	HTTP attempt loop/retry decision	examples/effect_providers/legacy_payment_http/legacy_payment_http_app/application.py:44	in-scope	ticket_plan.yaml:566-573,621-633	AuthorizeTransientThenApproved/AuthorizeTimeoutThenDuplicateApproved/AuthorizeExhaustedUnavailable	partial	semantic_behavior	CH-03	READ
29	HTTP attempt loop/retry decision	examples/effect_providers/legacy_payment_http/legacy_payment_http_app/application.py:52	in-scope	ticket_plan.yaml:566-573,621-633	AuthorizeTransientThenApproved/AuthorizeTimeoutThenDuplicateApproved/AuthorizeExhaustedUnavailable	partial	semantic_behavior	CH-03	READ
30	HTTP attempt loop/retry decision	examples/effect_providers/legacy_payment_http/legacy_payment_http_app/application.py:60	in-scope	ticket_plan.yaml:566-573,621-633	AuthorizeTransientThenApproved/AuthorizeTimeoutThenDuplicateApproved/AuthorizeExhaustedUnavailable	partial	semantic_behavior	CH-03	READ
31	HTTP attempt loop/retry decision	examples/effect_providers/legacy_payment_http/legacy_payment_http_app/application.py:64	in-scope	ticket_plan.yaml:566-573,621-633	AuthorizeTransientThenApproved/AuthorizeTimeoutThenDuplicateApproved/AuthorizeExhaustedUnavailable	partial	semantic_behavior	CH-03	READ
32	HTTP attempt loop/retry decision	examples/effect_providers/legacy_payment_http/legacy_payment_http_app/application.py:65	in-scope	ticket_plan.yaml:566-573,621-633	AuthorizeTransientThenApproved/AuthorizeTimeoutThenDuplicateApproved/AuthorizeExhaustedUnavailable	partial	semantic_behavior	CH-03	READ
33	HTTP attempt loop/retry decision	examples/effect_providers/legacy_payment_http/legacy_payment_http_app/application.py:82	in-scope	ticket_plan.yaml:566-573,621-633	AuthorizeTransientThenApproved/AuthorizeTimeoutThenDuplicateApproved/AuthorizeExhaustedUnavailable	partial	semantic_behavior	CH-03	READ
34	HTTP attempt loop/retry decision	examples/effect_providers/legacy_payment_http/legacy_payment_http_app/application.py:83	in-scope	ticket_plan.yaml:566-573,621-633	AuthorizeTransientThenApproved/AuthorizeTimeoutThenDuplicateApproved/AuthorizeExhaustedUnavailable	partial	semantic_behavior	CH-03	READ
35	HTTP attempt loop/retry decision	examples/effect_providers/legacy_payment_http/legacy_payment_http_app/application.py:84	in-scope	ticket_plan.yaml:566-573,621-633	AuthorizeTransientThenApproved/AuthorizeTimeoutThenDuplicateApproved/AuthorizeExhaustedUnavailable	partial	semantic_behavior	CH-03	READ
36	HTTP attempt loop/retry decision	examples/effect_providers/legacy_payment_http/legacy_payment_http_app/application.py:87	in-scope	ticket_plan.yaml:566-573,621-633	AuthorizeTransientThenApproved/AuthorizeTimeoutThenDuplicateApproved/AuthorizeExhaustedUnavailable	partial	semantic_behavior	CH-03	READ
37	HTTP attempt loop/retry decision	examples/effect_providers/legacy_payment_http/legacy_payment_http_app/application.py:88	in-scope	ticket_plan.yaml:566-573,621-633	AuthorizeTransientThenApproved/AuthorizeTimeoutThenDuplicateApproved/AuthorizeExhaustedUnavailable	partial	semantic_behavior	CH-03	READ
38	HTTP attempt loop/retry decision	examples/effect_providers/legacy_payment_http/legacy_payment_http_app/application.py:89	in-scope	ticket_plan.yaml:566-573,621-633	AuthorizeTransientThenApproved/AuthorizeTimeoutThenDuplicateApproved/AuthorizeExhaustedUnavailable	partial	semantic_behavior	CH-03	READ
39	HTTP attempt loop/retry decision	examples/effect_providers/legacy_payment_http/legacy_payment_http_app/application.py:91	in-scope	ticket_plan.yaml:566-573,621-633	AuthorizeTransientThenApproved/AuthorizeTimeoutThenDuplicateApproved/AuthorizeExhaustedUnavailable	partial	semantic_behavior	CH-03	READ
40	HTTP attempt loop/retry decision	examples/effect_providers/legacy_payment_http/legacy_payment_http_app/application.py:92	in-scope	ticket_plan.yaml:566-573,621-633	AuthorizeTransientThenApproved/AuthorizeTimeoutThenDuplicateApproved/AuthorizeExhaustedUnavailable	partial	semantic_behavior	CH-03	READ
41	HTTP attempt loop/retry decision	examples/effect_providers/legacy_payment_http/legacy_payment_http_app/application.py:93	in-scope	ticket_plan.yaml:566-573,621-633	AuthorizeTransientThenApproved/AuthorizeTimeoutThenDuplicateApproved/AuthorizeExhaustedUnavailable	partial	semantic_behavior	CH-03	READ
42	HTTP attempt loop/retry decision	examples/effect_providers/legacy_payment_http/legacy_payment_http_app/application.py:95	in-scope	ticket_plan.yaml:566-573,621-633	AuthorizeTransientThenApproved/AuthorizeTimeoutThenDuplicateApproved/AuthorizeExhaustedUnavailable	partial	semantic_behavior	CH-03	READ
43	"lexical hit not semantically classified: (503, {""status"": ""retry""}),"	examples/effect_providers/legacy_payment_http/payment_effects/baseline.py:37	out-of-scope	ticket_plan.yaml:648-658	none mapped	unrepresented	out_of_scope_lexical_inventory		INFERRED exact-path scope; source not read
44	"lexical hit not semantically classified: (502, {""status"": ""retry""}),"	examples/effect_providers/legacy_payment_http/payment_effects/baseline.py:49	out-of-scope	ticket_plan.yaml:648-658	none mapped	unrepresented	out_of_scope_lexical_inventory		INFERRED exact-path scope; source not read
45	"lexical hit not semantically classified: (503, {""status"": ""retry""}),"	examples/effect_providers/legacy_payment_http/payment_effects/baseline.py:50	out-of-scope	ticket_plan.yaml:648-658	none mapped	unrepresented	out_of_scope_lexical_inventory		INFERRED exact-path scope; source not read
46	"lexical hit not semantically classified: (504, {""status"": ""retry""}),"	examples/effect_providers/legacy_payment_http/payment_effects/baseline.py:51	out-of-scope	ticket_plan.yaml:648-658	none mapped	unrepresented	out_of_scope_lexical_inventory		INFERRED exact-path scope; source not read
47	"lexical hit not semantically classified: return [(503, _json_bytes({""status"": ""retry""})), (200, approved)]"	examples/effect_providers/legacy_payment_http/payment_effects/external.py:85	out-of-scope	ticket_plan.yaml:648-658	none mapped	unrepresented	out_of_scope_lexical_inventory		INFERRED exact-path scope; source not read
48	"lexical hit not semantically classified: return [(504, _json_bytes({""status"": ""retry""})), (409, duplicate)]"	examples/effect_providers/legacy_payment_http/payment_effects/external.py:94	out-of-scope	ticket_plan.yaml:648-658	none mapped	unrepresented	out_of_scope_lexical_inventory		INFERRED exact-path scope; source not read
49	"lexical hit not semantically classified: retry = _json_bytes({""status"": ""retry""})"	examples/effect_providers/legacy_payment_http/payment_effects/external.py:96	out-of-scope	ticket_plan.yaml:648-658	none mapped	unrepresented	out_of_scope_lexical_inventory		INFERRED exact-path scope; source not read
50	lexical hit not semantically classified: return [(502, retry), (503, retry), (504, retry)]	examples/effect_providers/legacy_payment_http/payment_effects/external.py:97	out-of-scope	ticket_plan.yaml:648-658	none mapped	unrepresented	out_of_scope_lexical_inventory		INFERRED exact-path scope; source not read
51	lexical hit not semantically classified: attempt = len(self.requests) + 1	examples/effect_providers/legacy_payment_http/payment_effects/provider.py:178	out-of-scope	ticket_plan.yaml:648-658	none mapped	unrepresented	out_of_scope_lexical_inventory		INFERRED exact-path scope; source not read
52	lexical hit not semantically classified: if attempt > self.expected_attempts:	examples/effect_providers/legacy_payment_http/payment_effects/provider.py:181	out-of-scope	ticket_plan.yaml:648-658	none mapped	unrepresented	out_of_scope_lexical_inventory		INFERRED exact-path scope; source not read
53	"lexical hit not semantically classified: f""unexpected Session.send attempt {attempt}; modeled maximum is {self.expected_attempts}"""	examples/effect_providers/legacy_payment_http/payment_effects/provider.py:183	out-of-scope	ticket_plan.yaml:648-658	none mapped	unrepresented	out_of_scope_lexical_inventory		INFERRED exact-path scope; source not read
54	lexical hit not semantically classified: self._assert_request(record, attempt)	examples/effect_providers/legacy_payment_http/payment_effects/provider.py:185	out-of-scope	ticket_plan.yaml:648-658	none mapped	unrepresented	out_of_scope_lexical_inventory		INFERRED exact-path scope; source not read
55	"lexical hit not semantically classified: if self.outcome == ""transient_then_approved"" and attempt == 1:"	examples/effect_providers/legacy_payment_http/payment_effects/provider.py:187	out-of-scope	ticket_plan.yaml:648-658	none mapped	unrepresented	out_of_scope_lexical_inventory		INFERRED exact-path scope; source not read
56	"lexical hit not semantically classified: return self._response(request, self.transient_status, {""status"": ""retry""})"	examples/effect_providers/legacy_payment_http/payment_effects/provider.py:188	out-of-scope	ticket_plan.yaml:648-658	none mapped	unrepresented	out_of_scope_lexical_inventory		INFERRED exact-path scope; source not read
57	"lexical hit not semantically classified: if self.outcome == ""timeout_then_duplicate_approved"" and attempt == 1:"	examples/effect_providers/legacy_payment_http/payment_effects/provider.py:189	out-of-scope	ticket_plan.yaml:648-658	none mapped	unrepresented	out_of_scope_lexical_inventory		INFERRED exact-path scope; source not read
58	lexical hit not semantically classified: if (self.context.derived_seed + attempt) % 2:	examples/effect_providers/legacy_payment_http/payment_effects/provider.py:194	out-of-scope	ticket_plan.yaml:648-658	none mapped	unrepresented	out_of_scope_lexical_inventory		INFERRED exact-path scope; source not read
59	"lexical hit not semantically classified: return self._response(request, self.transient_status, {""status"": ""retry""})"	examples/effect_providers/legacy_payment_http/payment_effects/provider.py:195	out-of-scope	ticket_plan.yaml:648-658	none mapped	unrepresented	out_of_scope_lexical_inventory		INFERRED exact-path scope; source not read
60	lexical hit not semantically classified: def _assert_request(self, record: dict[str, Any], attempt: int) -> None:	examples/effect_providers/legacy_payment_http/payment_effects/provider.py:249	out-of-scope	ticket_plan.yaml:648-658	none mapped	unrepresented	out_of_scope_lexical_inventory		INFERRED exact-path scope; source not read
61	"lexical hit not semantically classified: self._fail(f""attempt {attempt} method {record['method']!r} is not POST"")"	examples/effect_providers/legacy_payment_http/payment_effects/provider.py:251	out-of-scope	ticket_plan.yaml:648-658	none mapped	unrepresented	out_of_scope_lexical_inventory		INFERRED exact-path scope; source not read
62	"lexical hit not semantically classified: self._fail(f""attempt {attempt} path {record['path']!r} is not /v1/payments"")"	examples/effect_providers/legacy_payment_http/payment_effects/provider.py:253	out-of-scope	ticket_plan.yaml:648-658	none mapped	unrepresented	out_of_scope_lexical_inventory		INFERRED exact-path scope; source not read
63	"lexical hit not semantically classified: f""attempt {attempt} JSON body {record['body']!r} does not match {expected_body!r}"""	examples/effect_providers/legacy_payment_http/payment_effects/provider.py:260	out-of-scope	ticket_plan.yaml:648-658	none mapped	unrepresented	out_of_scope_lexical_inventory		INFERRED exact-path scope; source not read
64	"lexical hit not semantically classified: f""attempt {attempt} Idempotency-Key {record['idempotency_key']!r} """	examples/effect_providers/legacy_payment_http/payment_effects/provider.py:264	out-of-scope	ticket_plan.yaml:648-658	none mapped	unrepresented	out_of_scope_lexical_inventory		INFERRED exact-path scope; source not read
65	"lexical hit not semantically classified: f""attempt {attempt} timeout must be [0.25, 0.75], observed {record['timeout']!r}"""	examples/effect_providers/legacy_payment_http/payment_effects/provider.py:269	out-of-scope	ticket_plan.yaml:648-658	none mapped	unrepresented	out_of_scope_lexical_inventory		INFERRED exact-path scope; source not read
66	"lexical hit not semantically classified: {""id"": ""PH-05"", ""expected_detector"": ""provider_local_assertion"", ""patch"": ""regenerate Idempotency-Key on every retry""},"	examples/effect_providers/legacy_payment_http/scripts/run_experiment.py:49	out-of-scope	ticket_plan.yaml:648-658	none mapped	unrepresented	out_of_scope_lexical_inventory		INFERRED exact-path scope; source not read
67	"lexical hit not semantically classified: {""id"": ""PH-07"", ""expected_detector"": ""provider_local_assertion"", ""patch"": ""perform no retry after timeout or unavailable response""},"	examples/effect_providers/legacy_payment_http/scripts/run_experiment.py:51	out-of-scope	ticket_plan.yaml:648-658	none mapped	unrepresented	out_of_scope_lexical_inventory		INFERRED exact-path scope; source not read
68	"lexical hit not semantically classified: {""id"": ""PH-08"", ""expected_detector"": ""provider_local_assertion"", ""patch"": ""retry terminal decline or bad request""},"	examples/effect_providers/legacy_payment_http/scripts/run_experiment.py:52	out-of-scope	ticket_plan.yaml:648-658	none mapped	unrepresented	out_of_scope_lexical_inventory		INFERRED exact-path scope; source not read
69	"lexical hit not semantically classified: {""id"": ""PH-09"", ""expected_detector"": ""provider_local_assertion"", ""patch"": ""perform one retry beyond configured maximum""},"	examples/effect_providers/legacy_payment_http/scripts/run_experiment.py:53	out-of-scope	ticket_plan.yaml:648-658	none mapped	unrepresented	out_of_scope_lexical_inventory		INFERRED exact-path scope; source not read
70	"lexical hit not semantically classified: {""id"": ""PH-10"", ""expected_detector"": ""provider_local_assertion"", ""patch"": ""stop one attempt before retry budget is exhausted""},"	examples/effect_providers/legacy_payment_http/scripts/run_experiment.py:54	out-of-scope	ticket_plan.yaml:648-658	none mapped	unrepresented	out_of_scope_lexical_inventory		INFERRED exact-path scope; source not read
71	"lexical hit not semantically classified: ""Add a collect/continue mutation mode so all deterministic iterations """	examples/effect_providers/legacy_payment_http/scripts/run_experiment.py:257	out-of-scope	ticket_plan.yaml:648-658	none mapped	unrepresented	out_of_scope_lexical_inventory		INFERRED exact-path scope; source not read
72	lexical hit not semantically classified: continue	examples/effect_providers/legacy_payment_http/scripts/run_experiment.py:699	out-of-scope	ticket_plan.yaml:648-658	none mapped	unrepresented	out_of_scope_lexical_inventory		INFERRED exact-path scope; source not read
73	lexical hit not semantically classified: continue	examples/effect_providers/legacy_payment_http/scripts/run_experiment.py:703	out-of-scope	ticket_plan.yaml:648-658	none mapped	unrepresented	out_of_scope_lexical_inventory		INFERRED exact-path scope; source not read
74	lexical hit not semantically classified: continue	examples/effect_providers/legacy_payment_http/scripts/write_cost_evidence.py:126	out-of-scope	ticket_plan.yaml:648-658	none mapped	unrepresented	out_of_scope_lexical_inventory		INFERRED exact-path scope; source not read
75	lexical hit not semantically classified: continue	examples/effect_providers/legacy_payment_http/scripts/write_cost_evidence.py:129	out-of-scope	ticket_plan.yaml:648-658	none mapped	unrepresented	out_of_scope_lexical_inventory		INFERRED exact-path scope; source not read
76	lexical hit not semantically classified: continue	examples/effect_providers/legacy_payment_http/scripts/write_cost_evidence.py:131	out-of-scope	ticket_plan.yaml:648-658	none mapped	unrepresented	out_of_scope_lexical_inventory		INFERRED exact-path scope; source not read
77	lexical hit not semantically classified: continue	examples/effect_providers/legacy_payment_http/scripts/write_cost_evidence.py:133	out-of-scope	ticket_plan.yaml:648-658	none mapped	unrepresented	out_of_scope_lexical_inventory		INFERRED exact-path scope; source not read
78	lexical hit not semantically classified: continue	examples/effect_providers/legacy_payment_http/scripts/write_cost_evidence.py:135	out-of-scope	ticket_plan.yaml:648-658	none mapped	unrepresented	out_of_scope_lexical_inventory		INFERRED exact-path scope; source not read
79	"lexical hit not semantically classified: document = {""status"": ""retry""}"	examples/effect_providers/legacy_payment_http/tests/test_project.py:80	out-of-scope	ticket_plan.yaml:648-658	none mapped	unrepresented	out_of_scope_lexical_inventory		INFERRED exact-path scope; source not read
80	"lexical hit not semantically classified: self.assertEqual(keys, [""idem-test"", ""idem-test-retry-2""])"	examples/effect_providers/legacy_payment_http/tests/test_project.py:99	out-of-scope	ticket_plan.yaml:648-658	none mapped	unrepresented	out_of_scope_lexical_inventory		INFERRED exact-path scope; source not read
81	lexical hit not semantically classified: continue	scripts/analyze_complexity.py:108	out-of-scope	ticket_plan.yaml:648-658	none mapped	unrepresented	out_of_scope_lexical_inventory		INFERRED exact-path scope; source not read
82	lexical hit not semantically classified: continue	scripts/analyze_complexity.py:148	out-of-scope	ticket_plan.yaml:648-658	none mapped	unrepresented	out_of_scope_lexical_inventory		INFERRED exact-path scope; source not read
83	lexical hit not semantically classified: continue	scripts/analyze_complexity.py:322	out-of-scope	ticket_plan.yaml:648-658	none mapped	unrepresented	out_of_scope_lexical_inventory		INFERRED exact-path scope; source not read
84	lexical hit not semantically classified: continue	scripts/analyze_complexity.py:372	out-of-scope	ticket_plan.yaml:648-658	none mapped	unrepresented	out_of_scope_lexical_inventory		INFERRED exact-path scope; source not read
85	lexical hit not semantically classified: continue	scripts/analyze_complexity.py:378	out-of-scope	ticket_plan.yaml:648-658	none mapped	unrepresented	out_of_scope_lexical_inventory		INFERRED exact-path scope; source not read
86	lexical hit not semantically classified: continue	scripts/analyze_complexity.py:383	out-of-scope	ticket_plan.yaml:648-658	none mapped	unrepresented	out_of_scope_lexical_inventory		INFERRED exact-path scope; source not read
87	lexical hit not semantically classified: continue	scripts/analyze_complexity.py:385	out-of-scope	ticket_plan.yaml:648-658	none mapped	unrepresented	out_of_scope_lexical_inventory		INFERRED exact-path scope; source not read
88	lexical hit not semantically classified: continue	scripts/analyze_complexity.py:388	out-of-scope	ticket_plan.yaml:648-658	none mapped	unrepresented	out_of_scope_lexical_inventory		INFERRED exact-path scope; source not read
89	lexical hit not semantically classified: continue	scripts/analyze_complexity.py:473	out-of-scope	ticket_plan.yaml:648-658	none mapped	unrepresented	out_of_scope_lexical_inventory		INFERRED exact-path scope; source not read
90	lexical hit not semantically classified: continue	scripts/analyze_complexity.py:656	out-of-scope	ticket_plan.yaml:648-658	none mapped	unrepresented	out_of_scope_lexical_inventory		INFERRED exact-path scope; source not read
91	lexical hit not semantically classified: continue	scripts/analyze_complexity.py:727	out-of-scope	ticket_plan.yaml:648-658	none mapped	unrepresented	out_of_scope_lexical_inventory		INFERRED exact-path scope; source not read
92	lexical hit not semantically classified: continue	scripts/analyze_complexity.py:731	out-of-scope	ticket_plan.yaml:648-658	none mapped	unrepresented	out_of_scope_lexical_inventory		INFERRED exact-path scope; source not read
93	lexical hit not semantically classified: continue	scripts/analyze_complexity.py:755	out-of-scope	ticket_plan.yaml:648-658	none mapped	unrepresented	out_of_scope_lexical_inventory		INFERRED exact-path scope; source not read
94	lexical hit not semantically classified: continue	scripts/analyze_complexity.py:789	out-of-scope	ticket_plan.yaml:648-658	none mapped	unrepresented	out_of_scope_lexical_inventory		INFERRED exact-path scope; source not read
95	lexical hit not semantically classified: continue	scripts/analyze_complexity.py:984	out-of-scope	ticket_plan.yaml:648-658	none mapped	unrepresented	out_of_scope_lexical_inventory		INFERRED exact-path scope; source not read
96	lexical hit not semantically classified: continue	scripts/analyze_complexity.py:1244	out-of-scope	ticket_plan.yaml:648-658	none mapped	unrepresented	out_of_scope_lexical_inventory		INFERRED exact-path scope; source not read
97	lexical hit not semantically classified: continue	scripts/analyze_complexity.py:1250	out-of-scope	ticket_plan.yaml:648-658	none mapped	unrepresented	out_of_scope_lexical_inventory		INFERRED exact-path scope; source not read
98	lexical hit not semantically classified: continue	scripts/analyze_complexity.py:1253	out-of-scope	ticket_plan.yaml:648-658	none mapped	unrepresented	out_of_scope_lexical_inventory		INFERRED exact-path scope; source not read
99	lexical hit not semantically classified: continue	scripts/close_tickets.py:148	out-of-scope	ticket_plan.yaml:648-658	none mapped	unrepresented	out_of_scope_lexical_inventory		INFERRED exact-path scope; source not read
100	lexical hit not semantically classified: continue	scripts/complexity_ledger.py:308	out-of-scope	ticket_plan.yaml:648-658	none mapped	unrepresented	out_of_scope_lexical_inventory		INFERRED exact-path scope; source not read
101	lexical hit not semantically classified: continue	scripts/complexity_ledger.py:407	out-of-scope	ticket_plan.yaml:648-658	none mapped	unrepresented	out_of_scope_lexical_inventory		INFERRED exact-path scope; source not read
102	lexical hit not semantically classified: continue	scripts/corpus_diagnostics.py:411	out-of-scope	ticket_plan.yaml:648-658	none mapped	unrepresented	out_of_scope_lexical_inventory		INFERRED exact-path scope; source not read
103	lexical hit not semantically classified: continue	scripts/corpus_diagnostics.py:552	out-of-scope	ticket_plan.yaml:648-658	none mapped	unrepresented	out_of_scope_lexical_inventory		INFERRED exact-path scope; source not read
104	lexical hit not semantically classified: continue	scripts/effect_conformance.py:870	out-of-scope	ticket_plan.yaml:648-658	none mapped	unrepresented	out_of_scope_lexical_inventory		INFERRED exact-path scope; source not read
105	lexical hit not semantically classified: continue	scripts/effect_conformance.py:874	out-of-scope	ticket_plan.yaml:648-658	none mapped	unrepresented	out_of_scope_lexical_inventory		INFERRED exact-path scope; source not read
106	lexical hit not semantically classified: continue	scripts/effect_conformance.py:877	out-of-scope	ticket_plan.yaml:648-658	none mapped	unrepresented	out_of_scope_lexical_inventory		INFERRED exact-path scope; source not read
107	lexical hit not semantically classified: continue	scripts/effect_conformance.py:1220	out-of-scope	ticket_plan.yaml:648-658	none mapped	unrepresented	out_of_scope_lexical_inventory		INFERRED exact-path scope; source not read
108	lexical hit not semantically classified: continue	scripts/effect_conformance.py:1227	out-of-scope	ticket_plan.yaml:648-658	none mapped	unrepresented	out_of_scope_lexical_inventory		INFERRED exact-path scope; source not read
109	lexical hit not semantically classified: continue	scripts/effect_conformance.py:1258	out-of-scope	ticket_plan.yaml:648-658	none mapped	unrepresented	out_of_scope_lexical_inventory		INFERRED exact-path scope; source not read
110	lexical hit not semantically classified: continue	scripts/effect_conformance.py:1270	out-of-scope	ticket_plan.yaml:648-658	none mapped	unrepresented	out_of_scope_lexical_inventory		INFERRED exact-path scope; source not read
111	lexical hit not semantically classified: continue	scripts/effect_conformance_report.py:60	out-of-scope	ticket_plan.yaml:648-658	none mapped	unrepresented	out_of_scope_lexical_inventory		INFERRED exact-path scope; source not read
112	lexical hit not semantically classified: continue	scripts/effect_conformance_report.py:157	out-of-scope	ticket_plan.yaml:648-658	none mapped	unrepresented	out_of_scope_lexical_inventory		INFERRED exact-path scope; source not read
113	lexical hit not semantically classified: continue	scripts/extract_spec_manifest.py:67	out-of-scope	ticket_plan.yaml:648-658	none mapped	unrepresented	out_of_scope_lexical_inventory		INFERRED exact-path scope; source not read
114	lexical hit not semantically classified: continue	scripts/extract_spec_manifest.py:116	out-of-scope	ticket_plan.yaml:648-658	none mapped	unrepresented	out_of_scope_lexical_inventory		INFERRED exact-path scope; source not read
115	lexical hit not semantically classified: continue	scripts/extract_spec_manifest.py:119	out-of-scope	ticket_plan.yaml:648-658	none mapped	unrepresented	out_of_scope_lexical_inventory		INFERRED exact-path scope; source not read
116	lexical hit not semantically classified: continue	scripts/extract_spec_manifest.py:147	out-of-scope	ticket_plan.yaml:648-658	none mapped	unrepresented	out_of_scope_lexical_inventory		INFERRED exact-path scope; source not read
117	lexical hit not semantically classified: continue	scripts/extract_spec_manifest.py:159	out-of-scope	ticket_plan.yaml:648-658	none mapped	unrepresented	out_of_scope_lexical_inventory		INFERRED exact-path scope; source not read
118	lexical hit not semantically classified: continue	scripts/generate_cases_from_tlc_dump.py:108	out-of-scope	ticket_plan.yaml:648-658	none mapped	unrepresented	out_of_scope_lexical_inventory		INFERRED exact-path scope; source not read
119	lexical hit not semantically classified: continue	scripts/generate_cases_from_tlc_dump.py:127	out-of-scope	ticket_plan.yaml:648-658	none mapped	unrepresented	out_of_scope_lexical_inventory		INFERRED exact-path scope; source not read
120	lexical hit not semantically classified: continue	scripts/generate_cases_from_tlc_dump.py:163	out-of-scope	ticket_plan.yaml:648-658	none mapped	unrepresented	out_of_scope_lexical_inventory		INFERRED exact-path scope; source not read
121	lexical hit not semantically classified: continue	scripts/generate_cases_from_tlc_dump.py:177	out-of-scope	ticket_plan.yaml:648-658	none mapped	unrepresented	out_of_scope_lexical_inventory		INFERRED exact-path scope; source not read
122	lexical hit not semantically classified: continue	scripts/generate_cases_from_tlc_dump.py:214	out-of-scope	ticket_plan.yaml:648-658	none mapped	unrepresented	out_of_scope_lexical_inventory		INFERRED exact-path scope; source not read
123	lexical hit not semantically classified: continue	scripts/generate_cases_from_tlc_dump.py:219	out-of-scope	ticket_plan.yaml:648-658	none mapped	unrepresented	out_of_scope_lexical_inventory		INFERRED exact-path scope; source not read
124	lexical hit not semantically classified: continue	scripts/generate_cases_from_tlc_dump.py:224	out-of-scope	ticket_plan.yaml:648-658	none mapped	unrepresented	out_of_scope_lexical_inventory		INFERRED exact-path scope; source not read
125	lexical hit not semantically classified: continue	scripts/generate_cases_from_tlc_dump.py:228	out-of-scope	ticket_plan.yaml:648-658	none mapped	unrepresented	out_of_scope_lexical_inventory		INFERRED exact-path scope; source not read
126	lexical hit not semantically classified: continue	scripts/generate_cases_from_tlc_dump.py:233	out-of-scope	ticket_plan.yaml:648-658	none mapped	unrepresented	out_of_scope_lexical_inventory		INFERRED exact-path scope; source not read
127	lexical hit not semantically classified: continue	scripts/generate_cases_from_tlc_dump.py:238	out-of-scope	ticket_plan.yaml:648-658	none mapped	unrepresented	out_of_scope_lexical_inventory		INFERRED exact-path scope; source not read
128	lexical hit not semantically classified: continue	scripts/generate_cases_from_tlc_dump.py:245	out-of-scope	ticket_plan.yaml:648-658	none mapped	unrepresented	out_of_scope_lexical_inventory		INFERRED exact-path scope; source not read
129	lexical hit not semantically classified: continue	scripts/generate_cases_from_tlc_dump.py:471	out-of-scope	ticket_plan.yaml:648-658	none mapped	unrepresented	out_of_scope_lexical_inventory		INFERRED exact-path scope; source not read
130	lexical hit not semantically classified: continue	scripts/generate_cases_from_tlc_dump.py:571	out-of-scope	ticket_plan.yaml:648-658	none mapped	unrepresented	out_of_scope_lexical_inventory		INFERRED exact-path scope; source not read
131	lexical hit not semantically classified: continue	scripts/generate_python.py:112	out-of-scope	ticket_plan.yaml:648-658	none mapped	unrepresented	out_of_scope_lexical_inventory		INFERRED exact-path scope; source not read
132	lexical hit not semantically classified: continue	scripts/generate_python.py:138	out-of-scope	ticket_plan.yaml:648-658	none mapped	unrepresented	out_of_scope_lexical_inventory		INFERRED exact-path scope; source not read
133	lexical hit not semantically classified: continue	scripts/generate_python.py:443	out-of-scope	ticket_plan.yaml:648-658	none mapped	unrepresented	out_of_scope_lexical_inventory		INFERRED exact-path scope; source not read
134	lexical hit not semantically classified: continue	scripts/infer_action_params.py:168	out-of-scope	ticket_plan.yaml:648-658	none mapped	unrepresented	out_of_scope_lexical_inventory		INFERRED exact-path scope; source not read
135	lexical hit not semantically classified: continue	scripts/infer_action_params.py:174	out-of-scope	ticket_plan.yaml:648-658	none mapped	unrepresented	out_of_scope_lexical_inventory		INFERRED exact-path scope; source not read
136	lexical hit not semantically classified: continue	scripts/infer_action_params.py:208	out-of-scope	ticket_plan.yaml:648-658	none mapped	unrepresented	out_of_scope_lexical_inventory		INFERRED exact-path scope; source not read
137	lexical hit not semantically classified: continue	scripts/infer_action_params.py:272	out-of-scope	ticket_plan.yaml:648-658	none mapped	unrepresented	out_of_scope_lexical_inventory		INFERRED exact-path scope; source not read
138	lexical hit not semantically classified: continue	scripts/infer_action_params.py:379	out-of-scope	ticket_plan.yaml:648-658	none mapped	unrepresented	out_of_scope_lexical_inventory		INFERRED exact-path scope; source not read
139	lexical hit not semantically classified: #: is a tripwire, so an attempt to add degeneracy shows up in the evidence.	scripts/kill_test.py:131	out-of-scope	ticket_plan.yaml:648-658	none mapped	unrepresented	out_of_scope_lexical_inventory		INFERRED exact-path scope; source not read
140	lexical hit not semantically classified: They are never honored. Reporting them is the point: an attempt to add a	scripts/kill_test.py:282	out-of-scope	ticket_plan.yaml:648-658	none mapped	unrepresented	out_of_scope_lexical_inventory		INFERRED exact-path scope; source not read
141	lexical hit not semantically classified: continue	scripts/kill_test.py:362	out-of-scope	ticket_plan.yaml:648-658	none mapped	unrepresented	out_of_scope_lexical_inventory		INFERRED exact-path scope; source not read
142	lexical hit not semantically classified: continue	scripts/kill_test.py:422	out-of-scope	ticket_plan.yaml:648-658	none mapped	unrepresented	out_of_scope_lexical_inventory		INFERRED exact-path scope; source not read
143	lexical hit not semantically classified: continue	scripts/kill_test.py:431	out-of-scope	ticket_plan.yaml:648-658	none mapped	unrepresented	out_of_scope_lexical_inventory		INFERRED exact-path scope; source not read
144	lexical hit not semantically classified: continue	scripts/kill_test.py:740	out-of-scope	ticket_plan.yaml:648-658	none mapped	unrepresented	out_of_scope_lexical_inventory		INFERRED exact-path scope; source not read
145	lexical hit not semantically classified: continue	scripts/new_ticket_workflow.py:235	out-of-scope	ticket_plan.yaml:648-658	none mapped	unrepresented	out_of_scope_lexical_inventory		INFERRED exact-path scope; source not read
146	lexical hit not semantically classified: continue	scripts/new_ticket_workflow.py:238	out-of-scope	ticket_plan.yaml:648-658	none mapped	unrepresented	out_of_scope_lexical_inventory		INFERRED exact-path scope; source not read
147	lexical hit not semantically classified: continue	scripts/new_ticket_workflow.py:265	out-of-scope	ticket_plan.yaml:648-658	none mapped	unrepresented	out_of_scope_lexical_inventory		INFERRED exact-path scope; source not read
148	lexical hit not semantically classified: continue	scripts/new_ticket_workflow.py:267	out-of-scope	ticket_plan.yaml:648-658	none mapped	unrepresented	out_of_scope_lexical_inventory		INFERRED exact-path scope; source not read
149	lexical hit not semantically classified: continue	scripts/new_ticket_workflow.py:270	out-of-scope	ticket_plan.yaml:648-658	none mapped	unrepresented	out_of_scope_lexical_inventory		INFERRED exact-path scope; source not read
150	lexical hit not semantically classified: continue	scripts/new_ticket_workflow.py:296	out-of-scope	ticket_plan.yaml:648-658	none mapped	unrepresented	out_of_scope_lexical_inventory		INFERRED exact-path scope; source not read
151	lexical hit not semantically classified: continue	scripts/new_ticket_workflow.py:299	out-of-scope	ticket_plan.yaml:648-658	none mapped	unrepresented	out_of_scope_lexical_inventory		INFERRED exact-path scope; source not read
152	lexical hit not semantically classified: continue	scripts/run_generated_case_adapters.py:265	out-of-scope	ticket_plan.yaml:648-658	none mapped	unrepresented	out_of_scope_lexical_inventory		INFERRED exact-path scope; source not read
153	lexical hit not semantically classified: continue	scripts/run_generated_case_adapters.py:270	out-of-scope	ticket_plan.yaml:648-658	none mapped	unrepresented	out_of_scope_lexical_inventory		INFERRED exact-path scope; source not read
154	lexical hit not semantically classified: continue	scripts/run_generated_case_adapters.py:278	out-of-scope	ticket_plan.yaml:648-658	none mapped	unrepresented	out_of_scope_lexical_inventory		INFERRED exact-path scope; source not read
155	lexical hit not semantically classified: continue	scripts/run_generated_case_adapters.py:286	out-of-scope	ticket_plan.yaml:648-658	none mapped	unrepresented	out_of_scope_lexical_inventory		INFERRED exact-path scope; source not read
156	lexical hit not semantically classified: continue	scripts/run_generated_case_adapters.py:294	out-of-scope	ticket_plan.yaml:648-658	none mapped	unrepresented	out_of_scope_lexical_inventory		INFERRED exact-path scope; source not read
157	lexical hit not semantically classified: continue	scripts/run_generated_case_adapters.py:355	out-of-scope	ticket_plan.yaml:648-658	none mapped	unrepresented	out_of_scope_lexical_inventory		INFERRED exact-path scope; source not read
158	lexical hit not semantically classified: continue	scripts/run_generated_case_adapters.py:647	out-of-scope	ticket_plan.yaml:648-658	none mapped	unrepresented	out_of_scope_lexical_inventory		INFERRED exact-path scope; source not read
159	lexical hit not semantically classified: continue	scripts/run_generated_case_adapters.py:984	out-of-scope	ticket_plan.yaml:648-658	none mapped	unrepresented	out_of_scope_lexical_inventory		INFERRED exact-path scope; source not read
160	lexical hit not semantically classified: continue	scripts/run_generated_case_adapters.py:986	out-of-scope	ticket_plan.yaml:648-658	none mapped	unrepresented	out_of_scope_lexical_inventory		INFERRED exact-path scope; source not read
161	lexical hit not semantically classified: continue	scripts/run_generated_case_adapters.py:988	out-of-scope	ticket_plan.yaml:648-658	none mapped	unrepresented	out_of_scope_lexical_inventory		INFERRED exact-path scope; source not read
162	lexical hit not semantically classified: continue	scripts/run_generated_case_adapters.py:991	out-of-scope	ticket_plan.yaml:648-658	none mapped	unrepresented	out_of_scope_lexical_inventory		INFERRED exact-path scope; source not read
163	lexical hit not semantically classified: continue	scripts/run_generated_case_adapters.py:1358	out-of-scope	ticket_plan.yaml:648-658	none mapped	unrepresented	out_of_scope_lexical_inventory		INFERRED exact-path scope; source not read
164	lexical hit not semantically classified: continue	scripts/run_generated_case_adapters.py:1418	out-of-scope	ticket_plan.yaml:648-658	none mapped	unrepresented	out_of_scope_lexical_inventory		INFERRED exact-path scope; source not read
165	lexical hit not semantically classified: continue	scripts/run_generated_case_adapters.py:1420	out-of-scope	ticket_plan.yaml:648-658	none mapped	unrepresented	out_of_scope_lexical_inventory		INFERRED exact-path scope; source not read
166	lexical hit not semantically classified: continue	scripts/run_generated_case_adapters.py:1424	out-of-scope	ticket_plan.yaml:648-658	none mapped	unrepresented	out_of_scope_lexical_inventory		INFERRED exact-path scope; source not read
167	lexical hit not semantically classified: continue	scripts/run_generated_case_adapters.py:1465	out-of-scope	ticket_plan.yaml:648-658	none mapped	unrepresented	out_of_scope_lexical_inventory		INFERRED exact-path scope; source not read
168	lexical hit not semantically classified: continue	scripts/run_generated_case_adapters.py:1484	out-of-scope	ticket_plan.yaml:648-658	none mapped	unrepresented	out_of_scope_lexical_inventory		INFERRED exact-path scope; source not read
169	lexical hit not semantically classified: continue	scripts/run_generated_case_adapters.py:1501	out-of-scope	ticket_plan.yaml:648-658	none mapped	unrepresented	out_of_scope_lexical_inventory		INFERRED exact-path scope; source not read
170	lexical hit not semantically classified: continue	scripts/run_generated_case_adapters.py:1507	out-of-scope	ticket_plan.yaml:648-658	none mapped	unrepresented	out_of_scope_lexical_inventory		INFERRED exact-path scope; source not read
171	lexical hit not semantically classified: continue	scripts/run_generated_case_adapters.py:1563	out-of-scope	ticket_plan.yaml:648-658	none mapped	unrepresented	out_of_scope_lexical_inventory		INFERRED exact-path scope; source not read
172	lexical hit not semantically classified: continue	scripts/skill_feedback.py:173	out-of-scope	ticket_plan.yaml:648-658	none mapped	unrepresented	out_of_scope_lexical_inventory		INFERRED exact-path scope; source not read
173	lexical hit not semantically classified: continue	scripts/skill_feedback.py:176	out-of-scope	ticket_plan.yaml:648-658	none mapped	unrepresented	out_of_scope_lexical_inventory		INFERRED exact-path scope; source not read
174	lexical hit not semantically classified: continue	scripts/skill_feedback.py:178	out-of-scope	ticket_plan.yaml:648-658	none mapped	unrepresented	out_of_scope_lexical_inventory		INFERRED exact-path scope; source not read
175	lexical hit not semantically classified: continue	scripts/skill_feedback.py:193	out-of-scope	ticket_plan.yaml:648-658	none mapped	unrepresented	out_of_scope_lexical_inventory		INFERRED exact-path scope; source not read
176	lexical hit not semantically classified: continue	scripts/skill_feedback.py:196	out-of-scope	ticket_plan.yaml:648-658	none mapped	unrepresented	out_of_scope_lexical_inventory		INFERRED exact-path scope; source not read
177	lexical hit not semantically classified: continue	scripts/skill_feedback.py:198	out-of-scope	ticket_plan.yaml:648-658	none mapped	unrepresented	out_of_scope_lexical_inventory		INFERRED exact-path scope; source not read
178	lexical hit not semantically classified: continue	scripts/spec_evolution.py:147	out-of-scope	ticket_plan.yaml:648-658	none mapped	unrepresented	out_of_scope_lexical_inventory		INFERRED exact-path scope; source not read
179	lexical hit not semantically classified: continue	scripts/spec_evolution.py:369	out-of-scope	ticket_plan.yaml:648-658	none mapped	unrepresented	out_of_scope_lexical_inventory		INFERRED exact-path scope; source not read
180	lexical hit not semantically classified: continue	scripts/spec_evolution.py:396	out-of-scope	ticket_plan.yaml:648-658	none mapped	unrepresented	out_of_scope_lexical_inventory		INFERRED exact-path scope; source not read
181	lexical hit not semantically classified: continue	scripts/spec_evolution.py:399	out-of-scope	ticket_plan.yaml:648-658	none mapped	unrepresented	out_of_scope_lexical_inventory		INFERRED exact-path scope; source not read
182	lexical hit not semantically classified: continue	scripts/spec_evolution.py:917	out-of-scope	ticket_plan.yaml:648-658	none mapped	unrepresented	out_of_scope_lexical_inventory		INFERRED exact-path scope; source not read
183	lexical hit not semantically classified: continue	scripts/testgraph_channels.py:214	out-of-scope	ticket_plan.yaml:648-658	none mapped	unrepresented	out_of_scope_lexical_inventory		INFERRED exact-path scope; source not read
184	lexical hit not semantically classified: continue	scripts/testgraph_channels.py:348	out-of-scope	ticket_plan.yaml:648-658	none mapped	unrepresented	out_of_scope_lexical_inventory		INFERRED exact-path scope; source not read
185	lexical hit not semantically classified: continue	scripts/testgraph_channels.py:416	out-of-scope	ticket_plan.yaml:648-658	none mapped	unrepresented	out_of_scope_lexical_inventory		INFERRED exact-path scope; source not read
186	lexical hit not semantically classified: continue	scripts/testgraph_channels.py:426	out-of-scope	ticket_plan.yaml:648-658	none mapped	unrepresented	out_of_scope_lexical_inventory		INFERRED exact-path scope; source not read
187	lexical hit not semantically classified: continue	scripts/testgraph_channels.py:458	out-of-scope	ticket_plan.yaml:648-658	none mapped	unrepresented	out_of_scope_lexical_inventory		INFERRED exact-path scope; source not read
188	lexical hit not semantically classified: continue	scripts/tla_spec_dev.py:240	out-of-scope	ticket_plan.yaml:648-658	none mapped	unrepresented	out_of_scope_lexical_inventory		INFERRED exact-path scope; source not read
189	lexical hit not semantically classified: continue	scripts/tla_spec_dev.py:259	out-of-scope	ticket_plan.yaml:648-658	none mapped	unrepresented	out_of_scope_lexical_inventory		INFERRED exact-path scope; source not read
190	"lexical hit not semantically classified: curl -fL --retry 3 --retry-delay 1 ""$JAR_URL"" -o ""$JAR_TMP"""	skill-scripts/install-tlc2.sh:37	out-of-scope	ticket_plan.yaml:648-658	none mapped	unrepresented	out_of_scope_lexical_inventory		INFERRED exact-path scope; source not read
191	lexical hit not semantically classified: continue	specs/.history/effect-provider-epic/ticket-000-EP-01/snapshots/current/adapter_case_runtime.py:160	out-of-scope	ticket_plan.yaml:648-658	none mapped	unrepresented	out_of_scope_lexical_inventory		INFERRED exact-path scope; source not read
192	lexical hit not semantically classified: continue	specs/.history/effect-provider-epic/ticket-000-EP-01/snapshots/current/adapter_case_runtime.py:302	out-of-scope	ticket_plan.yaml:648-658	none mapped	unrepresented	out_of_scope_lexical_inventory		INFERRED exact-path scope; source not read
193	lexical hit not semantically classified: continue	specs/.history/effect-provider-epic/ticket-000-EP-01/snapshots/current/adapter_case_runtime.py:375	out-of-scope	ticket_plan.yaml:648-658	none mapped	unrepresented	out_of_scope_lexical_inventory		INFERRED exact-path scope; source not read
194	lexical hit not semantically classified: continue	specs/.history/effect-provider-epic/ticket-000-EP-01/snapshots/current/adapter_case_runtime.py:421	out-of-scope	ticket_plan.yaml:648-658	none mapped	unrepresented	out_of_scope_lexical_inventory		INFERRED exact-path scope; source not read
195	lexical hit not semantically classified: continue	specs/.history/effect-provider-epic/ticket-000-EP-01/snapshots/current/adapter_case_runtime.py:462	out-of-scope	ticket_plan.yaml:648-658	none mapped	unrepresented	out_of_scope_lexical_inventory		INFERRED exact-path scope; source not read
196	lexical hit not semantically classified: continue	specs/.history/effect-provider-epic/ticket-000-EP-01/ticket/current/adapter_case_runtime.py:160	out-of-scope	ticket_plan.yaml:648-658	none mapped	unrepresented	out_of_scope_lexical_inventory		INFERRED exact-path scope; source not read
197	lexical hit not semantically classified: continue	specs/.history/effect-provider-epic/ticket-000-EP-01/ticket/current/adapter_case_runtime.py:302	out-of-scope	ticket_plan.yaml:648-658	none mapped	unrepresented	out_of_scope_lexical_inventory		INFERRED exact-path scope; source not read
198	lexical hit not semantically classified: continue	specs/.history/effect-provider-epic/ticket-000-EP-01/ticket/current/adapter_case_runtime.py:375	out-of-scope	ticket_plan.yaml:648-658	none mapped	unrepresented	out_of_scope_lexical_inventory		INFERRED exact-path scope; source not read
199	lexical hit not semantically classified: continue	specs/.history/effect-provider-epic/ticket-000-EP-01/ticket/current/adapter_case_runtime.py:421	out-of-scope	ticket_plan.yaml:648-658	none mapped	unrepresented	out_of_scope_lexical_inventory		INFERRED exact-path scope; source not read
200	lexical hit not semantically classified: continue	specs/.history/effect-provider-epic/ticket-000-EP-01/ticket/current/adapter_case_runtime.py:462	out-of-scope	ticket_plan.yaml:648-658	none mapped	unrepresented	out_of_scope_lexical_inventory		INFERRED exact-path scope; source not read
201	lexical hit not semantically classified: continue	specs/.history/effect-provider-epic/ticket-000-EP-01/ticket/desired/adapter_case_runtime.py:160	out-of-scope	ticket_plan.yaml:648-658	none mapped	unrepresented	out_of_scope_lexical_inventory		INFERRED exact-path scope; source not read
202	lexical hit not semantically classified: continue	specs/.history/effect-provider-epic/ticket-000-EP-01/ticket/desired/adapter_case_runtime.py:302	out-of-scope	ticket_plan.yaml:648-658	none mapped	unrepresented	out_of_scope_lexical_inventory		INFERRED exact-path scope; source not read
203	lexical hit not semantically classified: continue	specs/.history/effect-provider-epic/ticket-000-EP-01/ticket/desired/adapter_case_runtime.py:375	out-of-scope	ticket_plan.yaml:648-658	none mapped	unrepresented	out_of_scope_lexical_inventory		INFERRED exact-path scope; source not read
204	lexical hit not semantically classified: continue	specs/.history/effect-provider-epic/ticket-000-EP-01/ticket/desired/adapter_case_runtime.py:421	out-of-scope	ticket_plan.yaml:648-658	none mapped	unrepresented	out_of_scope_lexical_inventory		INFERRED exact-path scope; source not read
205	lexical hit not semantically classified: continue	specs/.history/effect-provider-epic/ticket-000-EP-01/ticket/desired/adapter_case_runtime.py:462	out-of-scope	ticket_plan.yaml:648-658	none mapped	unrepresented	out_of_scope_lexical_inventory		INFERRED exact-path scope; source not read
206	lexical hit not semantically classified: continue	specs/.history/effect-provider-epic/ticket-001-EP-02/snapshots/current/adapter_case_runtime.py:160	out-of-scope	ticket_plan.yaml:648-658	none mapped	unrepresented	out_of_scope_lexical_inventory		INFERRED exact-path scope; source not read
207	lexical hit not semantically classified: continue	specs/.history/effect-provider-epic/ticket-001-EP-02/snapshots/current/adapter_case_runtime.py:302	out-of-scope	ticket_plan.yaml:648-658	none mapped	unrepresented	out_of_scope_lexical_inventory		INFERRED exact-path scope; source not read
208	lexical hit not semantically classified: continue	specs/.history/effect-provider-epic/ticket-001-EP-02/snapshots/current/adapter_case_runtime.py:375	out-of-scope	ticket_plan.yaml:648-658	none mapped	unrepresented	out_of_scope_lexical_inventory		INFERRED exact-path scope; source not read
209	lexical hit not semantically classified: continue	specs/.history/effect-provider-epic/ticket-001-EP-02/snapshots/current/adapter_case_runtime.py:421	out-of-scope	ticket_plan.yaml:648-658	none mapped	unrepresented	out_of_scope_lexical_inventory		INFERRED exact-path scope; source not read
210	lexical hit not semantically classified: continue	specs/.history/effect-provider-epic/ticket-001-EP-02/snapshots/current/adapter_case_runtime.py:462	out-of-scope	ticket_plan.yaml:648-658	none mapped	unrepresented	out_of_scope_lexical_inventory		INFERRED exact-path scope; source not read
211	lexical hit not semantically classified: continue	specs/.history/effect-provider-epic/ticket-001-EP-02/ticket/current/adapter_case_runtime.py:160	out-of-scope	ticket_plan.yaml:648-658	none mapped	unrepresented	out_of_scope_lexical_inventory		INFERRED exact-path scope; source not read
212	lexical hit not semantically classified: continue	specs/.history/effect-provider-epic/ticket-001-EP-02/ticket/current/adapter_case_runtime.py:302	out-of-scope	ticket_plan.yaml:648-658	none mapped	unrepresented	out_of_scope_lexical_inventory		INFERRED exact-path scope; source not read
213	lexical hit not semantically classified: continue	specs/.history/effect-provider-epic/ticket-001-EP-02/ticket/current/adapter_case_runtime.py:375	out-of-scope	ticket_plan.yaml:648-658	none mapped	unrepresented	out_of_scope_lexical_inventory		INFERRED exact-path scope; source not read
214	lexical hit not semantically classified: continue	specs/.history/effect-provider-epic/ticket-001-EP-02/ticket/current/adapter_case_runtime.py:421	out-of-scope	ticket_plan.yaml:648-658	none mapped	unrepresented	out_of_scope_lexical_inventory		INFERRED exact-path scope; source not read
215	lexical hit not semantically classified: continue	specs/.history/effect-provider-epic/ticket-001-EP-02/ticket/current/adapter_case_runtime.py:462	out-of-scope	ticket_plan.yaml:648-658	none mapped	unrepresented	out_of_scope_lexical_inventory		INFERRED exact-path scope; source not read
216	lexical hit not semantically classified: continue	specs/.history/effect-provider-epic/ticket-001-EP-02/ticket/desired/adapter_case_runtime.py:160	out-of-scope	ticket_plan.yaml:648-658	none mapped	unrepresented	out_of_scope_lexical_inventory		INFERRED exact-path scope; source not read
217	lexical hit not semantically classified: continue	specs/.history/effect-provider-epic/ticket-001-EP-02/ticket/desired/adapter_case_runtime.py:302	out-of-scope	ticket_plan.yaml:648-658	none mapped	unrepresented	out_of_scope_lexical_inventory		INFERRED exact-path scope; source not read
218	lexical hit not semantically classified: continue	specs/.history/effect-provider-epic/ticket-001-EP-02/ticket/desired/adapter_case_runtime.py:375	out-of-scope	ticket_plan.yaml:648-658	none mapped	unrepresented	out_of_scope_lexical_inventory		INFERRED exact-path scope; source not read
219	lexical hit not semantically classified: continue	specs/.history/effect-provider-epic/ticket-001-EP-02/ticket/desired/adapter_case_runtime.py:421	out-of-scope	ticket_plan.yaml:648-658	none mapped	unrepresented	out_of_scope_lexical_inventory		INFERRED exact-path scope; source not read
220	lexical hit not semantically classified: continue	specs/.history/effect-provider-epic/ticket-001-EP-02/ticket/desired/adapter_case_runtime.py:462	out-of-scope	ticket_plan.yaml:648-658	none mapped	unrepresented	out_of_scope_lexical_inventory		INFERRED exact-path scope; source not read
221	lexical hit not semantically classified: continue	specs/.history/effect-provider-epic/ticket-002-EP-03/snapshots/current/adapter_case_runtime.py:160	out-of-scope	ticket_plan.yaml:648-658	none mapped	unrepresented	out_of_scope_lexical_inventory		INFERRED exact-path scope; source not read
222	lexical hit not semantically classified: continue	specs/.history/effect-provider-epic/ticket-002-EP-03/snapshots/current/adapter_case_runtime.py:302	out-of-scope	ticket_plan.yaml:648-658	none mapped	unrepresented	out_of_scope_lexical_inventory		INFERRED exact-path scope; source not read
223	lexical hit not semantically classified: continue	specs/.history/effect-provider-epic/ticket-002-EP-03/snapshots/current/adapter_case_runtime.py:375	out-of-scope	ticket_plan.yaml:648-658	none mapped	unrepresented	out_of_scope_lexical_inventory		INFERRED exact-path scope; source not read
224	lexical hit not semantically classified: continue	specs/.history/effect-provider-epic/ticket-002-EP-03/snapshots/current/adapter_case_runtime.py:421	out-of-scope	ticket_plan.yaml:648-658	none mapped	unrepresented	out_of_scope_lexical_inventory		INFERRED exact-path scope; source not read
225	lexical hit not semantically classified: continue	specs/.history/effect-provider-epic/ticket-002-EP-03/snapshots/current/adapter_case_runtime.py:462	out-of-scope	ticket_plan.yaml:648-658	none mapped	unrepresented	out_of_scope_lexical_inventory		INFERRED exact-path scope; source not read
226	lexical hit not semantically classified: continue	specs/.history/effect-provider-epic/ticket-002-EP-03/ticket/current/adapter_case_runtime.py:160	out-of-scope	ticket_plan.yaml:648-658	none mapped	unrepresented	out_of_scope_lexical_inventory		INFERRED exact-path scope; source not read
227	lexical hit not semantically classified: continue	specs/.history/effect-provider-epic/ticket-002-EP-03/ticket/current/adapter_case_runtime.py:302	out-of-scope	ticket_plan.yaml:648-658	none mapped	unrepresented	out_of_scope_lexical_inventory		INFERRED exact-path scope; source not read
228	lexical hit not semantically classified: continue	specs/.history/effect-provider-epic/ticket-002-EP-03/ticket/current/adapter_case_runtime.py:375	out-of-scope	ticket_plan.yaml:648-658	none mapped	unrepresented	out_of_scope_lexical_inventory		INFERRED exact-path scope; source not read
229	lexical hit not semantically classified: continue	specs/.history/effect-provider-epic/ticket-002-EP-03/ticket/current/adapter_case_runtime.py:421	out-of-scope	ticket_plan.yaml:648-658	none mapped	unrepresented	out_of_scope_lexical_inventory		INFERRED exact-path scope; source not read
230	lexical hit not semantically classified: continue	specs/.history/effect-provider-epic/ticket-002-EP-03/ticket/current/adapter_case_runtime.py:462	out-of-scope	ticket_plan.yaml:648-658	none mapped	unrepresented	out_of_scope_lexical_inventory		INFERRED exact-path scope; source not read
231	lexical hit not semantically classified: continue	specs/.history/effect-provider-epic/ticket-002-EP-03/ticket/desired/adapter_case_runtime.py:160	out-of-scope	ticket_plan.yaml:648-658	none mapped	unrepresented	out_of_scope_lexical_inventory		INFERRED exact-path scope; source not read
232	lexical hit not semantically classified: continue	specs/.history/effect-provider-epic/ticket-002-EP-03/ticket/desired/adapter_case_runtime.py:302	out-of-scope	ticket_plan.yaml:648-658	none mapped	unrepresented	out_of_scope_lexical_inventory		INFERRED exact-path scope; source not read
233	lexical hit not semantically classified: continue	specs/.history/effect-provider-epic/ticket-002-EP-03/ticket/desired/adapter_case_runtime.py:375	out-of-scope	ticket_plan.yaml:648-658	none mapped	unrepresented	out_of_scope_lexical_inventory		INFERRED exact-path scope; source not read
234	lexical hit not semantically classified: continue	specs/.history/effect-provider-epic/ticket-002-EP-03/ticket/desired/adapter_case_runtime.py:421	out-of-scope	ticket_plan.yaml:648-658	none mapped	unrepresented	out_of_scope_lexical_inventory		INFERRED exact-path scope; source not read
235	lexical hit not semantically classified: continue	specs/.history/effect-provider-epic/ticket-002-EP-03/ticket/desired/adapter_case_runtime.py:462	out-of-scope	ticket_plan.yaml:648-658	none mapped	unrepresented	out_of_scope_lexical_inventory		INFERRED exact-path scope; source not read
236	lexical hit not semantically classified: if (id in nodes) continue	specs/.history/modular-fuzzing-epic/ticket-000-MF-012/results/specWorkflow-20260718-153853-c3144c6b/cleanup-failure-probe-test-graph/build-logic/src/main/kotlin/com/hayden/testgraphsdk/GraphAssembler.kt:55	out-of-scope	ticket_plan.yaml:648-658	none mapped	unrepresented	out_of_scope_lexical_inventory		INFERRED exact-path scope; source not read
237	lexical hit not semantically classified: if (dir.isEmpty()) continue	specs/.history/modular-fuzzing-epic/ticket-000-MF-012/results/specWorkflow-20260718-153853-c3144c6b/cleanup-failure-probe-test-graph/build-logic/src/main/kotlin/com/hayden/testgraphsdk/Toolchain.kt:106	out-of-scope	ticket_plan.yaml:648-658	none mapped	unrepresented	out_of_scope_lexical_inventory		INFERRED exact-path scope; source not read
238	lexical hit not semantically classified: * `failed`/`errored` is final on the first attempt. Authors opt in	specs/.history/modular-fuzzing-epic/ticket-000-MF-012/results/specWorkflow-20260718-153853-c3144c6b/cleanup-failure-probe-test-graph/build-logic/src/main/kotlin/com/hayden/testgraphsdk/ValidationNodeSpec.kt:21	out-of-scope	ticket_plan.yaml:648-658	none mapped	unrepresented	out_of_scope_lexical_inventory		INFERRED exact-path scope; source not read
239	lexical hit not semantically classified: * input context snapshot captured before the selected node's prior attempt.	specs/.history/modular-fuzzing-epic/ticket-000-MF-012/results/specWorkflow-20260718-153853-c3144c6b/cleanup-failure-probe-test-graph/build-logic/src/main/kotlin/com/hayden/testgraphsdk/exec/Context.kt:42	out-of-scope	ticket_plan.yaml:648-658	none mapped	unrepresented	out_of_scope_lexical_inventory		INFERRED exact-path scope; source not read
240	lexical hit not semantically classified: * Wall-clock budget for one attempt, parsed once from	specs/.history/modular-fuzzing-epic/ticket-000-MF-012/results/specWorkflow-20260718-153853-c3144c6b/cleanup-failure-probe-test-graph/build-logic/src/main/kotlin/com/hayden/testgraphsdk/exec/Executors.kt:40	out-of-scope	ticket_plan.yaml:648-658	none mapped	unrepresented	out_of_scope_lexical_inventory		INFERRED exact-path scope; source not read
241	lexical hit not semantically classified: * Outcome of one execution attempt. Kept as a sealed type so	specs/.history/modular-fuzzing-epic/ticket-000-MF-012/results/specWorkflow-20260718-153853-c3144c6b/cleanup-failure-probe-test-graph/build-logic/src/main/kotlin/com/hayden/testgraphsdk/exec/Executors.kt:50	out-of-scope	ticket_plan.yaml:648-658	none mapped	unrepresented	out_of_scope_lexical_inventory		INFERRED exact-path scope; source not read
242	"lexical hit not semantically classified: * `PlanExecutor` can distinguish ""timed out → maybe retry"" from"	specs/.history/modular-fuzzing-epic/ticket-000-MF-012/results/specWorkflow-20260718-153853-c3144c6b/cleanup-failure-probe-test-graph/build-logic/src/main/kotlin/com/hayden/testgraphsdk/exec/Executors.kt:51	out-of-scope	ticket_plan.yaml:648-658	none mapped	unrepresented	out_of_scope_lexical_inventory		INFERRED exact-path scope; source not read
243	"lexical hit not semantically classified: * --result-out"". A non-zero exit code is NOT a retry trigger — only a"	specs/.history/modular-fuzzing-epic/ticket-000-MF-012/results/specWorkflow-20260718-153853-c3144c6b/cleanup-failure-probe-test-graph/build-logic/src/main/kotlin/com/hayden/testgraphsdk/exec/Executors.kt:53	out-of-scope	ticket_plan.yaml:648-658	none mapped	unrepresented	out_of_scope_lexical_inventory		INFERRED exact-path scope; source not read
244	lexical hit not semantically classified: // log file on retry).	specs/.history/modular-fuzzing-epic/ticket-000-MF-012/results/specWorkflow-20260718-153853-c3144c6b/cleanup-failure-probe-test-graph/build-logic/src/main/kotlin/com/hayden/testgraphsdk/exec/Executors.kt:112	out-of-scope	ticket_plan.yaml:648-658	none mapped	unrepresented	out_of_scope_lexical_inventory		INFERRED exact-path scope; source not read
245	lexical hit not semantically classified: continue	specs/.history/modular-fuzzing-epic/ticket-000-MF-012/results/specWorkflow-20260718-153853-c3144c6b/cleanup-failure-probe-test-graph/build-logic/src/main/kotlin/com/hayden/testgraphsdk/exec/PlanExecutor.kt:70	out-of-scope	ticket_plan.yaml:648-658	none mapped	unrepresented	out_of_scope_lexical_inventory		INFERRED exact-path scope; source not read
246	lexical hit not semantically classified: for (attempt in 1..maxAttempts) {	specs/.history/modular-fuzzing-epic/ticket-000-MF-012/results/specWorkflow-20260718-153853-c3144c6b/cleanup-failure-probe-test-graph/build-logic/src/main/kotlin/com/hayden/testgraphsdk/exec/PlanExecutor.kt:140	out-of-scope	ticket_plan.yaml:648-658	none mapped	unrepresented	out_of_scope_lexical_inventory		INFERRED exact-path scope; source not read
247	lexical hit not semantically classified: if (attempt > 1) {	specs/.history/modular-fuzzing-epic/ticket-000-MF-012/results/specWorkflow-20260718-153853-c3144c6b/cleanup-failure-probe-test-graph/build-logic/src/main/kotlin/com/hayden/testgraphsdk/exec/PlanExecutor.kt:141	out-of-scope	ticket_plan.yaml:648-658	none mapped	unrepresented	out_of_scope_lexical_inventory		INFERRED exact-path scope; source not read
248	"lexical hit not semantically classified: ""    retry ${attempt - 1}/${spec.retries} after timeout — "" +"	specs/.history/modular-fuzzing-epic/ticket-000-MF-012/results/specWorkflow-20260718-153853-c3144c6b/cleanup-failure-probe-test-graph/build-logic/src/main/kotlin/com/hayden/testgraphsdk/exec/PlanExecutor.kt:143	out-of-scope	ticket_plan.yaml:648-658	none mapped	unrepresented	out_of_scope_lexical_inventory		INFERRED exact-path scope; source not read
249	"lexical hit not semantically classified: ""previous attempt exceeded ${spec.timeout}"""	specs/.history/modular-fuzzing-epic/ticket-000-MF-012/results/specWorkflow-20260718-153853-c3144c6b/cleanup-failure-probe-test-graph/build-logic/src/main/kotlin/com/hayden/testgraphsdk/exec/PlanExecutor.kt:144	out-of-scope	ticket_plan.yaml:648-658	none mapped	unrepresented	out_of_scope_lexical_inventory		INFERRED exact-path scope; source not read
250	"lexical hit not semantically classified: // attempt (or from a stale earlier run). The ""did the SDK"	specs/.history/modular-fuzzing-epic/ticket-000-MF-012/results/specWorkflow-20260718-153853-c3144c6b/cleanup-failure-probe-test-graph/build-logic/src/main/kotlin/com/hayden/testgraphsdk/exec/PlanExecutor.kt:148	out-of-scope	ticket_plan.yaml:648-658	none mapped	unrepresented	out_of_scope_lexical_inventory		INFERRED exact-path scope; source not read
251	lexical hit not semantically classified: val a = item as? Map<*, *> ?: continue	specs/.history/modular-fuzzing-epic/ticket-000-MF-012/results/specWorkflow-20260718-153853-c3144c6b/cleanup-failure-probe-test-graph/build-logic/src/main/kotlin/com/hayden/testgraphsdk/tasks/RunReportWriter.kt:207	out-of-scope	ticket_plan.yaml:648-658	none mapped	unrepresented	out_of_scope_lexical_inventory		INFERRED exact-path scope; source not read
252	lexical hit not semantically classified: val p = item as? Map<*, *> ?: continue	specs/.history/modular-fuzzing-epic/ticket-000-MF-012/results/specWorkflow-20260718-153853-c3144c6b/cleanup-failure-probe-test-graph/build-logic/src/main/kotlin/com/hayden/testgraphsdk/tasks/RunReportWriter.kt:231	out-of-scope	ticket_plan.yaml:648-658	none mapped	unrepresented	out_of_scope_lexical_inventory		INFERRED exact-path scope; source not read
253	lexical hit not semantically classified: val a = item as? Map<*, *> ?: continue	specs/.history/modular-fuzzing-epic/ticket-000-MF-012/results/specWorkflow-20260718-153853-c3144c6b/cleanup-failure-probe-test-graph/build-logic/src/main/kotlin/com/hayden/testgraphsdk/tasks/RunReportWriter.kt:256	out-of-scope	ticket_plan.yaml:648-658	none mapped	unrepresented	out_of_scope_lexical_inventory		INFERRED exact-path scope; source not read
254	"lexical hit not semantically classified: val path = a[""path""] as? String ?: continue"	specs/.history/modular-fuzzing-epic/ticket-000-MF-012/results/specWorkflow-20260718-153853-c3144c6b/cleanup-failure-probe-test-graph/build-logic/src/main/kotlin/com/hayden/testgraphsdk/tasks/RunReportWriter.kt:258	out-of-scope	ticket_plan.yaml:648-658	none mapped	unrepresented	out_of_scope_lexical_inventory		INFERRED exact-path scope; source not read
255	"lexical hit not semantically classified: if (!raw.startsWith(""--"")) continue;"	specs/.history/modular-fuzzing-epic/ticket-000-MF-012/results/specWorkflow-20260718-153853-c3144c6b/cleanup-failure-probe-test-graph/sdk/java/src/main/java/com/hayden/testgraphsdk/sdk/NodeContext.java:45	out-of-scope	ticket_plan.yaml:648-658	none mapped	unrepresented	out_of_scope_lexical_inventory		INFERRED exact-path scope; source not read
256	lexical hit not semantically classified: if (eq < 0) continue;	specs/.history/modular-fuzzing-epic/ticket-000-MF-012/results/specWorkflow-20260718-153853-c3144c6b/cleanup-failure-probe-test-graph/sdk/java/src/main/java/com/hayden/testgraphsdk/sdk/NodeContext.java:47	out-of-scope	ticket_plan.yaml:648-658	none mapped	unrepresented	out_of_scope_lexical_inventory		INFERRED exact-path scope; source not read
257	lexical hit not semantically classified: * non-timeout exit code) is final on the first attempt.	specs/.history/modular-fuzzing-epic/ticket-000-MF-012/results/specWorkflow-20260718-153853-c3144c6b/cleanup-failure-probe-test-graph/sdk/java/src/main/java/com/hayden/testgraphsdk/sdk/NodeSpec.java:59	out-of-scope	ticket_plan.yaml:648-658	none mapped	unrepresented	out_of_scope_lexical_inventory		INFERRED exact-path scope; source not read
258	lexical hit not semantically classified: * affordance exposed after a completed node attempt.	specs/.history/modular-fuzzing-epic/ticket-000-MF-012/results/specWorkflow-20260718-153853-c3144c6b/cleanup-failure-probe-test-graph/sdk/java/src/main/java/com/hayden/testgraphsdk/sdk/NodeSpec.java:72	out-of-scope	ticket_plan.yaml:648-658	none mapped	unrepresented	out_of_scope_lexical_inventory		INFERRED exact-path scope; source not read
259	lexical hit not semantically classified: continue	specs/.history/modular-fuzzing-epic/ticket-000-MF-012/results/specWorkflow-20260718-153853-c3144c6b/cleanup-failure-probe-test-graph/sdk/python/src/testgraphsdk/context.py:39	out-of-scope	ticket_plan.yaml:648-658	none mapped	unrepresented	out_of_scope_lexical_inventory		INFERRED exact-path scope; source not read
260	lexical hit not semantically classified: orphaned state on retry. Triggers only on timeout, never on a	specs/.history/modular-fuzzing-epic/ticket-000-MF-012/results/specWorkflow-20260718-153853-c3144c6b/cleanup-failure-probe-test-graph/sdk/python/src/testgraphsdk/node_spec.py:58	out-of-scope	ticket_plan.yaml:648-658	none mapped	unrepresented	out_of_scope_lexical_inventory		INFERRED exact-path scope; source not read
261	lexical hit not semantically classified: if (id in nodes) continue	specs/.history/modular-fuzzing-epic/ticket-000-MF-012/ticket/results/graph-reports/specWorkflow-20260718-153853-c3144c6b/cleanup-failure-probe-test-graph/build-logic/src/main/kotlin/com/hayden/testgraphsdk/GraphAssembler.kt:55	out-of-scope	ticket_plan.yaml:648-658	none mapped	unrepresented	out_of_scope_lexical_inventory		INFERRED exact-path scope; source not read
262	lexical hit not semantically classified: if (dir.isEmpty()) continue	specs/.history/modular-fuzzing-epic/ticket-000-MF-012/ticket/results/graph-reports/specWorkflow-20260718-153853-c3144c6b/cleanup-failure-probe-test-graph/build-logic/src/main/kotlin/com/hayden/testgraphsdk/Toolchain.kt:106	out-of-scope	ticket_plan.yaml:648-658	none mapped	unrepresented	out_of_scope_lexical_inventory		INFERRED exact-path scope; source not read
263	lexical hit not semantically classified: * `failed`/`errored` is final on the first attempt. Authors opt in	specs/.history/modular-fuzzing-epic/ticket-000-MF-012/ticket/results/graph-reports/specWorkflow-20260718-153853-c3144c6b/cleanup-failure-probe-test-graph/build-logic/src/main/kotlin/com/hayden/testgraphsdk/ValidationNodeSpec.kt:21	out-of-scope	ticket_plan.yaml:648-658	none mapped	unrepresented	out_of_scope_lexical_inventory		INFERRED exact-path scope; source not read
264	lexical hit not semantically classified: * input context snapshot captured before the selected node's prior attempt.	specs/.history/modular-fuzzing-epic/ticket-000-MF-012/ticket/results/graph-reports/specWorkflow-20260718-153853-c3144c6b/cleanup-failure-probe-test-graph/build-logic/src/main/kotlin/com/hayden/testgraphsdk/exec/Context.kt:42	out-of-scope	ticket_plan.yaml:648-658	none mapped	unrepresented	out_of_scope_lexical_inventory		INFERRED exact-path scope; source not read
265	lexical hit not semantically classified: * Wall-clock budget for one attempt, parsed once from	specs/.history/modular-fuzzing-epic/ticket-000-MF-012/ticket/results/graph-reports/specWorkflow-20260718-153853-c3144c6b/cleanup-failure-probe-test-graph/build-logic/src/main/kotlin/com/hayden/testgraphsdk/exec/Executors.kt:40	out-of-scope	ticket_plan.yaml:648-658	none mapped	unrepresented	out_of_scope_lexical_inventory		INFERRED exact-path scope; source not read
266	lexical hit not semantically classified: * Outcome of one execution attempt. Kept as a sealed type so	specs/.history/modular-fuzzing-epic/ticket-000-MF-012/ticket/results/graph-reports/specWorkflow-20260718-153853-c3144c6b/cleanup-failure-probe-test-graph/build-logic/src/main/kotlin/com/hayden/testgraphsdk/exec/Executors.kt:50	out-of-scope	ticket_plan.yaml:648-658	none mapped	unrepresented	out_of_scope_lexical_inventory		INFERRED exact-path scope; source not read
267	"lexical hit not semantically classified: * `PlanExecutor` can distinguish ""timed out → maybe retry"" from"	specs/.history/modular-fuzzing-epic/ticket-000-MF-012/ticket/results/graph-reports/specWorkflow-20260718-153853-c3144c6b/cleanup-failure-probe-test-graph/build-logic/src/main/kotlin/com/hayden/testgraphsdk/exec/Executors.kt:51	out-of-scope	ticket_plan.yaml:648-658	none mapped	unrepresented	out_of_scope_lexical_inventory		INFERRED exact-path scope; source not read
268	"lexical hit not semantically classified: * --result-out"". A non-zero exit code is NOT a retry trigger — only a"	specs/.history/modular-fuzzing-epic/ticket-000-MF-012/ticket/results/graph-reports/specWorkflow-20260718-153853-c3144c6b/cleanup-failure-probe-test-graph/build-logic/src/main/kotlin/com/hayden/testgraphsdk/exec/Executors.kt:53	out-of-scope	ticket_plan.yaml:648-658	none mapped	unrepresented	out_of_scope_lexical_inventory		INFERRED exact-path scope; source not read
269	lexical hit not semantically classified: // log file on retry).	specs/.history/modular-fuzzing-epic/ticket-000-MF-012/ticket/results/graph-reports/specWorkflow-20260718-153853-c3144c6b/cleanup-failure-probe-test-graph/build-logic/src/main/kotlin/com/hayden/testgraphsdk/exec/Executors.kt:112	out-of-scope	ticket_plan.yaml:648-658	none mapped	unrepresented	out_of_scope_lexical_inventory		INFERRED exact-path scope; source not read
270	lexical hit not semantically classified: continue	specs/.history/modular-fuzzing-epic/ticket-000-MF-012/ticket/results/graph-reports/specWorkflow-20260718-153853-c3144c6b/cleanup-failure-probe-test-graph/build-logic/src/main/kotlin/com/hayden/testgraphsdk/exec/PlanExecutor.kt:70	out-of-scope	ticket_plan.yaml:648-658	none mapped	unrepresented	out_of_scope_lexical_inventory		INFERRED exact-path scope; source not read
271	lexical hit not semantically classified: for (attempt in 1..maxAttempts) {	specs/.history/modular-fuzzing-epic/ticket-000-MF-012/ticket/results/graph-reports/specWorkflow-20260718-153853-c3144c6b/cleanup-failure-probe-test-graph/build-logic/src/main/kotlin/com/hayden/testgraphsdk/exec/PlanExecutor.kt:140	out-of-scope	ticket_plan.yaml:648-658	none mapped	unrepresented	out_of_scope_lexical_inventory		INFERRED exact-path scope; source not read
272	lexical hit not semantically classified: if (attempt > 1) {	specs/.history/modular-fuzzing-epic/ticket-000-MF-012/ticket/results/graph-reports/specWorkflow-20260718-153853-c3144c6b/cleanup-failure-probe-test-graph/build-logic/src/main/kotlin/com/hayden/testgraphsdk/exec/PlanExecutor.kt:141	out-of-scope	ticket_plan.yaml:648-658	none mapped	unrepresented	out_of_scope_lexical_inventory		INFERRED exact-path scope; source not read
273	"lexical hit not semantically classified: ""    retry ${attempt - 1}/${spec.retries} after timeout — "" +"	specs/.history/modular-fuzzing-epic/ticket-000-MF-012/ticket/results/graph-reports/specWorkflow-20260718-153853-c3144c6b/cleanup-failure-probe-test-graph/build-logic/src/main/kotlin/com/hayden/testgraphsdk/exec/PlanExecutor.kt:143	out-of-scope	ticket_plan.yaml:648-658	none mapped	unrepresented	out_of_scope_lexical_inventory		INFERRED exact-path scope; source not read
274	"lexical hit not semantically classified: ""previous attempt exceeded ${spec.timeout}"""	specs/.history/modular-fuzzing-epic/ticket-000-MF-012/ticket/results/graph-reports/specWorkflow-20260718-153853-c3144c6b/cleanup-failure-probe-test-graph/build-logic/src/main/kotlin/com/hayden/testgraphsdk/exec/PlanExecutor.kt:144	out-of-scope	ticket_plan.yaml:648-658	none mapped	unrepresented	out_of_scope_lexical_inventory		INFERRED exact-path scope; source not read
275	"lexical hit not semantically classified: // attempt (or from a stale earlier run). The ""did the SDK"	specs/.history/modular-fuzzing-epic/ticket-000-MF-012/ticket/results/graph-reports/specWorkflow-20260718-153853-c3144c6b/cleanup-failure-probe-test-graph/build-logic/src/main/kotlin/com/hayden/testgraphsdk/exec/PlanExecutor.kt:148	out-of-scope	ticket_plan.yaml:648-658	none mapped	unrepresented	out_of_scope_lexical_inventory		INFERRED exact-path scope; source not read
276	lexical hit not semantically classified: val a = item as? Map<*, *> ?: continue	specs/.history/modular-fuzzing-epic/ticket-000-MF-012/ticket/results/graph-reports/specWorkflow-20260718-153853-c3144c6b/cleanup-failure-probe-test-graph/build-logic/src/main/kotlin/com/hayden/testgraphsdk/tasks/RunReportWriter.kt:207	out-of-scope	ticket_plan.yaml:648-658	none mapped	unrepresented	out_of_scope_lexical_inventory		INFERRED exact-path scope; source not read
277	lexical hit not semantically classified: val p = item as? Map<*, *> ?: continue	specs/.history/modular-fuzzing-epic/ticket-000-MF-012/ticket/results/graph-reports/specWorkflow-20260718-153853-c3144c6b/cleanup-failure-probe-test-graph/build-logic/src/main/kotlin/com/hayden/testgraphsdk/tasks/RunReportWriter.kt:231	out-of-scope	ticket_plan.yaml:648-658	none mapped	unrepresented	out_of_scope_lexical_inventory		INFERRED exact-path scope; source not read
278	lexical hit not semantically classified: val a = item as? Map<*, *> ?: continue	specs/.history/modular-fuzzing-epic/ticket-000-MF-012/ticket/results/graph-reports/specWorkflow-20260718-153853-c3144c6b/cleanup-failure-probe-test-graph/build-logic/src/main/kotlin/com/hayden/testgraphsdk/tasks/RunReportWriter.kt:256	out-of-scope	ticket_plan.yaml:648-658	none mapped	unrepresented	out_of_scope_lexical_inventory		INFERRED exact-path scope; source not read
279	"lexical hit not semantically classified: val path = a[""path""] as? String ?: continue"	specs/.history/modular-fuzzing-epic/ticket-000-MF-012/ticket/results/graph-reports/specWorkflow-20260718-153853-c3144c6b/cleanup-failure-probe-test-graph/build-logic/src/main/kotlin/com/hayden/testgraphsdk/tasks/RunReportWriter.kt:258	out-of-scope	ticket_plan.yaml:648-658	none mapped	unrepresented	out_of_scope_lexical_inventory		INFERRED exact-path scope; source not read
280	"lexical hit not semantically classified: if (!raw.startsWith(""--"")) continue;"	specs/.history/modular-fuzzing-epic/ticket-000-MF-012/ticket/results/graph-reports/specWorkflow-20260718-153853-c3144c6b/cleanup-failure-probe-test-graph/sdk/java/src/main/java/com/hayden/testgraphsdk/sdk/NodeContext.java:45	out-of-scope	ticket_plan.yaml:648-658	none mapped	unrepresented	out_of_scope_lexical_inventory		INFERRED exact-path scope; source not read
281	lexical hit not semantically classified: if (eq < 0) continue;	specs/.history/modular-fuzzing-epic/ticket-000-MF-012/ticket/results/graph-reports/specWorkflow-20260718-153853-c3144c6b/cleanup-failure-probe-test-graph/sdk/java/src/main/java/com/hayden/testgraphsdk/sdk/NodeContext.java:47	out-of-scope	ticket_plan.yaml:648-658	none mapped	unrepresented	out_of_scope_lexical_inventory		INFERRED exact-path scope; source not read
282	lexical hit not semantically classified: * non-timeout exit code) is final on the first attempt.	specs/.history/modular-fuzzing-epic/ticket-000-MF-012/ticket/results/graph-reports/specWorkflow-20260718-153853-c3144c6b/cleanup-failure-probe-test-graph/sdk/java/src/main/java/com/hayden/testgraphsdk/sdk/NodeSpec.java:59	out-of-scope	ticket_plan.yaml:648-658	none mapped	unrepresented	out_of_scope_lexical_inventory		INFERRED exact-path scope; source not read
283	lexical hit not semantically classified: * affordance exposed after a completed node attempt.	specs/.history/modular-fuzzing-epic/ticket-000-MF-012/ticket/results/graph-reports/specWorkflow-20260718-153853-c3144c6b/cleanup-failure-probe-test-graph/sdk/java/src/main/java/com/hayden/testgraphsdk/sdk/NodeSpec.java:72	out-of-scope	ticket_plan.yaml:648-658	none mapped	unrepresented	out_of_scope_lexical_inventory		INFERRED exact-path scope; source not read
284	lexical hit not semantically classified: continue	specs/.history/modular-fuzzing-epic/ticket-000-MF-012/ticket/results/graph-reports/specWorkflow-20260718-153853-c3144c6b/cleanup-failure-probe-test-graph/sdk/python/src/testgraphsdk/context.py:39	out-of-scope	ticket_plan.yaml:648-658	none mapped	unrepresented	out_of_scope_lexical_inventory		INFERRED exact-path scope; source not read
285	lexical hit not semantically classified: orphaned state on retry. Triggers only on timeout, never on a	specs/.history/modular-fuzzing-epic/ticket-000-MF-012/ticket/results/graph-reports/specWorkflow-20260718-153853-c3144c6b/cleanup-failure-probe-test-graph/sdk/python/src/testgraphsdk/node_spec.py:58	out-of-scope	ticket_plan.yaml:648-658	none mapped	unrepresented	out_of_scope_lexical_inventory		INFERRED exact-path scope; source not read
286	lexical hit not semantically classified: if (id in nodes) continue	specs/.history/modular-fuzzing-epic/ticket-002-MF-021/ticket/results/testgraph-specWorkflow/cleanup-failure-probe-test-graph/build-logic/src/main/kotlin/com/hayden/testgraphsdk/GraphAssembler.kt:55	out-of-scope	ticket_plan.yaml:648-658	none mapped	unrepresented	out_of_scope_lexical_inventory		INFERRED exact-path scope; source not read
287	lexical hit not semantically classified: if (dir.isEmpty()) continue	specs/.history/modular-fuzzing-epic/ticket-002-MF-021/ticket/results/testgraph-specWorkflow/cleanup-failure-probe-test-graph/build-logic/src/main/kotlin/com/hayden/testgraphsdk/Toolchain.kt:106	out-of-scope	ticket_plan.yaml:648-658	none mapped	unrepresented	out_of_scope_lexical_inventory		INFERRED exact-path scope; source not read
288	lexical hit not semantically classified: * `failed`/`errored` is final on the first attempt. Authors opt in	specs/.history/modular-fuzzing-epic/ticket-002-MF-021/ticket/results/testgraph-specWorkflow/cleanup-failure-probe-test-graph/build-logic/src/main/kotlin/com/hayden/testgraphsdk/ValidationNodeSpec.kt:21	out-of-scope	ticket_plan.yaml:648-658	none mapped	unrepresented	out_of_scope_lexical_inventory		INFERRED exact-path scope; source not read
289	lexical hit not semantically classified: * input context snapshot captured before the selected node's prior attempt.	specs/.history/modular-fuzzing-epic/ticket-002-MF-021/ticket/results/testgraph-specWorkflow/cleanup-failure-probe-test-graph/build-logic/src/main/kotlin/com/hayden/testgraphsdk/exec/Context.kt:42	out-of-scope	ticket_plan.yaml:648-658	none mapped	unrepresented	out_of_scope_lexical_inventory		INFERRED exact-path scope; source not read
290	lexical hit not semantically classified: * Wall-clock budget for one attempt, parsed once from	specs/.history/modular-fuzzing-epic/ticket-002-MF-021/ticket/results/testgraph-specWorkflow/cleanup-failure-probe-test-graph/build-logic/src/main/kotlin/com/hayden/testgraphsdk/exec/Executors.kt:40	out-of-scope	ticket_plan.yaml:648-658	none mapped	unrepresented	out_of_scope_lexical_inventory		INFERRED exact-path scope; source not read
291	lexical hit not semantically classified: * Outcome of one execution attempt. Kept as a sealed type so	specs/.history/modular-fuzzing-epic/ticket-002-MF-021/ticket/results/testgraph-specWorkflow/cleanup-failure-probe-test-graph/build-logic/src/main/kotlin/com/hayden/testgraphsdk/exec/Executors.kt:50	out-of-scope	ticket_plan.yaml:648-658	none mapped	unrepresented	out_of_scope_lexical_inventory		INFERRED exact-path scope; source not read
292	"lexical hit not semantically classified: * `PlanExecutor` can distinguish ""timed out → maybe retry"" from"	specs/.history/modular-fuzzing-epic/ticket-002-MF-021/ticket/results/testgraph-specWorkflow/cleanup-failure-probe-test-graph/build-logic/src/main/kotlin/com/hayden/testgraphsdk/exec/Executors.kt:51	out-of-scope	ticket_plan.yaml:648-658	none mapped	unrepresented	out_of_scope_lexical_inventory		INFERRED exact-path scope; source not read
293	"lexical hit not semantically classified: * --result-out"". A non-zero exit code is NOT a retry trigger — only a"	specs/.history/modular-fuzzing-epic/ticket-002-MF-021/ticket/results/testgraph-specWorkflow/cleanup-failure-probe-test-graph/build-logic/src/main/kotlin/com/hayden/testgraphsdk/exec/Executors.kt:53	out-of-scope	ticket_plan.yaml:648-658	none mapped	unrepresented	out_of_scope_lexical_inventory		INFERRED exact-path scope; source not read
294	lexical hit not semantically classified: // log file on retry).	specs/.history/modular-fuzzing-epic/ticket-002-MF-021/ticket/results/testgraph-specWorkflow/cleanup-failure-probe-test-graph/build-logic/src/main/kotlin/com/hayden/testgraphsdk/exec/Executors.kt:112	out-of-scope	ticket_plan.yaml:648-658	none mapped	unrepresented	out_of_scope_lexical_inventory		INFERRED exact-path scope; source not read
295	lexical hit not semantically classified: continue	specs/.history/modular-fuzzing-epic/ticket-002-MF-021/ticket/results/testgraph-specWorkflow/cleanup-failure-probe-test-graph/build-logic/src/main/kotlin/com/hayden/testgraphsdk/exec/PlanExecutor.kt:70	out-of-scope	ticket_plan.yaml:648-658	none mapped	unrepresented	out_of_scope_lexical_inventory		INFERRED exact-path scope; source not read
296	lexical hit not semantically classified: for (attempt in 1..maxAttempts) {	specs/.history/modular-fuzzing-epic/ticket-002-MF-021/ticket/results/testgraph-specWorkflow/cleanup-failure-probe-test-graph/build-logic/src/main/kotlin/com/hayden/testgraphsdk/exec/PlanExecutor.kt:140	out-of-scope	ticket_plan.yaml:648-658	none mapped	unrepresented	out_of_scope_lexical_inventory		INFERRED exact-path scope; source not read
297	lexical hit not semantically classified: if (attempt > 1) {	specs/.history/modular-fuzzing-epic/ticket-002-MF-021/ticket/results/testgraph-specWorkflow/cleanup-failure-probe-test-graph/build-logic/src/main/kotlin/com/hayden/testgraphsdk/exec/PlanExecutor.kt:141	out-of-scope	ticket_plan.yaml:648-658	none mapped	unrepresented	out_of_scope_lexical_inventory		INFERRED exact-path scope; source not read
298	"lexical hit not semantically classified: ""    retry ${attempt - 1}/${spec.retries} after timeout — "" +"	specs/.history/modular-fuzzing-epic/ticket-002-MF-021/ticket/results/testgraph-specWorkflow/cleanup-failure-probe-test-graph/build-logic/src/main/kotlin/com/hayden/testgraphsdk/exec/PlanExecutor.kt:143	out-of-scope	ticket_plan.yaml:648-658	none mapped	unrepresented	out_of_scope_lexical_inventory		INFERRED exact-path scope; source not read
299	"lexical hit not semantically classified: ""previous attempt exceeded ${spec.timeout}"""	specs/.history/modular-fuzzing-epic/ticket-002-MF-021/ticket/results/testgraph-specWorkflow/cleanup-failure-probe-test-graph/build-logic/src/main/kotlin/com/hayden/testgraphsdk/exec/PlanExecutor.kt:144	out-of-scope	ticket_plan.yaml:648-658	none mapped	unrepresented	out_of_scope_lexical_inventory		INFERRED exact-path scope; source not read
300	"lexical hit not semantically classified: // attempt (or from a stale earlier run). The ""did the SDK"	specs/.history/modular-fuzzing-epic/ticket-002-MF-021/ticket/results/testgraph-specWorkflow/cleanup-failure-probe-test-graph/build-logic/src/main/kotlin/com/hayden/testgraphsdk/exec/PlanExecutor.kt:148	out-of-scope	ticket_plan.yaml:648-658	none mapped	unrepresented	out_of_scope_lexical_inventory		INFERRED exact-path scope; source not read
301	lexical hit not semantically classified: val a = item as? Map<*, *> ?: continue	specs/.history/modular-fuzzing-epic/ticket-002-MF-021/ticket/results/testgraph-specWorkflow/cleanup-failure-probe-test-graph/build-logic/src/main/kotlin/com/hayden/testgraphsdk/tasks/RunReportWriter.kt:207	out-of-scope	ticket_plan.yaml:648-658	none mapped	unrepresented	out_of_scope_lexical_inventory		INFERRED exact-path scope; source not read
302	lexical hit not semantically classified: val p = item as? Map<*, *> ?: continue	specs/.history/modular-fuzzing-epic/ticket-002-MF-021/ticket/results/testgraph-specWorkflow/cleanup-failure-probe-test-graph/build-logic/src/main/kotlin/com/hayden/testgraphsdk/tasks/RunReportWriter.kt:231	out-of-scope	ticket_plan.yaml:648-658	none mapped	unrepresented	out_of_scope_lexical_inventory		INFERRED exact-path scope; source not read
303	lexical hit not semantically classified: val a = item as? Map<*, *> ?: continue	specs/.history/modular-fuzzing-epic/ticket-002-MF-021/ticket/results/testgraph-specWorkflow/cleanup-failure-probe-test-graph/build-logic/src/main/kotlin/com/hayden/testgraphsdk/tasks/RunReportWriter.kt:256	out-of-scope	ticket_plan.yaml:648-658	none mapped	unrepresented	out_of_scope_lexical_inventory		INFERRED exact-path scope; source not read
304	"lexical hit not semantically classified: val path = a[""path""] as? String ?: continue"	specs/.history/modular-fuzzing-epic/ticket-002-MF-021/ticket/results/testgraph-specWorkflow/cleanup-failure-probe-test-graph/build-logic/src/main/kotlin/com/hayden/testgraphsdk/tasks/RunReportWriter.kt:258	out-of-scope	ticket_plan.yaml:648-658	none mapped	unrepresented	out_of_scope_lexical_inventory		INFERRED exact-path scope; source not read
305	"lexical hit not semantically classified: if (!raw.startsWith(""--"")) continue;"	specs/.history/modular-fuzzing-epic/ticket-002-MF-021/ticket/results/testgraph-specWorkflow/cleanup-failure-probe-test-graph/sdk/java/src/main/java/com/hayden/testgraphsdk/sdk/NodeContext.java:45	out-of-scope	ticket_plan.yaml:648-658	none mapped	unrepresented	out_of_scope_lexical_inventory		INFERRED exact-path scope; source not read
306	lexical hit not semantically classified: if (eq < 0) continue;	specs/.history/modular-fuzzing-epic/ticket-002-MF-021/ticket/results/testgraph-specWorkflow/cleanup-failure-probe-test-graph/sdk/java/src/main/java/com/hayden/testgraphsdk/sdk/NodeContext.java:47	out-of-scope	ticket_plan.yaml:648-658	none mapped	unrepresented	out_of_scope_lexical_inventory		INFERRED exact-path scope; source not read
307	lexical hit not semantically classified: * non-timeout exit code) is final on the first attempt.	specs/.history/modular-fuzzing-epic/ticket-002-MF-021/ticket/results/testgraph-specWorkflow/cleanup-failure-probe-test-graph/sdk/java/src/main/java/com/hayden/testgraphsdk/sdk/NodeSpec.java:59	out-of-scope	ticket_plan.yaml:648-658	none mapped	unrepresented	out_of_scope_lexical_inventory		INFERRED exact-path scope; source not read
308	lexical hit not semantically classified: * affordance exposed after a completed node attempt.	specs/.history/modular-fuzzing-epic/ticket-002-MF-021/ticket/results/testgraph-specWorkflow/cleanup-failure-probe-test-graph/sdk/java/src/main/java/com/hayden/testgraphsdk/sdk/NodeSpec.java:72	out-of-scope	ticket_plan.yaml:648-658	none mapped	unrepresented	out_of_scope_lexical_inventory		INFERRED exact-path scope; source not read
309	lexical hit not semantically classified: continue	specs/.history/modular-fuzzing-epic/ticket-002-MF-021/ticket/results/testgraph-specWorkflow/cleanup-failure-probe-test-graph/sdk/python/src/testgraphsdk/context.py:39	out-of-scope	ticket_plan.yaml:648-658	none mapped	unrepresented	out_of_scope_lexical_inventory		INFERRED exact-path scope; source not read
310	lexical hit not semantically classified: orphaned state on retry. Triggers only on timeout, never on a	specs/.history/modular-fuzzing-epic/ticket-002-MF-021/ticket/results/testgraph-specWorkflow/cleanup-failure-probe-test-graph/sdk/python/src/testgraphsdk/node_spec.py:58	out-of-scope	ticket_plan.yaml:648-658	none mapped	unrepresented	out_of_scope_lexical_inventory		INFERRED exact-path scope; source not read
311	lexical hit not semantically classified: if (id in nodes) continue	specs/.history/modular-fuzzing-epic/ticket-003-MF-011/results/testgraph-specWorkflow/cleanup-failure-probe-test-graph/build-logic/src/main/kotlin/com/hayden/testgraphsdk/GraphAssembler.kt:55	out-of-scope	ticket_plan.yaml:648-658	none mapped	unrepresented	out_of_scope_lexical_inventory		INFERRED exact-path scope; source not read
312	lexical hit not semantically classified: if (dir.isEmpty()) continue	specs/.history/modular-fuzzing-epic/ticket-003-MF-011/results/testgraph-specWorkflow/cleanup-failure-probe-test-graph/build-logic/src/main/kotlin/com/hayden/testgraphsdk/Toolchain.kt:106	out-of-scope	ticket_plan.yaml:648-658	none mapped	unrepresented	out_of_scope_lexical_inventory		INFERRED exact-path scope; source not read
313	lexical hit not semantically classified: * `failed`/`errored` is final on the first attempt. Authors opt in	specs/.history/modular-fuzzing-epic/ticket-003-MF-011/results/testgraph-specWorkflow/cleanup-failure-probe-test-graph/build-logic/src/main/kotlin/com/hayden/testgraphsdk/ValidationNodeSpec.kt:21	out-of-scope	ticket_plan.yaml:648-658	none mapped	unrepresented	out_of_scope_lexical_inventory		INFERRED exact-path scope; source not read
314	lexical hit not semantically classified: * input context snapshot captured before the selected node's prior attempt.	specs/.history/modular-fuzzing-epic/ticket-003-MF-011/results/testgraph-specWorkflow/cleanup-failure-probe-test-graph/build-logic/src/main/kotlin/com/hayden/testgraphsdk/exec/Context.kt:42	out-of-scope	ticket_plan.yaml:648-658	none mapped	unrepresented	out_of_scope_lexical_inventory		INFERRED exact-path scope; source not read
315	lexical hit not semantically classified: * Wall-clock budget for one attempt, parsed once from	specs/.history/modular-fuzzing-epic/ticket-003-MF-011/results/testgraph-specWorkflow/cleanup-failure-probe-test-graph/build-logic/src/main/kotlin/com/hayden/testgraphsdk/exec/Executors.kt:40	out-of-scope	ticket_plan.yaml:648-658	none mapped	unrepresented	out_of_scope_lexical_inventory		INFERRED exact-path scope; source not read
316	lexical hit not semantically classified: * Outcome of one execution attempt. Kept as a sealed type so	specs/.history/modular-fuzzing-epic/ticket-003-MF-011/results/testgraph-specWorkflow/cleanup-failure-probe-test-graph/build-logic/src/main/kotlin/com/hayden/testgraphsdk/exec/Executors.kt:50	out-of-scope	ticket_plan.yaml:648-658	none mapped	unrepresented	out_of_scope_lexical_inventory		INFERRED exact-path scope; source not read
317	"lexical hit not semantically classified: * `PlanExecutor` can distinguish ""timed out → maybe retry"" from"	specs/.history/modular-fuzzing-epic/ticket-003-MF-011/results/testgraph-specWorkflow/cleanup-failure-probe-test-graph/build-logic/src/main/kotlin/com/hayden/testgraphsdk/exec/Executors.kt:51	out-of-scope	ticket_plan.yaml:648-658	none mapped	unrepresented	out_of_scope_lexical_inventory		INFERRED exact-path scope; source not read
318	"lexical hit not semantically classified: * --result-out"". A non-zero exit code is NOT a retry trigger — only a"	specs/.history/modular-fuzzing-epic/ticket-003-MF-011/results/testgraph-specWorkflow/cleanup-failure-probe-test-graph/build-logic/src/main/kotlin/com/hayden/testgraphsdk/exec/Executors.kt:53	out-of-scope	ticket_plan.yaml:648-658	none mapped	unrepresented	out_of_scope_lexical_inventory		INFERRED exact-path scope; source not read
319	lexical hit not semantically classified: // log file on retry).	specs/.history/modular-fuzzing-epic/ticket-003-MF-011/results/testgraph-specWorkflow/cleanup-failure-probe-test-graph/build-logic/src/main/kotlin/com/hayden/testgraphsdk/exec/Executors.kt:112	out-of-scope	ticket_plan.yaml:648-658	none mapped	unrepresented	out_of_scope_lexical_inventory		INFERRED exact-path scope; source not read
320	lexical hit not semantically classified: continue	specs/.history/modular-fuzzing-epic/ticket-003-MF-011/results/testgraph-specWorkflow/cleanup-failure-probe-test-graph/build-logic/src/main/kotlin/com/hayden/testgraphsdk/exec/PlanExecutor.kt:70	out-of-scope	ticket_plan.yaml:648-658	none mapped	unrepresented	out_of_scope_lexical_inventory		INFERRED exact-path scope; source not read
321	lexical hit not semantically classified: for (attempt in 1..maxAttempts) {	specs/.history/modular-fuzzing-epic/ticket-003-MF-011/results/testgraph-specWorkflow/cleanup-failure-probe-test-graph/build-logic/src/main/kotlin/com/hayden/testgraphsdk/exec/PlanExecutor.kt:140	out-of-scope	ticket_plan.yaml:648-658	none mapped	unrepresented	out_of_scope_lexical_inventory		INFERRED exact-path scope; source not read
322	lexical hit not semantically classified: if (attempt > 1) {	specs/.history/modular-fuzzing-epic/ticket-003-MF-011/results/testgraph-specWorkflow/cleanup-failure-probe-test-graph/build-logic/src/main/kotlin/com/hayden/testgraphsdk/exec/PlanExecutor.kt:141	out-of-scope	ticket_plan.yaml:648-658	none mapped	unrepresented	out_of_scope_lexical_inventory		INFERRED exact-path scope; source not read
323	"lexical hit not semantically classified: ""    retry ${attempt - 1}/${spec.retries} after timeout — "" +"	specs/.history/modular-fuzzing-epic/ticket-003-MF-011/results/testgraph-specWorkflow/cleanup-failure-probe-test-graph/build-logic/src/main/kotlin/com/hayden/testgraphsdk/exec/PlanExecutor.kt:143	out-of-scope	ticket_plan.yaml:648-658	none mapped	unrepresented	out_of_scope_lexical_inventory		INFERRED exact-path scope; source not read
324	"lexical hit not semantically classified: ""previous attempt exceeded ${spec.timeout}"""	specs/.history/modular-fuzzing-epic/ticket-003-MF-011/results/testgraph-specWorkflow/cleanup-failure-probe-test-graph/build-logic/src/main/kotlin/com/hayden/testgraphsdk/exec/PlanExecutor.kt:144	out-of-scope	ticket_plan.yaml:648-658	none mapped	unrepresented	out_of_scope_lexical_inventory		INFERRED exact-path scope; source not read
325	"lexical hit not semantically classified: // attempt (or from a stale earlier run). The ""did the SDK"	specs/.history/modular-fuzzing-epic/ticket-003-MF-011/results/testgraph-specWorkflow/cleanup-failure-probe-test-graph/build-logic/src/main/kotlin/com/hayden/testgraphsdk/exec/PlanExecutor.kt:148	out-of-scope	ticket_plan.yaml:648-658	none mapped	unrepresented	out_of_scope_lexical_inventory		INFERRED exact-path scope; source not read
326	lexical hit not semantically classified: val a = item as? Map<*, *> ?: continue	specs/.history/modular-fuzzing-epic/ticket-003-MF-011/results/testgraph-specWorkflow/cleanup-failure-probe-test-graph/build-logic/src/main/kotlin/com/hayden/testgraphsdk/tasks/RunReportWriter.kt:207	out-of-scope	ticket_plan.yaml:648-658	none mapped	unrepresented	out_of_scope_lexical_inventory		INFERRED exact-path scope; source not read
327	lexical hit not semantically classified: val p = item as? Map<*, *> ?: continue	specs/.history/modular-fuzzing-epic/ticket-003-MF-011/results/testgraph-specWorkflow/cleanup-failure-probe-test-graph/build-logic/src/main/kotlin/com/hayden/testgraphsdk/tasks/RunReportWriter.kt:231	out-of-scope	ticket_plan.yaml:648-658	none mapped	unrepresented	out_of_scope_lexical_inventory		INFERRED exact-path scope; source not read
328	lexical hit not semantically classified: val a = item as? Map<*, *> ?: continue	specs/.history/modular-fuzzing-epic/ticket-003-MF-011/results/testgraph-specWorkflow/cleanup-failure-probe-test-graph/build-logic/src/main/kotlin/com/hayden/testgraphsdk/tasks/RunReportWriter.kt:256	out-of-scope	ticket_plan.yaml:648-658	none mapped	unrepresented	out_of_scope_lexical_inventory		INFERRED exact-path scope; source not read
329	"lexical hit not semantically classified: val path = a[""path""] as? String ?: continue"	specs/.history/modular-fuzzing-epic/ticket-003-MF-011/results/testgraph-specWorkflow/cleanup-failure-probe-test-graph/build-logic/src/main/kotlin/com/hayden/testgraphsdk/tasks/RunReportWriter.kt:258	out-of-scope	ticket_plan.yaml:648-658	none mapped	unrepresented	out_of_scope_lexical_inventory		INFERRED exact-path scope; source not read
330	"lexical hit not semantically classified: if (!raw.startsWith(""--"")) continue;"	specs/.history/modular-fuzzing-epic/ticket-003-MF-011/results/testgraph-specWorkflow/cleanup-failure-probe-test-graph/sdk/java/src/main/java/com/hayden/testgraphsdk/sdk/NodeContext.java:45	out-of-scope	ticket_plan.yaml:648-658	none mapped	unrepresented	out_of_scope_lexical_inventory		INFERRED exact-path scope; source not read
331	lexical hit not semantically classified: if (eq < 0) continue;	specs/.history/modular-fuzzing-epic/ticket-003-MF-011/results/testgraph-specWorkflow/cleanup-failure-probe-test-graph/sdk/java/src/main/java/com/hayden/testgraphsdk/sdk/NodeContext.java:47	out-of-scope	ticket_plan.yaml:648-658	none mapped	unrepresented	out_of_scope_lexical_inventory		INFERRED exact-path scope; source not read
332	lexical hit not semantically classified: * non-timeout exit code) is final on the first attempt.	specs/.history/modular-fuzzing-epic/ticket-003-MF-011/results/testgraph-specWorkflow/cleanup-failure-probe-test-graph/sdk/java/src/main/java/com/hayden/testgraphsdk/sdk/NodeSpec.java:59	out-of-scope	ticket_plan.yaml:648-658	none mapped	unrepresented	out_of_scope_lexical_inventory		INFERRED exact-path scope; source not read
333	lexical hit not semantically classified: * affordance exposed after a completed node attempt.	specs/.history/modular-fuzzing-epic/ticket-003-MF-011/results/testgraph-specWorkflow/cleanup-failure-probe-test-graph/sdk/java/src/main/java/com/hayden/testgraphsdk/sdk/NodeSpec.java:72	out-of-scope	ticket_plan.yaml:648-658	none mapped	unrepresented	out_of_scope_lexical_inventory		INFERRED exact-path scope; source not read
334	lexical hit not semantically classified: continue	specs/.history/modular-fuzzing-epic/ticket-003-MF-011/results/testgraph-specWorkflow/cleanup-failure-probe-test-graph/sdk/python/src/testgraphsdk/context.py:39	out-of-scope	ticket_plan.yaml:648-658	none mapped	unrepresented	out_of_scope_lexical_inventory		INFERRED exact-path scope; source not read
335	lexical hit not semantically classified: orphaned state on retry. Triggers only on timeout, never on a	specs/.history/modular-fuzzing-epic/ticket-003-MF-011/results/testgraph-specWorkflow/cleanup-failure-probe-test-graph/sdk/python/src/testgraphsdk/node_spec.py:58	out-of-scope	ticket_plan.yaml:648-658	none mapped	unrepresented	out_of_scope_lexical_inventory		INFERRED exact-path scope; source not read
336	lexical hit not semantically classified: if (id in nodes) continue	specs/.history/modular-fuzzing-epic/ticket-003-MF-011/ticket/results/testgraph-specWorkflow/cleanup-failure-probe-test-graph/build-logic/src/main/kotlin/com/hayden/testgraphsdk/GraphAssembler.kt:55	out-of-scope	ticket_plan.yaml:648-658	none mapped	unrepresented	out_of_scope_lexical_inventory		INFERRED exact-path scope; source not read
337	lexical hit not semantically classified: if (dir.isEmpty()) continue	specs/.history/modular-fuzzing-epic/ticket-003-MF-011/ticket/results/testgraph-specWorkflow/cleanup-failure-probe-test-graph/build-logic/src/main/kotlin/com/hayden/testgraphsdk/Toolchain.kt:106	out-of-scope	ticket_plan.yaml:648-658	none mapped	unrepresented	out_of_scope_lexical_inventory		INFERRED exact-path scope; source not read
338	lexical hit not semantically classified: * `failed`/`errored` is final on the first attempt. Authors opt in	specs/.history/modular-fuzzing-epic/ticket-003-MF-011/ticket/results/testgraph-specWorkflow/cleanup-failure-probe-test-graph/build-logic/src/main/kotlin/com/hayden/testgraphsdk/ValidationNodeSpec.kt:21	out-of-scope	ticket_plan.yaml:648-658	none mapped	unrepresented	out_of_scope_lexical_inventory		INFERRED exact-path scope; source not read
339	lexical hit not semantically classified: * input context snapshot captured before the selected node's prior attempt.	specs/.history/modular-fuzzing-epic/ticket-003-MF-011/ticket/results/testgraph-specWorkflow/cleanup-failure-probe-test-graph/build-logic/src/main/kotlin/com/hayden/testgraphsdk/exec/Context.kt:42	out-of-scope	ticket_plan.yaml:648-658	none mapped	unrepresented	out_of_scope_lexical_inventory		INFERRED exact-path scope; source not read
340	lexical hit not semantically classified: * Wall-clock budget for one attempt, parsed once from	specs/.history/modular-fuzzing-epic/ticket-003-MF-011/ticket/results/testgraph-specWorkflow/cleanup-failure-probe-test-graph/build-logic/src/main/kotlin/com/hayden/testgraphsdk/exec/Executors.kt:40	out-of-scope	ticket_plan.yaml:648-658	none mapped	unrepresented	out_of_scope_lexical_inventory		INFERRED exact-path scope; source not read
341	lexical hit not semantically classified: * Outcome of one execution attempt. Kept as a sealed type so	specs/.history/modular-fuzzing-epic/ticket-003-MF-011/ticket/results/testgraph-specWorkflow/cleanup-failure-probe-test-graph/build-logic/src/main/kotlin/com/hayden/testgraphsdk/exec/Executors.kt:50	out-of-scope	ticket_plan.yaml:648-658	none mapped	unrepresented	out_of_scope_lexical_inventory		INFERRED exact-path scope; source not read
342	"lexical hit not semantically classified: * `PlanExecutor` can distinguish ""timed out → maybe retry"" from"	specs/.history/modular-fuzzing-epic/ticket-003-MF-011/ticket/results/testgraph-specWorkflow/cleanup-failure-probe-test-graph/build-logic/src/main/kotlin/com/hayden/testgraphsdk/exec/Executors.kt:51	out-of-scope	ticket_plan.yaml:648-658	none mapped	unrepresented	out_of_scope_lexical_inventory		INFERRED exact-path scope; source not read
343	"lexical hit not semantically classified: * --result-out"". A non-zero exit code is NOT a retry trigger — only a"	specs/.history/modular-fuzzing-epic/ticket-003-MF-011/ticket/results/testgraph-specWorkflow/cleanup-failure-probe-test-graph/build-logic/src/main/kotlin/com/hayden/testgraphsdk/exec/Executors.kt:53	out-of-scope	ticket_plan.yaml:648-658	none mapped	unrepresented	out_of_scope_lexical_inventory		INFERRED exact-path scope; source not read
344	lexical hit not semantically classified: // log file on retry).	specs/.history/modular-fuzzing-epic/ticket-003-MF-011/ticket/results/testgraph-specWorkflow/cleanup-failure-probe-test-graph/build-logic/src/main/kotlin/com/hayden/testgraphsdk/exec/Executors.kt:112	out-of-scope	ticket_plan.yaml:648-658	none mapped	unrepresented	out_of_scope_lexical_inventory		INFERRED exact-path scope; source not read
345	lexical hit not semantically classified: continue	specs/.history/modular-fuzzing-epic/ticket-003-MF-011/ticket/results/testgraph-specWorkflow/cleanup-failure-probe-test-graph/build-logic/src/main/kotlin/com/hayden/testgraphsdk/exec/PlanExecutor.kt:70	out-of-scope	ticket_plan.yaml:648-658	none mapped	unrepresented	out_of_scope_lexical_inventory		INFERRED exact-path scope; source not read
346	lexical hit not semantically classified: for (attempt in 1..maxAttempts) {	specs/.history/modular-fuzzing-epic/ticket-003-MF-011/ticket/results/testgraph-specWorkflow/cleanup-failure-probe-test-graph/build-logic/src/main/kotlin/com/hayden/testgraphsdk/exec/PlanExecutor.kt:140	out-of-scope	ticket_plan.yaml:648-658	none mapped	unrepresented	out_of_scope_lexical_inventory		INFERRED exact-path scope; source not read
347	lexical hit not semantically classified: if (attempt > 1) {	specs/.history/modular-fuzzing-epic/ticket-003-MF-011/ticket/results/testgraph-specWorkflow/cleanup-failure-probe-test-graph/build-logic/src/main/kotlin/com/hayden/testgraphsdk/exec/PlanExecutor.kt:141	out-of-scope	ticket_plan.yaml:648-658	none mapped	unrepresented	out_of_scope_lexical_inventory		INFERRED exact-path scope; source not read
348	"lexical hit not semantically classified: ""    retry ${attempt - 1}/${spec.retries} after timeout — "" +"	specs/.history/modular-fuzzing-epic/ticket-003-MF-011/ticket/results/testgraph-specWorkflow/cleanup-failure-probe-test-graph/build-logic/src/main/kotlin/com/hayden/testgraphsdk/exec/PlanExecutor.kt:143	out-of-scope	ticket_plan.yaml:648-658	none mapped	unrepresented	out_of_scope_lexical_inventory		INFERRED exact-path scope; source not read
349	"lexical hit not semantically classified: ""previous attempt exceeded ${spec.timeout}"""	specs/.history/modular-fuzzing-epic/ticket-003-MF-011/ticket/results/testgraph-specWorkflow/cleanup-failure-probe-test-graph/build-logic/src/main/kotlin/com/hayden/testgraphsdk/exec/PlanExecutor.kt:144	out-of-scope	ticket_plan.yaml:648-658	none mapped	unrepresented	out_of_scope_lexical_inventory		INFERRED exact-path scope; source not read
350	"lexical hit not semantically classified: // attempt (or from a stale earlier run). The ""did the SDK"	specs/.history/modular-fuzzing-epic/ticket-003-MF-011/ticket/results/testgraph-specWorkflow/cleanup-failure-probe-test-graph/build-logic/src/main/kotlin/com/hayden/testgraphsdk/exec/PlanExecutor.kt:148	out-of-scope	ticket_plan.yaml:648-658	none mapped	unrepresented	out_of_scope_lexical_inventory		INFERRED exact-path scope; source not read
351	lexical hit not semantically classified: val a = item as? Map<*, *> ?: continue	specs/.history/modular-fuzzing-epic/ticket-003-MF-011/ticket/results/testgraph-specWorkflow/cleanup-failure-probe-test-graph/build-logic/src/main/kotlin/com/hayden/testgraphsdk/tasks/RunReportWriter.kt:207	out-of-scope	ticket_plan.yaml:648-658	none mapped	unrepresented	out_of_scope_lexical_inventory		INFERRED exact-path scope; source not read
352	lexical hit not semantically classified: val p = item as? Map<*, *> ?: continue	specs/.history/modular-fuzzing-epic/ticket-003-MF-011/ticket/results/testgraph-specWorkflow/cleanup-failure-probe-test-graph/build-logic/src/main/kotlin/com/hayden/testgraphsdk/tasks/RunReportWriter.kt:231	out-of-scope	ticket_plan.yaml:648-658	none mapped	unrepresented	out_of_scope_lexical_inventory		INFERRED exact-path scope; source not read
353	lexical hit not semantically classified: val a = item as? Map<*, *> ?: continue	specs/.history/modular-fuzzing-epic/ticket-003-MF-011/ticket/results/testgraph-specWorkflow/cleanup-failure-probe-test-graph/build-logic/src/main/kotlin/com/hayden/testgraphsdk/tasks/RunReportWriter.kt:256	out-of-scope	ticket_plan.yaml:648-658	none mapped	unrepresented	out_of_scope_lexical_inventory		INFERRED exact-path scope; source not read
354	"lexical hit not semantically classified: val path = a[""path""] as? String ?: continue"	specs/.history/modular-fuzzing-epic/ticket-003-MF-011/ticket/results/testgraph-specWorkflow/cleanup-failure-probe-test-graph/build-logic/src/main/kotlin/com/hayden/testgraphsdk/tasks/RunReportWriter.kt:258	out-of-scope	ticket_plan.yaml:648-658	none mapped	unrepresented	out_of_scope_lexical_inventory		INFERRED exact-path scope; source not read
355	"lexical hit not semantically classified: if (!raw.startsWith(""--"")) continue;"	specs/.history/modular-fuzzing-epic/ticket-003-MF-011/ticket/results/testgraph-specWorkflow/cleanup-failure-probe-test-graph/sdk/java/src/main/java/com/hayden/testgraphsdk/sdk/NodeContext.java:45	out-of-scope	ticket_plan.yaml:648-658	none mapped	unrepresented	out_of_scope_lexical_inventory		INFERRED exact-path scope; source not read
356	lexical hit not semantically classified: if (eq < 0) continue;	specs/.history/modular-fuzzing-epic/ticket-003-MF-011/ticket/results/testgraph-specWorkflow/cleanup-failure-probe-test-graph/sdk/java/src/main/java/com/hayden/testgraphsdk/sdk/NodeContext.java:47	out-of-scope	ticket_plan.yaml:648-658	none mapped	unrepresented	out_of_scope_lexical_inventory		INFERRED exact-path scope; source not read
357	lexical hit not semantically classified: * non-timeout exit code) is final on the first attempt.	specs/.history/modular-fuzzing-epic/ticket-003-MF-011/ticket/results/testgraph-specWorkflow/cleanup-failure-probe-test-graph/sdk/java/src/main/java/com/hayden/testgraphsdk/sdk/NodeSpec.java:59	out-of-scope	ticket_plan.yaml:648-658	none mapped	unrepresented	out_of_scope_lexical_inventory		INFERRED exact-path scope; source not read
358	lexical hit not semantically classified: * affordance exposed after a completed node attempt.	specs/.history/modular-fuzzing-epic/ticket-003-MF-011/ticket/results/testgraph-specWorkflow/cleanup-failure-probe-test-graph/sdk/java/src/main/java/com/hayden/testgraphsdk/sdk/NodeSpec.java:72	out-of-scope	ticket_plan.yaml:648-658	none mapped	unrepresented	out_of_scope_lexical_inventory		INFERRED exact-path scope; source not read
359	lexical hit not semantically classified: continue	specs/.history/modular-fuzzing-epic/ticket-003-MF-011/ticket/results/testgraph-specWorkflow/cleanup-failure-probe-test-graph/sdk/python/src/testgraphsdk/context.py:39	out-of-scope	ticket_plan.yaml:648-658	none mapped	unrepresented	out_of_scope_lexical_inventory		INFERRED exact-path scope; source not read
360	lexical hit not semantically classified: orphaned state on retry. Triggers only on timeout, never on a	specs/.history/modular-fuzzing-epic/ticket-003-MF-011/ticket/results/testgraph-specWorkflow/cleanup-failure-probe-test-graph/sdk/python/src/testgraphsdk/node_spec.py:58	out-of-scope	ticket_plan.yaml:648-658	none mapped	unrepresented	out_of_scope_lexical_inventory		INFERRED exact-path scope; source not read
361	lexical hit not semantically classified: if (id in nodes) continue	specs/.history/modular-fuzzing-epic/ticket-005-MF-014/results/graph-specWorkflow/cleanup-failure-probe-test-graph/build-logic/src/main/kotlin/com/hayden/testgraphsdk/GraphAssembler.kt:55	out-of-scope	ticket_plan.yaml:648-658	none mapped	unrepresented	out_of_scope_lexical_inventory		INFERRED exact-path scope; source not read
362	lexical hit not semantically classified: if (dir.isEmpty()) continue	specs/.history/modular-fuzzing-epic/ticket-005-MF-014/results/graph-specWorkflow/cleanup-failure-probe-test-graph/build-logic/src/main/kotlin/com/hayden/testgraphsdk/Toolchain.kt:106	out-of-scope	ticket_plan.yaml:648-658	none mapped	unrepresented	out_of_scope_lexical_inventory		INFERRED exact-path scope; source not read
363	lexical hit not semantically classified: * `failed`/`errored` is final on the first attempt. Authors opt in	specs/.history/modular-fuzzing-epic/ticket-005-MF-014/results/graph-specWorkflow/cleanup-failure-probe-test-graph/build-logic/src/main/kotlin/com/hayden/testgraphsdk/ValidationNodeSpec.kt:21	out-of-scope	ticket_plan.yaml:648-658	none mapped	unrepresented	out_of_scope_lexical_inventory		INFERRED exact-path scope; source not read
364	lexical hit not semantically classified: * input context snapshot captured before the selected node's prior attempt.	specs/.history/modular-fuzzing-epic/ticket-005-MF-014/results/graph-specWorkflow/cleanup-failure-probe-test-graph/build-logic/src/main/kotlin/com/hayden/testgraphsdk/exec/Context.kt:42	out-of-scope	ticket_plan.yaml:648-658	none mapped	unrepresented	out_of_scope_lexical_inventory		INFERRED exact-path scope; source not read
365	lexical hit not semantically classified: * Wall-clock budget for one attempt, parsed once from	specs/.history/modular-fuzzing-epic/ticket-005-MF-014/results/graph-specWorkflow/cleanup-failure-probe-test-graph/build-logic/src/main/kotlin/com/hayden/testgraphsdk/exec/Executors.kt:40	out-of-scope	ticket_plan.yaml:648-658	none mapped	unrepresented	out_of_scope_lexical_inventory		INFERRED exact-path scope; source not read
366	lexical hit not semantically classified: * Outcome of one execution attempt. Kept as a sealed type so	specs/.history/modular-fuzzing-epic/ticket-005-MF-014/results/graph-specWorkflow/cleanup-failure-probe-test-graph/build-logic/src/main/kotlin/com/hayden/testgraphsdk/exec/Executors.kt:50	out-of-scope	ticket_plan.yaml:648-658	none mapped	unrepresented	out_of_scope_lexical_inventory		INFERRED exact-path scope; source not read
367	"lexical hit not semantically classified: * `PlanExecutor` can distinguish ""timed out → maybe retry"" from"	specs/.history/modular-fuzzing-epic/ticket-005-MF-014/results/graph-specWorkflow/cleanup-failure-probe-test-graph/build-logic/src/main/kotlin/com/hayden/testgraphsdk/exec/Executors.kt:51	out-of-scope	ticket_plan.yaml:648-658	none mapped	unrepresented	out_of_scope_lexical_inventory		INFERRED exact-path scope; source not read
368	"lexical hit not semantically classified: * --result-out"". A non-zero exit code is NOT a retry trigger — only a"	specs/.history/modular-fuzzing-epic/ticket-005-MF-014/results/graph-specWorkflow/cleanup-failure-probe-test-graph/build-logic/src/main/kotlin/com/hayden/testgraphsdk/exec/Executors.kt:53	out-of-scope	ticket_plan.yaml:648-658	none mapped	unrepresented	out_of_scope_lexical_inventory		INFERRED exact-path scope; source not read
369	lexical hit not semantically classified: // log file on retry).	specs/.history/modular-fuzzing-epic/ticket-005-MF-014/results/graph-specWorkflow/cleanup-failure-probe-test-graph/build-logic/src/main/kotlin/com/hayden/testgraphsdk/exec/Executors.kt:112	out-of-scope	ticket_plan.yaml:648-658	none mapped	unrepresented	out_of_scope_lexical_inventory		INFERRED exact-path scope; source not read
370	lexical hit not semantically classified: continue	specs/.history/modular-fuzzing-epic/ticket-005-MF-014/results/graph-specWorkflow/cleanup-failure-probe-test-graph/build-logic/src/main/kotlin/com/hayden/testgraphsdk/exec/PlanExecutor.kt:70	out-of-scope	ticket_plan.yaml:648-658	none mapped	unrepresented	out_of_scope_lexical_inventory		INFERRED exact-path scope; source not read
371	lexical hit not semantically classified: for (attempt in 1..maxAttempts) {	specs/.history/modular-fuzzing-epic/ticket-005-MF-014/results/graph-specWorkflow/cleanup-failure-probe-test-graph/build-logic/src/main/kotlin/com/hayden/testgraphsdk/exec/PlanExecutor.kt:140	out-of-scope	ticket_plan.yaml:648-658	none mapped	unrepresented	out_of_scope_lexical_inventory		INFERRED exact-path scope; source not read
372	lexical hit not semantically classified: if (attempt > 1) {	specs/.history/modular-fuzzing-epic/ticket-005-MF-014/results/graph-specWorkflow/cleanup-failure-probe-test-graph/build-logic/src/main/kotlin/com/hayden/testgraphsdk/exec/PlanExecutor.kt:141	out-of-scope	ticket_plan.yaml:648-658	none mapped	unrepresented	out_of_scope_lexical_inventory		INFERRED exact-path scope; source not read
373	"lexical hit not semantically classified: ""    retry ${attempt - 1}/${spec.retries} after timeout — "" +"	specs/.history/modular-fuzzing-epic/ticket-005-MF-014/results/graph-specWorkflow/cleanup-failure-probe-test-graph/build-logic/src/main/kotlin/com/hayden/testgraphsdk/exec/PlanExecutor.kt:143	out-of-scope	ticket_plan.yaml:648-658	none mapped	unrepresented	out_of_scope_lexical_inventory		INFERRED exact-path scope; source not read
374	"lexical hit not semantically classified: ""previous attempt exceeded ${spec.timeout}"""	specs/.history/modular-fuzzing-epic/ticket-005-MF-014/results/graph-specWorkflow/cleanup-failure-probe-test-graph/build-logic/src/main/kotlin/com/hayden/testgraphsdk/exec/PlanExecutor.kt:144	out-of-scope	ticket_plan.yaml:648-658	none mapped	unrepresented	out_of_scope_lexical_inventory		INFERRED exact-path scope; source not read
375	"lexical hit not semantically classified: // attempt (or from a stale earlier run). The ""did the SDK"	specs/.history/modular-fuzzing-epic/ticket-005-MF-014/results/graph-specWorkflow/cleanup-failure-probe-test-graph/build-logic/src/main/kotlin/com/hayden/testgraphsdk/exec/PlanExecutor.kt:148	out-of-scope	ticket_plan.yaml:648-658	none mapped	unrepresented	out_of_scope_lexical_inventory		INFERRED exact-path scope; source not read
376	lexical hit not semantically classified: val a = item as? Map<*, *> ?: continue	specs/.history/modular-fuzzing-epic/ticket-005-MF-014/results/graph-specWorkflow/cleanup-failure-probe-test-graph/build-logic/src/main/kotlin/com/hayden/testgraphsdk/tasks/RunReportWriter.kt:207	out-of-scope	ticket_plan.yaml:648-658	none mapped	unrepresented	out_of_scope_lexical_inventory		INFERRED exact-path scope; source not read
377	lexical hit not semantically classified: val p = item as? Map<*, *> ?: continue	specs/.history/modular-fuzzing-epic/ticket-005-MF-014/results/graph-specWorkflow/cleanup-failure-probe-test-graph/build-logic/src/main/kotlin/com/hayden/testgraphsdk/tasks/RunReportWriter.kt:231	out-of-scope	ticket_plan.yaml:648-658	none mapped	unrepresented	out_of_scope_lexical_inventory		INFERRED exact-path scope; source not read
378	lexical hit not semantically classified: val a = item as? Map<*, *> ?: continue	specs/.history/modular-fuzzing-epic/ticket-005-MF-014/results/graph-specWorkflow/cleanup-failure-probe-test-graph/build-logic/src/main/kotlin/com/hayden/testgraphsdk/tasks/RunReportWriter.kt:256	out-of-scope	ticket_plan.yaml:648-658	none mapped	unrepresented	out_of_scope_lexical_inventory		INFERRED exact-path scope; source not read
379	"lexical hit not semantically classified: val path = a[""path""] as? String ?: continue"	specs/.history/modular-fuzzing-epic/ticket-005-MF-014/results/graph-specWorkflow/cleanup-failure-probe-test-graph/build-logic/src/main/kotlin/com/hayden/testgraphsdk/tasks/RunReportWriter.kt:258	out-of-scope	ticket_plan.yaml:648-658	none mapped	unrepresented	out_of_scope_lexical_inventory		INFERRED exact-path scope; source not read
380	"lexical hit not semantically classified: if (!raw.startsWith(""--"")) continue;"	specs/.history/modular-fuzzing-epic/ticket-005-MF-014/results/graph-specWorkflow/cleanup-failure-probe-test-graph/sdk/java/src/main/java/com/hayden/testgraphsdk/sdk/NodeContext.java:45	out-of-scope	ticket_plan.yaml:648-658	none mapped	unrepresented	out_of_scope_lexical_inventory		INFERRED exact-path scope; source not read
381	lexical hit not semantically classified: if (eq < 0) continue;	specs/.history/modular-fuzzing-epic/ticket-005-MF-014/results/graph-specWorkflow/cleanup-failure-probe-test-graph/sdk/java/src/main/java/com/hayden/testgraphsdk/sdk/NodeContext.java:47	out-of-scope	ticket_plan.yaml:648-658	none mapped	unrepresented	out_of_scope_lexical_inventory		INFERRED exact-path scope; source not read
382	lexical hit not semantically classified: * non-timeout exit code) is final on the first attempt.	specs/.history/modular-fuzzing-epic/ticket-005-MF-014/results/graph-specWorkflow/cleanup-failure-probe-test-graph/sdk/java/src/main/java/com/hayden/testgraphsdk/sdk/NodeSpec.java:59	out-of-scope	ticket_plan.yaml:648-658	none mapped	unrepresented	out_of_scope_lexical_inventory		INFERRED exact-path scope; source not read
383	lexical hit not semantically classified: * affordance exposed after a completed node attempt.	specs/.history/modular-fuzzing-epic/ticket-005-MF-014/results/graph-specWorkflow/cleanup-failure-probe-test-graph/sdk/java/src/main/java/com/hayden/testgraphsdk/sdk/NodeSpec.java:72	out-of-scope	ticket_plan.yaml:648-658	none mapped	unrepresented	out_of_scope_lexical_inventory		INFERRED exact-path scope; source not read
384	lexical hit not semantically classified: continue	specs/.history/modular-fuzzing-epic/ticket-005-MF-014/results/graph-specWorkflow/cleanup-failure-probe-test-graph/sdk/python/src/testgraphsdk/context.py:39	out-of-scope	ticket_plan.yaml:648-658	none mapped	unrepresented	out_of_scope_lexical_inventory		INFERRED exact-path scope; source not read
385	lexical hit not semantically classified: orphaned state on retry. Triggers only on timeout, never on a	specs/.history/modular-fuzzing-epic/ticket-005-MF-014/results/graph-specWorkflow/cleanup-failure-probe-test-graph/sdk/python/src/testgraphsdk/node_spec.py:58	out-of-scope	ticket_plan.yaml:648-658	none mapped	unrepresented	out_of_scope_lexical_inventory		INFERRED exact-path scope; source not read
386	lexical hit not semantically classified: if (id in nodes) continue	specs/.history/modular-fuzzing-epic/ticket-005-MF-014/ticket/results/graph-specWorkflow/cleanup-failure-probe-test-graph/build-logic/src/main/kotlin/com/hayden/testgraphsdk/GraphAssembler.kt:55	out-of-scope	ticket_plan.yaml:648-658	none mapped	unrepresented	out_of_scope_lexical_inventory		INFERRED exact-path scope; source not read
387	lexical hit not semantically classified: if (dir.isEmpty()) continue	specs/.history/modular-fuzzing-epic/ticket-005-MF-014/ticket/results/graph-specWorkflow/cleanup-failure-probe-test-graph/build-logic/src/main/kotlin/com/hayden/testgraphsdk/Toolchain.kt:106	out-of-scope	ticket_plan.yaml:648-658	none mapped	unrepresented	out_of_scope_lexical_inventory		INFERRED exact-path scope; source not read
388	lexical hit not semantically classified: * `failed`/`errored` is final on the first attempt. Authors opt in	specs/.history/modular-fuzzing-epic/ticket-005-MF-014/ticket/results/graph-specWorkflow/cleanup-failure-probe-test-graph/build-logic/src/main/kotlin/com/hayden/testgraphsdk/ValidationNodeSpec.kt:21	out-of-scope	ticket_plan.yaml:648-658	none mapped	unrepresented	out_of_scope_lexical_inventory		INFERRED exact-path scope; source not read
389	lexical hit not semantically classified: * input context snapshot captured before the selected node's prior attempt.	specs/.history/modular-fuzzing-epic/ticket-005-MF-014/ticket/results/graph-specWorkflow/cleanup-failure-probe-test-graph/build-logic/src/main/kotlin/com/hayden/testgraphsdk/exec/Context.kt:42	out-of-scope	ticket_plan.yaml:648-658	none mapped	unrepresented	out_of_scope_lexical_inventory		INFERRED exact-path scope; source not read
390	lexical hit not semantically classified: * Wall-clock budget for one attempt, parsed once from	specs/.history/modular-fuzzing-epic/ticket-005-MF-014/ticket/results/graph-specWorkflow/cleanup-failure-probe-test-graph/build-logic/src/main/kotlin/com/hayden/testgraphsdk/exec/Executors.kt:40	out-of-scope	ticket_plan.yaml:648-658	none mapped	unrepresented	out_of_scope_lexical_inventory		INFERRED exact-path scope; source not read
391	lexical hit not semantically classified: * Outcome of one execution attempt. Kept as a sealed type so	specs/.history/modular-fuzzing-epic/ticket-005-MF-014/ticket/results/graph-specWorkflow/cleanup-failure-probe-test-graph/build-logic/src/main/kotlin/com/hayden/testgraphsdk/exec/Executors.kt:50	out-of-scope	ticket_plan.yaml:648-658	none mapped	unrepresented	out_of_scope_lexical_inventory		INFERRED exact-path scope; source not read
392	"lexical hit not semantically classified: * `PlanExecutor` can distinguish ""timed out → maybe retry"" from"	specs/.history/modular-fuzzing-epic/ticket-005-MF-014/ticket/results/graph-specWorkflow/cleanup-failure-probe-test-graph/build-logic/src/main/kotlin/com/hayden/testgraphsdk/exec/Executors.kt:51	out-of-scope	ticket_plan.yaml:648-658	none mapped	unrepresented	out_of_scope_lexical_inventory		INFERRED exact-path scope; source not read
393	"lexical hit not semantically classified: * --result-out"". A non-zero exit code is NOT a retry trigger — only a"	specs/.history/modular-fuzzing-epic/ticket-005-MF-014/ticket/results/graph-specWorkflow/cleanup-failure-probe-test-graph/build-logic/src/main/kotlin/com/hayden/testgraphsdk/exec/Executors.kt:53	out-of-scope	ticket_plan.yaml:648-658	none mapped	unrepresented	out_of_scope_lexical_inventory		INFERRED exact-path scope; source not read
394	lexical hit not semantically classified: // log file on retry).	specs/.history/modular-fuzzing-epic/ticket-005-MF-014/ticket/results/graph-specWorkflow/cleanup-failure-probe-test-graph/build-logic/src/main/kotlin/com/hayden/testgraphsdk/exec/Executors.kt:112	out-of-scope	ticket_plan.yaml:648-658	none mapped	unrepresented	out_of_scope_lexical_inventory		INFERRED exact-path scope; source not read
395	lexical hit not semantically classified: continue	specs/.history/modular-fuzzing-epic/ticket-005-MF-014/ticket/results/graph-specWorkflow/cleanup-failure-probe-test-graph/build-logic/src/main/kotlin/com/hayden/testgraphsdk/exec/PlanExecutor.kt:70	out-of-scope	ticket_plan.yaml:648-658	none mapped	unrepresented	out_of_scope_lexical_inventory		INFERRED exact-path scope; source not read
396	lexical hit not semantically classified: for (attempt in 1..maxAttempts) {	specs/.history/modular-fuzzing-epic/ticket-005-MF-014/ticket/results/graph-specWorkflow/cleanup-failure-probe-test-graph/build-logic/src/main/kotlin/com/hayden/testgraphsdk/exec/PlanExecutor.kt:140	out-of-scope	ticket_plan.yaml:648-658	none mapped	unrepresented	out_of_scope_lexical_inventory		INFERRED exact-path scope; source not read
397	lexical hit not semantically classified: if (attempt > 1) {	specs/.history/modular-fuzzing-epic/ticket-005-MF-014/ticket/results/graph-specWorkflow/cleanup-failure-probe-test-graph/build-logic/src/main/kotlin/com/hayden/testgraphsdk/exec/PlanExecutor.kt:141	out-of-scope	ticket_plan.yaml:648-658	none mapped	unrepresented	out_of_scope_lexical_inventory		INFERRED exact-path scope; source not read
398	"lexical hit not semantically classified: ""    retry ${attempt - 1}/${spec.retries} after timeout — "" +"	specs/.history/modular-fuzzing-epic/ticket-005-MF-014/ticket/results/graph-specWorkflow/cleanup-failure-probe-test-graph/build-logic/src/main/kotlin/com/hayden/testgraphsdk/exec/PlanExecutor.kt:143	out-of-scope	ticket_plan.yaml:648-658	none mapped	unrepresented	out_of_scope_lexical_inventory		INFERRED exact-path scope; source not read
399	"lexical hit not semantically classified: ""previous attempt exceeded ${spec.timeout}"""	specs/.history/modular-fuzzing-epic/ticket-005-MF-014/ticket/results/graph-specWorkflow/cleanup-failure-probe-test-graph/build-logic/src/main/kotlin/com/hayden/testgraphsdk/exec/PlanExecutor.kt:144	out-of-scope	ticket_plan.yaml:648-658	none mapped	unrepresented	out_of_scope_lexical_inventory		INFERRED exact-path scope; source not read
400	"lexical hit not semantically classified: // attempt (or from a stale earlier run). The ""did the SDK"	specs/.history/modular-fuzzing-epic/ticket-005-MF-014/ticket/results/graph-specWorkflow/cleanup-failure-probe-test-graph/build-logic/src/main/kotlin/com/hayden/testgraphsdk/exec/PlanExecutor.kt:148	out-of-scope	ticket_plan.yaml:648-658	none mapped	unrepresented	out_of_scope_lexical_inventory		INFERRED exact-path scope; source not read
401	lexical hit not semantically classified: val a = item as? Map<*, *> ?: continue	specs/.history/modular-fuzzing-epic/ticket-005-MF-014/ticket/results/graph-specWorkflow/cleanup-failure-probe-test-graph/build-logic/src/main/kotlin/com/hayden/testgraphsdk/tasks/RunReportWriter.kt:207	out-of-scope	ticket_plan.yaml:648-658	none mapped	unrepresented	out_of_scope_lexical_inventory		INFERRED exact-path scope; source not read
402	lexical hit not semantically classified: val p = item as? Map<*, *> ?: continue	specs/.history/modular-fuzzing-epic/ticket-005-MF-014/ticket/results/graph-specWorkflow/cleanup-failure-probe-test-graph/build-logic/src/main/kotlin/com/hayden/testgraphsdk/tasks/RunReportWriter.kt:231	out-of-scope	ticket_plan.yaml:648-658	none mapped	unrepresented	out_of_scope_lexical_inventory		INFERRED exact-path scope; source not read
403	lexical hit not semantically classified: val a = item as? Map<*, *> ?: continue	specs/.history/modular-fuzzing-epic/ticket-005-MF-014/ticket/results/graph-specWorkflow/cleanup-failure-probe-test-graph/build-logic/src/main/kotlin/com/hayden/testgraphsdk/tasks/RunReportWriter.kt:256	out-of-scope	ticket_plan.yaml:648-658	none mapped	unrepresented	out_of_scope_lexical_inventory		INFERRED exact-path scope; source not read
404	"lexical hit not semantically classified: val path = a[""path""] as? String ?: continue"	specs/.history/modular-fuzzing-epic/ticket-005-MF-014/ticket/results/graph-specWorkflow/cleanup-failure-probe-test-graph/build-logic/src/main/kotlin/com/hayden/testgraphsdk/tasks/RunReportWriter.kt:258	out-of-scope	ticket_plan.yaml:648-658	none mapped	unrepresented	out_of_scope_lexical_inventory		INFERRED exact-path scope; source not read
405	"lexical hit not semantically classified: if (!raw.startsWith(""--"")) continue;"	specs/.history/modular-fuzzing-epic/ticket-005-MF-014/ticket/results/graph-specWorkflow/cleanup-failure-probe-test-graph/sdk/java/src/main/java/com/hayden/testgraphsdk/sdk/NodeContext.java:45	out-of-scope	ticket_plan.yaml:648-658	none mapped	unrepresented	out_of_scope_lexical_inventory		INFERRED exact-path scope; source not read
406	lexical hit not semantically classified: if (eq < 0) continue;	specs/.history/modular-fuzzing-epic/ticket-005-MF-014/ticket/results/graph-specWorkflow/cleanup-failure-probe-test-graph/sdk/java/src/main/java/com/hayden/testgraphsdk/sdk/NodeContext.java:47	out-of-scope	ticket_plan.yaml:648-658	none mapped	unrepresented	out_of_scope_lexical_inventory		INFERRED exact-path scope; source not read
407	lexical hit not semantically classified: * non-timeout exit code) is final on the first attempt.	specs/.history/modular-fuzzing-epic/ticket-005-MF-014/ticket/results/graph-specWorkflow/cleanup-failure-probe-test-graph/sdk/java/src/main/java/com/hayden/testgraphsdk/sdk/NodeSpec.java:59	out-of-scope	ticket_plan.yaml:648-658	none mapped	unrepresented	out_of_scope_lexical_inventory		INFERRED exact-path scope; source not read
408	lexical hit not semantically classified: * affordance exposed after a completed node attempt.	specs/.history/modular-fuzzing-epic/ticket-005-MF-014/ticket/results/graph-specWorkflow/cleanup-failure-probe-test-graph/sdk/java/src/main/java/com/hayden/testgraphsdk/sdk/NodeSpec.java:72	out-of-scope	ticket_plan.yaml:648-658	none mapped	unrepresented	out_of_scope_lexical_inventory		INFERRED exact-path scope; source not read
409	lexical hit not semantically classified: continue	specs/.history/modular-fuzzing-epic/ticket-005-MF-014/ticket/results/graph-specWorkflow/cleanup-failure-probe-test-graph/sdk/python/src/testgraphsdk/context.py:39	out-of-scope	ticket_plan.yaml:648-658	none mapped	unrepresented	out_of_scope_lexical_inventory		INFERRED exact-path scope; source not read
410	lexical hit not semantically classified: orphaned state on retry. Triggers only on timeout, never on a	specs/.history/modular-fuzzing-epic/ticket-005-MF-014/ticket/results/graph-specWorkflow/cleanup-failure-probe-test-graph/sdk/python/src/testgraphsdk/node_spec.py:58	out-of-scope	ticket_plan.yaml:648-658	none mapped	unrepresented	out_of_scope_lexical_inventory		INFERRED exact-path scope; source not read
411	lexical hit not semantically classified: if (id in nodes) continue	specs/.history/modular-fuzzing-epic/ticket-006-MF-013/results/specWorkflow-report-post-promotion/cleanup-failure-probe-test-graph/build-logic/src/main/kotlin/com/hayden/testgraphsdk/GraphAssembler.kt:55	out-of-scope	ticket_plan.yaml:648-658	none mapped	unrepresented	out_of_scope_lexical_inventory		INFERRED exact-path scope; source not read
412	lexical hit not semantically classified: if (dir.isEmpty()) continue	specs/.history/modular-fuzzing-epic/ticket-006-MF-013/results/specWorkflow-report-post-promotion/cleanup-failure-probe-test-graph/build-logic/src/main/kotlin/com/hayden/testgraphsdk/Toolchain.kt:106	out-of-scope	ticket_plan.yaml:648-658	none mapped	unrepresented	out_of_scope_lexical_inventory		INFERRED exact-path scope; source not read
413	lexical hit not semantically classified: * `failed`/`errored` is final on the first attempt. Authors opt in	specs/.history/modular-fuzzing-epic/ticket-006-MF-013/results/specWorkflow-report-post-promotion/cleanup-failure-probe-test-graph/build-logic/src/main/kotlin/com/hayden/testgraphsdk/ValidationNodeSpec.kt:21	out-of-scope	ticket_plan.yaml:648-658	none mapped	unrepresented	out_of_scope_lexical_inventory		INFERRED exact-path scope; source not read
414	lexical hit not semantically classified: * input context snapshot captured before the selected node's prior attempt.	specs/.history/modular-fuzzing-epic/ticket-006-MF-013/results/specWorkflow-report-post-promotion/cleanup-failure-probe-test-graph/build-logic/src/main/kotlin/com/hayden/testgraphsdk/exec/Context.kt:42	out-of-scope	ticket_plan.yaml:648-658	none mapped	unrepresented	out_of_scope_lexical_inventory		INFERRED exact-path scope; source not read
415	lexical hit not semantically classified: * Wall-clock budget for one attempt, parsed once from	specs/.history/modular-fuzzing-epic/ticket-006-MF-013/results/specWorkflow-report-post-promotion/cleanup-failure-probe-test-graph/build-logic/src/main/kotlin/com/hayden/testgraphsdk/exec/Executors.kt:40	out-of-scope	ticket_plan.yaml:648-658	none mapped	unrepresented	out_of_scope_lexical_inventory		INFERRED exact-path scope; source not read
416	lexical hit not semantically classified: * Outcome of one execution attempt. Kept as a sealed type so	specs/.history/modular-fuzzing-epic/ticket-006-MF-013/results/specWorkflow-report-post-promotion/cleanup-failure-probe-test-graph/build-logic/src/main/kotlin/com/hayden/testgraphsdk/exec/Executors.kt:50	out-of-scope	ticket_plan.yaml:648-658	none mapped	unrepresented	out_of_scope_lexical_inventory		INFERRED exact-path scope; source not read
417	"lexical hit not semantically classified: * `PlanExecutor` can distinguish ""timed out → maybe retry"" from"	specs/.history/modular-fuzzing-epic/ticket-006-MF-013/results/specWorkflow-report-post-promotion/cleanup-failure-probe-test-graph/build-logic/src/main/kotlin/com/hayden/testgraphsdk/exec/Executors.kt:51	out-of-scope	ticket_plan.yaml:648-658	none mapped	unrepresented	out_of_scope_lexical_inventory		INFERRED exact-path scope; source not read
418	"lexical hit not semantically classified: * --result-out"". A non-zero exit code is NOT a retry trigger — only a"	specs/.history/modular-fuzzing-epic/ticket-006-MF-013/results/specWorkflow-report-post-promotion/cleanup-failure-probe-test-graph/build-logic/src/main/kotlin/com/hayden/testgraphsdk/exec/Executors.kt:53	out-of-scope	ticket_plan.yaml:648-658	none mapped	unrepresented	out_of_scope_lexical_inventory		INFERRED exact-path scope; source not read
419	lexical hit not semantically classified: // log file on retry).	specs/.history/modular-fuzzing-epic/ticket-006-MF-013/results/specWorkflow-report-post-promotion/cleanup-failure-probe-test-graph/build-logic/src/main/kotlin/com/hayden/testgraphsdk/exec/Executors.kt:112	out-of-scope	ticket_plan.yaml:648-658	none mapped	unrepresented	out_of_scope_lexical_inventory		INFERRED exact-path scope; source not read
420	lexical hit not semantically classified: continue	specs/.history/modular-fuzzing-epic/ticket-006-MF-013/results/specWorkflow-report-post-promotion/cleanup-failure-probe-test-graph/build-logic/src/main/kotlin/com/hayden/testgraphsdk/exec/PlanExecutor.kt:70	out-of-scope	ticket_plan.yaml:648-658	none mapped	unrepresented	out_of_scope_lexical_inventory		INFERRED exact-path scope; source not read
421	lexical hit not semantically classified: for (attempt in 1..maxAttempts) {	specs/.history/modular-fuzzing-epic/ticket-006-MF-013/results/specWorkflow-report-post-promotion/cleanup-failure-probe-test-graph/build-logic/src/main/kotlin/com/hayden/testgraphsdk/exec/PlanExecutor.kt:140	out-of-scope	ticket_plan.yaml:648-658	none mapped	unrepresented	out_of_scope_lexical_inventory		INFERRED exact-path scope; source not read
422	lexical hit not semantically classified: if (attempt > 1) {	specs/.history/modular-fuzzing-epic/ticket-006-MF-013/results/specWorkflow-report-post-promotion/cleanup-failure-probe-test-graph/build-logic/src/main/kotlin/com/hayden/testgraphsdk/exec/PlanExecutor.kt:141	out-of-scope	ticket_plan.yaml:648-658	none mapped	unrepresented	out_of_scope_lexical_inventory		INFERRED exact-path scope; source not read
423	"lexical hit not semantically classified: ""    retry ${attempt - 1}/${spec.retries} after timeout — "" +"	specs/.history/modular-fuzzing-epic/ticket-006-MF-013/results/specWorkflow-report-post-promotion/cleanup-failure-probe-test-graph/build-logic/src/main/kotlin/com/hayden/testgraphsdk/exec/PlanExecutor.kt:143	out-of-scope	ticket_plan.yaml:648-658	none mapped	unrepresented	out_of_scope_lexical_inventory		INFERRED exact-path scope; source not read
424	"lexical hit not semantically classified: ""previous attempt exceeded ${spec.timeout}"""	specs/.history/modular-fuzzing-epic/ticket-006-MF-013/results/specWorkflow-report-post-promotion/cleanup-failure-probe-test-graph/build-logic/src/main/kotlin/com/hayden/testgraphsdk/exec/PlanExecutor.kt:144	out-of-scope	ticket_plan.yaml:648-658	none mapped	unrepresented	out_of_scope_lexical_inventory		INFERRED exact-path scope; source not read
425	"lexical hit not semantically classified: // attempt (or from a stale earlier run). The ""did the SDK"	specs/.history/modular-fuzzing-epic/ticket-006-MF-013/results/specWorkflow-report-post-promotion/cleanup-failure-probe-test-graph/build-logic/src/main/kotlin/com/hayden/testgraphsdk/exec/PlanExecutor.kt:148	out-of-scope	ticket_plan.yaml:648-658	none mapped	unrepresented	out_of_scope_lexical_inventory		INFERRED exact-path scope; source not read
426	lexical hit not semantically classified: val a = item as? Map<*, *> ?: continue	specs/.history/modular-fuzzing-epic/ticket-006-MF-013/results/specWorkflow-report-post-promotion/cleanup-failure-probe-test-graph/build-logic/src/main/kotlin/com/hayden/testgraphsdk/tasks/RunReportWriter.kt:207	out-of-scope	ticket_plan.yaml:648-658	none mapped	unrepresented	out_of_scope_lexical_inventory		INFERRED exact-path scope; source not read
427	lexical hit not semantically classified: val p = item as? Map<*, *> ?: continue	specs/.history/modular-fuzzing-epic/ticket-006-MF-013/results/specWorkflow-report-post-promotion/cleanup-failure-probe-test-graph/build-logic/src/main/kotlin/com/hayden/testgraphsdk/tasks/RunReportWriter.kt:231	out-of-scope	ticket_plan.yaml:648-658	none mapped	unrepresented	out_of_scope_lexical_inventory		INFERRED exact-path scope; source not read
428	lexical hit not semantically classified: val a = item as? Map<*, *> ?: continue	specs/.history/modular-fuzzing-epic/ticket-006-MF-013/results/specWorkflow-report-post-promotion/cleanup-failure-probe-test-graph/build-logic/src/main/kotlin/com/hayden/testgraphsdk/tasks/RunReportWriter.kt:256	out-of-scope	ticket_plan.yaml:648-658	none mapped	unrepresented	out_of_scope_lexical_inventory		INFERRED exact-path scope; source not read
429	"lexical hit not semantically classified: val path = a[""path""] as? String ?: continue"	specs/.history/modular-fuzzing-epic/ticket-006-MF-013/results/specWorkflow-report-post-promotion/cleanup-failure-probe-test-graph/build-logic/src/main/kotlin/com/hayden/testgraphsdk/tasks/RunReportWriter.kt:258	out-of-scope	ticket_plan.yaml:648-658	none mapped	unrepresented	out_of_scope_lexical_inventory		INFERRED exact-path scope; source not read
430	"lexical hit not semantically classified: if (!raw.startsWith(""--"")) continue;"	specs/.history/modular-fuzzing-epic/ticket-006-MF-013/results/specWorkflow-report-post-promotion/cleanup-failure-probe-test-graph/sdk/java/src/main/java/com/hayden/testgraphsdk/sdk/NodeContext.java:45	out-of-scope	ticket_plan.yaml:648-658	none mapped	unrepresented	out_of_scope_lexical_inventory		INFERRED exact-path scope; source not read
431	lexical hit not semantically classified: if (eq < 0) continue;	specs/.history/modular-fuzzing-epic/ticket-006-MF-013/results/specWorkflow-report-post-promotion/cleanup-failure-probe-test-graph/sdk/java/src/main/java/com/hayden/testgraphsdk/sdk/NodeContext.java:47	out-of-scope	ticket_plan.yaml:648-658	none mapped	unrepresented	out_of_scope_lexical_inventory		INFERRED exact-path scope; source not read
432	lexical hit not semantically classified: * non-timeout exit code) is final on the first attempt.	specs/.history/modular-fuzzing-epic/ticket-006-MF-013/results/specWorkflow-report-post-promotion/cleanup-failure-probe-test-graph/sdk/java/src/main/java/com/hayden/testgraphsdk/sdk/NodeSpec.java:59	out-of-scope	ticket_plan.yaml:648-658	none mapped	unrepresented	out_of_scope_lexical_inventory		INFERRED exact-path scope; source not read
433	lexical hit not semantically classified: * affordance exposed after a completed node attempt.	specs/.history/modular-fuzzing-epic/ticket-006-MF-013/results/specWorkflow-report-post-promotion/cleanup-failure-probe-test-graph/sdk/java/src/main/java/com/hayden/testgraphsdk/sdk/NodeSpec.java:72	out-of-scope	ticket_plan.yaml:648-658	none mapped	unrepresented	out_of_scope_lexical_inventory		INFERRED exact-path scope; source not read
434	lexical hit not semantically classified: continue	specs/.history/modular-fuzzing-epic/ticket-006-MF-013/results/specWorkflow-report-post-promotion/cleanup-failure-probe-test-graph/sdk/python/src/testgraphsdk/context.py:39	out-of-scope	ticket_plan.yaml:648-658	none mapped	unrepresented	out_of_scope_lexical_inventory		INFERRED exact-path scope; source not read
435	lexical hit not semantically classified: orphaned state on retry. Triggers only on timeout, never on a	specs/.history/modular-fuzzing-epic/ticket-006-MF-013/results/specWorkflow-report-post-promotion/cleanup-failure-probe-test-graph/sdk/python/src/testgraphsdk/node_spec.py:58	out-of-scope	ticket_plan.yaml:648-658	none mapped	unrepresented	out_of_scope_lexical_inventory		INFERRED exact-path scope; source not read
436	lexical hit not semantically classified: if (id in nodes) continue	specs/.history/modular-fuzzing-epic/ticket-006-MF-013/results/specWorkflow-report/cleanup-failure-probe-test-graph/build-logic/src/main/kotlin/com/hayden/testgraphsdk/GraphAssembler.kt:55	out-of-scope	ticket_plan.yaml:648-658	none mapped	unrepresented	out_of_scope_lexical_inventory		INFERRED exact-path scope; source not read
437	lexical hit not semantically classified: if (dir.isEmpty()) continue	specs/.history/modular-fuzzing-epic/ticket-006-MF-013/results/specWorkflow-report/cleanup-failure-probe-test-graph/build-logic/src/main/kotlin/com/hayden/testgraphsdk/Toolchain.kt:106	out-of-scope	ticket_plan.yaml:648-658	none mapped	unrepresented	out_of_scope_lexical_inventory		INFERRED exact-path scope; source not read
438	lexical hit not semantically classified: * `failed`/`errored` is final on the first attempt. Authors opt in	specs/.history/modular-fuzzing-epic/ticket-006-MF-013/results/specWorkflow-report/cleanup-failure-probe-test-graph/build-logic/src/main/kotlin/com/hayden/testgraphsdk/ValidationNodeSpec.kt:21	out-of-scope	ticket_plan.yaml:648-658	none mapped	unrepresented	out_of_scope_lexical_inventory		INFERRED exact-path scope; source not read
439	lexical hit not semantically classified: * input context snapshot captured before the selected node's prior attempt.	specs/.history/modular-fuzzing-epic/ticket-006-MF-013/results/specWorkflow-report/cleanup-failure-probe-test-graph/build-logic/src/main/kotlin/com/hayden/testgraphsdk/exec/Context.kt:42	out-of-scope	ticket_plan.yaml:648-658	none mapped	unrepresented	out_of_scope_lexical_inventory		INFERRED exact-path scope; source not read
440	lexical hit not semantically classified: * Wall-clock budget for one attempt, parsed once from	specs/.history/modular-fuzzing-epic/ticket-006-MF-013/results/specWorkflow-report/cleanup-failure-probe-test-graph/build-logic/src/main/kotlin/com/hayden/testgraphsdk/exec/Executors.kt:40	out-of-scope	ticket_plan.yaml:648-658	none mapped	unrepresented	out_of_scope_lexical_inventory		INFERRED exact-path scope; source not read
441	lexical hit not semantically classified: * Outcome of one execution attempt. Kept as a sealed type so	specs/.history/modular-fuzzing-epic/ticket-006-MF-013/results/specWorkflow-report/cleanup-failure-probe-test-graph/build-logic/src/main/kotlin/com/hayden/testgraphsdk/exec/Executors.kt:50	out-of-scope	ticket_plan.yaml:648-658	none mapped	unrepresented	out_of_scope_lexical_inventory		INFERRED exact-path scope; source not read
442	"lexical hit not semantically classified: * `PlanExecutor` can distinguish ""timed out → maybe retry"" from"	specs/.history/modular-fuzzing-epic/ticket-006-MF-013/results/specWorkflow-report/cleanup-failure-probe-test-graph/build-logic/src/main/kotlin/com/hayden/testgraphsdk/exec/Executors.kt:51	out-of-scope	ticket_plan.yaml:648-658	none mapped	unrepresented	out_of_scope_lexical_inventory		INFERRED exact-path scope; source not read
443	"lexical hit not semantically classified: * --result-out"". A non-zero exit code is NOT a retry trigger — only a"	specs/.history/modular-fuzzing-epic/ticket-006-MF-013/results/specWorkflow-report/cleanup-failure-probe-test-graph/build-logic/src/main/kotlin/com/hayden/testgraphsdk/exec/Executors.kt:53	out-of-scope	ticket_plan.yaml:648-658	none mapped	unrepresented	out_of_scope_lexical_inventory		INFERRED exact-path scope; source not read
444	lexical hit not semantically classified: // log file on retry).	specs/.history/modular-fuzzing-epic/ticket-006-MF-013/results/specWorkflow-report/cleanup-failure-probe-test-graph/build-logic/src/main/kotlin/com/hayden/testgraphsdk/exec/Executors.kt:112	out-of-scope	ticket_plan.yaml:648-658	none mapped	unrepresented	out_of_scope_lexical_inventory		INFERRED exact-path scope; source not read
445	lexical hit not semantically classified: continue	specs/.history/modular-fuzzing-epic/ticket-006-MF-013/results/specWorkflow-report/cleanup-failure-probe-test-graph/build-logic/src/main/kotlin/com/hayden/testgraphsdk/exec/PlanExecutor.kt:70	out-of-scope	ticket_plan.yaml:648-658	none mapped	unrepresented	out_of_scope_lexical_inventory		INFERRED exact-path scope; source not read
446	lexical hit not semantically classified: for (attempt in 1..maxAttempts) {	specs/.history/modular-fuzzing-epic/ticket-006-MF-013/results/specWorkflow-report/cleanup-failure-probe-test-graph/build-logic/src/main/kotlin/com/hayden/testgraphsdk/exec/PlanExecutor.kt:140	out-of-scope	ticket_plan.yaml:648-658	none mapped	unrepresented	out_of_scope_lexical_inventory		INFERRED exact-path scope; source not read
447	lexical hit not semantically classified: if (attempt > 1) {	specs/.history/modular-fuzzing-epic/ticket-006-MF-013/results/specWorkflow-report/cleanup-failure-probe-test-graph/build-logic/src/main/kotlin/com/hayden/testgraphsdk/exec/PlanExecutor.kt:141	out-of-scope	ticket_plan.yaml:648-658	none mapped	unrepresented	out_of_scope_lexical_inventory		INFERRED exact-path scope; source not read
448	"lexical hit not semantically classified: ""    retry ${attempt - 1}/${spec.retries} after timeout — "" +"	specs/.history/modular-fuzzing-epic/ticket-006-MF-013/results/specWorkflow-report/cleanup-failure-probe-test-graph/build-logic/src/main/kotlin/com/hayden/testgraphsdk/exec/PlanExecutor.kt:143	out-of-scope	ticket_plan.yaml:648-658	none mapped	unrepresented	out_of_scope_lexical_inventory		INFERRED exact-path scope; source not read
449	"lexical hit not semantically classified: ""previous attempt exceeded ${spec.timeout}"""	specs/.history/modular-fuzzing-epic/ticket-006-MF-013/results/specWorkflow-report/cleanup-failure-probe-test-graph/build-logic/src/main/kotlin/com/hayden/testgraphsdk/exec/PlanExecutor.kt:144	out-of-scope	ticket_plan.yaml:648-658	none mapped	unrepresented	out_of_scope_lexical_inventory		INFERRED exact-path scope; source not read
450	"lexical hit not semantically classified: // attempt (or from a stale earlier run). The ""did the SDK"	specs/.history/modular-fuzzing-epic/ticket-006-MF-013/results/specWorkflow-report/cleanup-failure-probe-test-graph/build-logic/src/main/kotlin/com/hayden/testgraphsdk/exec/PlanExecutor.kt:148	out-of-scope	ticket_plan.yaml:648-658	none mapped	unrepresented	out_of_scope_lexical_inventory		INFERRED exact-path scope; source not read
451	lexical hit not semantically classified: val a = item as? Map<*, *> ?: continue	specs/.history/modular-fuzzing-epic/ticket-006-MF-013/results/specWorkflow-report/cleanup-failure-probe-test-graph/build-logic/src/main/kotlin/com/hayden/testgraphsdk/tasks/RunReportWriter.kt:207	out-of-scope	ticket_plan.yaml:648-658	none mapped	unrepresented	out_of_scope_lexical_inventory		INFERRED exact-path scope; source not read
452	lexical hit not semantically classified: val p = item as? Map<*, *> ?: continue	specs/.history/modular-fuzzing-epic/ticket-006-MF-013/results/specWorkflow-report/cleanup-failure-probe-test-graph/build-logic/src/main/kotlin/com/hayden/testgraphsdk/tasks/RunReportWriter.kt:231	out-of-scope	ticket_plan.yaml:648-658	none mapped	unrepresented	out_of_scope_lexical_inventory		INFERRED exact-path scope; source not read
453	lexical hit not semantically classified: val a = item as? Map<*, *> ?: continue	specs/.history/modular-fuzzing-epic/ticket-006-MF-013/results/specWorkflow-report/cleanup-failure-probe-test-graph/build-logic/src/main/kotlin/com/hayden/testgraphsdk/tasks/RunReportWriter.kt:256	out-of-scope	ticket_plan.yaml:648-658	none mapped	unrepresented	out_of_scope_lexical_inventory		INFERRED exact-path scope; source not read
454	"lexical hit not semantically classified: val path = a[""path""] as? String ?: continue"	specs/.history/modular-fuzzing-epic/ticket-006-MF-013/results/specWorkflow-report/cleanup-failure-probe-test-graph/build-logic/src/main/kotlin/com/hayden/testgraphsdk/tasks/RunReportWriter.kt:258	out-of-scope	ticket_plan.yaml:648-658	none mapped	unrepresented	out_of_scope_lexical_inventory		INFERRED exact-path scope; source not read
455	"lexical hit not semantically classified: if (!raw.startsWith(""--"")) continue;"	specs/.history/modular-fuzzing-epic/ticket-006-MF-013/results/specWorkflow-report/cleanup-failure-probe-test-graph/sdk/java/src/main/java/com/hayden/testgraphsdk/sdk/NodeContext.java:45	out-of-scope	ticket_plan.yaml:648-658	none mapped	unrepresented	out_of_scope_lexical_inventory		INFERRED exact-path scope; source not read
456	lexical hit not semantically classified: if (eq < 0) continue;	specs/.history/modular-fuzzing-epic/ticket-006-MF-013/results/specWorkflow-report/cleanup-failure-probe-test-graph/sdk/java/src/main/java/com/hayden/testgraphsdk/sdk/NodeContext.java:47	out-of-scope	ticket_plan.yaml:648-658	none mapped	unrepresented	out_of_scope_lexical_inventory		INFERRED exact-path scope; source not read
457	lexical hit not semantically classified: * non-timeout exit code) is final on the first attempt.	specs/.history/modular-fuzzing-epic/ticket-006-MF-013/results/specWorkflow-report/cleanup-failure-probe-test-graph/sdk/java/src/main/java/com/hayden/testgraphsdk/sdk/NodeSpec.java:59	out-of-scope	ticket_plan.yaml:648-658	none mapped	unrepresented	out_of_scope_lexical_inventory		INFERRED exact-path scope; source not read
458	lexical hit not semantically classified: * affordance exposed after a completed node attempt.	specs/.history/modular-fuzzing-epic/ticket-006-MF-013/results/specWorkflow-report/cleanup-failure-probe-test-graph/sdk/java/src/main/java/com/hayden/testgraphsdk/sdk/NodeSpec.java:72	out-of-scope	ticket_plan.yaml:648-658	none mapped	unrepresented	out_of_scope_lexical_inventory		INFERRED exact-path scope; source not read
459	lexical hit not semantically classified: continue	specs/.history/modular-fuzzing-epic/ticket-006-MF-013/results/specWorkflow-report/cleanup-failure-probe-test-graph/sdk/python/src/testgraphsdk/context.py:39	out-of-scope	ticket_plan.yaml:648-658	none mapped	unrepresented	out_of_scope_lexical_inventory		INFERRED exact-path scope; source not read
460	lexical hit not semantically classified: orphaned state on retry. Triggers only on timeout, never on a	specs/.history/modular-fuzzing-epic/ticket-006-MF-013/results/specWorkflow-report/cleanup-failure-probe-test-graph/sdk/python/src/testgraphsdk/node_spec.py:58	out-of-scope	ticket_plan.yaml:648-658	none mapped	unrepresented	out_of_scope_lexical_inventory		INFERRED exact-path scope; source not read
461	lexical hit not semantically classified: if (id in nodes) continue	specs/.history/modular-fuzzing-epic/ticket-006-MF-013/ticket/results/specWorkflow-report/cleanup-failure-probe-test-graph/build-logic/src/main/kotlin/com/hayden/testgraphsdk/GraphAssembler.kt:55	out-of-scope	ticket_plan.yaml:648-658	none mapped	unrepresented	out_of_scope_lexical_inventory		INFERRED exact-path scope; source not read
462	lexical hit not semantically classified: if (dir.isEmpty()) continue	specs/.history/modular-fuzzing-epic/ticket-006-MF-013/ticket/results/specWorkflow-report/cleanup-failure-probe-test-graph/build-logic/src/main/kotlin/com/hayden/testgraphsdk/Toolchain.kt:106	out-of-scope	ticket_plan.yaml:648-658	none mapped	unrepresented	out_of_scope_lexical_inventory		INFERRED exact-path scope; source not read
463	lexical hit not semantically classified: * `failed`/`errored` is final on the first attempt. Authors opt in	specs/.history/modular-fuzzing-epic/ticket-006-MF-013/ticket/results/specWorkflow-report/cleanup-failure-probe-test-graph/build-logic/src/main/kotlin/com/hayden/testgraphsdk/ValidationNodeSpec.kt:21	out-of-scope	ticket_plan.yaml:648-658	none mapped	unrepresented	out_of_scope_lexical_inventory		INFERRED exact-path scope; source not read
464	lexical hit not semantically classified: * input context snapshot captured before the selected node's prior attempt.	specs/.history/modular-fuzzing-epic/ticket-006-MF-013/ticket/results/specWorkflow-report/cleanup-failure-probe-test-graph/build-logic/src/main/kotlin/com/hayden/testgraphsdk/exec/Context.kt:42	out-of-scope	ticket_plan.yaml:648-658	none mapped	unrepresented	out_of_scope_lexical_inventory		INFERRED exact-path scope; source not read
465	lexical hit not semantically classified: * Wall-clock budget for one attempt, parsed once from	specs/.history/modular-fuzzing-epic/ticket-006-MF-013/ticket/results/specWorkflow-report/cleanup-failure-probe-test-graph/build-logic/src/main/kotlin/com/hayden/testgraphsdk/exec/Executors.kt:40	out-of-scope	ticket_plan.yaml:648-658	none mapped	unrepresented	out_of_scope_lexical_inventory		INFERRED exact-path scope; source not read
466	lexical hit not semantically classified: * Outcome of one execution attempt. Kept as a sealed type so	specs/.history/modular-fuzzing-epic/ticket-006-MF-013/ticket/results/specWorkflow-report/cleanup-failure-probe-test-graph/build-logic/src/main/kotlin/com/hayden/testgraphsdk/exec/Executors.kt:50	out-of-scope	ticket_plan.yaml:648-658	none mapped	unrepresented	out_of_scope_lexical_inventory		INFERRED exact-path scope; source not read
467	"lexical hit not semantically classified: * `PlanExecutor` can distinguish ""timed out → maybe retry"" from"	specs/.history/modular-fuzzing-epic/ticket-006-MF-013/ticket/results/specWorkflow-report/cleanup-failure-probe-test-graph/build-logic/src/main/kotlin/com/hayden/testgraphsdk/exec/Executors.kt:51	out-of-scope	ticket_plan.yaml:648-658	none mapped	unrepresented	out_of_scope_lexical_inventory		INFERRED exact-path scope; source not read
468	"lexical hit not semantically classified: * --result-out"". A non-zero exit code is NOT a retry trigger — only a"	specs/.history/modular-fuzzing-epic/ticket-006-MF-013/ticket/results/specWorkflow-report/cleanup-failure-probe-test-graph/build-logic/src/main/kotlin/com/hayden/testgraphsdk/exec/Executors.kt:53	out-of-scope	ticket_plan.yaml:648-658	none mapped	unrepresented	out_of_scope_lexical_inventory		INFERRED exact-path scope; source not read
469	lexical hit not semantically classified: // log file on retry).	specs/.history/modular-fuzzing-epic/ticket-006-MF-013/ticket/results/specWorkflow-report/cleanup-failure-probe-test-graph/build-logic/src/main/kotlin/com/hayden/testgraphsdk/exec/Executors.kt:112	out-of-scope	ticket_plan.yaml:648-658	none mapped	unrepresented	out_of_scope_lexical_inventory		INFERRED exact-path scope; source not read
470	lexical hit not semantically classified: continue	specs/.history/modular-fuzzing-epic/ticket-006-MF-013/ticket/results/specWorkflow-report/cleanup-failure-probe-test-graph/build-logic/src/main/kotlin/com/hayden/testgraphsdk/exec/PlanExecutor.kt:70	out-of-scope	ticket_plan.yaml:648-658	none mapped	unrepresented	out_of_scope_lexical_inventory		INFERRED exact-path scope; source not read
471	lexical hit not semantically classified: for (attempt in 1..maxAttempts) {	specs/.history/modular-fuzzing-epic/ticket-006-MF-013/ticket/results/specWorkflow-report/cleanup-failure-probe-test-graph/build-logic/src/main/kotlin/com/hayden/testgraphsdk/exec/PlanExecutor.kt:140	out-of-scope	ticket_plan.yaml:648-658	none mapped	unrepresented	out_of_scope_lexical_inventory		INFERRED exact-path scope; source not read
472	lexical hit not semantically classified: if (attempt > 1) {	specs/.history/modular-fuzzing-epic/ticket-006-MF-013/ticket/results/specWorkflow-report/cleanup-failure-probe-test-graph/build-logic/src/main/kotlin/com/hayden/testgraphsdk/exec/PlanExecutor.kt:141	out-of-scope	ticket_plan.yaml:648-658	none mapped	unrepresented	out_of_scope_lexical_inventory		INFERRED exact-path scope; source not read
473	"lexical hit not semantically classified: ""    retry ${attempt - 1}/${spec.retries} after timeout — "" +"	specs/.history/modular-fuzzing-epic/ticket-006-MF-013/ticket/results/specWorkflow-report/cleanup-failure-probe-test-graph/build-logic/src/main/kotlin/com/hayden/testgraphsdk/exec/PlanExecutor.kt:143	out-of-scope	ticket_plan.yaml:648-658	none mapped	unrepresented	out_of_scope_lexical_inventory		INFERRED exact-path scope; source not read
474	"lexical hit not semantically classified: ""previous attempt exceeded ${spec.timeout}"""	specs/.history/modular-fuzzing-epic/ticket-006-MF-013/ticket/results/specWorkflow-report/cleanup-failure-probe-test-graph/build-logic/src/main/kotlin/com/hayden/testgraphsdk/exec/PlanExecutor.kt:144	out-of-scope	ticket_plan.yaml:648-658	none mapped	unrepresented	out_of_scope_lexical_inventory		INFERRED exact-path scope; source not read
475	"lexical hit not semantically classified: // attempt (or from a stale earlier run). The ""did the SDK"	specs/.history/modular-fuzzing-epic/ticket-006-MF-013/ticket/results/specWorkflow-report/cleanup-failure-probe-test-graph/build-logic/src/main/kotlin/com/hayden/testgraphsdk/exec/PlanExecutor.kt:148	out-of-scope	ticket_plan.yaml:648-658	none mapped	unrepresented	out_of_scope_lexical_inventory		INFERRED exact-path scope; source not read
476	lexical hit not semantically classified: val a = item as? Map<*, *> ?: continue	specs/.history/modular-fuzzing-epic/ticket-006-MF-013/ticket/results/specWorkflow-report/cleanup-failure-probe-test-graph/build-logic/src/main/kotlin/com/hayden/testgraphsdk/tasks/RunReportWriter.kt:207	out-of-scope	ticket_plan.yaml:648-658	none mapped	unrepresented	out_of_scope_lexical_inventory		INFERRED exact-path scope; source not read
477	lexical hit not semantically classified: val p = item as? Map<*, *> ?: continue	specs/.history/modular-fuzzing-epic/ticket-006-MF-013/ticket/results/specWorkflow-report/cleanup-failure-probe-test-graph/build-logic/src/main/kotlin/com/hayden/testgraphsdk/tasks/RunReportWriter.kt:231	out-of-scope	ticket_plan.yaml:648-658	none mapped	unrepresented	out_of_scope_lexical_inventory		INFERRED exact-path scope; source not read
478	lexical hit not semantically classified: val a = item as? Map<*, *> ?: continue	specs/.history/modular-fuzzing-epic/ticket-006-MF-013/ticket/results/specWorkflow-report/cleanup-failure-probe-test-graph/build-logic/src/main/kotlin/com/hayden/testgraphsdk/tasks/RunReportWriter.kt:256	out-of-scope	ticket_plan.yaml:648-658	none mapped	unrepresented	out_of_scope_lexical_inventory		INFERRED exact-path scope; source not read
479	"lexical hit not semantically classified: val path = a[""path""] as? String ?: continue"	specs/.history/modular-fuzzing-epic/ticket-006-MF-013/ticket/results/specWorkflow-report/cleanup-failure-probe-test-graph/build-logic/src/main/kotlin/com/hayden/testgraphsdk/tasks/RunReportWriter.kt:258	out-of-scope	ticket_plan.yaml:648-658	none mapped	unrepresented	out_of_scope_lexical_inventory		INFERRED exact-path scope; source not read
480	"lexical hit not semantically classified: if (!raw.startsWith(""--"")) continue;"	specs/.history/modular-fuzzing-epic/ticket-006-MF-013/ticket/results/specWorkflow-report/cleanup-failure-probe-test-graph/sdk/java/src/main/java/com/hayden/testgraphsdk/sdk/NodeContext.java:45	out-of-scope	ticket_plan.yaml:648-658	none mapped	unrepresented	out_of_scope_lexical_inventory		INFERRED exact-path scope; source not read
481	lexical hit not semantically classified: if (eq < 0) continue;	specs/.history/modular-fuzzing-epic/ticket-006-MF-013/ticket/results/specWorkflow-report/cleanup-failure-probe-test-graph/sdk/java/src/main/java/com/hayden/testgraphsdk/sdk/NodeContext.java:47	out-of-scope	ticket_plan.yaml:648-658	none mapped	unrepresented	out_of_scope_lexical_inventory		INFERRED exact-path scope; source not read
482	lexical hit not semantically classified: * non-timeout exit code) is final on the first attempt.	specs/.history/modular-fuzzing-epic/ticket-006-MF-013/ticket/results/specWorkflow-report/cleanup-failure-probe-test-graph/sdk/java/src/main/java/com/hayden/testgraphsdk/sdk/NodeSpec.java:59	out-of-scope	ticket_plan.yaml:648-658	none mapped	unrepresented	out_of_scope_lexical_inventory		INFERRED exact-path scope; source not read
483	lexical hit not semantically classified: * affordance exposed after a completed node attempt.	specs/.history/modular-fuzzing-epic/ticket-006-MF-013/ticket/results/specWorkflow-report/cleanup-failure-probe-test-graph/sdk/java/src/main/java/com/hayden/testgraphsdk/sdk/NodeSpec.java:72	out-of-scope	ticket_plan.yaml:648-658	none mapped	unrepresented	out_of_scope_lexical_inventory		INFERRED exact-path scope; source not read
484	lexical hit not semantically classified: continue	specs/.history/modular-fuzzing-epic/ticket-006-MF-013/ticket/results/specWorkflow-report/cleanup-failure-probe-test-graph/sdk/python/src/testgraphsdk/context.py:39	out-of-scope	ticket_plan.yaml:648-658	none mapped	unrepresented	out_of_scope_lexical_inventory		INFERRED exact-path scope; source not read
485	lexical hit not semantically classified: orphaned state on retry. Triggers only on timeout, never on a	specs/.history/modular-fuzzing-epic/ticket-006-MF-013/ticket/results/specWorkflow-report/cleanup-failure-probe-test-graph/sdk/python/src/testgraphsdk/node_spec.py:58	out-of-scope	ticket_plan.yaml:648-658	none mapped	unrepresented	out_of_scope_lexical_inventory		INFERRED exact-path scope; source not read
486	lexical hit not semantically classified: if (id in nodes) continue	specs/.history/modular-fuzzing-epic/ticket-007-MF-025/results/testgraph-specWorkflow/cleanup-failure-probe-test-graph/build-logic/src/main/kotlin/com/hayden/testgraphsdk/GraphAssembler.kt:55	out-of-scope	ticket_plan.yaml:648-658	none mapped	unrepresented	out_of_scope_lexical_inventory		INFERRED exact-path scope; source not read
487	lexical hit not semantically classified: if (dir.isEmpty()) continue	specs/.history/modular-fuzzing-epic/ticket-007-MF-025/results/testgraph-specWorkflow/cleanup-failure-probe-test-graph/build-logic/src/main/kotlin/com/hayden/testgraphsdk/Toolchain.kt:106	out-of-scope	ticket_plan.yaml:648-658	none mapped	unrepresented	out_of_scope_lexical_inventory		INFERRED exact-path scope; source not read
488	lexical hit not semantically classified: * `failed`/`errored` is final on the first attempt. Authors opt in	specs/.history/modular-fuzzing-epic/ticket-007-MF-025/results/testgraph-specWorkflow/cleanup-failure-probe-test-graph/build-logic/src/main/kotlin/com/hayden/testgraphsdk/ValidationNodeSpec.kt:21	out-of-scope	ticket_plan.yaml:648-658	none mapped	unrepresented	out_of_scope_lexical_inventory		INFERRED exact-path scope; source not read
489	lexical hit not semantically classified: * input context snapshot captured before the selected node's prior attempt.	specs/.history/modular-fuzzing-epic/ticket-007-MF-025/results/testgraph-specWorkflow/cleanup-failure-probe-test-graph/build-logic/src/main/kotlin/com/hayden/testgraphsdk/exec/Context.kt:42	out-of-scope	ticket_plan.yaml:648-658	none mapped	unrepresented	out_of_scope_lexical_inventory		INFERRED exact-path scope; source not read
490	lexical hit not semantically classified: * Wall-clock budget for one attempt, parsed once from	specs/.history/modular-fuzzing-epic/ticket-007-MF-025/results/testgraph-specWorkflow/cleanup-failure-probe-test-graph/build-logic/src/main/kotlin/com/hayden/testgraphsdk/exec/Executors.kt:40	out-of-scope	ticket_plan.yaml:648-658	none mapped	unrepresented	out_of_scope_lexical_inventory		INFERRED exact-path scope; source not read
491	lexical hit not semantically classified: * Outcome of one execution attempt. Kept as a sealed type so	specs/.history/modular-fuzzing-epic/ticket-007-MF-025/results/testgraph-specWorkflow/cleanup-failure-probe-test-graph/build-logic/src/main/kotlin/com/hayden/testgraphsdk/exec/Executors.kt:50	out-of-scope	ticket_plan.yaml:648-658	none mapped	unrepresented	out_of_scope_lexical_inventory		INFERRED exact-path scope; source not read
492	"lexical hit not semantically classified: * `PlanExecutor` can distinguish ""timed out → maybe retry"" from"	specs/.history/modular-fuzzing-epic/ticket-007-MF-025/results/testgraph-specWorkflow/cleanup-failure-probe-test-graph/build-logic/src/main/kotlin/com/hayden/testgraphsdk/exec/Executors.kt:51	out-of-scope	ticket_plan.yaml:648-658	none mapped	unrepresented	out_of_scope_lexical_inventory		INFERRED exact-path scope; source not read
493	"lexical hit not semantically classified: * --result-out"". A non-zero exit code is NOT a retry trigger — only a"	specs/.history/modular-fuzzing-epic/ticket-007-MF-025/results/testgraph-specWorkflow/cleanup-failure-probe-test-graph/build-logic/src/main/kotlin/com/hayden/testgraphsdk/exec/Executors.kt:53	out-of-scope	ticket_plan.yaml:648-658	none mapped	unrepresented	out_of_scope_lexical_inventory		INFERRED exact-path scope; source not read
494	lexical hit not semantically classified: // log file on retry).	specs/.history/modular-fuzzing-epic/ticket-007-MF-025/results/testgraph-specWorkflow/cleanup-failure-probe-test-graph/build-logic/src/main/kotlin/com/hayden/testgraphsdk/exec/Executors.kt:112	out-of-scope	ticket_plan.yaml:648-658	none mapped	unrepresented	out_of_scope_lexical_inventory		INFERRED exact-path scope; source not read
495	lexical hit not semantically classified: continue	specs/.history/modular-fuzzing-epic/ticket-007-MF-025/results/testgraph-specWorkflow/cleanup-failure-probe-test-graph/build-logic/src/main/kotlin/com/hayden/testgraphsdk/exec/PlanExecutor.kt:70	out-of-scope	ticket_plan.yaml:648-658	none mapped	unrepresented	out_of_scope_lexical_inventory		INFERRED exact-path scope; source not read
496	lexical hit not semantically classified: for (attempt in 1..maxAttempts) {	specs/.history/modular-fuzzing-epic/ticket-007-MF-025/results/testgraph-specWorkflow/cleanup-failure-probe-test-graph/build-logic/src/main/kotlin/com/hayden/testgraphsdk/exec/PlanExecutor.kt:140	out-of-scope	ticket_plan.yaml:648-658	none mapped	unrepresented	out_of_scope_lexical_inventory		INFERRED exact-path scope; source not read
497	lexical hit not semantically classified: if (attempt > 1) {	specs/.history/modular-fuzzing-epic/ticket-007-MF-025/results/testgraph-specWorkflow/cleanup-failure-probe-test-graph/build-logic/src/main/kotlin/com/hayden/testgraphsdk/exec/PlanExecutor.kt:141	out-of-scope	ticket_plan.yaml:648-658	none mapped	unrepresented	out_of_scope_lexical_inventory		INFERRED exact-path scope; source not read
498	"lexical hit not semantically classified: ""    retry ${attempt - 1}/${spec.retries} after timeout — "" +"	specs/.history/modular-fuzzing-epic/ticket-007-MF-025/results/testgraph-specWorkflow/cleanup-failure-probe-test-graph/build-logic/src/main/kotlin/com/hayden/testgraphsdk/exec/PlanExecutor.kt:143	out-of-scope	ticket_plan.yaml:648-658	none mapped	unrepresented	out_of_scope_lexical_inventory		INFERRED exact-path scope; source not read
499	"lexical hit not semantically classified: ""previous attempt exceeded ${spec.timeout}"""	specs/.history/modular-fuzzing-epic/ticket-007-MF-025/results/testgraph-specWorkflow/cleanup-failure-probe-test-graph/build-logic/src/main/kotlin/com/hayden/testgraphsdk/exec/PlanExecutor.kt:144	out-of-scope	ticket_plan.yaml:648-658	none mapped	unrepresented	out_of_scope_lexical_inventory		INFERRED exact-path scope; source not read
500	"lexical hit not semantically classified: // attempt (or from a stale earlier run). The ""did the SDK"	specs/.history/modular-fuzzing-epic/ticket-007-MF-025/results/testgraph-specWorkflow/cleanup-failure-probe-test-graph/build-logic/src/main/kotlin/com/hayden/testgraphsdk/exec/PlanExecutor.kt:148	out-of-scope	ticket_plan.yaml:648-658	none mapped	unrepresented	out_of_scope_lexical_inventory		INFERRED exact-path scope; source not read
501	lexical hit not semantically classified: val a = item as? Map<*, *> ?: continue	specs/.history/modular-fuzzing-epic/ticket-007-MF-025/results/testgraph-specWorkflow/cleanup-failure-probe-test-graph/build-logic/src/main/kotlin/com/hayden/testgraphsdk/tasks/RunReportWriter.kt:207	out-of-scope	ticket_plan.yaml:648-658	none mapped	unrepresented	out_of_scope_lexical_inventory		INFERRED exact-path scope; source not read
502	lexical hit not semantically classified: val p = item as? Map<*, *> ?: continue	specs/.history/modular-fuzzing-epic/ticket-007-MF-025/results/testgraph-specWorkflow/cleanup-failure-probe-test-graph/build-logic/src/main/kotlin/com/hayden/testgraphsdk/tasks/RunReportWriter.kt:231	out-of-scope	ticket_plan.yaml:648-658	none mapped	unrepresented	out_of_scope_lexical_inventory		INFERRED exact-path scope; source not read
503	lexical hit not semantically classified: val a = item as? Map<*, *> ?: continue	specs/.history/modular-fuzzing-epic/ticket-007-MF-025/results/testgraph-specWorkflow/cleanup-failure-probe-test-graph/build-logic/src/main/kotlin/com/hayden/testgraphsdk/tasks/RunReportWriter.kt:256	out-of-scope	ticket_plan.yaml:648-658	none mapped	unrepresented	out_of_scope_lexical_inventory		INFERRED exact-path scope; source not read
504	"lexical hit not semantically classified: val path = a[""path""] as? String ?: continue"	specs/.history/modular-fuzzing-epic/ticket-007-MF-025/results/testgraph-specWorkflow/cleanup-failure-probe-test-graph/build-logic/src/main/kotlin/com/hayden/testgraphsdk/tasks/RunReportWriter.kt:258	out-of-scope	ticket_plan.yaml:648-658	none mapped	unrepresented	out_of_scope_lexical_inventory		INFERRED exact-path scope; source not read
505	"lexical hit not semantically classified: if (!raw.startsWith(""--"")) continue;"	specs/.history/modular-fuzzing-epic/ticket-007-MF-025/results/testgraph-specWorkflow/cleanup-failure-probe-test-graph/sdk/java/src/main/java/com/hayden/testgraphsdk/sdk/NodeContext.java:45	out-of-scope	ticket_plan.yaml:648-658	none mapped	unrepresented	out_of_scope_lexical_inventory		INFERRED exact-path scope; source not read
506	lexical hit not semantically classified: if (eq < 0) continue;	specs/.history/modular-fuzzing-epic/ticket-007-MF-025/results/testgraph-specWorkflow/cleanup-failure-probe-test-graph/sdk/java/src/main/java/com/hayden/testgraphsdk/sdk/NodeContext.java:47	out-of-scope	ticket_plan.yaml:648-658	none mapped	unrepresented	out_of_scope_lexical_inventory		INFERRED exact-path scope; source not read
507	lexical hit not semantically classified: * non-timeout exit code) is final on the first attempt.	specs/.history/modular-fuzzing-epic/ticket-007-MF-025/results/testgraph-specWorkflow/cleanup-failure-probe-test-graph/sdk/java/src/main/java/com/hayden/testgraphsdk/sdk/NodeSpec.java:59	out-of-scope	ticket_plan.yaml:648-658	none mapped	unrepresented	out_of_scope_lexical_inventory		INFERRED exact-path scope; source not read
508	lexical hit not semantically classified: * affordance exposed after a completed node attempt.	specs/.history/modular-fuzzing-epic/ticket-007-MF-025/results/testgraph-specWorkflow/cleanup-failure-probe-test-graph/sdk/java/src/main/java/com/hayden/testgraphsdk/sdk/NodeSpec.java:72	out-of-scope	ticket_plan.yaml:648-658	none mapped	unrepresented	out_of_scope_lexical_inventory		INFERRED exact-path scope; source not read
509	lexical hit not semantically classified: continue	specs/.history/modular-fuzzing-epic/ticket-007-MF-025/results/testgraph-specWorkflow/cleanup-failure-probe-test-graph/sdk/python/src/testgraphsdk/context.py:39	out-of-scope	ticket_plan.yaml:648-658	none mapped	unrepresented	out_of_scope_lexical_inventory		INFERRED exact-path scope; source not read
510	lexical hit not semantically classified: orphaned state on retry. Triggers only on timeout, never on a	specs/.history/modular-fuzzing-epic/ticket-007-MF-025/results/testgraph-specWorkflow/cleanup-failure-probe-test-graph/sdk/python/src/testgraphsdk/node_spec.py:58	out-of-scope	ticket_plan.yaml:648-658	none mapped	unrepresented	out_of_scope_lexical_inventory		INFERRED exact-path scope; source not read
511	lexical hit not semantically classified: if (id in nodes) continue	specs/.history/modular-fuzzing-epic/ticket-007-MF-025/ticket/results/testgraph-specWorkflow/cleanup-failure-probe-test-graph/build-logic/src/main/kotlin/com/hayden/testgraphsdk/GraphAssembler.kt:55	out-of-scope	ticket_plan.yaml:648-658	none mapped	unrepresented	out_of_scope_lexical_inventory		INFERRED exact-path scope; source not read
512	lexical hit not semantically classified: if (dir.isEmpty()) continue	specs/.history/modular-fuzzing-epic/ticket-007-MF-025/ticket/results/testgraph-specWorkflow/cleanup-failure-probe-test-graph/build-logic/src/main/kotlin/com/hayden/testgraphsdk/Toolchain.kt:106	out-of-scope	ticket_plan.yaml:648-658	none mapped	unrepresented	out_of_scope_lexical_inventory		INFERRED exact-path scope; source not read
513	lexical hit not semantically classified: * `failed`/`errored` is final on the first attempt. Authors opt in	specs/.history/modular-fuzzing-epic/ticket-007-MF-025/ticket/results/testgraph-specWorkflow/cleanup-failure-probe-test-graph/build-logic/src/main/kotlin/com/hayden/testgraphsdk/ValidationNodeSpec.kt:21	out-of-scope	ticket_plan.yaml:648-658	none mapped	unrepresented	out_of_scope_lexical_inventory		INFERRED exact-path scope; source not read
514	lexical hit not semantically classified: * input context snapshot captured before the selected node's prior attempt.	specs/.history/modular-fuzzing-epic/ticket-007-MF-025/ticket/results/testgraph-specWorkflow/cleanup-failure-probe-test-graph/build-logic/src/main/kotlin/com/hayden/testgraphsdk/exec/Context.kt:42	out-of-scope	ticket_plan.yaml:648-658	none mapped	unrepresented	out_of_scope_lexical_inventory		INFERRED exact-path scope; source not read
515	lexical hit not semantically classified: * Wall-clock budget for one attempt, parsed once from	specs/.history/modular-fuzzing-epic/ticket-007-MF-025/ticket/results/testgraph-specWorkflow/cleanup-failure-probe-test-graph/build-logic/src/main/kotlin/com/hayden/testgraphsdk/exec/Executors.kt:40	out-of-scope	ticket_plan.yaml:648-658	none mapped	unrepresented	out_of_scope_lexical_inventory		INFERRED exact-path scope; source not read
516	lexical hit not semantically classified: * Outcome of one execution attempt. Kept as a sealed type so	specs/.history/modular-fuzzing-epic/ticket-007-MF-025/ticket/results/testgraph-specWorkflow/cleanup-failure-probe-test-graph/build-logic/src/main/kotlin/com/hayden/testgraphsdk/exec/Executors.kt:50	out-of-scope	ticket_plan.yaml:648-658	none mapped	unrepresented	out_of_scope_lexical_inventory		INFERRED exact-path scope; source not read
517	"lexical hit not semantically classified: * `PlanExecutor` can distinguish ""timed out → maybe retry"" from"	specs/.history/modular-fuzzing-epic/ticket-007-MF-025/ticket/results/testgraph-specWorkflow/cleanup-failure-probe-test-graph/build-logic/src/main/kotlin/com/hayden/testgraphsdk/exec/Executors.kt:51	out-of-scope	ticket_plan.yaml:648-658	none mapped	unrepresented	out_of_scope_lexical_inventory		INFERRED exact-path scope; source not read
518	"lexical hit not semantically classified: * --result-out"". A non-zero exit code is NOT a retry trigger — only a"	specs/.history/modular-fuzzing-epic/ticket-007-MF-025/ticket/results/testgraph-specWorkflow/cleanup-failure-probe-test-graph/build-logic/src/main/kotlin/com/hayden/testgraphsdk/exec/Executors.kt:53	out-of-scope	ticket_plan.yaml:648-658	none mapped	unrepresented	out_of_scope_lexical_inventory		INFERRED exact-path scope; source not read
519	lexical hit not semantically classified: // log file on retry).	specs/.history/modular-fuzzing-epic/ticket-007-MF-025/ticket/results/testgraph-specWorkflow/cleanup-failure-probe-test-graph/build-logic/src/main/kotlin/com/hayden/testgraphsdk/exec/Executors.kt:112	out-of-scope	ticket_plan.yaml:648-658	none mapped	unrepresented	out_of_scope_lexical_inventory		INFERRED exact-path scope; source not read
520	lexical hit not semantically classified: continue	specs/.history/modular-fuzzing-epic/ticket-007-MF-025/ticket/results/testgraph-specWorkflow/cleanup-failure-probe-test-graph/build-logic/src/main/kotlin/com/hayden/testgraphsdk/exec/PlanExecutor.kt:70	out-of-scope	ticket_plan.yaml:648-658	none mapped	unrepresented	out_of_scope_lexical_inventory		INFERRED exact-path scope; source not read
521	lexical hit not semantically classified: for (attempt in 1..maxAttempts) {	specs/.history/modular-fuzzing-epic/ticket-007-MF-025/ticket/results/testgraph-specWorkflow/cleanup-failure-probe-test-graph/build-logic/src/main/kotlin/com/hayden/testgraphsdk/exec/PlanExecutor.kt:140	out-of-scope	ticket_plan.yaml:648-658	none mapped	unrepresented	out_of_scope_lexical_inventory		INFERRED exact-path scope; source not read
522	lexical hit not semantically classified: if (attempt > 1) {	specs/.history/modular-fuzzing-epic/ticket-007-MF-025/ticket/results/testgraph-specWorkflow/cleanup-failure-probe-test-graph/build-logic/src/main/kotlin/com/hayden/testgraphsdk/exec/PlanExecutor.kt:141	out-of-scope	ticket_plan.yaml:648-658	none mapped	unrepresented	out_of_scope_lexical_inventory		INFERRED exact-path scope; source not read
523	"lexical hit not semantically classified: ""    retry ${attempt - 1}/${spec.retries} after timeout — "" +"	specs/.history/modular-fuzzing-epic/ticket-007-MF-025/ticket/results/testgraph-specWorkflow/cleanup-failure-probe-test-graph/build-logic/src/main/kotlin/com/hayden/testgraphsdk/exec/PlanExecutor.kt:143	out-of-scope	ticket_plan.yaml:648-658	none mapped	unrepresented	out_of_scope_lexical_inventory		INFERRED exact-path scope; source not read
524	"lexical hit not semantically classified: ""previous attempt exceeded ${spec.timeout}"""	specs/.history/modular-fuzzing-epic/ticket-007-MF-025/ticket/results/testgraph-specWorkflow/cleanup-failure-probe-test-graph/build-logic/src/main/kotlin/com/hayden/testgraphsdk/exec/PlanExecutor.kt:144	out-of-scope	ticket_plan.yaml:648-658	none mapped	unrepresented	out_of_scope_lexical_inventory		INFERRED exact-path scope; source not read
525	"lexical hit not semantically classified: // attempt (or from a stale earlier run). The ""did the SDK"	specs/.history/modular-fuzzing-epic/ticket-007-MF-025/ticket/results/testgraph-specWorkflow/cleanup-failure-probe-test-graph/build-logic/src/main/kotlin/com/hayden/testgraphsdk/exec/PlanExecutor.kt:148	out-of-scope	ticket_plan.yaml:648-658	none mapped	unrepresented	out_of_scope_lexical_inventory		INFERRED exact-path scope; source not read
526	lexical hit not semantically classified: val a = item as? Map<*, *> ?: continue	specs/.history/modular-fuzzing-epic/ticket-007-MF-025/ticket/results/testgraph-specWorkflow/cleanup-failure-probe-test-graph/build-logic/src/main/kotlin/com/hayden/testgraphsdk/tasks/RunReportWriter.kt:207	out-of-scope	ticket_plan.yaml:648-658	none mapped	unrepresented	out_of_scope_lexical_inventory		INFERRED exact-path scope; source not read
527	lexical hit not semantically classified: val p = item as? Map<*, *> ?: continue	specs/.history/modular-fuzzing-epic/ticket-007-MF-025/ticket/results/testgraph-specWorkflow/cleanup-failure-probe-test-graph/build-logic/src/main/kotlin/com/hayden/testgraphsdk/tasks/RunReportWriter.kt:231	out-of-scope	ticket_plan.yaml:648-658	none mapped	unrepresented	out_of_scope_lexical_inventory		INFERRED exact-path scope; source not read
528	lexical hit not semantically classified: val a = item as? Map<*, *> ?: continue	specs/.history/modular-fuzzing-epic/ticket-007-MF-025/ticket/results/testgraph-specWorkflow/cleanup-failure-probe-test-graph/build-logic/src/main/kotlin/com/hayden/testgraphsdk/tasks/RunReportWriter.kt:256	out-of-scope	ticket_plan.yaml:648-658	none mapped	unrepresented	out_of_scope_lexical_inventory		INFERRED exact-path scope; source not read
529	"lexical hit not semantically classified: val path = a[""path""] as? String ?: continue"	specs/.history/modular-fuzzing-epic/ticket-007-MF-025/ticket/results/testgraph-specWorkflow/cleanup-failure-probe-test-graph/build-logic/src/main/kotlin/com/hayden/testgraphsdk/tasks/RunReportWriter.kt:258	out-of-scope	ticket_plan.yaml:648-658	none mapped	unrepresented	out_of_scope_lexical_inventory		INFERRED exact-path scope; source not read
530	"lexical hit not semantically classified: if (!raw.startsWith(""--"")) continue;"	specs/.history/modular-fuzzing-epic/ticket-007-MF-025/ticket/results/testgraph-specWorkflow/cleanup-failure-probe-test-graph/sdk/java/src/main/java/com/hayden/testgraphsdk/sdk/NodeContext.java:45	out-of-scope	ticket_plan.yaml:648-658	none mapped	unrepresented	out_of_scope_lexical_inventory		INFERRED exact-path scope; source not read
531	lexical hit not semantically classified: if (eq < 0) continue;	specs/.history/modular-fuzzing-epic/ticket-007-MF-025/ticket/results/testgraph-specWorkflow/cleanup-failure-probe-test-graph/sdk/java/src/main/java/com/hayden/testgraphsdk/sdk/NodeContext.java:47	out-of-scope	ticket_plan.yaml:648-658	none mapped	unrepresented	out_of_scope_lexical_inventory		INFERRED exact-path scope; source not read
532	lexical hit not semantically classified: * non-timeout exit code) is final on the first attempt.	specs/.history/modular-fuzzing-epic/ticket-007-MF-025/ticket/results/testgraph-specWorkflow/cleanup-failure-probe-test-graph/sdk/java/src/main/java/com/hayden/testgraphsdk/sdk/NodeSpec.java:59	out-of-scope	ticket_plan.yaml:648-658	none mapped	unrepresented	out_of_scope_lexical_inventory		INFERRED exact-path scope; source not read
533	lexical hit not semantically classified: * affordance exposed after a completed node attempt.	specs/.history/modular-fuzzing-epic/ticket-007-MF-025/ticket/results/testgraph-specWorkflow/cleanup-failure-probe-test-graph/sdk/java/src/main/java/com/hayden/testgraphsdk/sdk/NodeSpec.java:72	out-of-scope	ticket_plan.yaml:648-658	none mapped	unrepresented	out_of_scope_lexical_inventory		INFERRED exact-path scope; source not read
534	lexical hit not semantically classified: continue	specs/.history/modular-fuzzing-epic/ticket-007-MF-025/ticket/results/testgraph-specWorkflow/cleanup-failure-probe-test-graph/sdk/python/src/testgraphsdk/context.py:39	out-of-scope	ticket_plan.yaml:648-658	none mapped	unrepresented	out_of_scope_lexical_inventory		INFERRED exact-path scope; source not read
535	lexical hit not semantically classified: orphaned state on retry. Triggers only on timeout, never on a	specs/.history/modular-fuzzing-epic/ticket-007-MF-025/ticket/results/testgraph-specWorkflow/cleanup-failure-probe-test-graph/sdk/python/src/testgraphsdk/node_spec.py:58	out-of-scope	ticket_plan.yaml:648-658	none mapped	unrepresented	out_of_scope_lexical_inventory		INFERRED exact-path scope; source not read
536	lexical hit not semantically classified: if (id in nodes) continue	specs/.history/modular-fuzzing-epic/ticket-008-MF-015/results/testgraph-specWorkflow/cleanup-failure-probe-test-graph/build-logic/src/main/kotlin/com/hayden/testgraphsdk/GraphAssembler.kt:55	out-of-scope	ticket_plan.yaml:648-658	none mapped	unrepresented	out_of_scope_lexical_inventory		INFERRED exact-path scope; source not read
537	lexical hit not semantically classified: if (dir.isEmpty()) continue	specs/.history/modular-fuzzing-epic/ticket-008-MF-015/results/testgraph-specWorkflow/cleanup-failure-probe-test-graph/build-logic/src/main/kotlin/com/hayden/testgraphsdk/Toolchain.kt:106	out-of-scope	ticket_plan.yaml:648-658	none mapped	unrepresented	out_of_scope_lexical_inventory		INFERRED exact-path scope; source not read
538	lexical hit not semantically classified: * `failed`/`errored` is final on the first attempt. Authors opt in	specs/.history/modular-fuzzing-epic/ticket-008-MF-015/results/testgraph-specWorkflow/cleanup-failure-probe-test-graph/build-logic/src/main/kotlin/com/hayden/testgraphsdk/ValidationNodeSpec.kt:21	out-of-scope	ticket_plan.yaml:648-658	none mapped	unrepresented	out_of_scope_lexical_inventory		INFERRED exact-path scope; source not read
539	lexical hit not semantically classified: * input context snapshot captured before the selected node's prior attempt.	specs/.history/modular-fuzzing-epic/ticket-008-MF-015/results/testgraph-specWorkflow/cleanup-failure-probe-test-graph/build-logic/src/main/kotlin/com/hayden/testgraphsdk/exec/Context.kt:42	out-of-scope	ticket_plan.yaml:648-658	none mapped	unrepresented	out_of_scope_lexical_inventory		INFERRED exact-path scope; source not read
540	lexical hit not semantically classified: * Wall-clock budget for one attempt, parsed once from	specs/.history/modular-fuzzing-epic/ticket-008-MF-015/results/testgraph-specWorkflow/cleanup-failure-probe-test-graph/build-logic/src/main/kotlin/com/hayden/testgraphsdk/exec/Executors.kt:40	out-of-scope	ticket_plan.yaml:648-658	none mapped	unrepresented	out_of_scope_lexical_inventory		INFERRED exact-path scope; source not read
541	lexical hit not semantically classified: * Outcome of one execution attempt. Kept as a sealed type so	specs/.history/modular-fuzzing-epic/ticket-008-MF-015/results/testgraph-specWorkflow/cleanup-failure-probe-test-graph/build-logic/src/main/kotlin/com/hayden/testgraphsdk/exec/Executors.kt:50	out-of-scope	ticket_plan.yaml:648-658	none mapped	unrepresented	out_of_scope_lexical_inventory		INFERRED exact-path scope; source not read
542	"lexical hit not semantically classified: * `PlanExecutor` can distinguish ""timed out → maybe retry"" from"	specs/.history/modular-fuzzing-epic/ticket-008-MF-015/results/testgraph-specWorkflow/cleanup-failure-probe-test-graph/build-logic/src/main/kotlin/com/hayden/testgraphsdk/exec/Executors.kt:51	out-of-scope	ticket_plan.yaml:648-658	none mapped	unrepresented	out_of_scope_lexical_inventory		INFERRED exact-path scope; source not read
543	"lexical hit not semantically classified: * --result-out"". A non-zero exit code is NOT a retry trigger — only a"	specs/.history/modular-fuzzing-epic/ticket-008-MF-015/results/testgraph-specWorkflow/cleanup-failure-probe-test-graph/build-logic/src/main/kotlin/com/hayden/testgraphsdk/exec/Executors.kt:53	out-of-scope	ticket_plan.yaml:648-658	none mapped	unrepresented	out_of_scope_lexical_inventory		INFERRED exact-path scope; source not read
544	lexical hit not semantically classified: // log file on retry).	specs/.history/modular-fuzzing-epic/ticket-008-MF-015/results/testgraph-specWorkflow/cleanup-failure-probe-test-graph/build-logic/src/main/kotlin/com/hayden/testgraphsdk/exec/Executors.kt:112	out-of-scope	ticket_plan.yaml:648-658	none mapped	unrepresented	out_of_scope_lexical_inventory		INFERRED exact-path scope; source not read
545	lexical hit not semantically classified: continue	specs/.history/modular-fuzzing-epic/ticket-008-MF-015/results/testgraph-specWorkflow/cleanup-failure-probe-test-graph/build-logic/src/main/kotlin/com/hayden/testgraphsdk/exec/PlanExecutor.kt:70	out-of-scope	ticket_plan.yaml:648-658	none mapped	unrepresented	out_of_scope_lexical_inventory		INFERRED exact-path scope; source not read
546	lexical hit not semantically classified: for (attempt in 1..maxAttempts) {	specs/.history/modular-fuzzing-epic/ticket-008-MF-015/results/testgraph-specWorkflow/cleanup-failure-probe-test-graph/build-logic/src/main/kotlin/com/hayden/testgraphsdk/exec/PlanExecutor.kt:140	out-of-scope	ticket_plan.yaml:648-658	none mapped	unrepresented	out_of_scope_lexical_inventory		INFERRED exact-path scope; source not read
547	lexical hit not semantically classified: if (attempt > 1) {	specs/.history/modular-fuzzing-epic/ticket-008-MF-015/results/testgraph-specWorkflow/cleanup-failure-probe-test-graph/build-logic/src/main/kotlin/com/hayden/testgraphsdk/exec/PlanExecutor.kt:141	out-of-scope	ticket_plan.yaml:648-658	none mapped	unrepresented	out_of_scope_lexical_inventory		INFERRED exact-path scope; source not read
548	"lexical hit not semantically classified: ""    retry ${attempt - 1}/${spec.retries} after timeout — "" +"	specs/.history/modular-fuzzing-epic/ticket-008-MF-015/results/testgraph-specWorkflow/cleanup-failure-probe-test-graph/build-logic/src/main/kotlin/com/hayden/testgraphsdk/exec/PlanExecutor.kt:143	out-of-scope	ticket_plan.yaml:648-658	none mapped	unrepresented	out_of_scope_lexical_inventory		INFERRED exact-path scope; source not read
549	"lexical hit not semantically classified: ""previous attempt exceeded ${spec.timeout}"""	specs/.history/modular-fuzzing-epic/ticket-008-MF-015/results/testgraph-specWorkflow/cleanup-failure-probe-test-graph/build-logic/src/main/kotlin/com/hayden/testgraphsdk/exec/PlanExecutor.kt:144	out-of-scope	ticket_plan.yaml:648-658	none mapped	unrepresented	out_of_scope_lexical_inventory		INFERRED exact-path scope; source not read
550	"lexical hit not semantically classified: // attempt (or from a stale earlier run). The ""did the SDK"	specs/.history/modular-fuzzing-epic/ticket-008-MF-015/results/testgraph-specWorkflow/cleanup-failure-probe-test-graph/build-logic/src/main/kotlin/com/hayden/testgraphsdk/exec/PlanExecutor.kt:148	out-of-scope	ticket_plan.yaml:648-658	none mapped	unrepresented	out_of_scope_lexical_inventory		INFERRED exact-path scope; source not read
551	lexical hit not semantically classified: val a = item as? Map<*, *> ?: continue	specs/.history/modular-fuzzing-epic/ticket-008-MF-015/results/testgraph-specWorkflow/cleanup-failure-probe-test-graph/build-logic/src/main/kotlin/com/hayden/testgraphsdk/tasks/RunReportWriter.kt:207	out-of-scope	ticket_plan.yaml:648-658	none mapped	unrepresented	out_of_scope_lexical_inventory		INFERRED exact-path scope; source not read
552	lexical hit not semantically classified: val p = item as? Map<*, *> ?: continue	specs/.history/modular-fuzzing-epic/ticket-008-MF-015/results/testgraph-specWorkflow/cleanup-failure-probe-test-graph/build-logic/src/main/kotlin/com/hayden/testgraphsdk/tasks/RunReportWriter.kt:231	out-of-scope	ticket_plan.yaml:648-658	none mapped	unrepresented	out_of_scope_lexical_inventory		INFERRED exact-path scope; source not read
553	lexical hit not semantically classified: val a = item as? Map<*, *> ?: continue	specs/.history/modular-fuzzing-epic/ticket-008-MF-015/results/testgraph-specWorkflow/cleanup-failure-probe-test-graph/build-logic/src/main/kotlin/com/hayden/testgraphsdk/tasks/RunReportWriter.kt:256	out-of-scope	ticket_plan.yaml:648-658	none mapped	unrepresented	out_of_scope_lexical_inventory		INFERRED exact-path scope; source not read
554	"lexical hit not semantically classified: val path = a[""path""] as? String ?: continue"	specs/.history/modular-fuzzing-epic/ticket-008-MF-015/results/testgraph-specWorkflow/cleanup-failure-probe-test-graph/build-logic/src/main/kotlin/com/hayden/testgraphsdk/tasks/RunReportWriter.kt:258	out-of-scope	ticket_plan.yaml:648-658	none mapped	unrepresented	out_of_scope_lexical_inventory		INFERRED exact-path scope; source not read
555	"lexical hit not semantically classified: if (!raw.startsWith(""--"")) continue;"	specs/.history/modular-fuzzing-epic/ticket-008-MF-015/results/testgraph-specWorkflow/cleanup-failure-probe-test-graph/sdk/java/src/main/java/com/hayden/testgraphsdk/sdk/NodeContext.java:45	out-of-scope	ticket_plan.yaml:648-658	none mapped	unrepresented	out_of_scope_lexical_inventory		INFERRED exact-path scope; source not read
556	lexical hit not semantically classified: if (eq < 0) continue;	specs/.history/modular-fuzzing-epic/ticket-008-MF-015/results/testgraph-specWorkflow/cleanup-failure-probe-test-graph/sdk/java/src/main/java/com/hayden/testgraphsdk/sdk/NodeContext.java:47	out-of-scope	ticket_plan.yaml:648-658	none mapped	unrepresented	out_of_scope_lexical_inventory		INFERRED exact-path scope; source not read
557	lexical hit not semantically classified: * non-timeout exit code) is final on the first attempt.	specs/.history/modular-fuzzing-epic/ticket-008-MF-015/results/testgraph-specWorkflow/cleanup-failure-probe-test-graph/sdk/java/src/main/java/com/hayden/testgraphsdk/sdk/NodeSpec.java:59	out-of-scope	ticket_plan.yaml:648-658	none mapped	unrepresented	out_of_scope_lexical_inventory		INFERRED exact-path scope; source not read
558	lexical hit not semantically classified: * affordance exposed after a completed node attempt.	specs/.history/modular-fuzzing-epic/ticket-008-MF-015/results/testgraph-specWorkflow/cleanup-failure-probe-test-graph/sdk/java/src/main/java/com/hayden/testgraphsdk/sdk/NodeSpec.java:72	out-of-scope	ticket_plan.yaml:648-658	none mapped	unrepresented	out_of_scope_lexical_inventory		INFERRED exact-path scope; source not read
559	lexical hit not semantically classified: continue	specs/.history/modular-fuzzing-epic/ticket-008-MF-015/results/testgraph-specWorkflow/cleanup-failure-probe-test-graph/sdk/python/src/testgraphsdk/context.py:39	out-of-scope	ticket_plan.yaml:648-658	none mapped	unrepresented	out_of_scope_lexical_inventory		INFERRED exact-path scope; source not read
560	lexical hit not semantically classified: orphaned state on retry. Triggers only on timeout, never on a	specs/.history/modular-fuzzing-epic/ticket-008-MF-015/results/testgraph-specWorkflow/cleanup-failure-probe-test-graph/sdk/python/src/testgraphsdk/node_spec.py:58	out-of-scope	ticket_plan.yaml:648-658	none mapped	unrepresented	out_of_scope_lexical_inventory		INFERRED exact-path scope; source not read
561	lexical hit not semantically classified: if (id in nodes) continue	specs/.history/modular-fuzzing-epic/ticket-008-MF-015/ticket/results/testgraph-specWorkflow/cleanup-failure-probe-test-graph/build-logic/src/main/kotlin/com/hayden/testgraphsdk/GraphAssembler.kt:55	out-of-scope	ticket_plan.yaml:648-658	none mapped	unrepresented	out_of_scope_lexical_inventory		INFERRED exact-path scope; source not read
562	lexical hit not semantically classified: if (dir.isEmpty()) continue	specs/.history/modular-fuzzing-epic/ticket-008-MF-015/ticket/results/testgraph-specWorkflow/cleanup-failure-probe-test-graph/build-logic/src/main/kotlin/com/hayden/testgraphsdk/Toolchain.kt:106	out-of-scope	ticket_plan.yaml:648-658	none mapped	unrepresented	out_of_scope_lexical_inventory		INFERRED exact-path scope; source not read
563	lexical hit not semantically classified: * `failed`/`errored` is final on the first attempt. Authors opt in	specs/.history/modular-fuzzing-epic/ticket-008-MF-015/ticket/results/testgraph-specWorkflow/cleanup-failure-probe-test-graph/build-logic/src/main/kotlin/com/hayden/testgraphsdk/ValidationNodeSpec.kt:21	out-of-scope	ticket_plan.yaml:648-658	none mapped	unrepresented	out_of_scope_lexical_inventory		INFERRED exact-path scope; source not read
564	lexical hit not semantically classified: * input context snapshot captured before the selected node's prior attempt.	specs/.history/modular-fuzzing-epic/ticket-008-MF-015/ticket/results/testgraph-specWorkflow/cleanup-failure-probe-test-graph/build-logic/src/main/kotlin/com/hayden/testgraphsdk/exec/Context.kt:42	out-of-scope	ticket_plan.yaml:648-658	none mapped	unrepresented	out_of_scope_lexical_inventory		INFERRED exact-path scope; source not read
565	lexical hit not semantically classified: * Wall-clock budget for one attempt, parsed once from	specs/.history/modular-fuzzing-epic/ticket-008-MF-015/ticket/results/testgraph-specWorkflow/cleanup-failure-probe-test-graph/build-logic/src/main/kotlin/com/hayden/testgraphsdk/exec/Executors.kt:40	out-of-scope	ticket_plan.yaml:648-658	none mapped	unrepresented	out_of_scope_lexical_inventory		INFERRED exact-path scope; source not read
566	lexical hit not semantically classified: * Outcome of one execution attempt. Kept as a sealed type so	specs/.history/modular-fuzzing-epic/ticket-008-MF-015/ticket/results/testgraph-specWorkflow/cleanup-failure-probe-test-graph/build-logic/src/main/kotlin/com/hayden/testgraphsdk/exec/Executors.kt:50	out-of-scope	ticket_plan.yaml:648-658	none mapped	unrepresented	out_of_scope_lexical_inventory		INFERRED exact-path scope; source not read
567	"lexical hit not semantically classified: * `PlanExecutor` can distinguish ""timed out → maybe retry"" from"	specs/.history/modular-fuzzing-epic/ticket-008-MF-015/ticket/results/testgraph-specWorkflow/cleanup-failure-probe-test-graph/build-logic/src/main/kotlin/com/hayden/testgraphsdk/exec/Executors.kt:51	out-of-scope	ticket_plan.yaml:648-658	none mapped	unrepresented	out_of_scope_lexical_inventory		INFERRED exact-path scope; source not read
568	"lexical hit not semantically classified: * --result-out"". A non-zero exit code is NOT a retry trigger — only a"	specs/.history/modular-fuzzing-epic/ticket-008-MF-015/ticket/results/testgraph-specWorkflow/cleanup-failure-probe-test-graph/build-logic/src/main/kotlin/com/hayden/testgraphsdk/exec/Executors.kt:53	out-of-scope	ticket_plan.yaml:648-658	none mapped	unrepresented	out_of_scope_lexical_inventory		INFERRED exact-path scope; source not read
569	lexical hit not semantically classified: // log file on retry).	specs/.history/modular-fuzzing-epic/ticket-008-MF-015/ticket/results/testgraph-specWorkflow/cleanup-failure-probe-test-graph/build-logic/src/main/kotlin/com/hayden/testgraphsdk/exec/Executors.kt:112	out-of-scope	ticket_plan.yaml:648-658	none mapped	unrepresented	out_of_scope_lexical_inventory		INFERRED exact-path scope; source not read
570	lexical hit not semantically classified: continue	specs/.history/modular-fuzzing-epic/ticket-008-MF-015/ticket/results/testgraph-specWorkflow/cleanup-failure-probe-test-graph/build-logic/src/main/kotlin/com/hayden/testgraphsdk/exec/PlanExecutor.kt:70	out-of-scope	ticket_plan.yaml:648-658	none mapped	unrepresented	out_of_scope_lexical_inventory		INFERRED exact-path scope; source not read
571	lexical hit not semantically classified: for (attempt in 1..maxAttempts) {	specs/.history/modular-fuzzing-epic/ticket-008-MF-015/ticket/results/testgraph-specWorkflow/cleanup-failure-probe-test-graph/build-logic/src/main/kotlin/com/hayden/testgraphsdk/exec/PlanExecutor.kt:140	out-of-scope	ticket_plan.yaml:648-658	none mapped	unrepresented	out_of_scope_lexical_inventory		INFERRED exact-path scope; source not read
572	lexical hit not semantically classified: if (attempt > 1) {	specs/.history/modular-fuzzing-epic/ticket-008-MF-015/ticket/results/testgraph-specWorkflow/cleanup-failure-probe-test-graph/build-logic/src/main/kotlin/com/hayden/testgraphsdk/exec/PlanExecutor.kt:141	out-of-scope	ticket_plan.yaml:648-658	none mapped	unrepresented	out_of_scope_lexical_inventory		INFERRED exact-path scope; source not read
573	"lexical hit not semantically classified: ""    retry ${attempt - 1}/${spec.retries} after timeout — "" +"	specs/.history/modular-fuzzing-epic/ticket-008-MF-015/ticket/results/testgraph-specWorkflow/cleanup-failure-probe-test-graph/build-logic/src/main/kotlin/com/hayden/testgraphsdk/exec/PlanExecutor.kt:143	out-of-scope	ticket_plan.yaml:648-658	none mapped	unrepresented	out_of_scope_lexical_inventory		INFERRED exact-path scope; source not read
574	"lexical hit not semantically classified: ""previous attempt exceeded ${spec.timeout}"""	specs/.history/modular-fuzzing-epic/ticket-008-MF-015/ticket/results/testgraph-specWorkflow/cleanup-failure-probe-test-graph/build-logic/src/main/kotlin/com/hayden/testgraphsdk/exec/PlanExecutor.kt:144	out-of-scope	ticket_plan.yaml:648-658	none mapped	unrepresented	out_of_scope_lexical_inventory		INFERRED exact-path scope; source not read
575	"lexical hit not semantically classified: // attempt (or from a stale earlier run). The ""did the SDK"	specs/.history/modular-fuzzing-epic/ticket-008-MF-015/ticket/results/testgraph-specWorkflow/cleanup-failure-probe-test-graph/build-logic/src/main/kotlin/com/hayden/testgraphsdk/exec/PlanExecutor.kt:148	out-of-scope	ticket_plan.yaml:648-658	none mapped	unrepresented	out_of_scope_lexical_inventory		INFERRED exact-path scope; source not read
576	lexical hit not semantically classified: val a = item as? Map<*, *> ?: continue	specs/.history/modular-fuzzing-epic/ticket-008-MF-015/ticket/results/testgraph-specWorkflow/cleanup-failure-probe-test-graph/build-logic/src/main/kotlin/com/hayden/testgraphsdk/tasks/RunReportWriter.kt:207	out-of-scope	ticket_plan.yaml:648-658	none mapped	unrepresented	out_of_scope_lexical_inventory		INFERRED exact-path scope; source not read
577	lexical hit not semantically classified: val p = item as? Map<*, *> ?: continue	specs/.history/modular-fuzzing-epic/ticket-008-MF-015/ticket/results/testgraph-specWorkflow/cleanup-failure-probe-test-graph/build-logic/src/main/kotlin/com/hayden/testgraphsdk/tasks/RunReportWriter.kt:231	out-of-scope	ticket_plan.yaml:648-658	none mapped	unrepresented	out_of_scope_lexical_inventory		INFERRED exact-path scope; source not read
578	lexical hit not semantically classified: val a = item as? Map<*, *> ?: continue	specs/.history/modular-fuzzing-epic/ticket-008-MF-015/ticket/results/testgraph-specWorkflow/cleanup-failure-probe-test-graph/build-logic/src/main/kotlin/com/hayden/testgraphsdk/tasks/RunReportWriter.kt:256	out-of-scope	ticket_plan.yaml:648-658	none mapped	unrepresented	out_of_scope_lexical_inventory		INFERRED exact-path scope; source not read
579	"lexical hit not semantically classified: val path = a[""path""] as? String ?: continue"	specs/.history/modular-fuzzing-epic/ticket-008-MF-015/ticket/results/testgraph-specWorkflow/cleanup-failure-probe-test-graph/build-logic/src/main/kotlin/com/hayden/testgraphsdk/tasks/RunReportWriter.kt:258	out-of-scope	ticket_plan.yaml:648-658	none mapped	unrepresented	out_of_scope_lexical_inventory		INFERRED exact-path scope; source not read
580	"lexical hit not semantically classified: if (!raw.startsWith(""--"")) continue;"	specs/.history/modular-fuzzing-epic/ticket-008-MF-015/ticket/results/testgraph-specWorkflow/cleanup-failure-probe-test-graph/sdk/java/src/main/java/com/hayden/testgraphsdk/sdk/NodeContext.java:45	out-of-scope	ticket_plan.yaml:648-658	none mapped	unrepresented	out_of_scope_lexical_inventory		INFERRED exact-path scope; source not read
581	lexical hit not semantically classified: if (eq < 0) continue;	specs/.history/modular-fuzzing-epic/ticket-008-MF-015/ticket/results/testgraph-specWorkflow/cleanup-failure-probe-test-graph/sdk/java/src/main/java/com/hayden/testgraphsdk/sdk/NodeContext.java:47	out-of-scope	ticket_plan.yaml:648-658	none mapped	unrepresented	out_of_scope_lexical_inventory		INFERRED exact-path scope; source not read
582	lexical hit not semantically classified: * non-timeout exit code) is final on the first attempt.	specs/.history/modular-fuzzing-epic/ticket-008-MF-015/ticket/results/testgraph-specWorkflow/cleanup-failure-probe-test-graph/sdk/java/src/main/java/com/hayden/testgraphsdk/sdk/NodeSpec.java:59	out-of-scope	ticket_plan.yaml:648-658	none mapped	unrepresented	out_of_scope_lexical_inventory		INFERRED exact-path scope; source not read
583	lexical hit not semantically classified: * affordance exposed after a completed node attempt.	specs/.history/modular-fuzzing-epic/ticket-008-MF-015/ticket/results/testgraph-specWorkflow/cleanup-failure-probe-test-graph/sdk/java/src/main/java/com/hayden/testgraphsdk/sdk/NodeSpec.java:72	out-of-scope	ticket_plan.yaml:648-658	none mapped	unrepresented	out_of_scope_lexical_inventory		INFERRED exact-path scope; source not read
584	lexical hit not semantically classified: continue	specs/.history/modular-fuzzing-epic/ticket-008-MF-015/ticket/results/testgraph-specWorkflow/cleanup-failure-probe-test-graph/sdk/python/src/testgraphsdk/context.py:39	out-of-scope	ticket_plan.yaml:648-658	none mapped	unrepresented	out_of_scope_lexical_inventory		INFERRED exact-path scope; source not read
585	lexical hit not semantically classified: orphaned state on retry. Triggers only on timeout, never on a	specs/.history/modular-fuzzing-epic/ticket-008-MF-015/ticket/results/testgraph-specWorkflow/cleanup-failure-probe-test-graph/sdk/python/src/testgraphsdk/node_spec.py:58	out-of-scope	ticket_plan.yaml:648-658	none mapped	unrepresented	out_of_scope_lexical_inventory		INFERRED exact-path scope; source not read
586	lexical hit not semantically classified: if (id in nodes) continue	specs/.history/modular-fuzzing-epic/ticket-009-MF-017/ticket/results/graph-reports/specWorkflow-20260718-213733-cd7fff06/cleanup-failure-probe-test-graph/build-logic/src/main/kotlin/com/hayden/testgraphsdk/GraphAssembler.kt:55	out-of-scope	ticket_plan.yaml:648-658	none mapped	unrepresented	out_of_scope_lexical_inventory		INFERRED exact-path scope; source not read
587	lexical hit not semantically classified: if (dir.isEmpty()) continue	specs/.history/modular-fuzzing-epic/ticket-009-MF-017/ticket/results/graph-reports/specWorkflow-20260718-213733-cd7fff06/cleanup-failure-probe-test-graph/build-logic/src/main/kotlin/com/hayden/testgraphsdk/Toolchain.kt:106	out-of-scope	ticket_plan.yaml:648-658	none mapped	unrepresented	out_of_scope_lexical_inventory		INFERRED exact-path scope; source not read
588	lexical hit not semantically classified: * `failed`/`errored` is final on the first attempt. Authors opt in	specs/.history/modular-fuzzing-epic/ticket-009-MF-017/ticket/results/graph-reports/specWorkflow-20260718-213733-cd7fff06/cleanup-failure-probe-test-graph/build-logic/src/main/kotlin/com/hayden/testgraphsdk/ValidationNodeSpec.kt:21	out-of-scope	ticket_plan.yaml:648-658	none mapped	unrepresented	out_of_scope_lexical_inventory		INFERRED exact-path scope; source not read
589	lexical hit not semantically classified: * input context snapshot captured before the selected node's prior attempt.	specs/.history/modular-fuzzing-epic/ticket-009-MF-017/ticket/results/graph-reports/specWorkflow-20260718-213733-cd7fff06/cleanup-failure-probe-test-graph/build-logic/src/main/kotlin/com/hayden/testgraphsdk/exec/Context.kt:42	out-of-scope	ticket_plan.yaml:648-658	none mapped	unrepresented	out_of_scope_lexical_inventory		INFERRED exact-path scope; source not read
590	lexical hit not semantically classified: * Wall-clock budget for one attempt, parsed once from	specs/.history/modular-fuzzing-epic/ticket-009-MF-017/ticket/results/graph-reports/specWorkflow-20260718-213733-cd7fff06/cleanup-failure-probe-test-graph/build-logic/src/main/kotlin/com/hayden/testgraphsdk/exec/Executors.kt:40	out-of-scope	ticket_plan.yaml:648-658	none mapped	unrepresented	out_of_scope_lexical_inventory		INFERRED exact-path scope; source not read
591	lexical hit not semantically classified: * Outcome of one execution attempt. Kept as a sealed type so	specs/.history/modular-fuzzing-epic/ticket-009-MF-017/ticket/results/graph-reports/specWorkflow-20260718-213733-cd7fff06/cleanup-failure-probe-test-graph/build-logic/src/main/kotlin/com/hayden/testgraphsdk/exec/Executors.kt:50	out-of-scope	ticket_plan.yaml:648-658	none mapped	unrepresented	out_of_scope_lexical_inventory		INFERRED exact-path scope; source not read
592	"lexical hit not semantically classified: * `PlanExecutor` can distinguish ""timed out → maybe retry"" from"	specs/.history/modular-fuzzing-epic/ticket-009-MF-017/ticket/results/graph-reports/specWorkflow-20260718-213733-cd7fff06/cleanup-failure-probe-test-graph/build-logic/src/main/kotlin/com/hayden/testgraphsdk/exec/Executors.kt:51	out-of-scope	ticket_plan.yaml:648-658	none mapped	unrepresented	out_of_scope_lexical_inventory		INFERRED exact-path scope; source not read
593	"lexical hit not semantically classified: * --result-out"". A non-zero exit code is NOT a retry trigger — only a"	specs/.history/modular-fuzzing-epic/ticket-009-MF-017/ticket/results/graph-reports/specWorkflow-20260718-213733-cd7fff06/cleanup-failure-probe-test-graph/build-logic/src/main/kotlin/com/hayden/testgraphsdk/exec/Executors.kt:53	out-of-scope	ticket_plan.yaml:648-658	none mapped	unrepresented	out_of_scope_lexical_inventory		INFERRED exact-path scope; source not read
594	lexical hit not semantically classified: // log file on retry).	specs/.history/modular-fuzzing-epic/ticket-009-MF-017/ticket/results/graph-reports/specWorkflow-20260718-213733-cd7fff06/cleanup-failure-probe-test-graph/build-logic/src/main/kotlin/com/hayden/testgraphsdk/exec/Executors.kt:112	out-of-scope	ticket_plan.yaml:648-658	none mapped	unrepresented	out_of_scope_lexical_inventory		INFERRED exact-path scope; source not read
595	lexical hit not semantically classified: continue	specs/.history/modular-fuzzing-epic/ticket-009-MF-017/ticket/results/graph-reports/specWorkflow-20260718-213733-cd7fff06/cleanup-failure-probe-test-graph/build-logic/src/main/kotlin/com/hayden/testgraphsdk/exec/PlanExecutor.kt:70	out-of-scope	ticket_plan.yaml:648-658	none mapped	unrepresented	out_of_scope_lexical_inventory		INFERRED exact-path scope; source not read
596	lexical hit not semantically classified: for (attempt in 1..maxAttempts) {	specs/.history/modular-fuzzing-epic/ticket-009-MF-017/ticket/results/graph-reports/specWorkflow-20260718-213733-cd7fff06/cleanup-failure-probe-test-graph/build-logic/src/main/kotlin/com/hayden/testgraphsdk/exec/PlanExecutor.kt:140	out-of-scope	ticket_plan.yaml:648-658	none mapped	unrepresented	out_of_scope_lexical_inventory		INFERRED exact-path scope; source not read
597	lexical hit not semantically classified: if (attempt > 1) {	specs/.history/modular-fuzzing-epic/ticket-009-MF-017/ticket/results/graph-reports/specWorkflow-20260718-213733-cd7fff06/cleanup-failure-probe-test-graph/build-logic/src/main/kotlin/com/hayden/testgraphsdk/exec/PlanExecutor.kt:141	out-of-scope	ticket_plan.yaml:648-658	none mapped	unrepresented	out_of_scope_lexical_inventory		INFERRED exact-path scope; source not read
598	"lexical hit not semantically classified: ""    retry ${attempt - 1}/${spec.retries} after timeout — "" +"	specs/.history/modular-fuzzing-epic/ticket-009-MF-017/ticket/results/graph-reports/specWorkflow-20260718-213733-cd7fff06/cleanup-failure-probe-test-graph/build-logic/src/main/kotlin/com/hayden/testgraphsdk/exec/PlanExecutor.kt:143	out-of-scope	ticket_plan.yaml:648-658	none mapped	unrepresented	out_of_scope_lexical_inventory		INFERRED exact-path scope; source not read
599	"lexical hit not semantically classified: ""previous attempt exceeded ${spec.timeout}"""	specs/.history/modular-fuzzing-epic/ticket-009-MF-017/ticket/results/graph-reports/specWorkflow-20260718-213733-cd7fff06/cleanup-failure-probe-test-graph/build-logic/src/main/kotlin/com/hayden/testgraphsdk/exec/PlanExecutor.kt:144	out-of-scope	ticket_plan.yaml:648-658	none mapped	unrepresented	out_of_scope_lexical_inventory		INFERRED exact-path scope; source not read
600	"lexical hit not semantically classified: // attempt (or from a stale earlier run). The ""did the SDK"	specs/.history/modular-fuzzing-epic/ticket-009-MF-017/ticket/results/graph-reports/specWorkflow-20260718-213733-cd7fff06/cleanup-failure-probe-test-graph/build-logic/src/main/kotlin/com/hayden/testgraphsdk/exec/PlanExecutor.kt:148	out-of-scope	ticket_plan.yaml:648-658	none mapped	unrepresented	out_of_scope_lexical_inventory		INFERRED exact-path scope; source not read
601	lexical hit not semantically classified: val a = item as? Map<*, *> ?: continue	specs/.history/modular-fuzzing-epic/ticket-009-MF-017/ticket/results/graph-reports/specWorkflow-20260718-213733-cd7fff06/cleanup-failure-probe-test-graph/build-logic/src/main/kotlin/com/hayden/testgraphsdk/tasks/RunReportWriter.kt:207	out-of-scope	ticket_plan.yaml:648-658	none mapped	unrepresented	out_of_scope_lexical_inventory		INFERRED exact-path scope; source not read
602	lexical hit not semantically classified: val p = item as? Map<*, *> ?: continue	specs/.history/modular-fuzzing-epic/ticket-009-MF-017/ticket/results/graph-reports/specWorkflow-20260718-213733-cd7fff06/cleanup-failure-probe-test-graph/build-logic/src/main/kotlin/com/hayden/testgraphsdk/tasks/RunReportWriter.kt:231	out-of-scope	ticket_plan.yaml:648-658	none mapped	unrepresented	out_of_scope_lexical_inventory		INFERRED exact-path scope; source not read
603	lexical hit not semantically classified: val a = item as? Map<*, *> ?: continue	specs/.history/modular-fuzzing-epic/ticket-009-MF-017/ticket/results/graph-reports/specWorkflow-20260718-213733-cd7fff06/cleanup-failure-probe-test-graph/build-logic/src/main/kotlin/com/hayden/testgraphsdk/tasks/RunReportWriter.kt:256	out-of-scope	ticket_plan.yaml:648-658	none mapped	unrepresented	out_of_scope_lexical_inventory		INFERRED exact-path scope; source not read
604	"lexical hit not semantically classified: val path = a[""path""] as? String ?: continue"	specs/.history/modular-fuzzing-epic/ticket-009-MF-017/ticket/results/graph-reports/specWorkflow-20260718-213733-cd7fff06/cleanup-failure-probe-test-graph/build-logic/src/main/kotlin/com/hayden/testgraphsdk/tasks/RunReportWriter.kt:258	out-of-scope	ticket_plan.yaml:648-658	none mapped	unrepresented	out_of_scope_lexical_inventory		INFERRED exact-path scope; source not read
605	"lexical hit not semantically classified: if (!raw.startsWith(""--"")) continue;"	specs/.history/modular-fuzzing-epic/ticket-009-MF-017/ticket/results/graph-reports/specWorkflow-20260718-213733-cd7fff06/cleanup-failure-probe-test-graph/sdk/java/src/main/java/com/hayden/testgraphsdk/sdk/NodeContext.java:45	out-of-scope	ticket_plan.yaml:648-658	none mapped	unrepresented	out_of_scope_lexical_inventory		INFERRED exact-path scope; source not read
606	lexical hit not semantically classified: if (eq < 0) continue;	specs/.history/modular-fuzzing-epic/ticket-009-MF-017/ticket/results/graph-reports/specWorkflow-20260718-213733-cd7fff06/cleanup-failure-probe-test-graph/sdk/java/src/main/java/com/hayden/testgraphsdk/sdk/NodeContext.java:47	out-of-scope	ticket_plan.yaml:648-658	none mapped	unrepresented	out_of_scope_lexical_inventory		INFERRED exact-path scope; source not read
607	lexical hit not semantically classified: * non-timeout exit code) is final on the first attempt.	specs/.history/modular-fuzzing-epic/ticket-009-MF-017/ticket/results/graph-reports/specWorkflow-20260718-213733-cd7fff06/cleanup-failure-probe-test-graph/sdk/java/src/main/java/com/hayden/testgraphsdk/sdk/NodeSpec.java:59	out-of-scope	ticket_plan.yaml:648-658	none mapped	unrepresented	out_of_scope_lexical_inventory		INFERRED exact-path scope; source not read
608	lexical hit not semantically classified: * affordance exposed after a completed node attempt.	specs/.history/modular-fuzzing-epic/ticket-009-MF-017/ticket/results/graph-reports/specWorkflow-20260718-213733-cd7fff06/cleanup-failure-probe-test-graph/sdk/java/src/main/java/com/hayden/testgraphsdk/sdk/NodeSpec.java:72	out-of-scope	ticket_plan.yaml:648-658	none mapped	unrepresented	out_of_scope_lexical_inventory		INFERRED exact-path scope; source not read
609	lexical hit not semantically classified: continue	specs/.history/modular-fuzzing-epic/ticket-009-MF-017/ticket/results/graph-reports/specWorkflow-20260718-213733-cd7fff06/cleanup-failure-probe-test-graph/sdk/python/src/testgraphsdk/context.py:39	out-of-scope	ticket_plan.yaml:648-658	none mapped	unrepresented	out_of_scope_lexical_inventory		INFERRED exact-path scope; source not read
610	lexical hit not semantically classified: orphaned state on retry. Triggers only on timeout, never on a	specs/.history/modular-fuzzing-epic/ticket-009-MF-017/ticket/results/graph-reports/specWorkflow-20260718-213733-cd7fff06/cleanup-failure-probe-test-graph/sdk/python/src/testgraphsdk/node_spec.py:58	out-of-scope	ticket_plan.yaml:648-658	none mapped	unrepresented	out_of_scope_lexical_inventory		INFERRED exact-path scope; source not read
611	lexical hit not semantically classified: if (id in nodes) continue	specs/.history/modular-fuzzing-epic/ticket-009-MF-027/ticket/results/graph-reports/specWorkflow-20260719-194428-2cebfb33/cleanup-failure-probe-test-graph/build-logic/src/main/kotlin/com/hayden/testgraphsdk/GraphAssembler.kt:55	out-of-scope	ticket_plan.yaml:648-658	none mapped	unrepresented	out_of_scope_lexical_inventory		INFERRED exact-path scope; source not read
612	lexical hit not semantically classified: if (dir.isEmpty()) continue	specs/.history/modular-fuzzing-epic/ticket-009-MF-027/ticket/results/graph-reports/specWorkflow-20260719-194428-2cebfb33/cleanup-failure-probe-test-graph/build-logic/src/main/kotlin/com/hayden/testgraphsdk/Toolchain.kt:106	out-of-scope	ticket_plan.yaml:648-658	none mapped	unrepresented	out_of_scope_lexical_inventory		INFERRED exact-path scope; source not read
613	lexical hit not semantically classified: * `failed`/`errored` is final on the first attempt. Authors opt in	specs/.history/modular-fuzzing-epic/ticket-009-MF-027/ticket/results/graph-reports/specWorkflow-20260719-194428-2cebfb33/cleanup-failure-probe-test-graph/build-logic/src/main/kotlin/com/hayden/testgraphsdk/ValidationNodeSpec.kt:21	out-of-scope	ticket_plan.yaml:648-658	none mapped	unrepresented	out_of_scope_lexical_inventory		INFERRED exact-path scope; source not read
614	lexical hit not semantically classified: * input context snapshot captured before the selected node's prior attempt.	specs/.history/modular-fuzzing-epic/ticket-009-MF-027/ticket/results/graph-reports/specWorkflow-20260719-194428-2cebfb33/cleanup-failure-probe-test-graph/build-logic/src/main/kotlin/com/hayden/testgraphsdk/exec/Context.kt:42	out-of-scope	ticket_plan.yaml:648-658	none mapped	unrepresented	out_of_scope_lexical_inventory		INFERRED exact-path scope; source not read
615	lexical hit not semantically classified: * Wall-clock budget for one attempt, parsed once from	specs/.history/modular-fuzzing-epic/ticket-009-MF-027/ticket/results/graph-reports/specWorkflow-20260719-194428-2cebfb33/cleanup-failure-probe-test-graph/build-logic/src/main/kotlin/com/hayden/testgraphsdk/exec/Executors.kt:40	out-of-scope	ticket_plan.yaml:648-658	none mapped	unrepresented	out_of_scope_lexical_inventory		INFERRED exact-path scope; source not read
616	lexical hit not semantically classified: * Outcome of one execution attempt. Kept as a sealed type so	specs/.history/modular-fuzzing-epic/ticket-009-MF-027/ticket/results/graph-reports/specWorkflow-20260719-194428-2cebfb33/cleanup-failure-probe-test-graph/build-logic/src/main/kotlin/com/hayden/testgraphsdk/exec/Executors.kt:50	out-of-scope	ticket_plan.yaml:648-658	none mapped	unrepresented	out_of_scope_lexical_inventory		INFERRED exact-path scope; source not read
617	"lexical hit not semantically classified: * `PlanExecutor` can distinguish ""timed out → maybe retry"" from"	specs/.history/modular-fuzzing-epic/ticket-009-MF-027/ticket/results/graph-reports/specWorkflow-20260719-194428-2cebfb33/cleanup-failure-probe-test-graph/build-logic/src/main/kotlin/com/hayden/testgraphsdk/exec/Executors.kt:51	out-of-scope	ticket_plan.yaml:648-658	none mapped	unrepresented	out_of_scope_lexical_inventory		INFERRED exact-path scope; source not read
618	"lexical hit not semantically classified: * --result-out"". A non-zero exit code is NOT a retry trigger — only a"	specs/.history/modular-fuzzing-epic/ticket-009-MF-027/ticket/results/graph-reports/specWorkflow-20260719-194428-2cebfb33/cleanup-failure-probe-test-graph/build-logic/src/main/kotlin/com/hayden/testgraphsdk/exec/Executors.kt:53	out-of-scope	ticket_plan.yaml:648-658	none mapped	unrepresented	out_of_scope_lexical_inventory		INFERRED exact-path scope; source not read
619	lexical hit not semantically classified: // log file on retry).	specs/.history/modular-fuzzing-epic/ticket-009-MF-027/ticket/results/graph-reports/specWorkflow-20260719-194428-2cebfb33/cleanup-failure-probe-test-graph/build-logic/src/main/kotlin/com/hayden/testgraphsdk/exec/Executors.kt:112	out-of-scope	ticket_plan.yaml:648-658	none mapped	unrepresented	out_of_scope_lexical_inventory		INFERRED exact-path scope; source not read
620	lexical hit not semantically classified: continue	specs/.history/modular-fuzzing-epic/ticket-009-MF-027/ticket/results/graph-reports/specWorkflow-20260719-194428-2cebfb33/cleanup-failure-probe-test-graph/build-logic/src/main/kotlin/com/hayden/testgraphsdk/exec/PlanExecutor.kt:70	out-of-scope	ticket_plan.yaml:648-658	none mapped	unrepresented	out_of_scope_lexical_inventory		INFERRED exact-path scope; source not read
621	lexical hit not semantically classified: for (attempt in 1..maxAttempts) {	specs/.history/modular-fuzzing-epic/ticket-009-MF-027/ticket/results/graph-reports/specWorkflow-20260719-194428-2cebfb33/cleanup-failure-probe-test-graph/build-logic/src/main/kotlin/com/hayden/testgraphsdk/exec/PlanExecutor.kt:140	out-of-scope	ticket_plan.yaml:648-658	none mapped	unrepresented	out_of_scope_lexical_inventory		INFERRED exact-path scope; source not read
622	lexical hit not semantically classified: if (attempt > 1) {	specs/.history/modular-fuzzing-epic/ticket-009-MF-027/ticket/results/graph-reports/specWorkflow-20260719-194428-2cebfb33/cleanup-failure-probe-test-graph/build-logic/src/main/kotlin/com/hayden/testgraphsdk/exec/PlanExecutor.kt:141	out-of-scope	ticket_plan.yaml:648-658	none mapped	unrepresented	out_of_scope_lexical_inventory		INFERRED exact-path scope; source not read
623	"lexical hit not semantically classified: ""    retry ${attempt - 1}/${spec.retries} after timeout — "" +"	specs/.history/modular-fuzzing-epic/ticket-009-MF-027/ticket/results/graph-reports/specWorkflow-20260719-194428-2cebfb33/cleanup-failure-probe-test-graph/build-logic/src/main/kotlin/com/hayden/testgraphsdk/exec/PlanExecutor.kt:143	out-of-scope	ticket_plan.yaml:648-658	none mapped	unrepresented	out_of_scope_lexical_inventory		INFERRED exact-path scope; source not read
624	"lexical hit not semantically classified: ""previous attempt exceeded ${spec.timeout}"""	specs/.history/modular-fuzzing-epic/ticket-009-MF-027/ticket/results/graph-reports/specWorkflow-20260719-194428-2cebfb33/cleanup-failure-probe-test-graph/build-logic/src/main/kotlin/com/hayden/testgraphsdk/exec/PlanExecutor.kt:144	out-of-scope	ticket_plan.yaml:648-658	none mapped	unrepresented	out_of_scope_lexical_inventory		INFERRED exact-path scope; source not read
625	"lexical hit not semantically classified: // attempt (or from a stale earlier run). The ""did the SDK"	specs/.history/modular-fuzzing-epic/ticket-009-MF-027/ticket/results/graph-reports/specWorkflow-20260719-194428-2cebfb33/cleanup-failure-probe-test-graph/build-logic/src/main/kotlin/com/hayden/testgraphsdk/exec/PlanExecutor.kt:148	out-of-scope	ticket_plan.yaml:648-658	none mapped	unrepresented	out_of_scope_lexical_inventory		INFERRED exact-path scope; source not read
626	lexical hit not semantically classified: val a = item as? Map<*, *> ?: continue	specs/.history/modular-fuzzing-epic/ticket-009-MF-027/ticket/results/graph-reports/specWorkflow-20260719-194428-2cebfb33/cleanup-failure-probe-test-graph/build-logic/src/main/kotlin/com/hayden/testgraphsdk/tasks/RunReportWriter.kt:207	out-of-scope	ticket_plan.yaml:648-658	none mapped	unrepresented	out_of_scope_lexical_inventory		INFERRED exact-path scope; source not read
627	lexical hit not semantically classified: val p = item as? Map<*, *> ?: continue	specs/.history/modular-fuzzing-epic/ticket-009-MF-027/ticket/results/graph-reports/specWorkflow-20260719-194428-2cebfb33/cleanup-failure-probe-test-graph/build-logic/src/main/kotlin/com/hayden/testgraphsdk/tasks/RunReportWriter.kt:231	out-of-scope	ticket_plan.yaml:648-658	none mapped	unrepresented	out_of_scope_lexical_inventory		INFERRED exact-path scope; source not read
628	lexical hit not semantically classified: val a = item as? Map<*, *> ?: continue	specs/.history/modular-fuzzing-epic/ticket-009-MF-027/ticket/results/graph-reports/specWorkflow-20260719-194428-2cebfb33/cleanup-failure-probe-test-graph/build-logic/src/main/kotlin/com/hayden/testgraphsdk/tasks/RunReportWriter.kt:256	out-of-scope	ticket_plan.yaml:648-658	none mapped	unrepresented	out_of_scope_lexical_inventory		INFERRED exact-path scope; source not read
629	"lexical hit not semantically classified: val path = a[""path""] as? String ?: continue"	specs/.history/modular-fuzzing-epic/ticket-009-MF-027/ticket/results/graph-reports/specWorkflow-20260719-194428-2cebfb33/cleanup-failure-probe-test-graph/build-logic/src/main/kotlin/com/hayden/testgraphsdk/tasks/RunReportWriter.kt:258	out-of-scope	ticket_plan.yaml:648-658	none mapped	unrepresented	out_of_scope_lexical_inventory		INFERRED exact-path scope; source not read
630	"lexical hit not semantically classified: if (!raw.startsWith(""--"")) continue;"	specs/.history/modular-fuzzing-epic/ticket-009-MF-027/ticket/results/graph-reports/specWorkflow-20260719-194428-2cebfb33/cleanup-failure-probe-test-graph/sdk/java/src/main/java/com/hayden/testgraphsdk/sdk/NodeContext.java:45	out-of-scope	ticket_plan.yaml:648-658	none mapped	unrepresented	out_of_scope_lexical_inventory		INFERRED exact-path scope; source not read
631	lexical hit not semantically classified: if (eq < 0) continue;	specs/.history/modular-fuzzing-epic/ticket-009-MF-027/ticket/results/graph-reports/specWorkflow-20260719-194428-2cebfb33/cleanup-failure-probe-test-graph/sdk/java/src/main/java/com/hayden/testgraphsdk/sdk/NodeContext.java:47	out-of-scope	ticket_plan.yaml:648-658	none mapped	unrepresented	out_of_scope_lexical_inventory		INFERRED exact-path scope; source not read
632	lexical hit not semantically classified: * non-timeout exit code) is final on the first attempt.	specs/.history/modular-fuzzing-epic/ticket-009-MF-027/ticket/results/graph-reports/specWorkflow-20260719-194428-2cebfb33/cleanup-failure-probe-test-graph/sdk/java/src/main/java/com/hayden/testgraphsdk/sdk/NodeSpec.java:59	out-of-scope	ticket_plan.yaml:648-658	none mapped	unrepresented	out_of_scope_lexical_inventory		INFERRED exact-path scope; source not read
633	lexical hit not semantically classified: * affordance exposed after a completed node attempt.	specs/.history/modular-fuzzing-epic/ticket-009-MF-027/ticket/results/graph-reports/specWorkflow-20260719-194428-2cebfb33/cleanup-failure-probe-test-graph/sdk/java/src/main/java/com/hayden/testgraphsdk/sdk/NodeSpec.java:72	out-of-scope	ticket_plan.yaml:648-658	none mapped	unrepresented	out_of_scope_lexical_inventory		INFERRED exact-path scope; source not read
634	lexical hit not semantically classified: continue	specs/.history/modular-fuzzing-epic/ticket-009-MF-027/ticket/results/graph-reports/specWorkflow-20260719-194428-2cebfb33/cleanup-failure-probe-test-graph/sdk/python/src/testgraphsdk/context.py:39	out-of-scope	ticket_plan.yaml:648-658	none mapped	unrepresented	out_of_scope_lexical_inventory		INFERRED exact-path scope; source not read
635	lexical hit not semantically classified: orphaned state on retry. Triggers only on timeout, never on a	specs/.history/modular-fuzzing-epic/ticket-009-MF-027/ticket/results/graph-reports/specWorkflow-20260719-194428-2cebfb33/cleanup-failure-probe-test-graph/sdk/python/src/testgraphsdk/node_spec.py:58	out-of-scope	ticket_plan.yaml:648-658	none mapped	unrepresented	out_of_scope_lexical_inventory		INFERRED exact-path scope; source not read
636	lexical hit not semantically classified: if (id in nodes) continue	specs/.history/modular-fuzzing-epic/ticket-013-MF-026/results/testgraph/specWorkflow/cleanup-failure-probe-test-graph/build-logic/src/main/kotlin/com/hayden/testgraphsdk/GraphAssembler.kt:55	out-of-scope	ticket_plan.yaml:648-658	none mapped	unrepresented	out_of_scope_lexical_inventory		INFERRED exact-path scope; source not read
637	lexical hit not semantically classified: if (dir.isEmpty()) continue	specs/.history/modular-fuzzing-epic/ticket-013-MF-026/results/testgraph/specWorkflow/cleanup-failure-probe-test-graph/build-logic/src/main/kotlin/com/hayden/testgraphsdk/Toolchain.kt:106	out-of-scope	ticket_plan.yaml:648-658	none mapped	unrepresented	out_of_scope_lexical_inventory		INFERRED exact-path scope; source not read
638	lexical hit not semantically classified: * `failed`/`errored` is final on the first attempt. Authors opt in	specs/.history/modular-fuzzing-epic/ticket-013-MF-026/results/testgraph/specWorkflow/cleanup-failure-probe-test-graph/build-logic/src/main/kotlin/com/hayden/testgraphsdk/ValidationNodeSpec.kt:21	out-of-scope	ticket_plan.yaml:648-658	none mapped	unrepresented	out_of_scope_lexical_inventory		INFERRED exact-path scope; source not read
639	lexical hit not semantically classified: * input context snapshot captured before the selected node's prior attempt.	specs/.history/modular-fuzzing-epic/ticket-013-MF-026/results/testgraph/specWorkflow/cleanup-failure-probe-test-graph/build-logic/src/main/kotlin/com/hayden/testgraphsdk/exec/Context.kt:42	out-of-scope	ticket_plan.yaml:648-658	none mapped	unrepresented	out_of_scope_lexical_inventory		INFERRED exact-path scope; source not read
640	lexical hit not semantically classified: * Wall-clock budget for one attempt, parsed once from	specs/.history/modular-fuzzing-epic/ticket-013-MF-026/results/testgraph/specWorkflow/cleanup-failure-probe-test-graph/build-logic/src/main/kotlin/com/hayden/testgraphsdk/exec/Executors.kt:40	out-of-scope	ticket_plan.yaml:648-658	none mapped	unrepresented	out_of_scope_lexical_inventory		INFERRED exact-path scope; source not read
641	lexical hit not semantically classified: * Outcome of one execution attempt. Kept as a sealed type so	specs/.history/modular-fuzzing-epic/ticket-013-MF-026/results/testgraph/specWorkflow/cleanup-failure-probe-test-graph/build-logic/src/main/kotlin/com/hayden/testgraphsdk/exec/Executors.kt:50	out-of-scope	ticket_plan.yaml:648-658	none mapped	unrepresented	out_of_scope_lexical_inventory		INFERRED exact-path scope; source not read
642	"lexical hit not semantically classified: * `PlanExecutor` can distinguish ""timed out → maybe retry"" from"	specs/.history/modular-fuzzing-epic/ticket-013-MF-026/results/testgraph/specWorkflow/cleanup-failure-probe-test-graph/build-logic/src/main/kotlin/com/hayden/testgraphsdk/exec/Executors.kt:51	out-of-scope	ticket_plan.yaml:648-658	none mapped	unrepresented	out_of_scope_lexical_inventory		INFERRED exact-path scope; source not read
643	"lexical hit not semantically classified: * --result-out"". A non-zero exit code is NOT a retry trigger — only a"	specs/.history/modular-fuzzing-epic/ticket-013-MF-026/results/testgraph/specWorkflow/cleanup-failure-probe-test-graph/build-logic/src/main/kotlin/com/hayden/testgraphsdk/exec/Executors.kt:53	out-of-scope	ticket_plan.yaml:648-658	none mapped	unrepresented	out_of_scope_lexical_inventory		INFERRED exact-path scope; source not read
644	lexical hit not semantically classified: // log file on retry).	specs/.history/modular-fuzzing-epic/ticket-013-MF-026/results/testgraph/specWorkflow/cleanup-failure-probe-test-graph/build-logic/src/main/kotlin/com/hayden/testgraphsdk/exec/Executors.kt:112	out-of-scope	ticket_plan.yaml:648-658	none mapped	unrepresented	out_of_scope_lexical_inventory		INFERRED exact-path scope; source not read
645	lexical hit not semantically classified: continue	specs/.history/modular-fuzzing-epic/ticket-013-MF-026/results/testgraph/specWorkflow/cleanup-failure-probe-test-graph/build-logic/src/main/kotlin/com/hayden/testgraphsdk/exec/PlanExecutor.kt:70	out-of-scope	ticket_plan.yaml:648-658	none mapped	unrepresented	out_of_scope_lexical_inventory		INFERRED exact-path scope; source not read
646	lexical hit not semantically classified: for (attempt in 1..maxAttempts) {	specs/.history/modular-fuzzing-epic/ticket-013-MF-026/results/testgraph/specWorkflow/cleanup-failure-probe-test-graph/build-logic/src/main/kotlin/com/hayden/testgraphsdk/exec/PlanExecutor.kt:140	out-of-scope	ticket_plan.yaml:648-658	none mapped	unrepresented	out_of_scope_lexical_inventory		INFERRED exact-path scope; source not read
647	lexical hit not semantically classified: if (attempt > 1) {	specs/.history/modular-fuzzing-epic/ticket-013-MF-026/results/testgraph/specWorkflow/cleanup-failure-probe-test-graph/build-logic/src/main/kotlin/com/hayden/testgraphsdk/exec/PlanExecutor.kt:141	out-of-scope	ticket_plan.yaml:648-658	none mapped	unrepresented	out_of_scope_lexical_inventory		INFERRED exact-path scope; source not read
648	"lexical hit not semantically classified: ""    retry ${attempt - 1}/${spec.retries} after timeout — "" +"	specs/.history/modular-fuzzing-epic/ticket-013-MF-026/results/testgraph/specWorkflow/cleanup-failure-probe-test-graph/build-logic/src/main/kotlin/com/hayden/testgraphsdk/exec/PlanExecutor.kt:143	out-of-scope	ticket_plan.yaml:648-658	none mapped	unrepresented	out_of_scope_lexical_inventory		INFERRED exact-path scope; source not read
649	"lexical hit not semantically classified: ""previous attempt exceeded ${spec.timeout}"""	specs/.history/modular-fuzzing-epic/ticket-013-MF-026/results/testgraph/specWorkflow/cleanup-failure-probe-test-graph/build-logic/src/main/kotlin/com/hayden/testgraphsdk/exec/PlanExecutor.kt:144	out-of-scope	ticket_plan.yaml:648-658	none mapped	unrepresented	out_of_scope_lexical_inventory		INFERRED exact-path scope; source not read
650	"lexical hit not semantically classified: // attempt (or from a stale earlier run). The ""did the SDK"	specs/.history/modular-fuzzing-epic/ticket-013-MF-026/results/testgraph/specWorkflow/cleanup-failure-probe-test-graph/build-logic/src/main/kotlin/com/hayden/testgraphsdk/exec/PlanExecutor.kt:148	out-of-scope	ticket_plan.yaml:648-658	none mapped	unrepresented	out_of_scope_lexical_inventory		INFERRED exact-path scope; source not read
651	lexical hit not semantically classified: val a = item as? Map<*, *> ?: continue	specs/.history/modular-fuzzing-epic/ticket-013-MF-026/results/testgraph/specWorkflow/cleanup-failure-probe-test-graph/build-logic/src/main/kotlin/com/hayden/testgraphsdk/tasks/RunReportWriter.kt:207	out-of-scope	ticket_plan.yaml:648-658	none mapped	unrepresented	out_of_scope_lexical_inventory		INFERRED exact-path scope; source not read
652	lexical hit not semantically classified: val p = item as? Map<*, *> ?: continue	specs/.history/modular-fuzzing-epic/ticket-013-MF-026/results/testgraph/specWorkflow/cleanup-failure-probe-test-graph/build-logic/src/main/kotlin/com/hayden/testgraphsdk/tasks/RunReportWriter.kt:231	out-of-scope	ticket_plan.yaml:648-658	none mapped	unrepresented	out_of_scope_lexical_inventory		INFERRED exact-path scope; source not read
653	lexical hit not semantically classified: val a = item as? Map<*, *> ?: continue	specs/.history/modular-fuzzing-epic/ticket-013-MF-026/results/testgraph/specWorkflow/cleanup-failure-probe-test-graph/build-logic/src/main/kotlin/com/hayden/testgraphsdk/tasks/RunReportWriter.kt:256	out-of-scope	ticket_plan.yaml:648-658	none mapped	unrepresented	out_of_scope_lexical_inventory		INFERRED exact-path scope; source not read
654	"lexical hit not semantically classified: val path = a[""path""] as? String ?: continue"	specs/.history/modular-fuzzing-epic/ticket-013-MF-026/results/testgraph/specWorkflow/cleanup-failure-probe-test-graph/build-logic/src/main/kotlin/com/hayden/testgraphsdk/tasks/RunReportWriter.kt:258	out-of-scope	ticket_plan.yaml:648-658	none mapped	unrepresented	out_of_scope_lexical_inventory		INFERRED exact-path scope; source not read
655	"lexical hit not semantically classified: if (!raw.startsWith(""--"")) continue;"	specs/.history/modular-fuzzing-epic/ticket-013-MF-026/results/testgraph/specWorkflow/cleanup-failure-probe-test-graph/sdk/java/src/main/java/com/hayden/testgraphsdk/sdk/NodeContext.java:45	out-of-scope	ticket_plan.yaml:648-658	none mapped	unrepresented	out_of_scope_lexical_inventory		INFERRED exact-path scope; source not read
656	lexical hit not semantically classified: if (eq < 0) continue;	specs/.history/modular-fuzzing-epic/ticket-013-MF-026/results/testgraph/specWorkflow/cleanup-failure-probe-test-graph/sdk/java/src/main/java/com/hayden/testgraphsdk/sdk/NodeContext.java:47	out-of-scope	ticket_plan.yaml:648-658	none mapped	unrepresented	out_of_scope_lexical_inventory		INFERRED exact-path scope; source not read
657	lexical hit not semantically classified: * non-timeout exit code) is final on the first attempt.	specs/.history/modular-fuzzing-epic/ticket-013-MF-026/results/testgraph/specWorkflow/cleanup-failure-probe-test-graph/sdk/java/src/main/java/com/hayden/testgraphsdk/sdk/NodeSpec.java:59	out-of-scope	ticket_plan.yaml:648-658	none mapped	unrepresented	out_of_scope_lexical_inventory		INFERRED exact-path scope; source not read
658	lexical hit not semantically classified: * affordance exposed after a completed node attempt.	specs/.history/modular-fuzzing-epic/ticket-013-MF-026/results/testgraph/specWorkflow/cleanup-failure-probe-test-graph/sdk/java/src/main/java/com/hayden/testgraphsdk/sdk/NodeSpec.java:72	out-of-scope	ticket_plan.yaml:648-658	none mapped	unrepresented	out_of_scope_lexical_inventory		INFERRED exact-path scope; source not read
659	lexical hit not semantically classified: continue	specs/.history/modular-fuzzing-epic/ticket-013-MF-026/results/testgraph/specWorkflow/cleanup-failure-probe-test-graph/sdk/python/src/testgraphsdk/context.py:39	out-of-scope	ticket_plan.yaml:648-658	none mapped	unrepresented	out_of_scope_lexical_inventory		INFERRED exact-path scope; source not read
660	lexical hit not semantically classified: orphaned state on retry. Triggers only on timeout, never on a	specs/.history/modular-fuzzing-epic/ticket-013-MF-026/results/testgraph/specWorkflow/cleanup-failure-probe-test-graph/sdk/python/src/testgraphsdk/node_spec.py:58	out-of-scope	ticket_plan.yaml:648-658	none mapped	unrepresented	out_of_scope_lexical_inventory		INFERRED exact-path scope; source not read
661	lexical hit not semantically classified: if (id in nodes) continue	specs/.history/modular-fuzzing-epic/ticket-013-MF-026/ticket/results/testgraph/specWorkflow/cleanup-failure-probe-test-graph/build-logic/src/main/kotlin/com/hayden/testgraphsdk/GraphAssembler.kt:55	out-of-scope	ticket_plan.yaml:648-658	none mapped	unrepresented	out_of_scope_lexical_inventory		INFERRED exact-path scope; source not read
662	lexical hit not semantically classified: if (dir.isEmpty()) continue	specs/.history/modular-fuzzing-epic/ticket-013-MF-026/ticket/results/testgraph/specWorkflow/cleanup-failure-probe-test-graph/build-logic/src/main/kotlin/com/hayden/testgraphsdk/Toolchain.kt:106	out-of-scope	ticket_plan.yaml:648-658	none mapped	unrepresented	out_of_scope_lexical_inventory		INFERRED exact-path scope; source not read
663	lexical hit not semantically classified: * `failed`/`errored` is final on the first attempt. Authors opt in	specs/.history/modular-fuzzing-epic/ticket-013-MF-026/ticket/results/testgraph/specWorkflow/cleanup-failure-probe-test-graph/build-logic/src/main/kotlin/com/hayden/testgraphsdk/ValidationNodeSpec.kt:21	out-of-scope	ticket_plan.yaml:648-658	none mapped	unrepresented	out_of_scope_lexical_inventory		INFERRED exact-path scope; source not read
664	lexical hit not semantically classified: * input context snapshot captured before the selected node's prior attempt.	specs/.history/modular-fuzzing-epic/ticket-013-MF-026/ticket/results/testgraph/specWorkflow/cleanup-failure-probe-test-graph/build-logic/src/main/kotlin/com/hayden/testgraphsdk/exec/Context.kt:42	out-of-scope	ticket_plan.yaml:648-658	none mapped	unrepresented	out_of_scope_lexical_inventory		INFERRED exact-path scope; source not read
665	lexical hit not semantically classified: * Wall-clock budget for one attempt, parsed once from	specs/.history/modular-fuzzing-epic/ticket-013-MF-026/ticket/results/testgraph/specWorkflow/cleanup-failure-probe-test-graph/build-logic/src/main/kotlin/com/hayden/testgraphsdk/exec/Executors.kt:40	out-of-scope	ticket_plan.yaml:648-658	none mapped	unrepresented	out_of_scope_lexical_inventory		INFERRED exact-path scope; source not read
666	lexical hit not semantically classified: * Outcome of one execution attempt. Kept as a sealed type so	specs/.history/modular-fuzzing-epic/ticket-013-MF-026/ticket/results/testgraph/specWorkflow/cleanup-failure-probe-test-graph/build-logic/src/main/kotlin/com/hayden/testgraphsdk/exec/Executors.kt:50	out-of-scope	ticket_plan.yaml:648-658	none mapped	unrepresented	out_of_scope_lexical_inventory		INFERRED exact-path scope; source not read
667	"lexical hit not semantically classified: * `PlanExecutor` can distinguish ""timed out → maybe retry"" from"	specs/.history/modular-fuzzing-epic/ticket-013-MF-026/ticket/results/testgraph/specWorkflow/cleanup-failure-probe-test-graph/build-logic/src/main/kotlin/com/hayden/testgraphsdk/exec/Executors.kt:51	out-of-scope	ticket_plan.yaml:648-658	none mapped	unrepresented	out_of_scope_lexical_inventory		INFERRED exact-path scope; source not read
668	"lexical hit not semantically classified: * --result-out"". A non-zero exit code is NOT a retry trigger — only a"	specs/.history/modular-fuzzing-epic/ticket-013-MF-026/ticket/results/testgraph/specWorkflow/cleanup-failure-probe-test-graph/build-logic/src/main/kotlin/com/hayden/testgraphsdk/exec/Executors.kt:53	out-of-scope	ticket_plan.yaml:648-658	none mapped	unrepresented	out_of_scope_lexical_inventory		INFERRED exact-path scope; source not read
669	lexical hit not semantically classified: // log file on retry).	specs/.history/modular-fuzzing-epic/ticket-013-MF-026/ticket/results/testgraph/specWorkflow/cleanup-failure-probe-test-graph/build-logic/src/main/kotlin/com/hayden/testgraphsdk/exec/Executors.kt:112	out-of-scope	ticket_plan.yaml:648-658	none mapped	unrepresented	out_of_scope_lexical_inventory		INFERRED exact-path scope; source not read
670	lexical hit not semantically classified: continue	specs/.history/modular-fuzzing-epic/ticket-013-MF-026/ticket/results/testgraph/specWorkflow/cleanup-failure-probe-test-graph/build-logic/src/main/kotlin/com/hayden/testgraphsdk/exec/PlanExecutor.kt:70	out-of-scope	ticket_plan.yaml:648-658	none mapped	unrepresented	out_of_scope_lexical_inventory		INFERRED exact-path scope; source not read
671	lexical hit not semantically classified: for (attempt in 1..maxAttempts) {	specs/.history/modular-fuzzing-epic/ticket-013-MF-026/ticket/results/testgraph/specWorkflow/cleanup-failure-probe-test-graph/build-logic/src/main/kotlin/com/hayden/testgraphsdk/exec/PlanExecutor.kt:140	out-of-scope	ticket_plan.yaml:648-658	none mapped	unrepresented	out_of_scope_lexical_inventory		INFERRED exact-path scope; source not read
672	lexical hit not semantically classified: if (attempt > 1) {	specs/.history/modular-fuzzing-epic/ticket-013-MF-026/ticket/results/testgraph/specWorkflow/cleanup-failure-probe-test-graph/build-logic/src/main/kotlin/com/hayden/testgraphsdk/exec/PlanExecutor.kt:141	out-of-scope	ticket_plan.yaml:648-658	none mapped	unrepresented	out_of_scope_lexical_inventory		INFERRED exact-path scope; source not read
673	"lexical hit not semantically classified: ""    retry ${attempt - 1}/${spec.retries} after timeout — "" +"	specs/.history/modular-fuzzing-epic/ticket-013-MF-026/ticket/results/testgraph/specWorkflow/cleanup-failure-probe-test-graph/build-logic/src/main/kotlin/com/hayden/testgraphsdk/exec/PlanExecutor.kt:143	out-of-scope	ticket_plan.yaml:648-658	none mapped	unrepresented	out_of_scope_lexical_inventory		INFERRED exact-path scope; source not read
674	"lexical hit not semantically classified: ""previous attempt exceeded ${spec.timeout}"""	specs/.history/modular-fuzzing-epic/ticket-013-MF-026/ticket/results/testgraph/specWorkflow/cleanup-failure-probe-test-graph/build-logic/src/main/kotlin/com/hayden/testgraphsdk/exec/PlanExecutor.kt:144	out-of-scope	ticket_plan.yaml:648-658	none mapped	unrepresented	out_of_scope_lexical_inventory		INFERRED exact-path scope; source not read
675	"lexical hit not semantically classified: // attempt (or from a stale earlier run). The ""did the SDK"	specs/.history/modular-fuzzing-epic/ticket-013-MF-026/ticket/results/testgraph/specWorkflow/cleanup-failure-probe-test-graph/build-logic/src/main/kotlin/com/hayden/testgraphsdk/exec/PlanExecutor.kt:148	out-of-scope	ticket_plan.yaml:648-658	none mapped	unrepresented	out_of_scope_lexical_inventory		INFERRED exact-path scope; source not read
676	lexical hit not semantically classified: val a = item as? Map<*, *> ?: continue	specs/.history/modular-fuzzing-epic/ticket-013-MF-026/ticket/results/testgraph/specWorkflow/cleanup-failure-probe-test-graph/build-logic/src/main/kotlin/com/hayden/testgraphsdk/tasks/RunReportWriter.kt:207	out-of-scope	ticket_plan.yaml:648-658	none mapped	unrepresented	out_of_scope_lexical_inventory		INFERRED exact-path scope; source not read
677	lexical hit not semantically classified: val p = item as? Map<*, *> ?: continue	specs/.history/modular-fuzzing-epic/ticket-013-MF-026/ticket/results/testgraph/specWorkflow/cleanup-failure-probe-test-graph/build-logic/src/main/kotlin/com/hayden/testgraphsdk/tasks/RunReportWriter.kt:231	out-of-scope	ticket_plan.yaml:648-658	none mapped	unrepresented	out_of_scope_lexical_inventory		INFERRED exact-path scope; source not read
678	lexical hit not semantically classified: val a = item as? Map<*, *> ?: continue	specs/.history/modular-fuzzing-epic/ticket-013-MF-026/ticket/results/testgraph/specWorkflow/cleanup-failure-probe-test-graph/build-logic/src/main/kotlin/com/hayden/testgraphsdk/tasks/RunReportWriter.kt:256	out-of-scope	ticket_plan.yaml:648-658	none mapped	unrepresented	out_of_scope_lexical_inventory		INFERRED exact-path scope; source not read
679	"lexical hit not semantically classified: val path = a[""path""] as? String ?: continue"	specs/.history/modular-fuzzing-epic/ticket-013-MF-026/ticket/results/testgraph/specWorkflow/cleanup-failure-probe-test-graph/build-logic/src/main/kotlin/com/hayden/testgraphsdk/tasks/RunReportWriter.kt:258	out-of-scope	ticket_plan.yaml:648-658	none mapped	unrepresented	out_of_scope_lexical_inventory		INFERRED exact-path scope; source not read
680	"lexical hit not semantically classified: if (!raw.startsWith(""--"")) continue;"	specs/.history/modular-fuzzing-epic/ticket-013-MF-026/ticket/results/testgraph/specWorkflow/cleanup-failure-probe-test-graph/sdk/java/src/main/java/com/hayden/testgraphsdk/sdk/NodeContext.java:45	out-of-scope	ticket_plan.yaml:648-658	none mapped	unrepresented	out_of_scope_lexical_inventory		INFERRED exact-path scope; source not read
681	lexical hit not semantically classified: if (eq < 0) continue;	specs/.history/modular-fuzzing-epic/ticket-013-MF-026/ticket/results/testgraph/specWorkflow/cleanup-failure-probe-test-graph/sdk/java/src/main/java/com/hayden/testgraphsdk/sdk/NodeContext.java:47	out-of-scope	ticket_plan.yaml:648-658	none mapped	unrepresented	out_of_scope_lexical_inventory		INFERRED exact-path scope; source not read
682	lexical hit not semantically classified: * non-timeout exit code) is final on the first attempt.	specs/.history/modular-fuzzing-epic/ticket-013-MF-026/ticket/results/testgraph/specWorkflow/cleanup-failure-probe-test-graph/sdk/java/src/main/java/com/hayden/testgraphsdk/sdk/NodeSpec.java:59	out-of-scope	ticket_plan.yaml:648-658	none mapped	unrepresented	out_of_scope_lexical_inventory		INFERRED exact-path scope; source not read
683	lexical hit not semantically classified: * affordance exposed after a completed node attempt.	specs/.history/modular-fuzzing-epic/ticket-013-MF-026/ticket/results/testgraph/specWorkflow/cleanup-failure-probe-test-graph/sdk/java/src/main/java/com/hayden/testgraphsdk/sdk/NodeSpec.java:72	out-of-scope	ticket_plan.yaml:648-658	none mapped	unrepresented	out_of_scope_lexical_inventory		INFERRED exact-path scope; source not read
684	lexical hit not semantically classified: continue	specs/.history/modular-fuzzing-epic/ticket-013-MF-026/ticket/results/testgraph/specWorkflow/cleanup-failure-probe-test-graph/sdk/python/src/testgraphsdk/context.py:39	out-of-scope	ticket_plan.yaml:648-658	none mapped	unrepresented	out_of_scope_lexical_inventory		INFERRED exact-path scope; source not read
685	lexical hit not semantically classified: orphaned state on retry. Triggers only on timeout, never on a	specs/.history/modular-fuzzing-epic/ticket-013-MF-026/ticket/results/testgraph/specWorkflow/cleanup-failure-probe-test-graph/sdk/python/src/testgraphsdk/node_spec.py:58	out-of-scope	ticket_plan.yaml:648-658	none mapped	unrepresented	out_of_scope_lexical_inventory		INFERRED exact-path scope; source not read
686	lexical hit not semantically classified: continue	specs/.history/modular-fuzzing-epic/ticket-014-MF-028/snapshots/current/production_adapters.py:115	out-of-scope	ticket_plan.yaml:648-658	none mapped	unrepresented	out_of_scope_lexical_inventory		INFERRED exact-path scope; source not read
687	lexical hit not semantically classified: continue	specs/.history/modular-fuzzing-epic/ticket-014-MF-028/snapshots/current/production_adapters.py:254	out-of-scope	ticket_plan.yaml:648-658	none mapped	unrepresented	out_of_scope_lexical_inventory		INFERRED exact-path scope; source not read
688	lexical hit not semantically classified: continue	specs/.history/modular-fuzzing-epic/ticket-014-MF-028/ticket/current/production_adapters.py:115	out-of-scope	ticket_plan.yaml:648-658	none mapped	unrepresented	out_of_scope_lexical_inventory		INFERRED exact-path scope; source not read
689	lexical hit not semantically classified: continue	specs/.history/modular-fuzzing-epic/ticket-014-MF-028/ticket/current/production_adapters.py:254	out-of-scope	ticket_plan.yaml:648-658	none mapped	unrepresented	out_of_scope_lexical_inventory		INFERRED exact-path scope; source not read
690	lexical hit not semantically classified: continue	specs/.history/modular-fuzzing-epic/ticket-014-MF-028/ticket/desired/production_adapters.py:115	out-of-scope	ticket_plan.yaml:648-658	none mapped	unrepresented	out_of_scope_lexical_inventory		INFERRED exact-path scope; source not read
691	lexical hit not semantically classified: continue	specs/.history/modular-fuzzing-epic/ticket-014-MF-028/ticket/desired/production_adapters.py:254	out-of-scope	ticket_plan.yaml:648-658	none mapped	unrepresented	out_of_scope_lexical_inventory		INFERRED exact-path scope; source not read
692	lexical hit not semantically classified: continue	specs/.history/modular-fuzzing-epic/ticket-015-MF-029/snapshots/current/production_adapters.py:115	out-of-scope	ticket_plan.yaml:648-658	none mapped	unrepresented	out_of_scope_lexical_inventory		INFERRED exact-path scope; source not read
693	lexical hit not semantically classified: continue	specs/.history/modular-fuzzing-epic/ticket-015-MF-029/snapshots/current/production_adapters.py:254	out-of-scope	ticket_plan.yaml:648-658	none mapped	unrepresented	out_of_scope_lexical_inventory		INFERRED exact-path scope; source not read
694	lexical hit not semantically classified: continue	specs/.history/modular-fuzzing-epic/ticket-015-MF-029/ticket/current/production_adapters.py:115	out-of-scope	ticket_plan.yaml:648-658	none mapped	unrepresented	out_of_scope_lexical_inventory		INFERRED exact-path scope; source not read
695	lexical hit not semantically classified: continue	specs/.history/modular-fuzzing-epic/ticket-015-MF-029/ticket/current/production_adapters.py:254	out-of-scope	ticket_plan.yaml:648-658	none mapped	unrepresented	out_of_scope_lexical_inventory		INFERRED exact-path scope; source not read
696	lexical hit not semantically classified: continue	specs/.history/modular-fuzzing-epic/ticket-015-MF-029/ticket/desired/production_adapters.py:115	out-of-scope	ticket_plan.yaml:648-658	none mapped	unrepresented	out_of_scope_lexical_inventory		INFERRED exact-path scope; source not read
697	lexical hit not semantically classified: continue	specs/.history/modular-fuzzing-epic/ticket-015-MF-029/ticket/desired/production_adapters.py:254	out-of-scope	ticket_plan.yaml:648-658	none mapped	unrepresented	out_of_scope_lexical_inventory		INFERRED exact-path scope; source not read
698	lexical hit not semantically classified: continue	specs/.history/modular-fuzzing-epic/ticket-016-MF-030/snapshots/current/production_adapters.py:115	out-of-scope	ticket_plan.yaml:648-658	none mapped	unrepresented	out_of_scope_lexical_inventory		INFERRED exact-path scope; source not read
699	lexical hit not semantically classified: continue	specs/.history/modular-fuzzing-epic/ticket-016-MF-030/snapshots/current/production_adapters.py:254	out-of-scope	ticket_plan.yaml:648-658	none mapped	unrepresented	out_of_scope_lexical_inventory		INFERRED exact-path scope; source not read
700	lexical hit not semantically classified: continue	specs/.history/modular-fuzzing-epic/ticket-016-MF-030/ticket/current/production_adapters.py:115	out-of-scope	ticket_plan.yaml:648-658	none mapped	unrepresented	out_of_scope_lexical_inventory		INFERRED exact-path scope; source not read
701	lexical hit not semantically classified: continue	specs/.history/modular-fuzzing-epic/ticket-016-MF-030/ticket/current/production_adapters.py:254	out-of-scope	ticket_plan.yaml:648-658	none mapped	unrepresented	out_of_scope_lexical_inventory		INFERRED exact-path scope; source not read
702	lexical hit not semantically classified: continue	specs/.history/modular-fuzzing-epic/ticket-016-MF-030/ticket/desired/production_adapters.py:115	out-of-scope	ticket_plan.yaml:648-658	none mapped	unrepresented	out_of_scope_lexical_inventory		INFERRED exact-path scope; source not read
703	lexical hit not semantically classified: continue	specs/.history/modular-fuzzing-epic/ticket-016-MF-030/ticket/desired/production_adapters.py:254	out-of-scope	ticket_plan.yaml:648-658	none mapped	unrepresented	out_of_scope_lexical_inventory		INFERRED exact-path scope; source not read
704	lexical hit not semantically classified: continue	specs/.history/modular-fuzzing-epic/ticket-017-MF-031/snapshots/current/production_adapters.py:138	out-of-scope	ticket_plan.yaml:648-658	none mapped	unrepresented	out_of_scope_lexical_inventory		INFERRED exact-path scope; source not read
705	lexical hit not semantically classified: continue	specs/.history/modular-fuzzing-epic/ticket-017-MF-031/snapshots/current/production_adapters.py:280	out-of-scope	ticket_plan.yaml:648-658	none mapped	unrepresented	out_of_scope_lexical_inventory		INFERRED exact-path scope; source not read
706	lexical hit not semantically classified: continue	specs/.history/modular-fuzzing-epic/ticket-017-MF-031/snapshots/current/production_adapters.py:353	out-of-scope	ticket_plan.yaml:648-658	none mapped	unrepresented	out_of_scope_lexical_inventory		INFERRED exact-path scope; source not read
707	lexical hit not semantically classified: continue	specs/.history/modular-fuzzing-epic/ticket-017-MF-031/snapshots/current/production_adapters.py:399	out-of-scope	ticket_plan.yaml:648-658	none mapped	unrepresented	out_of_scope_lexical_inventory		INFERRED exact-path scope; source not read
708	lexical hit not semantically classified: continue	specs/.history/modular-fuzzing-epic/ticket-017-MF-031/snapshots/current/production_adapters.py:440	out-of-scope	ticket_plan.yaml:648-658	none mapped	unrepresented	out_of_scope_lexical_inventory		INFERRED exact-path scope; source not read
709	lexical hit not semantically classified: continue	specs/.history/modular-fuzzing-epic/ticket-017-MF-031/ticket/current/production_adapters.py:138	out-of-scope	ticket_plan.yaml:648-658	none mapped	unrepresented	out_of_scope_lexical_inventory		INFERRED exact-path scope; source not read
710	lexical hit not semantically classified: continue	specs/.history/modular-fuzzing-epic/ticket-017-MF-031/ticket/current/production_adapters.py:280	out-of-scope	ticket_plan.yaml:648-658	none mapped	unrepresented	out_of_scope_lexical_inventory		INFERRED exact-path scope; source not read
711	lexical hit not semantically classified: continue	specs/.history/modular-fuzzing-epic/ticket-017-MF-031/ticket/current/production_adapters.py:353	out-of-scope	ticket_plan.yaml:648-658	none mapped	unrepresented	out_of_scope_lexical_inventory		INFERRED exact-path scope; source not read
712	lexical hit not semantically classified: continue	specs/.history/modular-fuzzing-epic/ticket-017-MF-031/ticket/current/production_adapters.py:399	out-of-scope	ticket_plan.yaml:648-658	none mapped	unrepresented	out_of_scope_lexical_inventory		INFERRED exact-path scope; source not read
713	lexical hit not semantically classified: continue	specs/.history/modular-fuzzing-epic/ticket-017-MF-031/ticket/current/production_adapters.py:440	out-of-scope	ticket_plan.yaml:648-658	none mapped	unrepresented	out_of_scope_lexical_inventory		INFERRED exact-path scope; source not read
714	lexical hit not semantically classified: continue	specs/.history/modular-fuzzing-epic/ticket-017-MF-031/ticket/desired/production_adapters.py:138	out-of-scope	ticket_plan.yaml:648-658	none mapped	unrepresented	out_of_scope_lexical_inventory		INFERRED exact-path scope; source not read
715	lexical hit not semantically classified: continue	specs/.history/modular-fuzzing-epic/ticket-017-MF-031/ticket/desired/production_adapters.py:280	out-of-scope	ticket_plan.yaml:648-658	none mapped	unrepresented	out_of_scope_lexical_inventory		INFERRED exact-path scope; source not read
716	lexical hit not semantically classified: continue	specs/.history/modular-fuzzing-epic/ticket-017-MF-031/ticket/desired/production_adapters.py:353	out-of-scope	ticket_plan.yaml:648-658	none mapped	unrepresented	out_of_scope_lexical_inventory		INFERRED exact-path scope; source not read
717	lexical hit not semantically classified: continue	specs/.history/modular-fuzzing-epic/ticket-017-MF-031/ticket/desired/production_adapters.py:399	out-of-scope	ticket_plan.yaml:648-658	none mapped	unrepresented	out_of_scope_lexical_inventory		INFERRED exact-path scope; source not read
718	lexical hit not semantically classified: continue	specs/.history/modular-fuzzing-epic/ticket-017-MF-031/ticket/desired/production_adapters.py:440	out-of-scope	ticket_plan.yaml:648-658	none mapped	unrepresented	out_of_scope_lexical_inventory		INFERRED exact-path scope; source not read
719	lexical hit not semantically classified: continue	specs/.history/modular-fuzzing-epic/ticket-017-MF-031/ticket/results/measure_coverage.py:42	out-of-scope	ticket_plan.yaml:648-658	none mapped	unrepresented	out_of_scope_lexical_inventory		INFERRED exact-path scope; source not read
720	lexical hit not semantically classified: continue	specs/.history/modular-fuzzing-epic/ticket-018-MF-032/snapshots/current/adapter_case_runtime.py:160	out-of-scope	ticket_plan.yaml:648-658	none mapped	unrepresented	out_of_scope_lexical_inventory		INFERRED exact-path scope; source not read
721	lexical hit not semantically classified: continue	specs/.history/modular-fuzzing-epic/ticket-018-MF-032/snapshots/current/adapter_case_runtime.py:302	out-of-scope	ticket_plan.yaml:648-658	none mapped	unrepresented	out_of_scope_lexical_inventory		INFERRED exact-path scope; source not read
722	lexical hit not semantically classified: continue	specs/.history/modular-fuzzing-epic/ticket-018-MF-032/snapshots/current/adapter_case_runtime.py:375	out-of-scope	ticket_plan.yaml:648-658	none mapped	unrepresented	out_of_scope_lexical_inventory		INFERRED exact-path scope; source not read
723	lexical hit not semantically classified: continue	specs/.history/modular-fuzzing-epic/ticket-018-MF-032/snapshots/current/adapter_case_runtime.py:421	out-of-scope	ticket_plan.yaml:648-658	none mapped	unrepresented	out_of_scope_lexical_inventory		INFERRED exact-path scope; source not read
724	lexical hit not semantically classified: continue	specs/.history/modular-fuzzing-epic/ticket-018-MF-032/snapshots/current/adapter_case_runtime.py:462	out-of-scope	ticket_plan.yaml:648-658	none mapped	unrepresented	out_of_scope_lexical_inventory		INFERRED exact-path scope; source not read
725	lexical hit not semantically classified: continue	specs/.history/modular-fuzzing-epic/ticket-018-MF-032/ticket/current/adapter_case_runtime.py:160	out-of-scope	ticket_plan.yaml:648-658	none mapped	unrepresented	out_of_scope_lexical_inventory		INFERRED exact-path scope; source not read
726	lexical hit not semantically classified: continue	specs/.history/modular-fuzzing-epic/ticket-018-MF-032/ticket/current/adapter_case_runtime.py:302	out-of-scope	ticket_plan.yaml:648-658	none mapped	unrepresented	out_of_scope_lexical_inventory		INFERRED exact-path scope; source not read
727	lexical hit not semantically classified: continue	specs/.history/modular-fuzzing-epic/ticket-018-MF-032/ticket/current/adapter_case_runtime.py:375	out-of-scope	ticket_plan.yaml:648-658	none mapped	unrepresented	out_of_scope_lexical_inventory		INFERRED exact-path scope; source not read
728	lexical hit not semantically classified: continue	specs/.history/modular-fuzzing-epic/ticket-018-MF-032/ticket/current/adapter_case_runtime.py:421	out-of-scope	ticket_plan.yaml:648-658	none mapped	unrepresented	out_of_scope_lexical_inventory		INFERRED exact-path scope; source not read
729	lexical hit not semantically classified: continue	specs/.history/modular-fuzzing-epic/ticket-018-MF-032/ticket/current/adapter_case_runtime.py:462	out-of-scope	ticket_plan.yaml:648-658	none mapped	unrepresented	out_of_scope_lexical_inventory		INFERRED exact-path scope; source not read
730	lexical hit not semantically classified: continue	specs/.history/modular-fuzzing-epic/ticket-018-MF-032/ticket/desired/adapter_case_runtime.py:160	out-of-scope	ticket_plan.yaml:648-658	none mapped	unrepresented	out_of_scope_lexical_inventory		INFERRED exact-path scope; source not read
731	lexical hit not semantically classified: continue	specs/.history/modular-fuzzing-epic/ticket-018-MF-032/ticket/desired/adapter_case_runtime.py:302	out-of-scope	ticket_plan.yaml:648-658	none mapped	unrepresented	out_of_scope_lexical_inventory		INFERRED exact-path scope; source not read
732	lexical hit not semantically classified: continue	specs/.history/modular-fuzzing-epic/ticket-018-MF-032/ticket/desired/adapter_case_runtime.py:375	out-of-scope	ticket_plan.yaml:648-658	none mapped	unrepresented	out_of_scope_lexical_inventory		INFERRED exact-path scope; source not read
733	lexical hit not semantically classified: continue	specs/.history/modular-fuzzing-epic/ticket-018-MF-032/ticket/desired/adapter_case_runtime.py:421	out-of-scope	ticket_plan.yaml:648-658	none mapped	unrepresented	out_of_scope_lexical_inventory		INFERRED exact-path scope; source not read
734	lexical hit not semantically classified: continue	specs/.history/modular-fuzzing-epic/ticket-018-MF-032/ticket/desired/adapter_case_runtime.py:462	out-of-scope	ticket_plan.yaml:648-658	none mapped	unrepresented	out_of_scope_lexical_inventory		INFERRED exact-path scope; source not read
735	lexical hit not semantically classified: continue	specs/.history/modular-fuzzing-epic/ticket-018-MF-032/ticket/results/measure_executability.py:47	out-of-scope	ticket_plan.yaml:648-658	none mapped	unrepresented	out_of_scope_lexical_inventory		INFERRED exact-path scope; source not read
736	lexical hit not semantically classified: continue	specs/.history/modular-fuzzing-epic/ticket-018-MF-032/ticket/results/measure_executability.py:49	out-of-scope	ticket_plan.yaml:648-658	none mapped	unrepresented	out_of_scope_lexical_inventory		INFERRED exact-path scope; source not read
737	lexical hit not semantically classified: continue	specs/.history/modular-fuzzing-epic/ticket-018-MF-032/ticket/results/measure_executability.py:54	out-of-scope	ticket_plan.yaml:648-658	none mapped	unrepresented	out_of_scope_lexical_inventory		INFERRED exact-path scope; source not read
738	lexical hit not semantically classified: continue	specs/.history/modular-fuzzing-epic/ticket-019-MF-033/snapshots/current/adapter_case_runtime.py:160	out-of-scope	ticket_plan.yaml:648-658	none mapped	unrepresented	out_of_scope_lexical_inventory		INFERRED exact-path scope; source not read
739	lexical hit not semantically classified: continue	specs/.history/modular-fuzzing-epic/ticket-019-MF-033/snapshots/current/adapter_case_runtime.py:302	out-of-scope	ticket_plan.yaml:648-658	none mapped	unrepresented	out_of_scope_lexical_inventory		INFERRED exact-path scope; source not read
740	lexical hit not semantically classified: continue	specs/.history/modular-fuzzing-epic/ticket-019-MF-033/snapshots/current/adapter_case_runtime.py:375	out-of-scope	ticket_plan.yaml:648-658	none mapped	unrepresented	out_of_scope_lexical_inventory		INFERRED exact-path scope; source not read
741	lexical hit not semantically classified: continue	specs/.history/modular-fuzzing-epic/ticket-019-MF-033/snapshots/current/adapter_case_runtime.py:421	out-of-scope	ticket_plan.yaml:648-658	none mapped	unrepresented	out_of_scope_lexical_inventory		INFERRED exact-path scope; source not read
742	lexical hit not semantically classified: continue	specs/.history/modular-fuzzing-epic/ticket-019-MF-033/snapshots/current/adapter_case_runtime.py:462	out-of-scope	ticket_plan.yaml:648-658	none mapped	unrepresented	out_of_scope_lexical_inventory		INFERRED exact-path scope; source not read
743	lexical hit not semantically classified: continue	specs/.history/modular-fuzzing-epic/ticket-019-MF-033/ticket/current/adapter_case_runtime.py:160	out-of-scope	ticket_plan.yaml:648-658	none mapped	unrepresented	out_of_scope_lexical_inventory		INFERRED exact-path scope; source not read
744	lexical hit not semantically classified: continue	specs/.history/modular-fuzzing-epic/ticket-019-MF-033/ticket/current/adapter_case_runtime.py:302	out-of-scope	ticket_plan.yaml:648-658	none mapped	unrepresented	out_of_scope_lexical_inventory		INFERRED exact-path scope; source not read
745	lexical hit not semantically classified: continue	specs/.history/modular-fuzzing-epic/ticket-019-MF-033/ticket/current/adapter_case_runtime.py:375	out-of-scope	ticket_plan.yaml:648-658	none mapped	unrepresented	out_of_scope_lexical_inventory		INFERRED exact-path scope; source not read
746	lexical hit not semantically classified: continue	specs/.history/modular-fuzzing-epic/ticket-019-MF-033/ticket/current/adapter_case_runtime.py:421	out-of-scope	ticket_plan.yaml:648-658	none mapped	unrepresented	out_of_scope_lexical_inventory		INFERRED exact-path scope; source not read
747	lexical hit not semantically classified: continue	specs/.history/modular-fuzzing-epic/ticket-019-MF-033/ticket/current/adapter_case_runtime.py:462	out-of-scope	ticket_plan.yaml:648-658	none mapped	unrepresented	out_of_scope_lexical_inventory		INFERRED exact-path scope; source not read
748	lexical hit not semantically classified: continue	specs/.history/modular-fuzzing-epic/ticket-019-MF-033/ticket/desired/adapter_case_runtime.py:160	out-of-scope	ticket_plan.yaml:648-658	none mapped	unrepresented	out_of_scope_lexical_inventory		INFERRED exact-path scope; source not read
749	lexical hit not semantically classified: continue	specs/.history/modular-fuzzing-epic/ticket-019-MF-033/ticket/desired/adapter_case_runtime.py:302	out-of-scope	ticket_plan.yaml:648-658	none mapped	unrepresented	out_of_scope_lexical_inventory		INFERRED exact-path scope; source not read
750	lexical hit not semantically classified: continue	specs/.history/modular-fuzzing-epic/ticket-019-MF-033/ticket/desired/adapter_case_runtime.py:375	out-of-scope	ticket_plan.yaml:648-658	none mapped	unrepresented	out_of_scope_lexical_inventory		INFERRED exact-path scope; source not read
751	lexical hit not semantically classified: continue	specs/.history/modular-fuzzing-epic/ticket-019-MF-033/ticket/desired/adapter_case_runtime.py:421	out-of-scope	ticket_plan.yaml:648-658	none mapped	unrepresented	out_of_scope_lexical_inventory		INFERRED exact-path scope; source not read
752	lexical hit not semantically classified: continue	specs/.history/modular-fuzzing-epic/ticket-019-MF-033/ticket/desired/adapter_case_runtime.py:462	out-of-scope	ticket_plan.yaml:648-658	none mapped	unrepresented	out_of_scope_lexical_inventory		INFERRED exact-path scope; source not read
753	lexical hit not semantically classified: continue	specs/.history/modular-fuzzing-epic/ticket-020-MF-038/snapshots/current/adapter_case_runtime.py:160	out-of-scope	ticket_plan.yaml:648-658	none mapped	unrepresented	out_of_scope_lexical_inventory		INFERRED exact-path scope; source not read
754	lexical hit not semantically classified: continue	specs/.history/modular-fuzzing-epic/ticket-020-MF-038/snapshots/current/adapter_case_runtime.py:302	out-of-scope	ticket_plan.yaml:648-658	none mapped	unrepresented	out_of_scope_lexical_inventory		INFERRED exact-path scope; source not read
755	lexical hit not semantically classified: continue	specs/.history/modular-fuzzing-epic/ticket-020-MF-038/snapshots/current/adapter_case_runtime.py:375	out-of-scope	ticket_plan.yaml:648-658	none mapped	unrepresented	out_of_scope_lexical_inventory		INFERRED exact-path scope; source not read
756	lexical hit not semantically classified: continue	specs/.history/modular-fuzzing-epic/ticket-020-MF-038/snapshots/current/adapter_case_runtime.py:421	out-of-scope	ticket_plan.yaml:648-658	none mapped	unrepresented	out_of_scope_lexical_inventory		INFERRED exact-path scope; source not read
757	lexical hit not semantically classified: continue	specs/.history/modular-fuzzing-epic/ticket-020-MF-038/snapshots/current/adapter_case_runtime.py:462	out-of-scope	ticket_plan.yaml:648-658	none mapped	unrepresented	out_of_scope_lexical_inventory		INFERRED exact-path scope; source not read
758	lexical hit not semantically classified: continue	specs/.history/modular-fuzzing-epic/ticket-020-MF-038/ticket/current/adapter_case_runtime.py:160	out-of-scope	ticket_plan.yaml:648-658	none mapped	unrepresented	out_of_scope_lexical_inventory		INFERRED exact-path scope; source not read
759	lexical hit not semantically classified: continue	specs/.history/modular-fuzzing-epic/ticket-020-MF-038/ticket/current/adapter_case_runtime.py:302	out-of-scope	ticket_plan.yaml:648-658	none mapped	unrepresented	out_of_scope_lexical_inventory		INFERRED exact-path scope; source not read
760	lexical hit not semantically classified: continue	specs/.history/modular-fuzzing-epic/ticket-020-MF-038/ticket/current/adapter_case_runtime.py:375	out-of-scope	ticket_plan.yaml:648-658	none mapped	unrepresented	out_of_scope_lexical_inventory		INFERRED exact-path scope; source not read
761	lexical hit not semantically classified: continue	specs/.history/modular-fuzzing-epic/ticket-020-MF-038/ticket/current/adapter_case_runtime.py:421	out-of-scope	ticket_plan.yaml:648-658	none mapped	unrepresented	out_of_scope_lexical_inventory		INFERRED exact-path scope; source not read
762	lexical hit not semantically classified: continue	specs/.history/modular-fuzzing-epic/ticket-020-MF-038/ticket/current/adapter_case_runtime.py:462	out-of-scope	ticket_plan.yaml:648-658	none mapped	unrepresented	out_of_scope_lexical_inventory		INFERRED exact-path scope; source not read
763	lexical hit not semantically classified: continue	specs/.history/modular-fuzzing-epic/ticket-020-MF-038/ticket/desired/adapter_case_runtime.py:160	out-of-scope	ticket_plan.yaml:648-658	none mapped	unrepresented	out_of_scope_lexical_inventory		INFERRED exact-path scope; source not read
764	lexical hit not semantically classified: continue	specs/.history/modular-fuzzing-epic/ticket-020-MF-038/ticket/desired/adapter_case_runtime.py:302	out-of-scope	ticket_plan.yaml:648-658	none mapped	unrepresented	out_of_scope_lexical_inventory		INFERRED exact-path scope; source not read
765	lexical hit not semantically classified: continue	specs/.history/modular-fuzzing-epic/ticket-020-MF-038/ticket/desired/adapter_case_runtime.py:375	out-of-scope	ticket_plan.yaml:648-658	none mapped	unrepresented	out_of_scope_lexical_inventory		INFERRED exact-path scope; source not read
766	lexical hit not semantically classified: continue	specs/.history/modular-fuzzing-epic/ticket-020-MF-038/ticket/desired/adapter_case_runtime.py:421	out-of-scope	ticket_plan.yaml:648-658	none mapped	unrepresented	out_of_scope_lexical_inventory		INFERRED exact-path scope; source not read
767	lexical hit not semantically classified: continue	specs/.history/modular-fuzzing-epic/ticket-020-MF-038/ticket/desired/adapter_case_runtime.py:462	out-of-scope	ticket_plan.yaml:648-658	none mapped	unrepresented	out_of_scope_lexical_inventory		INFERRED exact-path scope; source not read
768	lexical hit not semantically classified: continue	specs/.history/modular-fuzzing-epic/ticket-022-MF-036/snapshots/current/production_adapters.py:115	out-of-scope	ticket_plan.yaml:648-658	none mapped	unrepresented	out_of_scope_lexical_inventory		INFERRED exact-path scope; source not read
769	lexical hit not semantically classified: continue	specs/.history/modular-fuzzing-epic/ticket-022-MF-036/snapshots/current/production_adapters.py:254	out-of-scope	ticket_plan.yaml:648-658	none mapped	unrepresented	out_of_scope_lexical_inventory		INFERRED exact-path scope; source not read
770	lexical hit not semantically classified: continue	specs/.history/modular-fuzzing-epic/ticket-022-MF-036/ticket/current/production_adapters.py:115	out-of-scope	ticket_plan.yaml:648-658	none mapped	unrepresented	out_of_scope_lexical_inventory		INFERRED exact-path scope; source not read
771	lexical hit not semantically classified: continue	specs/.history/modular-fuzzing-epic/ticket-022-MF-036/ticket/current/production_adapters.py:254	out-of-scope	ticket_plan.yaml:648-658	none mapped	unrepresented	out_of_scope_lexical_inventory		INFERRED exact-path scope; source not read
772	lexical hit not semantically classified: continue	specs/.history/modular-fuzzing-epic/ticket-022-MF-036/ticket/desired/production_adapters.py:115	out-of-scope	ticket_plan.yaml:648-658	none mapped	unrepresented	out_of_scope_lexical_inventory		INFERRED exact-path scope; source not read
773	lexical hit not semantically classified: continue	specs/.history/modular-fuzzing-epic/ticket-022-MF-036/ticket/desired/production_adapters.py:254	out-of-scope	ticket_plan.yaml:648-658	none mapped	unrepresented	out_of_scope_lexical_inventory		INFERRED exact-path scope; source not read
774	lexical hit not semantically classified: continue	specs/.history/modular-fuzzing-epic/ticket-024-MF-023/snapshots/current/adapter_case_runtime.py:160	out-of-scope	ticket_plan.yaml:648-658	none mapped	unrepresented	out_of_scope_lexical_inventory		INFERRED exact-path scope; source not read
775	lexical hit not semantically classified: continue	specs/.history/modular-fuzzing-epic/ticket-024-MF-023/snapshots/current/adapter_case_runtime.py:302	out-of-scope	ticket_plan.yaml:648-658	none mapped	unrepresented	out_of_scope_lexical_inventory		INFERRED exact-path scope; source not read
776	lexical hit not semantically classified: continue	specs/.history/modular-fuzzing-epic/ticket-024-MF-023/snapshots/current/adapter_case_runtime.py:375	out-of-scope	ticket_plan.yaml:648-658	none mapped	unrepresented	out_of_scope_lexical_inventory		INFERRED exact-path scope; source not read
777	lexical hit not semantically classified: continue	specs/.history/modular-fuzzing-epic/ticket-024-MF-023/snapshots/current/adapter_case_runtime.py:421	out-of-scope	ticket_plan.yaml:648-658	none mapped	unrepresented	out_of_scope_lexical_inventory		INFERRED exact-path scope; source not read
778	lexical hit not semantically classified: continue	specs/.history/modular-fuzzing-epic/ticket-024-MF-023/snapshots/current/adapter_case_runtime.py:462	out-of-scope	ticket_plan.yaml:648-658	none mapped	unrepresented	out_of_scope_lexical_inventory		INFERRED exact-path scope; source not read
779	lexical hit not semantically classified: continue	specs/.history/modular-fuzzing-epic/ticket-024-MF-023/ticket/current/adapter_case_runtime.py:160	out-of-scope	ticket_plan.yaml:648-658	none mapped	unrepresented	out_of_scope_lexical_inventory		INFERRED exact-path scope; source not read
780	lexical hit not semantically classified: continue	specs/.history/modular-fuzzing-epic/ticket-024-MF-023/ticket/current/adapter_case_runtime.py:302	out-of-scope	ticket_plan.yaml:648-658	none mapped	unrepresented	out_of_scope_lexical_inventory		INFERRED exact-path scope; source not read
781	lexical hit not semantically classified: continue	specs/.history/modular-fuzzing-epic/ticket-024-MF-023/ticket/current/adapter_case_runtime.py:375	out-of-scope	ticket_plan.yaml:648-658	none mapped	unrepresented	out_of_scope_lexical_inventory		INFERRED exact-path scope; source not read
782	lexical hit not semantically classified: continue	specs/.history/modular-fuzzing-epic/ticket-024-MF-023/ticket/current/adapter_case_runtime.py:421	out-of-scope	ticket_plan.yaml:648-658	none mapped	unrepresented	out_of_scope_lexical_inventory		INFERRED exact-path scope; source not read
783	lexical hit not semantically classified: continue	specs/.history/modular-fuzzing-epic/ticket-024-MF-023/ticket/current/adapter_case_runtime.py:462	out-of-scope	ticket_plan.yaml:648-658	none mapped	unrepresented	out_of_scope_lexical_inventory		INFERRED exact-path scope; source not read
784	lexical hit not semantically classified: continue	specs/.history/modular-fuzzing-epic/ticket-024-MF-023/ticket/desired/adapter_case_runtime.py:160	out-of-scope	ticket_plan.yaml:648-658	none mapped	unrepresented	out_of_scope_lexical_inventory		INFERRED exact-path scope; source not read
785	lexical hit not semantically classified: continue	specs/.history/modular-fuzzing-epic/ticket-024-MF-023/ticket/desired/adapter_case_runtime.py:302	out-of-scope	ticket_plan.yaml:648-658	none mapped	unrepresented	out_of_scope_lexical_inventory		INFERRED exact-path scope; source not read
786	lexical hit not semantically classified: continue	specs/.history/modular-fuzzing-epic/ticket-024-MF-023/ticket/desired/adapter_case_runtime.py:375	out-of-scope	ticket_plan.yaml:648-658	none mapped	unrepresented	out_of_scope_lexical_inventory		INFERRED exact-path scope; source not read
787	lexical hit not semantically classified: continue	specs/.history/modular-fuzzing-epic/ticket-024-MF-023/ticket/desired/adapter_case_runtime.py:421	out-of-scope	ticket_plan.yaml:648-658	none mapped	unrepresented	out_of_scope_lexical_inventory		INFERRED exact-path scope; source not read
788	lexical hit not semantically classified: continue	specs/.history/modular-fuzzing-epic/ticket-024-MF-023/ticket/desired/adapter_case_runtime.py:462	out-of-scope	ticket_plan.yaml:648-658	none mapped	unrepresented	out_of_scope_lexical_inventory		INFERRED exact-path scope; source not read
789	lexical hit not semantically classified: continue	specs/current/adapter_case_runtime.py:160	out-of-scope	ticket_plan.yaml:648-658	none mapped	unrepresented	out_of_scope_lexical_inventory		INFERRED exact-path scope; source not read
790	lexical hit not semantically classified: continue	specs/current/adapter_case_runtime.py:302	out-of-scope	ticket_plan.yaml:648-658	none mapped	unrepresented	out_of_scope_lexical_inventory		INFERRED exact-path scope; source not read
791	lexical hit not semantically classified: continue	specs/current/adapter_case_runtime.py:375	out-of-scope	ticket_plan.yaml:648-658	none mapped	unrepresented	out_of_scope_lexical_inventory		INFERRED exact-path scope; source not read
792	lexical hit not semantically classified: continue	specs/current/adapter_case_runtime.py:421	out-of-scope	ticket_plan.yaml:648-658	none mapped	unrepresented	out_of_scope_lexical_inventory		INFERRED exact-path scope; source not read
793	lexical hit not semantically classified: continue	specs/current/adapter_case_runtime.py:462	out-of-scope	ticket_plan.yaml:648-658	none mapped	unrepresented	out_of_scope_lexical_inventory		INFERRED exact-path scope; source not read
794	lexical hit not semantically classified: if (id in nodes) continue	specs/tickets/MF-027/results/graph-reports/specWorkflow-20260719-194428-2cebfb33/cleanup-failure-probe-test-graph/build-logic/src/main/kotlin/com/hayden/testgraphsdk/GraphAssembler.kt:55	out-of-scope	ticket_plan.yaml:648-658	none mapped	unrepresented	out_of_scope_lexical_inventory		INFERRED exact-path scope; source not read
795	lexical hit not semantically classified: if (dir.isEmpty()) continue	specs/tickets/MF-027/results/graph-reports/specWorkflow-20260719-194428-2cebfb33/cleanup-failure-probe-test-graph/build-logic/src/main/kotlin/com/hayden/testgraphsdk/Toolchain.kt:106	out-of-scope	ticket_plan.yaml:648-658	none mapped	unrepresented	out_of_scope_lexical_inventory		INFERRED exact-path scope; source not read
796	lexical hit not semantically classified: * `failed`/`errored` is final on the first attempt. Authors opt in	specs/tickets/MF-027/results/graph-reports/specWorkflow-20260719-194428-2cebfb33/cleanup-failure-probe-test-graph/build-logic/src/main/kotlin/com/hayden/testgraphsdk/ValidationNodeSpec.kt:21	out-of-scope	ticket_plan.yaml:648-658	none mapped	unrepresented	out_of_scope_lexical_inventory		INFERRED exact-path scope; source not read
797	lexical hit not semantically classified: * input context snapshot captured before the selected node's prior attempt.	specs/tickets/MF-027/results/graph-reports/specWorkflow-20260719-194428-2cebfb33/cleanup-failure-probe-test-graph/build-logic/src/main/kotlin/com/hayden/testgraphsdk/exec/Context.kt:42	out-of-scope	ticket_plan.yaml:648-658	none mapped	unrepresented	out_of_scope_lexical_inventory		INFERRED exact-path scope; source not read
798	lexical hit not semantically classified: * Wall-clock budget for one attempt, parsed once from	specs/tickets/MF-027/results/graph-reports/specWorkflow-20260719-194428-2cebfb33/cleanup-failure-probe-test-graph/build-logic/src/main/kotlin/com/hayden/testgraphsdk/exec/Executors.kt:40	out-of-scope	ticket_plan.yaml:648-658	none mapped	unrepresented	out_of_scope_lexical_inventory		INFERRED exact-path scope; source not read
799	lexical hit not semantically classified: * Outcome of one execution attempt. Kept as a sealed type so	specs/tickets/MF-027/results/graph-reports/specWorkflow-20260719-194428-2cebfb33/cleanup-failure-probe-test-graph/build-logic/src/main/kotlin/com/hayden/testgraphsdk/exec/Executors.kt:50	out-of-scope	ticket_plan.yaml:648-658	none mapped	unrepresented	out_of_scope_lexical_inventory		INFERRED exact-path scope; source not read
800	"lexical hit not semantically classified: * `PlanExecutor` can distinguish ""timed out → maybe retry"" from"	specs/tickets/MF-027/results/graph-reports/specWorkflow-20260719-194428-2cebfb33/cleanup-failure-probe-test-graph/build-logic/src/main/kotlin/com/hayden/testgraphsdk/exec/Executors.kt:51	out-of-scope	ticket_plan.yaml:648-658	none mapped	unrepresented	out_of_scope_lexical_inventory		INFERRED exact-path scope; source not read
801	"lexical hit not semantically classified: * --result-out"". A non-zero exit code is NOT a retry trigger — only a"	specs/tickets/MF-027/results/graph-reports/specWorkflow-20260719-194428-2cebfb33/cleanup-failure-probe-test-graph/build-logic/src/main/kotlin/com/hayden/testgraphsdk/exec/Executors.kt:53	out-of-scope	ticket_plan.yaml:648-658	none mapped	unrepresented	out_of_scope_lexical_inventory		INFERRED exact-path scope; source not read
802	lexical hit not semantically classified: // log file on retry).	specs/tickets/MF-027/results/graph-reports/specWorkflow-20260719-194428-2cebfb33/cleanup-failure-probe-test-graph/build-logic/src/main/kotlin/com/hayden/testgraphsdk/exec/Executors.kt:112	out-of-scope	ticket_plan.yaml:648-658	none mapped	unrepresented	out_of_scope_lexical_inventory		INFERRED exact-path scope; source not read
803	lexical hit not semantically classified: continue	specs/tickets/MF-027/results/graph-reports/specWorkflow-20260719-194428-2cebfb33/cleanup-failure-probe-test-graph/build-logic/src/main/kotlin/com/hayden/testgraphsdk/exec/PlanExecutor.kt:70	out-of-scope	ticket_plan.yaml:648-658	none mapped	unrepresented	out_of_scope_lexical_inventory		INFERRED exact-path scope; source not read
804	lexical hit not semantically classified: for (attempt in 1..maxAttempts) {	specs/tickets/MF-027/results/graph-reports/specWorkflow-20260719-194428-2cebfb33/cleanup-failure-probe-test-graph/build-logic/src/main/kotlin/com/hayden/testgraphsdk/exec/PlanExecutor.kt:140	out-of-scope	ticket_plan.yaml:648-658	none mapped	unrepresented	out_of_scope_lexical_inventory		INFERRED exact-path scope; source not read
805	lexical hit not semantically classified: if (attempt > 1) {	specs/tickets/MF-027/results/graph-reports/specWorkflow-20260719-194428-2cebfb33/cleanup-failure-probe-test-graph/build-logic/src/main/kotlin/com/hayden/testgraphsdk/exec/PlanExecutor.kt:141	out-of-scope	ticket_plan.yaml:648-658	none mapped	unrepresented	out_of_scope_lexical_inventory		INFERRED exact-path scope; source not read
806	"lexical hit not semantically classified: ""    retry ${attempt - 1}/${spec.retries} after timeout — "" +"	specs/tickets/MF-027/results/graph-reports/specWorkflow-20260719-194428-2cebfb33/cleanup-failure-probe-test-graph/build-logic/src/main/kotlin/com/hayden/testgraphsdk/exec/PlanExecutor.kt:143	out-of-scope	ticket_plan.yaml:648-658	none mapped	unrepresented	out_of_scope_lexical_inventory		INFERRED exact-path scope; source not read
807	"lexical hit not semantically classified: ""previous attempt exceeded ${spec.timeout}"""	specs/tickets/MF-027/results/graph-reports/specWorkflow-20260719-194428-2cebfb33/cleanup-failure-probe-test-graph/build-logic/src/main/kotlin/com/hayden/testgraphsdk/exec/PlanExecutor.kt:144	out-of-scope	ticket_plan.yaml:648-658	none mapped	unrepresented	out_of_scope_lexical_inventory		INFERRED exact-path scope; source not read
808	"lexical hit not semantically classified: // attempt (or from a stale earlier run). The ""did the SDK"	specs/tickets/MF-027/results/graph-reports/specWorkflow-20260719-194428-2cebfb33/cleanup-failure-probe-test-graph/build-logic/src/main/kotlin/com/hayden/testgraphsdk/exec/PlanExecutor.kt:148	out-of-scope	ticket_plan.yaml:648-658	none mapped	unrepresented	out_of_scope_lexical_inventory		INFERRED exact-path scope; source not read
809	lexical hit not semantically classified: val a = item as? Map<*, *> ?: continue	specs/tickets/MF-027/results/graph-reports/specWorkflow-20260719-194428-2cebfb33/cleanup-failure-probe-test-graph/build-logic/src/main/kotlin/com/hayden/testgraphsdk/tasks/RunReportWriter.kt:207	out-of-scope	ticket_plan.yaml:648-658	none mapped	unrepresented	out_of_scope_lexical_inventory		INFERRED exact-path scope; source not read
810	lexical hit not semantically classified: val p = item as? Map<*, *> ?: continue	specs/tickets/MF-027/results/graph-reports/specWorkflow-20260719-194428-2cebfb33/cleanup-failure-probe-test-graph/build-logic/src/main/kotlin/com/hayden/testgraphsdk/tasks/RunReportWriter.kt:231	out-of-scope	ticket_plan.yaml:648-658	none mapped	unrepresented	out_of_scope_lexical_inventory		INFERRED exact-path scope; source not read
811	lexical hit not semantically classified: val a = item as? Map<*, *> ?: continue	specs/tickets/MF-027/results/graph-reports/specWorkflow-20260719-194428-2cebfb33/cleanup-failure-probe-test-graph/build-logic/src/main/kotlin/com/hayden/testgraphsdk/tasks/RunReportWriter.kt:256	out-of-scope	ticket_plan.yaml:648-658	none mapped	unrepresented	out_of_scope_lexical_inventory		INFERRED exact-path scope; source not read
812	"lexical hit not semantically classified: val path = a[""path""] as? String ?: continue"	specs/tickets/MF-027/results/graph-reports/specWorkflow-20260719-194428-2cebfb33/cleanup-failure-probe-test-graph/build-logic/src/main/kotlin/com/hayden/testgraphsdk/tasks/RunReportWriter.kt:258	out-of-scope	ticket_plan.yaml:648-658	none mapped	unrepresented	out_of_scope_lexical_inventory		INFERRED exact-path scope; source not read
813	"lexical hit not semantically classified: if (!raw.startsWith(""--"")) continue;"	specs/tickets/MF-027/results/graph-reports/specWorkflow-20260719-194428-2cebfb33/cleanup-failure-probe-test-graph/sdk/java/src/main/java/com/hayden/testgraphsdk/sdk/NodeContext.java:45	out-of-scope	ticket_plan.yaml:648-658	none mapped	unrepresented	out_of_scope_lexical_inventory		INFERRED exact-path scope; source not read
814	lexical hit not semantically classified: if (eq < 0) continue;	specs/tickets/MF-027/results/graph-reports/specWorkflow-20260719-194428-2cebfb33/cleanup-failure-probe-test-graph/sdk/java/src/main/java/com/hayden/testgraphsdk/sdk/NodeContext.java:47	out-of-scope	ticket_plan.yaml:648-658	none mapped	unrepresented	out_of_scope_lexical_inventory		INFERRED exact-path scope; source not read
815	lexical hit not semantically classified: * non-timeout exit code) is final on the first attempt.	specs/tickets/MF-027/results/graph-reports/specWorkflow-20260719-194428-2cebfb33/cleanup-failure-probe-test-graph/sdk/java/src/main/java/com/hayden/testgraphsdk/sdk/NodeSpec.java:59	out-of-scope	ticket_plan.yaml:648-658	none mapped	unrepresented	out_of_scope_lexical_inventory		INFERRED exact-path scope; source not read
816	lexical hit not semantically classified: * affordance exposed after a completed node attempt.	specs/tickets/MF-027/results/graph-reports/specWorkflow-20260719-194428-2cebfb33/cleanup-failure-probe-test-graph/sdk/java/src/main/java/com/hayden/testgraphsdk/sdk/NodeSpec.java:72	out-of-scope	ticket_plan.yaml:648-658	none mapped	unrepresented	out_of_scope_lexical_inventory		INFERRED exact-path scope; source not read
817	lexical hit not semantically classified: continue	specs/tickets/MF-027/results/graph-reports/specWorkflow-20260719-194428-2cebfb33/cleanup-failure-probe-test-graph/sdk/python/src/testgraphsdk/context.py:39	out-of-scope	ticket_plan.yaml:648-658	none mapped	unrepresented	out_of_scope_lexical_inventory		INFERRED exact-path scope; source not read
818	lexical hit not semantically classified: orphaned state on retry. Triggers only on timeout, never on a	specs/tickets/MF-027/results/graph-reports/specWorkflow-20260719-194428-2cebfb33/cleanup-failure-probe-test-graph/sdk/python/src/testgraphsdk/node_spec.py:58	out-of-scope	ticket_plan.yaml:648-658	none mapped	unrepresented	out_of_scope_lexical_inventory		INFERRED exact-path scope; source not read
819	lexical hit not semantically classified: if (id in nodes) continue	specs/tickets/MF-027/results/graph-reports/specWorkflow-20260719-195414-d28e3b52/cleanup-failure-probe-test-graph/build-logic/src/main/kotlin/com/hayden/testgraphsdk/GraphAssembler.kt:55	out-of-scope	ticket_plan.yaml:648-658	none mapped	unrepresented	out_of_scope_lexical_inventory		INFERRED exact-path scope; source not read
820	lexical hit not semantically classified: if (dir.isEmpty()) continue	specs/tickets/MF-027/results/graph-reports/specWorkflow-20260719-195414-d28e3b52/cleanup-failure-probe-test-graph/build-logic/src/main/kotlin/com/hayden/testgraphsdk/Toolchain.kt:106	out-of-scope	ticket_plan.yaml:648-658	none mapped	unrepresented	out_of_scope_lexical_inventory		INFERRED exact-path scope; source not read
821	lexical hit not semantically classified: * `failed`/`errored` is final on the first attempt. Authors opt in	specs/tickets/MF-027/results/graph-reports/specWorkflow-20260719-195414-d28e3b52/cleanup-failure-probe-test-graph/build-logic/src/main/kotlin/com/hayden/testgraphsdk/ValidationNodeSpec.kt:21	out-of-scope	ticket_plan.yaml:648-658	none mapped	unrepresented	out_of_scope_lexical_inventory		INFERRED exact-path scope; source not read
822	lexical hit not semantically classified: * input context snapshot captured before the selected node's prior attempt.	specs/tickets/MF-027/results/graph-reports/specWorkflow-20260719-195414-d28e3b52/cleanup-failure-probe-test-graph/build-logic/src/main/kotlin/com/hayden/testgraphsdk/exec/Context.kt:42	out-of-scope	ticket_plan.yaml:648-658	none mapped	unrepresented	out_of_scope_lexical_inventory		INFERRED exact-path scope; source not read
823	lexical hit not semantically classified: * Wall-clock budget for one attempt, parsed once from	specs/tickets/MF-027/results/graph-reports/specWorkflow-20260719-195414-d28e3b52/cleanup-failure-probe-test-graph/build-logic/src/main/kotlin/com/hayden/testgraphsdk/exec/Executors.kt:40	out-of-scope	ticket_plan.yaml:648-658	none mapped	unrepresented	out_of_scope_lexical_inventory		INFERRED exact-path scope; source not read
824	lexical hit not semantically classified: * Outcome of one execution attempt. Kept as a sealed type so	specs/tickets/MF-027/results/graph-reports/specWorkflow-20260719-195414-d28e3b52/cleanup-failure-probe-test-graph/build-logic/src/main/kotlin/com/hayden/testgraphsdk/exec/Executors.kt:50	out-of-scope	ticket_plan.yaml:648-658	none mapped	unrepresented	out_of_scope_lexical_inventory		INFERRED exact-path scope; source not read
825	"lexical hit not semantically classified: * `PlanExecutor` can distinguish ""timed out → maybe retry"" from"	specs/tickets/MF-027/results/graph-reports/specWorkflow-20260719-195414-d28e3b52/cleanup-failure-probe-test-graph/build-logic/src/main/kotlin/com/hayden/testgraphsdk/exec/Executors.kt:51	out-of-scope	ticket_plan.yaml:648-658	none mapped	unrepresented	out_of_scope_lexical_inventory		INFERRED exact-path scope; source not read
826	"lexical hit not semantically classified: * --result-out"". A non-zero exit code is NOT a retry trigger — only a"	specs/tickets/MF-027/results/graph-reports/specWorkflow-20260719-195414-d28e3b52/cleanup-failure-probe-test-graph/build-logic/src/main/kotlin/com/hayden/testgraphsdk/exec/Executors.kt:53	out-of-scope	ticket_plan.yaml:648-658	none mapped	unrepresented	out_of_scope_lexical_inventory		INFERRED exact-path scope; source not read
827	lexical hit not semantically classified: // log file on retry).	specs/tickets/MF-027/results/graph-reports/specWorkflow-20260719-195414-d28e3b52/cleanup-failure-probe-test-graph/build-logic/src/main/kotlin/com/hayden/testgraphsdk/exec/Executors.kt:112	out-of-scope	ticket_plan.yaml:648-658	none mapped	unrepresented	out_of_scope_lexical_inventory		INFERRED exact-path scope; source not read
828	lexical hit not semantically classified: continue	specs/tickets/MF-027/results/graph-reports/specWorkflow-20260719-195414-d28e3b52/cleanup-failure-probe-test-graph/build-logic/src/main/kotlin/com/hayden/testgraphsdk/exec/PlanExecutor.kt:70	out-of-scope	ticket_plan.yaml:648-658	none mapped	unrepresented	out_of_scope_lexical_inventory		INFERRED exact-path scope; source not read
829	lexical hit not semantically classified: for (attempt in 1..maxAttempts) {	specs/tickets/MF-027/results/graph-reports/specWorkflow-20260719-195414-d28e3b52/cleanup-failure-probe-test-graph/build-logic/src/main/kotlin/com/hayden/testgraphsdk/exec/PlanExecutor.kt:140	out-of-scope	ticket_plan.yaml:648-658	none mapped	unrepresented	out_of_scope_lexical_inventory		INFERRED exact-path scope; source not read
830	lexical hit not semantically classified: if (attempt > 1) {	specs/tickets/MF-027/results/graph-reports/specWorkflow-20260719-195414-d28e3b52/cleanup-failure-probe-test-graph/build-logic/src/main/kotlin/com/hayden/testgraphsdk/exec/PlanExecutor.kt:141	out-of-scope	ticket_plan.yaml:648-658	none mapped	unrepresented	out_of_scope_lexical_inventory		INFERRED exact-path scope; source not read
831	"lexical hit not semantically classified: ""    retry ${attempt - 1}/${spec.retries} after timeout — "" +"	specs/tickets/MF-027/results/graph-reports/specWorkflow-20260719-195414-d28e3b52/cleanup-failure-probe-test-graph/build-logic/src/main/kotlin/com/hayden/testgraphsdk/exec/PlanExecutor.kt:143	out-of-scope	ticket_plan.yaml:648-658	none mapped	unrepresented	out_of_scope_lexical_inventory		INFERRED exact-path scope; source not read
832	"lexical hit not semantically classified: ""previous attempt exceeded ${spec.timeout}"""	specs/tickets/MF-027/results/graph-reports/specWorkflow-20260719-195414-d28e3b52/cleanup-failure-probe-test-graph/build-logic/src/main/kotlin/com/hayden/testgraphsdk/exec/PlanExecutor.kt:144	out-of-scope	ticket_plan.yaml:648-658	none mapped	unrepresented	out_of_scope_lexical_inventory		INFERRED exact-path scope; source not read
833	"lexical hit not semantically classified: // attempt (or from a stale earlier run). The ""did the SDK"	specs/tickets/MF-027/results/graph-reports/specWorkflow-20260719-195414-d28e3b52/cleanup-failure-probe-test-graph/build-logic/src/main/kotlin/com/hayden/testgraphsdk/exec/PlanExecutor.kt:148	out-of-scope	ticket_plan.yaml:648-658	none mapped	unrepresented	out_of_scope_lexical_inventory		INFERRED exact-path scope; source not read
834	lexical hit not semantically classified: val a = item as? Map<*, *> ?: continue	specs/tickets/MF-027/results/graph-reports/specWorkflow-20260719-195414-d28e3b52/cleanup-failure-probe-test-graph/build-logic/src/main/kotlin/com/hayden/testgraphsdk/tasks/RunReportWriter.kt:207	out-of-scope	ticket_plan.yaml:648-658	none mapped	unrepresented	out_of_scope_lexical_inventory		INFERRED exact-path scope; source not read
835	lexical hit not semantically classified: val p = item as? Map<*, *> ?: continue	specs/tickets/MF-027/results/graph-reports/specWorkflow-20260719-195414-d28e3b52/cleanup-failure-probe-test-graph/build-logic/src/main/kotlin/com/hayden/testgraphsdk/tasks/RunReportWriter.kt:231	out-of-scope	ticket_plan.yaml:648-658	none mapped	unrepresented	out_of_scope_lexical_inventory		INFERRED exact-path scope; source not read
836	lexical hit not semantically classified: val a = item as? Map<*, *> ?: continue	specs/tickets/MF-027/results/graph-reports/specWorkflow-20260719-195414-d28e3b52/cleanup-failure-probe-test-graph/build-logic/src/main/kotlin/com/hayden/testgraphsdk/tasks/RunReportWriter.kt:256	out-of-scope	ticket_plan.yaml:648-658	none mapped	unrepresented	out_of_scope_lexical_inventory		INFERRED exact-path scope; source not read
837	"lexical hit not semantically classified: val path = a[""path""] as? String ?: continue"	specs/tickets/MF-027/results/graph-reports/specWorkflow-20260719-195414-d28e3b52/cleanup-failure-probe-test-graph/build-logic/src/main/kotlin/com/hayden/testgraphsdk/tasks/RunReportWriter.kt:258	out-of-scope	ticket_plan.yaml:648-658	none mapped	unrepresented	out_of_scope_lexical_inventory		INFERRED exact-path scope; source not read
838	"lexical hit not semantically classified: if (!raw.startsWith(""--"")) continue;"	specs/tickets/MF-027/results/graph-reports/specWorkflow-20260719-195414-d28e3b52/cleanup-failure-probe-test-graph/sdk/java/src/main/java/com/hayden/testgraphsdk/sdk/NodeContext.java:45	out-of-scope	ticket_plan.yaml:648-658	none mapped	unrepresented	out_of_scope_lexical_inventory		INFERRED exact-path scope; source not read
839	lexical hit not semantically classified: if (eq < 0) continue;	specs/tickets/MF-027/results/graph-reports/specWorkflow-20260719-195414-d28e3b52/cleanup-failure-probe-test-graph/sdk/java/src/main/java/com/hayden/testgraphsdk/sdk/NodeContext.java:47	out-of-scope	ticket_plan.yaml:648-658	none mapped	unrepresented	out_of_scope_lexical_inventory		INFERRED exact-path scope; source not read
840	lexical hit not semantically classified: * non-timeout exit code) is final on the first attempt.	specs/tickets/MF-027/results/graph-reports/specWorkflow-20260719-195414-d28e3b52/cleanup-failure-probe-test-graph/sdk/java/src/main/java/com/hayden/testgraphsdk/sdk/NodeSpec.java:59	out-of-scope	ticket_plan.yaml:648-658	none mapped	unrepresented	out_of_scope_lexical_inventory		INFERRED exact-path scope; source not read
841	lexical hit not semantically classified: * affordance exposed after a completed node attempt.	specs/tickets/MF-027/results/graph-reports/specWorkflow-20260719-195414-d28e3b52/cleanup-failure-probe-test-graph/sdk/java/src/main/java/com/hayden/testgraphsdk/sdk/NodeSpec.java:72	out-of-scope	ticket_plan.yaml:648-658	none mapped	unrepresented	out_of_scope_lexical_inventory		INFERRED exact-path scope; source not read
842	lexical hit not semantically classified: continue	specs/tickets/MF-027/results/graph-reports/specWorkflow-20260719-195414-d28e3b52/cleanup-failure-probe-test-graph/sdk/python/src/testgraphsdk/context.py:39	out-of-scope	ticket_plan.yaml:648-658	none mapped	unrepresented	out_of_scope_lexical_inventory		INFERRED exact-path scope; source not read
843	lexical hit not semantically classified: orphaned state on retry. Triggers only on timeout, never on a	specs/tickets/MF-027/results/graph-reports/specWorkflow-20260719-195414-d28e3b52/cleanup-failure-probe-test-graph/sdk/python/src/testgraphsdk/node_spec.py:58	out-of-scope	ticket_plan.yaml:648-658	none mapped	unrepresented	out_of_scope_lexical_inventory		INFERRED exact-path scope; source not read
844	lexical hit not semantically classified: if (id in nodes) continue	test_graph/build-logic/src/main/kotlin/com/hayden/testgraphsdk/GraphAssembler.kt:55	out-of-scope	ticket_plan.yaml:648-658	none mapped	unrepresented	out_of_scope_lexical_inventory		INFERRED exact-path scope; source not read
845	lexical hit not semantically classified: if (dir.isEmpty()) continue	test_graph/build-logic/src/main/kotlin/com/hayden/testgraphsdk/Toolchain.kt:106	out-of-scope	ticket_plan.yaml:648-658	none mapped	unrepresented	out_of_scope_lexical_inventory		INFERRED exact-path scope; source not read
846	lexical hit not semantically classified: * `failed`/`errored` is final on the first attempt. Authors opt in	test_graph/build-logic/src/main/kotlin/com/hayden/testgraphsdk/ValidationNodeSpec.kt:21	out-of-scope	ticket_plan.yaml:648-658	none mapped	unrepresented	out_of_scope_lexical_inventory		INFERRED exact-path scope; source not read
847	lexical hit not semantically classified: * input context snapshot captured before the selected node's prior attempt.	test_graph/build-logic/src/main/kotlin/com/hayden/testgraphsdk/exec/Context.kt:42	out-of-scope	ticket_plan.yaml:648-658	none mapped	unrepresented	out_of_scope_lexical_inventory		INFERRED exact-path scope; source not read
848	lexical hit not semantically classified: * Wall-clock budget for one attempt, parsed once from	test_graph/build-logic/src/main/kotlin/com/hayden/testgraphsdk/exec/Executors.kt:40	out-of-scope	ticket_plan.yaml:648-658	none mapped	unrepresented	out_of_scope_lexical_inventory		INFERRED exact-path scope; source not read
849	lexical hit not semantically classified: * Outcome of one execution attempt. Kept as a sealed type so	test_graph/build-logic/src/main/kotlin/com/hayden/testgraphsdk/exec/Executors.kt:50	out-of-scope	ticket_plan.yaml:648-658	none mapped	unrepresented	out_of_scope_lexical_inventory		INFERRED exact-path scope; source not read
850	"lexical hit not semantically classified: * `PlanExecutor` can distinguish ""timed out → maybe retry"" from"	test_graph/build-logic/src/main/kotlin/com/hayden/testgraphsdk/exec/Executors.kt:51	out-of-scope	ticket_plan.yaml:648-658	none mapped	unrepresented	out_of_scope_lexical_inventory		INFERRED exact-path scope; source not read
851	"lexical hit not semantically classified: * --result-out"". A non-zero exit code is NOT a retry trigger — only a"	test_graph/build-logic/src/main/kotlin/com/hayden/testgraphsdk/exec/Executors.kt:53	out-of-scope	ticket_plan.yaml:648-658	none mapped	unrepresented	out_of_scope_lexical_inventory		INFERRED exact-path scope; source not read
852	lexical hit not semantically classified: // log file on retry).	test_graph/build-logic/src/main/kotlin/com/hayden/testgraphsdk/exec/Executors.kt:112	out-of-scope	ticket_plan.yaml:648-658	none mapped	unrepresented	out_of_scope_lexical_inventory		INFERRED exact-path scope; source not read
853	lexical hit not semantically classified: continue	test_graph/build-logic/src/main/kotlin/com/hayden/testgraphsdk/exec/PlanExecutor.kt:70	out-of-scope	ticket_plan.yaml:648-658	none mapped	unrepresented	out_of_scope_lexical_inventory		INFERRED exact-path scope; source not read
854	lexical hit not semantically classified: for (attempt in 1..maxAttempts) {	test_graph/build-logic/src/main/kotlin/com/hayden/testgraphsdk/exec/PlanExecutor.kt:140	out-of-scope	ticket_plan.yaml:648-658	none mapped	unrepresented	out_of_scope_lexical_inventory		INFERRED exact-path scope; source not read
855	lexical hit not semantically classified: if (attempt > 1) {	test_graph/build-logic/src/main/kotlin/com/hayden/testgraphsdk/exec/PlanExecutor.kt:141	out-of-scope	ticket_plan.yaml:648-658	none mapped	unrepresented	out_of_scope_lexical_inventory		INFERRED exact-path scope; source not read
856	"lexical hit not semantically classified: ""    retry ${attempt - 1}/${spec.retries} after timeout — "" +"	test_graph/build-logic/src/main/kotlin/com/hayden/testgraphsdk/exec/PlanExecutor.kt:143	out-of-scope	ticket_plan.yaml:648-658	none mapped	unrepresented	out_of_scope_lexical_inventory		INFERRED exact-path scope; source not read
857	"lexical hit not semantically classified: ""previous attempt exceeded ${spec.timeout}"""	test_graph/build-logic/src/main/kotlin/com/hayden/testgraphsdk/exec/PlanExecutor.kt:144	out-of-scope	ticket_plan.yaml:648-658	none mapped	unrepresented	out_of_scope_lexical_inventory		INFERRED exact-path scope; source not read
858	"lexical hit not semantically classified: // attempt (or from a stale earlier run). The ""did the SDK"	test_graph/build-logic/src/main/kotlin/com/hayden/testgraphsdk/exec/PlanExecutor.kt:148	out-of-scope	ticket_plan.yaml:648-658	none mapped	unrepresented	out_of_scope_lexical_inventory		INFERRED exact-path scope; source not read
859	lexical hit not semantically classified: val a = item as? Map<*, *> ?: continue	test_graph/build-logic/src/main/kotlin/com/hayden/testgraphsdk/tasks/RunReportWriter.kt:207	out-of-scope	ticket_plan.yaml:648-658	none mapped	unrepresented	out_of_scope_lexical_inventory		INFERRED exact-path scope; source not read
860	lexical hit not semantically classified: val p = item as? Map<*, *> ?: continue	test_graph/build-logic/src/main/kotlin/com/hayden/testgraphsdk/tasks/RunReportWriter.kt:231	out-of-scope	ticket_plan.yaml:648-658	none mapped	unrepresented	out_of_scope_lexical_inventory		INFERRED exact-path scope; source not read
861	lexical hit not semantically classified: val a = item as? Map<*, *> ?: continue	test_graph/build-logic/src/main/kotlin/com/hayden/testgraphsdk/tasks/RunReportWriter.kt:256	out-of-scope	ticket_plan.yaml:648-658	none mapped	unrepresented	out_of_scope_lexical_inventory		INFERRED exact-path scope; source not read
862	"lexical hit not semantically classified: val path = a[""path""] as? String ?: continue"	test_graph/build-logic/src/main/kotlin/com/hayden/testgraphsdk/tasks/RunReportWriter.kt:258	out-of-scope	ticket_plan.yaml:648-658	none mapped	unrepresented	out_of_scope_lexical_inventory		INFERRED exact-path scope; source not read
863	"lexical hit not semantically classified: if (!raw.startsWith(""--"")) continue;"	test_graph/sdk/java/src/main/java/com/hayden/testgraphsdk/sdk/NodeContext.java:45	out-of-scope	ticket_plan.yaml:648-658	none mapped	unrepresented	out_of_scope_lexical_inventory		INFERRED exact-path scope; source not read
864	lexical hit not semantically classified: if (eq < 0) continue;	test_graph/sdk/java/src/main/java/com/hayden/testgraphsdk/sdk/NodeContext.java:47	out-of-scope	ticket_plan.yaml:648-658	none mapped	unrepresented	out_of_scope_lexical_inventory		INFERRED exact-path scope; source not read
865	lexical hit not semantically classified: * non-timeout exit code) is final on the first attempt.	test_graph/sdk/java/src/main/java/com/hayden/testgraphsdk/sdk/NodeSpec.java:59	out-of-scope	ticket_plan.yaml:648-658	none mapped	unrepresented	out_of_scope_lexical_inventory		INFERRED exact-path scope; source not read
866	lexical hit not semantically classified: * affordance exposed after a completed node attempt.	test_graph/sdk/java/src/main/java/com/hayden/testgraphsdk/sdk/NodeSpec.java:72	out-of-scope	ticket_plan.yaml:648-658	none mapped	unrepresented	out_of_scope_lexical_inventory		INFERRED exact-path scope; source not read
867	lexical hit not semantically classified: continue	test_graph/sdk/python/src/testgraphsdk/context.py:39	out-of-scope	ticket_plan.yaml:648-658	none mapped	unrepresented	out_of_scope_lexical_inventory		INFERRED exact-path scope; source not read
868	lexical hit not semantically classified: orphaned state on retry. Triggers only on timeout, never on a	test_graph/sdk/python/src/testgraphsdk/node_spec.py:58	out-of-scope	ticket_plan.yaml:648-658	none mapped	unrepresented	out_of_scope_lexical_inventory		INFERRED exact-path scope; source not read
869	lexical hit not semantically classified: continue	tests/test_analyze_complexity.py:350	out-of-scope	ticket_plan.yaml:648-658	none mapped	unrepresented	out_of_scope_lexical_inventory		INFERRED exact-path scope; source not read
870	lexical hit not semantically classified: continue	tests/test_complexity_ledger.py:591	out-of-scope	ticket_plan.yaml:648-658	none mapped	unrepresented	out_of_scope_lexical_inventory		INFERRED exact-path scope; source not read
871	lexical hit not semantically classified: continue	tests/test_corpus_diagnostics.py:103	out-of-scope	ticket_plan.yaml:648-658	none mapped	unrepresented	out_of_scope_lexical_inventory		INFERRED exact-path scope; source not read
872	lexical hit not semantically classified: continue	tests/test_kill_test.py:729	out-of-scope	ticket_plan.yaml:648-658	none mapped	unrepresented	out_of_scope_lexical_inventory		INFERRED exact-path scope; source not read
873	lexical hit not semantically classified: continue	tests/test_kill_test.py:767	out-of-scope	ticket_plan.yaml:648-658	none mapped	unrepresented	out_of_scope_lexical_inventory		INFERRED exact-path scope; source not read
