#	Site	Effect performed	In/Out	Plan line	Declared port	Verdict	Classification	Disposition gap ID	Review basis
1	examples/distributed_history/test_graph/sdk/java/build.gradle.kts:3	lexical hit not semantically classified: `maven-publish`	out-of-scope	ticket_plan.yaml:648-658	none mapped	undeclared	out_of_scope_lexical_inventory		INFERRED exact-path scope; source not read
2	examples/distributed_history/test_graph/sdk/java/src/main/java/com/hayden/testgraphsdk/sdk/ContextItem.java:12	lexical hit not semantically classified: * {@link NodeResult#publish(String, String)}.	out-of-scope	ticket_plan.yaml:648-658	none mapped	undeclared	out_of_scope_lexical_inventory		INFERRED exact-path scope; source not read
3	examples/distributed_history/test_graph/sdk/java/src/main/java/com/hayden/testgraphsdk/sdk/NodeResult.java:19	lexical hit not semantically classified: * Two surfaces, one object: report once, publish downstream.	out-of-scope	ticket_plan.yaml:648-658	none mapped	undeclared	out_of_scope_lexical_inventory		INFERRED exact-path scope; source not read
4	examples/distributed_history/test_graph/sdk/java/src/main/java/com/hayden/testgraphsdk/sdk/NodeResult.java:95	lexical hit not semantically classified: public NodeResult publish(String key, String value) {	out-of-scope	ticket_plan.yaml:648-658	none mapped	undeclared	out_of_scope_lexical_inventory		INFERRED exact-path scope; source not read
5	examples/distributed_history/test_graph/sdk/java/src/main/java/com/hayden/testgraphsdk/sdk/Procs.java:39	"lexical hit not semantically classified: * short local label (e.g. {@code ""publish""}); the on-disk name is"	out-of-scope	ticket_plan.yaml:648-658	none mapped	undeclared	out_of_scope_lexical_inventory		INFERRED exact-path scope; source not read
6	examples/distributed_history/test_graph/sdk/java/src/main/java/com/hayden/testgraphsdk/sdk/Procs.java:41	lexical hit not semantically classified: * {@code hello.published.publish.log}).	out-of-scope	ticket_plan.yaml:648-658	none mapped	undeclared	out_of_scope_lexical_inventory		INFERRED exact-path scope; source not read
7	examples/distributed_history/test_graph/sdk/python/src/testgraphsdk/context_item.py:13	lexical hit not semantically classified: A node's ``data`` is the map it published via ``NodeResult.publish(k, v)``.	out-of-scope	ticket_plan.yaml:648-658	none mapped	undeclared	out_of_scope_lexical_inventory		INFERRED exact-path scope; source not read
8	examples/distributed_history/test_graph/sdk/python/src/testgraphsdk/procs.py:31	"lexical hit not semantically classified: ``""publish""``), the on-disk name is ``<nodeId>.<label>.log`` so a"	out-of-scope	ticket_plan.yaml:648-658	none mapped	undeclared	out_of_scope_lexical_inventory		INFERRED exact-path scope; source not read
9	examples/distributed_history/test_graph/sdk/python/src/testgraphsdk/result.py:156	"lexical hit not semantically classified: def publish(self, key: str, value: str) -> ""NodeResult"":"	out-of-scope	ticket_plan.yaml:648-658	none mapped	undeclared	out_of_scope_lexical_inventory		INFERRED exact-path scope; source not read
10	examples/distributed_history/test_graph/sources/deploy_ecommerce.py:87	"lexical hit not semantically classified: .publish(""baseUrl"", base_url)"	out-of-scope	ticket_plan.yaml:648-658	none mapped	undeclared	out_of_scope_lexical_inventory		INFERRED exact-path scope; source not read
11	examples/distributed_history/test_graph/sources/deploy_ecommerce.py:88	"lexical hit not semantically classified: .publish(""mode"", ""local"")"	out-of-scope	ticket_plan.yaml:648-658	none mapped	undeclared	out_of_scope_lexical_inventory		INFERRED exact-path scope; source not read
12	examples/distributed_history/test_graph/sources/deploy_ecommerce.py:89	"lexical hit not semantically classified: .publish(""pid"", str(process.pid))"	out-of-scope	ticket_plan.yaml:648-658	none mapped	undeclared	out_of_scope_lexical_inventory		INFERRED exact-path scope; source not read
13	examples/distributed_history/test_graph/sources/deploy_ecommerce.py:90	"lexical hit not semantically classified: .publish(""deploymentStatus"", ""{}"")"	out-of-scope	ticket_plan.yaml:648-658	none mapped	undeclared	out_of_scope_lexical_inventory		INFERRED exact-path scope; source not read
14	examples/distributed_history/test_graph/sources/deploy_ecommerce.py:115	"lexical hit not semantically classified: .publish(""baseUrl"", base_url)"	out-of-scope	ticket_plan.yaml:648-658	none mapped	undeclared	out_of_scope_lexical_inventory		INFERRED exact-path scope; source not read
15	examples/distributed_history/test_graph/sources/deploy_ecommerce.py:116	"lexical hit not semantically classified: .publish(""mode"", ""k3d"")"	out-of-scope	ticket_plan.yaml:648-658	none mapped	undeclared	out_of_scope_lexical_inventory		INFERRED exact-path scope; source not read
16	examples/distributed_history/test_graph/sources/deploy_ecommerce.py:117	"lexical hit not semantically classified: .publish(""pid"", """")"	out-of-scope	ticket_plan.yaml:648-658	none mapped	undeclared	out_of_scope_lexical_inventory		INFERRED exact-path scope; source not read
17	examples/distributed_history/test_graph/sources/deploy_ecommerce.py:118	"lexical hit not semantically classified: .publish(""deploymentStatus"", json.dumps(deployment_status, sort_keys=True))"	out-of-scope	ticket_plan.yaml:648-658	none mapped	undeclared	out_of_scope_lexical_inventory		INFERRED exact-path scope; source not read
18	examples/distributed_history/test_graph/sources/run_external_cases.py:84	"lexical hit not semantically classified: .publish(""generatedRoot"", str(generated_root))"	out-of-scope	ticket_plan.yaml:648-658	none mapped	undeclared	out_of_scope_lexical_inventory		INFERRED exact-path scope; source not read
19	examples/distributed_history/test_graph/sources/run_external_cases.py:99	"lexical hit not semantically classified: .publish(""workDir"", str(work_dir))"	out-of-scope	ticket_plan.yaml:648-658	none mapped	undeclared	out_of_scope_lexical_inventory		INFERRED exact-path scope; source not read
20	examples/distributed_history/test_graph/sources/run_external_cases.py:100	"lexical hit not semantically classified: .publish(""generatedRoot"", str(generated_root))"	out-of-scope	ticket_plan.yaml:648-658	none mapped	undeclared	out_of_scope_lexical_inventory		INFERRED exact-path scope; source not read
21	examples/distributed_history/test_graph/sources/run_external_cases.py:101	"lexical hit not semantically classified: .publish(""traceManifest"", str(trace_manifest))"	out-of-scope	ticket_plan.yaml:648-658	none mapped	undeclared	out_of_scope_lexical_inventory		INFERRED exact-path scope; source not read
22	examples/distributed_history/test_graph/sources/run_external_cases.py:102	"lexical hit not semantically classified: .publish(""caseNames"", json.dumps(executed_cases))"	out-of-scope	ticket_plan.yaml:648-658	none mapped	undeclared	out_of_scope_lexical_inventory		INFERRED exact-path scope; source not read
23	examples/distributed_history/test_graph/sources/run_external_cases.py:103	"lexical hit not semantically classified: .publish(""expectedCaseNames"", json.dumps(expected_cases))"	out-of-scope	ticket_plan.yaml:648-658	none mapped	undeclared	out_of_scope_lexical_inventory		INFERRED exact-path scope; source not read
24	examples/distributed_history/test_graph/sources/run_external_cases.py:116	"lexical hit not semantically classified: .publish(""workDir"", str(work_dir))"	out-of-scope	ticket_plan.yaml:648-658	none mapped	undeclared	out_of_scope_lexical_inventory		INFERRED exact-path scope; source not read
25	examples/distributed_history/test_graph/sources/run_external_cases.py:117	"lexical hit not semantically classified: .publish(""generatedRoot"", str(generated_root))"	out-of-scope	ticket_plan.yaml:648-658	none mapped	undeclared	out_of_scope_lexical_inventory		INFERRED exact-path scope; source not read
26	examples/distributed_history/test_graph/sources/run_external_cases.py:118	"lexical hit not semantically classified: .publish(""traceManifest"", str(trace_manifest))"	out-of-scope	ticket_plan.yaml:648-658	none mapped	undeclared	out_of_scope_lexical_inventory		INFERRED exact-path scope; source not read
27	examples/distributed_history/test_graph/sources/run_external_cases.py:119	"lexical hit not semantically classified: .publish(""caseNames"", json.dumps(executed_cases))"	out-of-scope	ticket_plan.yaml:648-658	none mapped	undeclared	out_of_scope_lexical_inventory		INFERRED exact-path scope; source not read
28	examples/distributed_history/test_graph/sources/run_external_cases.py:120	"lexical hit not semantically classified: .publish(""expectedCaseNames"", json.dumps(expected_cases))"	out-of-scope	ticket_plan.yaml:648-658	none mapped	undeclared	out_of_scope_lexical_inventory		INFERRED exact-path scope; source not read
29	examples/distributed_history/test_graph/sources/run_external_cases.py:134	"lexical hit not semantically classified: .publish(""workDir"", str(work_dir))"	out-of-scope	ticket_plan.yaml:648-658	none mapped	undeclared	out_of_scope_lexical_inventory		INFERRED exact-path scope; source not read
30	examples/distributed_history/test_graph/sources/run_external_cases.py:135	"lexical hit not semantically classified: .publish(""generatedRoot"", str(generated_root))"	out-of-scope	ticket_plan.yaml:648-658	none mapped	undeclared	out_of_scope_lexical_inventory		INFERRED exact-path scope; source not read
31	examples/distributed_history/test_graph/sources/run_external_cases.py:136	"lexical hit not semantically classified: .publish(""traceManifest"", str(trace_manifest))"	out-of-scope	ticket_plan.yaml:648-658	none mapped	undeclared	out_of_scope_lexical_inventory		INFERRED exact-path scope; source not read
32	examples/distributed_history/test_graph/sources/run_external_cases.py:137	"lexical hit not semantically classified: .publish(""caseNames"", json.dumps(executed_cases))"	out-of-scope	ticket_plan.yaml:648-658	none mapped	undeclared	out_of_scope_lexical_inventory		INFERRED exact-path scope; source not read
33	examples/distributed_history/test_graph/sources/run_external_cases.py:138	"lexical hit not semantically classified: .publish(""expectedCaseNames"", json.dumps(expected_cases))"	out-of-scope	ticket_plan.yaml:648-658	none mapped	undeclared	out_of_scope_lexical_inventory		INFERRED exact-path scope; source not read
34	examples/effect_providers/atomic_publisher/adapters.py:26	lexical hit not semantically classified: output = AtomicPublisher(self.filesystem).publish(	out-of-scope	ticket_plan.yaml:648-658	none mapped	undeclared	out_of_scope_lexical_inventory		INFERRED exact-path scope; source not read
37	examples/effect_providers/atomic_publisher/conformance.py:178	lexical hit not semantically classified: output = AtomicPublisher(filesystem).publish(filesystem.request())	out-of-scope	ticket_plan.yaml:648-658	none mapped	undeclared	out_of_scope_lexical_inventory		INFERRED exact-path scope; source not read
38	examples/effect_providers/atomic_publisher/conformance.py:218	lexical hit not semantically classified: output = AtomicPublisher(filesystem).publish(filesystem.request())	out-of-scope	ticket_plan.yaml:648-658	none mapped	undeclared	out_of_scope_lexical_inventory		INFERRED exact-path scope; source not read
39	examples/effect_providers/atomic_publisher/test_atomic_publisher.py:68	lexical hit not semantically classified: output = AtomicPublisher(entered).publish(	out-of-scope	ticket_plan.yaml:648-658	none mapped	undeclared	out_of_scope_lexical_inventory		INFERRED exact-path scope; source not read
40	examples/effect_providers/atomic_publisher/test_atomic_publisher.py:95	lexical hit not semantically classified: output = AtomicPublisher(filesystem).publish(filesystem.request())	out-of-scope	ticket_plan.yaml:648-658	none mapped	undeclared	out_of_scope_lexical_inventory		INFERRED exact-path scope; source not read
43	examples/effect_providers/reminder_worker/adapter.py:21	"lexical hit not semantically classified: self.notifier = context.effects[""NotifierPort""]"	out-of-scope	ticket_plan.yaml:648-658	none mapped	undeclared	out_of_scope_lexical_inventory		INFERRED exact-path scope; source not read
44	examples/effect_providers/reminder_worker/adapter.py:30	lexical hit not semantically classified: worker = ReminderWorker(self.clock, self.queue, self.outbox, self.notifier)	out-of-scope	ticket_plan.yaml:648-658	none mapped	undeclared	out_of_scope_lexical_inventory		INFERRED exact-path scope; source not read
47	examples/effect_providers/reminder_worker/app.py:70	mutant-only effect	out-of-scope behavior	ticket_plan.yaml:634-647	none	undeclared	excluded_mutant_behavior		READ
48	examples/effect_providers/reminder_worker/app.py:101	notification send/implementation journal	in-scope	ticket_plan.yaml:566-573,621-633	NotifierPort	declared	semantic_effect		READ
49	examples/effect_providers/reminder_worker/providers.py:116	"lexical hit not semantically classified: stage, send = position(""outbox.stage""), position(""notifier.send"")"	out-of-scope	ticket_plan.yaml:648-658	none mapped	undeclared	out_of_scope_lexical_inventory		INFERRED exact-path scope; source not read
50	examples/effect_providers/reminder_worker/providers.py:121	"lexical hit not semantically classified: position(""notifier.send""),"	out-of-scope	ticket_plan.yaml:648-658	none mapped	undeclared	out_of_scope_lexical_inventory		INFERRED exact-path scope; source not read
51	examples/effect_providers/reminder_worker/providers.py:297	"lexical hit not semantically classified: raise DetectorFailure(""provider_local_assertion"", ""duplicate notification send"")"	out-of-scope	ticket_plan.yaml:648-658	none mapped	undeclared	out_of_scope_lexical_inventory		INFERRED exact-path scope; source not read
52	examples/effect_providers/reminder_worker/providers.py:301	"lexical hit not semantically classified: raise DetectorFailure(""provider_local_assertion"", f""notification payload mismatch: {actual!r}"")"	out-of-scope	ticket_plan.yaml:648-658	none mapped	undeclared	out_of_scope_lexical_inventory		INFERRED exact-path scope; source not read
53	examples/effect_providers/reminder_worker/providers.py:302	"lexical hit not semantically classified: self.state.event(""notifier.send"")"	out-of-scope	ticket_plan.yaml:648-658	none mapped	undeclared	out_of_scope_lexical_inventory		INFERRED exact-path scope; source not read
55	examples/effect_providers/reminder_worker/reminder_cli.py:141	notification send/implementation journal	in-scope	ticket_plan.yaml:566-573,621-633	NotifierPort	declared	semantic_effect		READ
56	examples/effect_providers/reminder_worker/run_experiment.py:708	"lexical hit not semantically classified: ""provider maps scenario/action to notifier success or retryable/permanent exception class"","	out-of-scope	ticket_plan.yaml:648-658	none mapped	undeclared	out_of_scope_lexical_inventory		INFERRED exact-path scope; source not read
57	examples/effect_providers/reminder_worker/test_reminder_worker.py:35	"lexical hit not semantically classified: ""notifier.send"": ("	out-of-scope	ticket_plan.yaml:648-658	none mapped	undeclared	out_of_scope_lexical_inventory		INFERRED exact-path scope; source not read
58	scripts/onboard_program_model.py:767	"lexical hit not semantically classified: raise NotImplementedError(""drive the real public publish-worker surface"")"	out-of-scope	ticket_plan.yaml:648-658	none mapped	undeclared	out_of_scope_lexical_inventory		INFERRED exact-path scope; source not read
59	specs/.history/modular-fuzzing-epic/ticket-000-MF-012/results/specWorkflow-20260718-153853-c3144c6b/cleanup-failure-probe-test-graph/sdk/java/build.gradle.kts:3	lexical hit not semantically classified: `maven-publish`	out-of-scope	ticket_plan.yaml:648-658	none mapped	undeclared	out_of_scope_lexical_inventory		INFERRED exact-path scope; source not read
60	specs/.history/modular-fuzzing-epic/ticket-000-MF-012/results/specWorkflow-20260718-153853-c3144c6b/cleanup-failure-probe-test-graph/sdk/java/src/main/java/com/hayden/testgraphsdk/sdk/ContextItem.java:12	lexical hit not semantically classified: * {@link NodeResult#publish(String, String)}.	out-of-scope	ticket_plan.yaml:648-658	none mapped	undeclared	out_of_scope_lexical_inventory		INFERRED exact-path scope; source not read
61	specs/.history/modular-fuzzing-epic/ticket-000-MF-012/results/specWorkflow-20260718-153853-c3144c6b/cleanup-failure-probe-test-graph/sdk/java/src/main/java/com/hayden/testgraphsdk/sdk/NodeResult.java:19	lexical hit not semantically classified: * Two surfaces, one object: report once, publish downstream.	out-of-scope	ticket_plan.yaml:648-658	none mapped	undeclared	out_of_scope_lexical_inventory		INFERRED exact-path scope; source not read
62	specs/.history/modular-fuzzing-epic/ticket-000-MF-012/results/specWorkflow-20260718-153853-c3144c6b/cleanup-failure-probe-test-graph/sdk/java/src/main/java/com/hayden/testgraphsdk/sdk/NodeResult.java:95	lexical hit not semantically classified: public NodeResult publish(String key, String value) {	out-of-scope	ticket_plan.yaml:648-658	none mapped	undeclared	out_of_scope_lexical_inventory		INFERRED exact-path scope; source not read
63	specs/.history/modular-fuzzing-epic/ticket-000-MF-012/results/specWorkflow-20260718-153853-c3144c6b/cleanup-failure-probe-test-graph/sdk/java/src/main/java/com/hayden/testgraphsdk/sdk/Procs.java:39	"lexical hit not semantically classified: * short local label (e.g. {@code ""publish""}); the on-disk name is"	out-of-scope	ticket_plan.yaml:648-658	none mapped	undeclared	out_of_scope_lexical_inventory		INFERRED exact-path scope; source not read
64	specs/.history/modular-fuzzing-epic/ticket-000-MF-012/results/specWorkflow-20260718-153853-c3144c6b/cleanup-failure-probe-test-graph/sdk/java/src/main/java/com/hayden/testgraphsdk/sdk/Procs.java:41	lexical hit not semantically classified: * {@code hello.published.publish.log}).	out-of-scope	ticket_plan.yaml:648-658	none mapped	undeclared	out_of_scope_lexical_inventory		INFERRED exact-path scope; source not read
65	specs/.history/modular-fuzzing-epic/ticket-000-MF-012/results/specWorkflow-20260718-153853-c3144c6b/cleanup-failure-probe-test-graph/sdk/python/src/testgraphsdk/context_item.py:13	lexical hit not semantically classified: A node's ``data`` is the map it published via ``NodeResult.publish(k, v)``.	out-of-scope	ticket_plan.yaml:648-658	none mapped	undeclared	out_of_scope_lexical_inventory		INFERRED exact-path scope; source not read
66	specs/.history/modular-fuzzing-epic/ticket-000-MF-012/results/specWorkflow-20260718-153853-c3144c6b/cleanup-failure-probe-test-graph/sdk/python/src/testgraphsdk/procs.py:31	"lexical hit not semantically classified: ``""publish""``), the on-disk name is ``<nodeId>.<label>.log`` so a"	out-of-scope	ticket_plan.yaml:648-658	none mapped	undeclared	out_of_scope_lexical_inventory		INFERRED exact-path scope; source not read
67	specs/.history/modular-fuzzing-epic/ticket-000-MF-012/results/specWorkflow-20260718-153853-c3144c6b/cleanup-failure-probe-test-graph/sdk/python/src/testgraphsdk/result.py:156	"lexical hit not semantically classified: def publish(self, key: str, value: str) -> ""NodeResult"":"	out-of-scope	ticket_plan.yaml:648-658	none mapped	undeclared	out_of_scope_lexical_inventory		INFERRED exact-path scope; source not read
68	specs/.history/modular-fuzzing-epic/ticket-000-MF-012/results/specWorkflow-20260718-153853-c3144c6b/cleanup-failure-probe-test-graph/sources/spec_workflow_close_ticket.py:97	"lexical hit not semantically classified: .publish(""historyDir"", str(history_dir))"	out-of-scope	ticket_plan.yaml:648-658	none mapped	undeclared	out_of_scope_lexical_inventory		INFERRED exact-path scope; source not read
69	specs/.history/modular-fuzzing-epic/ticket-000-MF-012/results/specWorkflow-20260718-153853-c3144c6b/cleanup-failure-probe-test-graph/sources/spec_workflow_create_repo.py:58	"lexical hit not semantically classified: .publish(""repoPath"", str(repo_dir))"	out-of-scope	ticket_plan.yaml:648-658	none mapped	undeclared	out_of_scope_lexical_inventory		INFERRED exact-path scope; source not read
70	specs/.history/modular-fuzzing-epic/ticket-000-MF-012/results/specWorkflow-20260718-153853-c3144c6b/cleanup-failure-probe-test-graph/sources/spec_workflow_create_repo.py:59	"lexical hit not semantically classified: .publish(""sourceRepo"", str(source_repo))"	out-of-scope	ticket_plan.yaml:648-658	none mapped	undeclared	out_of_scope_lexical_inventory		INFERRED exact-path scope; source not read
71	specs/.history/modular-fuzzing-epic/ticket-000-MF-012/results/specWorkflow-20260718-153853-c3144c6b/cleanup-failure-probe-test-graph/sources/spec_workflow_create_repo.py:60	"lexical hit not semantically classified: .publish(""ticketId"", ""FLOW-1"")"	out-of-scope	ticket_plan.yaml:648-658	none mapped	undeclared	out_of_scope_lexical_inventory		INFERRED exact-path scope; source not read
72	specs/.history/modular-fuzzing-epic/ticket-000-MF-012/results/specWorkflow-20260718-153853-c3144c6b/cleanup-failure-probe-test-graph/sources/spec_workflow_create_repo.py:61	"lexical hit not semantically classified: .publish(""cliPath"", str(cli_path))"	out-of-scope	ticket_plan.yaml:648-658	none mapped	undeclared	out_of_scope_lexical_inventory		INFERRED exact-path scope; source not read
73	specs/.history/modular-fuzzing-epic/ticket-000-MF-012/results/specWorkflow-20260718-153853-c3144c6b/cleanup-failure-probe-test-graph/sources/spec_workflow_start_ticket.py:120	"lexical hit not semantically classified: .publish(""ticketDir"", str(ticket_dir))"	out-of-scope	ticket_plan.yaml:648-658	none mapped	undeclared	out_of_scope_lexical_inventory		INFERRED exact-path scope; source not read
74	specs/.history/modular-fuzzing-epic/ticket-000-MF-012/results/specWorkflow-20260718-153853-c3144c6b/cleanup-failure-probe-test-graph/sources/tla_spec_dev_cli_install.py:57	"lexical hit not semantically classified: .publish(""cliPath"", str(cli_path))"	out-of-scope	ticket_plan.yaml:648-658	none mapped	undeclared	out_of_scope_lexical_inventory		INFERRED exact-path scope; source not read
75	specs/.history/modular-fuzzing-epic/ticket-000-MF-012/results/specWorkflow-20260718-153853-c3144c6b/cleanup-failure-probe-test-graph/sources/tla_spec_dev_cli_install.py:58	"lexical hit not semantically classified: .publish(""binDir"", str(bin_dir))"	out-of-scope	ticket_plan.yaml:648-658	none mapped	undeclared	out_of_scope_lexical_inventory		INFERRED exact-path scope; source not read
76	specs/.history/modular-fuzzing-epic/ticket-000-MF-012/ticket/results/graph-reports/specWorkflow-20260718-153853-c3144c6b/cleanup-failure-probe-test-graph/sdk/java/build.gradle.kts:3	lexical hit not semantically classified: `maven-publish`	out-of-scope	ticket_plan.yaml:648-658	none mapped	undeclared	out_of_scope_lexical_inventory		INFERRED exact-path scope; source not read
77	specs/.history/modular-fuzzing-epic/ticket-000-MF-012/ticket/results/graph-reports/specWorkflow-20260718-153853-c3144c6b/cleanup-failure-probe-test-graph/sdk/java/src/main/java/com/hayden/testgraphsdk/sdk/ContextItem.java:12	lexical hit not semantically classified: * {@link NodeResult#publish(String, String)}.	out-of-scope	ticket_plan.yaml:648-658	none mapped	undeclared	out_of_scope_lexical_inventory		INFERRED exact-path scope; source not read
78	specs/.history/modular-fuzzing-epic/ticket-000-MF-012/ticket/results/graph-reports/specWorkflow-20260718-153853-c3144c6b/cleanup-failure-probe-test-graph/sdk/java/src/main/java/com/hayden/testgraphsdk/sdk/NodeResult.java:19	lexical hit not semantically classified: * Two surfaces, one object: report once, publish downstream.	out-of-scope	ticket_plan.yaml:648-658	none mapped	undeclared	out_of_scope_lexical_inventory		INFERRED exact-path scope; source not read
79	specs/.history/modular-fuzzing-epic/ticket-000-MF-012/ticket/results/graph-reports/specWorkflow-20260718-153853-c3144c6b/cleanup-failure-probe-test-graph/sdk/java/src/main/java/com/hayden/testgraphsdk/sdk/NodeResult.java:95	lexical hit not semantically classified: public NodeResult publish(String key, String value) {	out-of-scope	ticket_plan.yaml:648-658	none mapped	undeclared	out_of_scope_lexical_inventory		INFERRED exact-path scope; source not read
80	specs/.history/modular-fuzzing-epic/ticket-000-MF-012/ticket/results/graph-reports/specWorkflow-20260718-153853-c3144c6b/cleanup-failure-probe-test-graph/sdk/java/src/main/java/com/hayden/testgraphsdk/sdk/Procs.java:39	"lexical hit not semantically classified: * short local label (e.g. {@code ""publish""}); the on-disk name is"	out-of-scope	ticket_plan.yaml:648-658	none mapped	undeclared	out_of_scope_lexical_inventory		INFERRED exact-path scope; source not read
81	specs/.history/modular-fuzzing-epic/ticket-000-MF-012/ticket/results/graph-reports/specWorkflow-20260718-153853-c3144c6b/cleanup-failure-probe-test-graph/sdk/java/src/main/java/com/hayden/testgraphsdk/sdk/Procs.java:41	lexical hit not semantically classified: * {@code hello.published.publish.log}).	out-of-scope	ticket_plan.yaml:648-658	none mapped	undeclared	out_of_scope_lexical_inventory		INFERRED exact-path scope; source not read
82	specs/.history/modular-fuzzing-epic/ticket-000-MF-012/ticket/results/graph-reports/specWorkflow-20260718-153853-c3144c6b/cleanup-failure-probe-test-graph/sdk/python/src/testgraphsdk/context_item.py:13	lexical hit not semantically classified: A node's ``data`` is the map it published via ``NodeResult.publish(k, v)``.	out-of-scope	ticket_plan.yaml:648-658	none mapped	undeclared	out_of_scope_lexical_inventory		INFERRED exact-path scope; source not read
83	specs/.history/modular-fuzzing-epic/ticket-000-MF-012/ticket/results/graph-reports/specWorkflow-20260718-153853-c3144c6b/cleanup-failure-probe-test-graph/sdk/python/src/testgraphsdk/procs.py:31	"lexical hit not semantically classified: ``""publish""``), the on-disk name is ``<nodeId>.<label>.log`` so a"	out-of-scope	ticket_plan.yaml:648-658	none mapped	undeclared	out_of_scope_lexical_inventory		INFERRED exact-path scope; source not read
84	specs/.history/modular-fuzzing-epic/ticket-000-MF-012/ticket/results/graph-reports/specWorkflow-20260718-153853-c3144c6b/cleanup-failure-probe-test-graph/sdk/python/src/testgraphsdk/result.py:156	"lexical hit not semantically classified: def publish(self, key: str, value: str) -> ""NodeResult"":"	out-of-scope	ticket_plan.yaml:648-658	none mapped	undeclared	out_of_scope_lexical_inventory		INFERRED exact-path scope; source not read
85	specs/.history/modular-fuzzing-epic/ticket-000-MF-012/ticket/results/graph-reports/specWorkflow-20260718-153853-c3144c6b/cleanup-failure-probe-test-graph/sources/spec_workflow_close_ticket.py:97	"lexical hit not semantically classified: .publish(""historyDir"", str(history_dir))"	out-of-scope	ticket_plan.yaml:648-658	none mapped	undeclared	out_of_scope_lexical_inventory		INFERRED exact-path scope; source not read
86	specs/.history/modular-fuzzing-epic/ticket-000-MF-012/ticket/results/graph-reports/specWorkflow-20260718-153853-c3144c6b/cleanup-failure-probe-test-graph/sources/spec_workflow_create_repo.py:58	"lexical hit not semantically classified: .publish(""repoPath"", str(repo_dir))"	out-of-scope	ticket_plan.yaml:648-658	none mapped	undeclared	out_of_scope_lexical_inventory		INFERRED exact-path scope; source not read
87	specs/.history/modular-fuzzing-epic/ticket-000-MF-012/ticket/results/graph-reports/specWorkflow-20260718-153853-c3144c6b/cleanup-failure-probe-test-graph/sources/spec_workflow_create_repo.py:59	"lexical hit not semantically classified: .publish(""sourceRepo"", str(source_repo))"	out-of-scope	ticket_plan.yaml:648-658	none mapped	undeclared	out_of_scope_lexical_inventory		INFERRED exact-path scope; source not read
88	specs/.history/modular-fuzzing-epic/ticket-000-MF-012/ticket/results/graph-reports/specWorkflow-20260718-153853-c3144c6b/cleanup-failure-probe-test-graph/sources/spec_workflow_create_repo.py:60	"lexical hit not semantically classified: .publish(""ticketId"", ""FLOW-1"")"	out-of-scope	ticket_plan.yaml:648-658	none mapped	undeclared	out_of_scope_lexical_inventory		INFERRED exact-path scope; source not read
89	specs/.history/modular-fuzzing-epic/ticket-000-MF-012/ticket/results/graph-reports/specWorkflow-20260718-153853-c3144c6b/cleanup-failure-probe-test-graph/sources/spec_workflow_create_repo.py:61	"lexical hit not semantically classified: .publish(""cliPath"", str(cli_path))"	out-of-scope	ticket_plan.yaml:648-658	none mapped	undeclared	out_of_scope_lexical_inventory		INFERRED exact-path scope; source not read
90	specs/.history/modular-fuzzing-epic/ticket-000-MF-012/ticket/results/graph-reports/specWorkflow-20260718-153853-c3144c6b/cleanup-failure-probe-test-graph/sources/spec_workflow_start_ticket.py:120	"lexical hit not semantically classified: .publish(""ticketDir"", str(ticket_dir))"	out-of-scope	ticket_plan.yaml:648-658	none mapped	undeclared	out_of_scope_lexical_inventory		INFERRED exact-path scope; source not read
91	specs/.history/modular-fuzzing-epic/ticket-000-MF-012/ticket/results/graph-reports/specWorkflow-20260718-153853-c3144c6b/cleanup-failure-probe-test-graph/sources/tla_spec_dev_cli_install.py:57	"lexical hit not semantically classified: .publish(""cliPath"", str(cli_path))"	out-of-scope	ticket_plan.yaml:648-658	none mapped	undeclared	out_of_scope_lexical_inventory		INFERRED exact-path scope; source not read
92	specs/.history/modular-fuzzing-epic/ticket-000-MF-012/ticket/results/graph-reports/specWorkflow-20260718-153853-c3144c6b/cleanup-failure-probe-test-graph/sources/tla_spec_dev_cli_install.py:58	"lexical hit not semantically classified: .publish(""binDir"", str(bin_dir))"	out-of-scope	ticket_plan.yaml:648-658	none mapped	undeclared	out_of_scope_lexical_inventory		INFERRED exact-path scope; source not read
93	specs/.history/modular-fuzzing-epic/ticket-002-MF-021/ticket/results/testgraph-specWorkflow/cleanup-failure-probe-test-graph/sdk/java/build.gradle.kts:3	lexical hit not semantically classified: `maven-publish`	out-of-scope	ticket_plan.yaml:648-658	none mapped	undeclared	out_of_scope_lexical_inventory		INFERRED exact-path scope; source not read
94	specs/.history/modular-fuzzing-epic/ticket-002-MF-021/ticket/results/testgraph-specWorkflow/cleanup-failure-probe-test-graph/sdk/java/src/main/java/com/hayden/testgraphsdk/sdk/ContextItem.java:12	lexical hit not semantically classified: * {@link NodeResult#publish(String, String)}.	out-of-scope	ticket_plan.yaml:648-658	none mapped	undeclared	out_of_scope_lexical_inventory		INFERRED exact-path scope; source not read
95	specs/.history/modular-fuzzing-epic/ticket-002-MF-021/ticket/results/testgraph-specWorkflow/cleanup-failure-probe-test-graph/sdk/java/src/main/java/com/hayden/testgraphsdk/sdk/NodeResult.java:19	lexical hit not semantically classified: * Two surfaces, one object: report once, publish downstream.	out-of-scope	ticket_plan.yaml:648-658	none mapped	undeclared	out_of_scope_lexical_inventory		INFERRED exact-path scope; source not read
96	specs/.history/modular-fuzzing-epic/ticket-002-MF-021/ticket/results/testgraph-specWorkflow/cleanup-failure-probe-test-graph/sdk/java/src/main/java/com/hayden/testgraphsdk/sdk/NodeResult.java:95	lexical hit not semantically classified: public NodeResult publish(String key, String value) {	out-of-scope	ticket_plan.yaml:648-658	none mapped	undeclared	out_of_scope_lexical_inventory		INFERRED exact-path scope; source not read
97	specs/.history/modular-fuzzing-epic/ticket-002-MF-021/ticket/results/testgraph-specWorkflow/cleanup-failure-probe-test-graph/sdk/java/src/main/java/com/hayden/testgraphsdk/sdk/Procs.java:39	"lexical hit not semantically classified: * short local label (e.g. {@code ""publish""}); the on-disk name is"	out-of-scope	ticket_plan.yaml:648-658	none mapped	undeclared	out_of_scope_lexical_inventory		INFERRED exact-path scope; source not read
98	specs/.history/modular-fuzzing-epic/ticket-002-MF-021/ticket/results/testgraph-specWorkflow/cleanup-failure-probe-test-graph/sdk/java/src/main/java/com/hayden/testgraphsdk/sdk/Procs.java:41	lexical hit not semantically classified: * {@code hello.published.publish.log}).	out-of-scope	ticket_plan.yaml:648-658	none mapped	undeclared	out_of_scope_lexical_inventory		INFERRED exact-path scope; source not read
99	specs/.history/modular-fuzzing-epic/ticket-002-MF-021/ticket/results/testgraph-specWorkflow/cleanup-failure-probe-test-graph/sdk/python/src/testgraphsdk/context_item.py:13	lexical hit not semantically classified: A node's ``data`` is the map it published via ``NodeResult.publish(k, v)``.	out-of-scope	ticket_plan.yaml:648-658	none mapped	undeclared	out_of_scope_lexical_inventory		INFERRED exact-path scope; source not read
100	specs/.history/modular-fuzzing-epic/ticket-002-MF-021/ticket/results/testgraph-specWorkflow/cleanup-failure-probe-test-graph/sdk/python/src/testgraphsdk/procs.py:31	"lexical hit not semantically classified: ``""publish""``), the on-disk name is ``<nodeId>.<label>.log`` so a"	out-of-scope	ticket_plan.yaml:648-658	none mapped	undeclared	out_of_scope_lexical_inventory		INFERRED exact-path scope; source not read
101	specs/.history/modular-fuzzing-epic/ticket-002-MF-021/ticket/results/testgraph-specWorkflow/cleanup-failure-probe-test-graph/sdk/python/src/testgraphsdk/result.py:156	"lexical hit not semantically classified: def publish(self, key: str, value: str) -> ""NodeResult"":"	out-of-scope	ticket_plan.yaml:648-658	none mapped	undeclared	out_of_scope_lexical_inventory		INFERRED exact-path scope; source not read
102	specs/.history/modular-fuzzing-epic/ticket-002-MF-021/ticket/results/testgraph-specWorkflow/cleanup-failure-probe-test-graph/sources/spec_workflow_close_ticket.py:97	"lexical hit not semantically classified: .publish(""historyDir"", str(history_dir))"	out-of-scope	ticket_plan.yaml:648-658	none mapped	undeclared	out_of_scope_lexical_inventory		INFERRED exact-path scope; source not read
103	specs/.history/modular-fuzzing-epic/ticket-002-MF-021/ticket/results/testgraph-specWorkflow/cleanup-failure-probe-test-graph/sources/spec_workflow_create_repo.py:58	"lexical hit not semantically classified: .publish(""repoPath"", str(repo_dir))"	out-of-scope	ticket_plan.yaml:648-658	none mapped	undeclared	out_of_scope_lexical_inventory		INFERRED exact-path scope; source not read
104	specs/.history/modular-fuzzing-epic/ticket-002-MF-021/ticket/results/testgraph-specWorkflow/cleanup-failure-probe-test-graph/sources/spec_workflow_create_repo.py:59	"lexical hit not semantically classified: .publish(""sourceRepo"", str(source_repo))"	out-of-scope	ticket_plan.yaml:648-658	none mapped	undeclared	out_of_scope_lexical_inventory		INFERRED exact-path scope; source not read
105	specs/.history/modular-fuzzing-epic/ticket-002-MF-021/ticket/results/testgraph-specWorkflow/cleanup-failure-probe-test-graph/sources/spec_workflow_create_repo.py:60	"lexical hit not semantically classified: .publish(""ticketId"", ""FLOW-1"")"	out-of-scope	ticket_plan.yaml:648-658	none mapped	undeclared	out_of_scope_lexical_inventory		INFERRED exact-path scope; source not read
106	specs/.history/modular-fuzzing-epic/ticket-002-MF-021/ticket/results/testgraph-specWorkflow/cleanup-failure-probe-test-graph/sources/spec_workflow_create_repo.py:61	"lexical hit not semantically classified: .publish(""cliPath"", str(cli_path))"	out-of-scope	ticket_plan.yaml:648-658	none mapped	undeclared	out_of_scope_lexical_inventory		INFERRED exact-path scope; source not read
107	specs/.history/modular-fuzzing-epic/ticket-002-MF-021/ticket/results/testgraph-specWorkflow/cleanup-failure-probe-test-graph/sources/spec_workflow_start_ticket.py:120	"lexical hit not semantically classified: .publish(""ticketDir"", str(ticket_dir))"	out-of-scope	ticket_plan.yaml:648-658	none mapped	undeclared	out_of_scope_lexical_inventory		INFERRED exact-path scope; source not read
108	specs/.history/modular-fuzzing-epic/ticket-002-MF-021/ticket/results/testgraph-specWorkflow/cleanup-failure-probe-test-graph/sources/tla_spec_dev_cli_install.py:57	"lexical hit not semantically classified: .publish(""cliPath"", str(cli_path))"	out-of-scope	ticket_plan.yaml:648-658	none mapped	undeclared	out_of_scope_lexical_inventory		INFERRED exact-path scope; source not read
109	specs/.history/modular-fuzzing-epic/ticket-002-MF-021/ticket/results/testgraph-specWorkflow/cleanup-failure-probe-test-graph/sources/tla_spec_dev_cli_install.py:58	"lexical hit not semantically classified: .publish(""binDir"", str(bin_dir))"	out-of-scope	ticket_plan.yaml:648-658	none mapped	undeclared	out_of_scope_lexical_inventory		INFERRED exact-path scope; source not read
110	specs/.history/modular-fuzzing-epic/ticket-003-MF-011/results/testgraph-specWorkflow/cleanup-failure-probe-test-graph/sdk/java/build.gradle.kts:3	lexical hit not semantically classified: `maven-publish`	out-of-scope	ticket_plan.yaml:648-658	none mapped	undeclared	out_of_scope_lexical_inventory		INFERRED exact-path scope; source not read
111	specs/.history/modular-fuzzing-epic/ticket-003-MF-011/results/testgraph-specWorkflow/cleanup-failure-probe-test-graph/sdk/java/src/main/java/com/hayden/testgraphsdk/sdk/ContextItem.java:12	lexical hit not semantically classified: * {@link NodeResult#publish(String, String)}.	out-of-scope	ticket_plan.yaml:648-658	none mapped	undeclared	out_of_scope_lexical_inventory		INFERRED exact-path scope; source not read
112	specs/.history/modular-fuzzing-epic/ticket-003-MF-011/results/testgraph-specWorkflow/cleanup-failure-probe-test-graph/sdk/java/src/main/java/com/hayden/testgraphsdk/sdk/NodeResult.java:19	lexical hit not semantically classified: * Two surfaces, one object: report once, publish downstream.	out-of-scope	ticket_plan.yaml:648-658	none mapped	undeclared	out_of_scope_lexical_inventory		INFERRED exact-path scope; source not read
113	specs/.history/modular-fuzzing-epic/ticket-003-MF-011/results/testgraph-specWorkflow/cleanup-failure-probe-test-graph/sdk/java/src/main/java/com/hayden/testgraphsdk/sdk/NodeResult.java:95	lexical hit not semantically classified: public NodeResult publish(String key, String value) {	out-of-scope	ticket_plan.yaml:648-658	none mapped	undeclared	out_of_scope_lexical_inventory		INFERRED exact-path scope; source not read
114	specs/.history/modular-fuzzing-epic/ticket-003-MF-011/results/testgraph-specWorkflow/cleanup-failure-probe-test-graph/sdk/java/src/main/java/com/hayden/testgraphsdk/sdk/Procs.java:39	"lexical hit not semantically classified: * short local label (e.g. {@code ""publish""}); the on-disk name is"	out-of-scope	ticket_plan.yaml:648-658	none mapped	undeclared	out_of_scope_lexical_inventory		INFERRED exact-path scope; source not read
115	specs/.history/modular-fuzzing-epic/ticket-003-MF-011/results/testgraph-specWorkflow/cleanup-failure-probe-test-graph/sdk/java/src/main/java/com/hayden/testgraphsdk/sdk/Procs.java:41	lexical hit not semantically classified: * {@code hello.published.publish.log}).	out-of-scope	ticket_plan.yaml:648-658	none mapped	undeclared	out_of_scope_lexical_inventory		INFERRED exact-path scope; source not read
116	specs/.history/modular-fuzzing-epic/ticket-003-MF-011/results/testgraph-specWorkflow/cleanup-failure-probe-test-graph/sdk/python/src/testgraphsdk/context_item.py:13	lexical hit not semantically classified: A node's ``data`` is the map it published via ``NodeResult.publish(k, v)``.	out-of-scope	ticket_plan.yaml:648-658	none mapped	undeclared	out_of_scope_lexical_inventory		INFERRED exact-path scope; source not read
117	specs/.history/modular-fuzzing-epic/ticket-003-MF-011/results/testgraph-specWorkflow/cleanup-failure-probe-test-graph/sdk/python/src/testgraphsdk/procs.py:31	"lexical hit not semantically classified: ``""publish""``), the on-disk name is ``<nodeId>.<label>.log`` so a"	out-of-scope	ticket_plan.yaml:648-658	none mapped	undeclared	out_of_scope_lexical_inventory		INFERRED exact-path scope; source not read
118	specs/.history/modular-fuzzing-epic/ticket-003-MF-011/results/testgraph-specWorkflow/cleanup-failure-probe-test-graph/sdk/python/src/testgraphsdk/result.py:156	"lexical hit not semantically classified: def publish(self, key: str, value: str) -> ""NodeResult"":"	out-of-scope	ticket_plan.yaml:648-658	none mapped	undeclared	out_of_scope_lexical_inventory		INFERRED exact-path scope; source not read
119	specs/.history/modular-fuzzing-epic/ticket-003-MF-011/results/testgraph-specWorkflow/cleanup-failure-probe-test-graph/sources/spec_workflow_close_ticket.py:97	"lexical hit not semantically classified: .publish(""historyDir"", str(history_dir))"	out-of-scope	ticket_plan.yaml:648-658	none mapped	undeclared	out_of_scope_lexical_inventory		INFERRED exact-path scope; source not read
120	specs/.history/modular-fuzzing-epic/ticket-003-MF-011/results/testgraph-specWorkflow/cleanup-failure-probe-test-graph/sources/spec_workflow_create_repo.py:58	"lexical hit not semantically classified: .publish(""repoPath"", str(repo_dir))"	out-of-scope	ticket_plan.yaml:648-658	none mapped	undeclared	out_of_scope_lexical_inventory		INFERRED exact-path scope; source not read
121	specs/.history/modular-fuzzing-epic/ticket-003-MF-011/results/testgraph-specWorkflow/cleanup-failure-probe-test-graph/sources/spec_workflow_create_repo.py:59	"lexical hit not semantically classified: .publish(""sourceRepo"", str(source_repo))"	out-of-scope	ticket_plan.yaml:648-658	none mapped	undeclared	out_of_scope_lexical_inventory		INFERRED exact-path scope; source not read
122	specs/.history/modular-fuzzing-epic/ticket-003-MF-011/results/testgraph-specWorkflow/cleanup-failure-probe-test-graph/sources/spec_workflow_create_repo.py:60	"lexical hit not semantically classified: .publish(""ticketId"", ""FLOW-1"")"	out-of-scope	ticket_plan.yaml:648-658	none mapped	undeclared	out_of_scope_lexical_inventory		INFERRED exact-path scope; source not read
123	specs/.history/modular-fuzzing-epic/ticket-003-MF-011/results/testgraph-specWorkflow/cleanup-failure-probe-test-graph/sources/spec_workflow_create_repo.py:61	"lexical hit not semantically classified: .publish(""cliPath"", str(cli_path))"	out-of-scope	ticket_plan.yaml:648-658	none mapped	undeclared	out_of_scope_lexical_inventory		INFERRED exact-path scope; source not read
124	specs/.history/modular-fuzzing-epic/ticket-003-MF-011/results/testgraph-specWorkflow/cleanup-failure-probe-test-graph/sources/spec_workflow_start_ticket.py:120	"lexical hit not semantically classified: .publish(""ticketDir"", str(ticket_dir))"	out-of-scope	ticket_plan.yaml:648-658	none mapped	undeclared	out_of_scope_lexical_inventory		INFERRED exact-path scope; source not read
125	specs/.history/modular-fuzzing-epic/ticket-003-MF-011/results/testgraph-specWorkflow/cleanup-failure-probe-test-graph/sources/tla_spec_dev_cli_install.py:57	"lexical hit not semantically classified: .publish(""cliPath"", str(cli_path))"	out-of-scope	ticket_plan.yaml:648-658	none mapped	undeclared	out_of_scope_lexical_inventory		INFERRED exact-path scope; source not read
126	specs/.history/modular-fuzzing-epic/ticket-003-MF-011/results/testgraph-specWorkflow/cleanup-failure-probe-test-graph/sources/tla_spec_dev_cli_install.py:58	"lexical hit not semantically classified: .publish(""binDir"", str(bin_dir))"	out-of-scope	ticket_plan.yaml:648-658	none mapped	undeclared	out_of_scope_lexical_inventory		INFERRED exact-path scope; source not read
127	specs/.history/modular-fuzzing-epic/ticket-003-MF-011/ticket/results/testgraph-specWorkflow/cleanup-failure-probe-test-graph/sdk/java/build.gradle.kts:3	lexical hit not semantically classified: `maven-publish`	out-of-scope	ticket_plan.yaml:648-658	none mapped	undeclared	out_of_scope_lexical_inventory		INFERRED exact-path scope; source not read
128	specs/.history/modular-fuzzing-epic/ticket-003-MF-011/ticket/results/testgraph-specWorkflow/cleanup-failure-probe-test-graph/sdk/java/src/main/java/com/hayden/testgraphsdk/sdk/ContextItem.java:12	lexical hit not semantically classified: * {@link NodeResult#publish(String, String)}.	out-of-scope	ticket_plan.yaml:648-658	none mapped	undeclared	out_of_scope_lexical_inventory		INFERRED exact-path scope; source not read
129	specs/.history/modular-fuzzing-epic/ticket-003-MF-011/ticket/results/testgraph-specWorkflow/cleanup-failure-probe-test-graph/sdk/java/src/main/java/com/hayden/testgraphsdk/sdk/NodeResult.java:19	lexical hit not semantically classified: * Two surfaces, one object: report once, publish downstream.	out-of-scope	ticket_plan.yaml:648-658	none mapped	undeclared	out_of_scope_lexical_inventory		INFERRED exact-path scope; source not read
130	specs/.history/modular-fuzzing-epic/ticket-003-MF-011/ticket/results/testgraph-specWorkflow/cleanup-failure-probe-test-graph/sdk/java/src/main/java/com/hayden/testgraphsdk/sdk/NodeResult.java:95	lexical hit not semantically classified: public NodeResult publish(String key, String value) {	out-of-scope	ticket_plan.yaml:648-658	none mapped	undeclared	out_of_scope_lexical_inventory		INFERRED exact-path scope; source not read
131	specs/.history/modular-fuzzing-epic/ticket-003-MF-011/ticket/results/testgraph-specWorkflow/cleanup-failure-probe-test-graph/sdk/java/src/main/java/com/hayden/testgraphsdk/sdk/Procs.java:39	"lexical hit not semantically classified: * short local label (e.g. {@code ""publish""}); the on-disk name is"	out-of-scope	ticket_plan.yaml:648-658	none mapped	undeclared	out_of_scope_lexical_inventory		INFERRED exact-path scope; source not read
132	specs/.history/modular-fuzzing-epic/ticket-003-MF-011/ticket/results/testgraph-specWorkflow/cleanup-failure-probe-test-graph/sdk/java/src/main/java/com/hayden/testgraphsdk/sdk/Procs.java:41	lexical hit not semantically classified: * {@code hello.published.publish.log}).	out-of-scope	ticket_plan.yaml:648-658	none mapped	undeclared	out_of_scope_lexical_inventory		INFERRED exact-path scope; source not read
133	specs/.history/modular-fuzzing-epic/ticket-003-MF-011/ticket/results/testgraph-specWorkflow/cleanup-failure-probe-test-graph/sdk/python/src/testgraphsdk/context_item.py:13	lexical hit not semantically classified: A node's ``data`` is the map it published via ``NodeResult.publish(k, v)``.	out-of-scope	ticket_plan.yaml:648-658	none mapped	undeclared	out_of_scope_lexical_inventory		INFERRED exact-path scope; source not read
134	specs/.history/modular-fuzzing-epic/ticket-003-MF-011/ticket/results/testgraph-specWorkflow/cleanup-failure-probe-test-graph/sdk/python/src/testgraphsdk/procs.py:31	"lexical hit not semantically classified: ``""publish""``), the on-disk name is ``<nodeId>.<label>.log`` so a"	out-of-scope	ticket_plan.yaml:648-658	none mapped	undeclared	out_of_scope_lexical_inventory		INFERRED exact-path scope; source not read
135	specs/.history/modular-fuzzing-epic/ticket-003-MF-011/ticket/results/testgraph-specWorkflow/cleanup-failure-probe-test-graph/sdk/python/src/testgraphsdk/result.py:156	"lexical hit not semantically classified: def publish(self, key: str, value: str) -> ""NodeResult"":"	out-of-scope	ticket_plan.yaml:648-658	none mapped	undeclared	out_of_scope_lexical_inventory		INFERRED exact-path scope; source not read
136	specs/.history/modular-fuzzing-epic/ticket-003-MF-011/ticket/results/testgraph-specWorkflow/cleanup-failure-probe-test-graph/sources/spec_workflow_close_ticket.py:97	"lexical hit not semantically classified: .publish(""historyDir"", str(history_dir))"	out-of-scope	ticket_plan.yaml:648-658	none mapped	undeclared	out_of_scope_lexical_inventory		INFERRED exact-path scope; source not read
137	specs/.history/modular-fuzzing-epic/ticket-003-MF-011/ticket/results/testgraph-specWorkflow/cleanup-failure-probe-test-graph/sources/spec_workflow_create_repo.py:58	"lexical hit not semantically classified: .publish(""repoPath"", str(repo_dir))"	out-of-scope	ticket_plan.yaml:648-658	none mapped	undeclared	out_of_scope_lexical_inventory		INFERRED exact-path scope; source not read
138	specs/.history/modular-fuzzing-epic/ticket-003-MF-011/ticket/results/testgraph-specWorkflow/cleanup-failure-probe-test-graph/sources/spec_workflow_create_repo.py:59	"lexical hit not semantically classified: .publish(""sourceRepo"", str(source_repo))"	out-of-scope	ticket_plan.yaml:648-658	none mapped	undeclared	out_of_scope_lexical_inventory		INFERRED exact-path scope; source not read
139	specs/.history/modular-fuzzing-epic/ticket-003-MF-011/ticket/results/testgraph-specWorkflow/cleanup-failure-probe-test-graph/sources/spec_workflow_create_repo.py:60	"lexical hit not semantically classified: .publish(""ticketId"", ""FLOW-1"")"	out-of-scope	ticket_plan.yaml:648-658	none mapped	undeclared	out_of_scope_lexical_inventory		INFERRED exact-path scope; source not read
140	specs/.history/modular-fuzzing-epic/ticket-003-MF-011/ticket/results/testgraph-specWorkflow/cleanup-failure-probe-test-graph/sources/spec_workflow_create_repo.py:61	"lexical hit not semantically classified: .publish(""cliPath"", str(cli_path))"	out-of-scope	ticket_plan.yaml:648-658	none mapped	undeclared	out_of_scope_lexical_inventory		INFERRED exact-path scope; source not read
141	specs/.history/modular-fuzzing-epic/ticket-003-MF-011/ticket/results/testgraph-specWorkflow/cleanup-failure-probe-test-graph/sources/spec_workflow_start_ticket.py:120	"lexical hit not semantically classified: .publish(""ticketDir"", str(ticket_dir))"	out-of-scope	ticket_plan.yaml:648-658	none mapped	undeclared	out_of_scope_lexical_inventory		INFERRED exact-path scope; source not read
142	specs/.history/modular-fuzzing-epic/ticket-003-MF-011/ticket/results/testgraph-specWorkflow/cleanup-failure-probe-test-graph/sources/tla_spec_dev_cli_install.py:57	"lexical hit not semantically classified: .publish(""cliPath"", str(cli_path))"	out-of-scope	ticket_plan.yaml:648-658	none mapped	undeclared	out_of_scope_lexical_inventory		INFERRED exact-path scope; source not read
143	specs/.history/modular-fuzzing-epic/ticket-003-MF-011/ticket/results/testgraph-specWorkflow/cleanup-failure-probe-test-graph/sources/tla_spec_dev_cli_install.py:58	"lexical hit not semantically classified: .publish(""binDir"", str(bin_dir))"	out-of-scope	ticket_plan.yaml:648-658	none mapped	undeclared	out_of_scope_lexical_inventory		INFERRED exact-path scope; source not read
144	specs/.history/modular-fuzzing-epic/ticket-005-MF-014/results/graph-specWorkflow/cleanup-failure-probe-test-graph/sdk/java/build.gradle.kts:3	lexical hit not semantically classified: `maven-publish`	out-of-scope	ticket_plan.yaml:648-658	none mapped	undeclared	out_of_scope_lexical_inventory		INFERRED exact-path scope; source not read
145	specs/.history/modular-fuzzing-epic/ticket-005-MF-014/results/graph-specWorkflow/cleanup-failure-probe-test-graph/sdk/java/src/main/java/com/hayden/testgraphsdk/sdk/ContextItem.java:12	lexical hit not semantically classified: * {@link NodeResult#publish(String, String)}.	out-of-scope	ticket_plan.yaml:648-658	none mapped	undeclared	out_of_scope_lexical_inventory		INFERRED exact-path scope; source not read
146	specs/.history/modular-fuzzing-epic/ticket-005-MF-014/results/graph-specWorkflow/cleanup-failure-probe-test-graph/sdk/java/src/main/java/com/hayden/testgraphsdk/sdk/NodeResult.java:19	lexical hit not semantically classified: * Two surfaces, one object: report once, publish downstream.	out-of-scope	ticket_plan.yaml:648-658	none mapped	undeclared	out_of_scope_lexical_inventory		INFERRED exact-path scope; source not read
147	specs/.history/modular-fuzzing-epic/ticket-005-MF-014/results/graph-specWorkflow/cleanup-failure-probe-test-graph/sdk/java/src/main/java/com/hayden/testgraphsdk/sdk/NodeResult.java:95	lexical hit not semantically classified: public NodeResult publish(String key, String value) {	out-of-scope	ticket_plan.yaml:648-658	none mapped	undeclared	out_of_scope_lexical_inventory		INFERRED exact-path scope; source not read
148	specs/.history/modular-fuzzing-epic/ticket-005-MF-014/results/graph-specWorkflow/cleanup-failure-probe-test-graph/sdk/java/src/main/java/com/hayden/testgraphsdk/sdk/Procs.java:39	"lexical hit not semantically classified: * short local label (e.g. {@code ""publish""}); the on-disk name is"	out-of-scope	ticket_plan.yaml:648-658	none mapped	undeclared	out_of_scope_lexical_inventory		INFERRED exact-path scope; source not read
149	specs/.history/modular-fuzzing-epic/ticket-005-MF-014/results/graph-specWorkflow/cleanup-failure-probe-test-graph/sdk/java/src/main/java/com/hayden/testgraphsdk/sdk/Procs.java:41	lexical hit not semantically classified: * {@code hello.published.publish.log}).	out-of-scope	ticket_plan.yaml:648-658	none mapped	undeclared	out_of_scope_lexical_inventory		INFERRED exact-path scope; source not read
150	specs/.history/modular-fuzzing-epic/ticket-005-MF-014/results/graph-specWorkflow/cleanup-failure-probe-test-graph/sdk/python/src/testgraphsdk/context_item.py:13	lexical hit not semantically classified: A node's ``data`` is the map it published via ``NodeResult.publish(k, v)``.	out-of-scope	ticket_plan.yaml:648-658	none mapped	undeclared	out_of_scope_lexical_inventory		INFERRED exact-path scope; source not read
151	specs/.history/modular-fuzzing-epic/ticket-005-MF-014/results/graph-specWorkflow/cleanup-failure-probe-test-graph/sdk/python/src/testgraphsdk/procs.py:31	"lexical hit not semantically classified: ``""publish""``), the on-disk name is ``<nodeId>.<label>.log`` so a"	out-of-scope	ticket_plan.yaml:648-658	none mapped	undeclared	out_of_scope_lexical_inventory		INFERRED exact-path scope; source not read
152	specs/.history/modular-fuzzing-epic/ticket-005-MF-014/results/graph-specWorkflow/cleanup-failure-probe-test-graph/sdk/python/src/testgraphsdk/result.py:156	"lexical hit not semantically classified: def publish(self, key: str, value: str) -> ""NodeResult"":"	out-of-scope	ticket_plan.yaml:648-658	none mapped	undeclared	out_of_scope_lexical_inventory		INFERRED exact-path scope; source not read
153	specs/.history/modular-fuzzing-epic/ticket-005-MF-014/results/graph-specWorkflow/cleanup-failure-probe-test-graph/sources/spec_workflow_close_ticket.py:97	"lexical hit not semantically classified: .publish(""historyDir"", str(history_dir))"	out-of-scope	ticket_plan.yaml:648-658	none mapped	undeclared	out_of_scope_lexical_inventory		INFERRED exact-path scope; source not read
154	specs/.history/modular-fuzzing-epic/ticket-005-MF-014/results/graph-specWorkflow/cleanup-failure-probe-test-graph/sources/spec_workflow_create_repo.py:58	"lexical hit not semantically classified: .publish(""repoPath"", str(repo_dir))"	out-of-scope	ticket_plan.yaml:648-658	none mapped	undeclared	out_of_scope_lexical_inventory		INFERRED exact-path scope; source not read
155	specs/.history/modular-fuzzing-epic/ticket-005-MF-014/results/graph-specWorkflow/cleanup-failure-probe-test-graph/sources/spec_workflow_create_repo.py:59	"lexical hit not semantically classified: .publish(""sourceRepo"", str(source_repo))"	out-of-scope	ticket_plan.yaml:648-658	none mapped	undeclared	out_of_scope_lexical_inventory		INFERRED exact-path scope; source not read
156	specs/.history/modular-fuzzing-epic/ticket-005-MF-014/results/graph-specWorkflow/cleanup-failure-probe-test-graph/sources/spec_workflow_create_repo.py:60	"lexical hit not semantically classified: .publish(""ticketId"", ""FLOW-1"")"	out-of-scope	ticket_plan.yaml:648-658	none mapped	undeclared	out_of_scope_lexical_inventory		INFERRED exact-path scope; source not read
157	specs/.history/modular-fuzzing-epic/ticket-005-MF-014/results/graph-specWorkflow/cleanup-failure-probe-test-graph/sources/spec_workflow_create_repo.py:61	"lexical hit not semantically classified: .publish(""cliPath"", str(cli_path))"	out-of-scope	ticket_plan.yaml:648-658	none mapped	undeclared	out_of_scope_lexical_inventory		INFERRED exact-path scope; source not read
158	specs/.history/modular-fuzzing-epic/ticket-005-MF-014/results/graph-specWorkflow/cleanup-failure-probe-test-graph/sources/spec_workflow_start_ticket.py:120	"lexical hit not semantically classified: .publish(""ticketDir"", str(ticket_dir))"	out-of-scope	ticket_plan.yaml:648-658	none mapped	undeclared	out_of_scope_lexical_inventory		INFERRED exact-path scope; source not read
159	specs/.history/modular-fuzzing-epic/ticket-005-MF-014/results/graph-specWorkflow/cleanup-failure-probe-test-graph/sources/tla_spec_dev_cli_install.py:57	"lexical hit not semantically classified: .publish(""cliPath"", str(cli_path))"	out-of-scope	ticket_plan.yaml:648-658	none mapped	undeclared	out_of_scope_lexical_inventory		INFERRED exact-path scope; source not read
160	specs/.history/modular-fuzzing-epic/ticket-005-MF-014/results/graph-specWorkflow/cleanup-failure-probe-test-graph/sources/tla_spec_dev_cli_install.py:58	"lexical hit not semantically classified: .publish(""binDir"", str(bin_dir))"	out-of-scope	ticket_plan.yaml:648-658	none mapped	undeclared	out_of_scope_lexical_inventory		INFERRED exact-path scope; source not read
161	specs/.history/modular-fuzzing-epic/ticket-005-MF-014/ticket/results/graph-specWorkflow/cleanup-failure-probe-test-graph/sdk/java/build.gradle.kts:3	lexical hit not semantically classified: `maven-publish`	out-of-scope	ticket_plan.yaml:648-658	none mapped	undeclared	out_of_scope_lexical_inventory		INFERRED exact-path scope; source not read
162	specs/.history/modular-fuzzing-epic/ticket-005-MF-014/ticket/results/graph-specWorkflow/cleanup-failure-probe-test-graph/sdk/java/src/main/java/com/hayden/testgraphsdk/sdk/ContextItem.java:12	lexical hit not semantically classified: * {@link NodeResult#publish(String, String)}.	out-of-scope	ticket_plan.yaml:648-658	none mapped	undeclared	out_of_scope_lexical_inventory		INFERRED exact-path scope; source not read
163	specs/.history/modular-fuzzing-epic/ticket-005-MF-014/ticket/results/graph-specWorkflow/cleanup-failure-probe-test-graph/sdk/java/src/main/java/com/hayden/testgraphsdk/sdk/NodeResult.java:19	lexical hit not semantically classified: * Two surfaces, one object: report once, publish downstream.	out-of-scope	ticket_plan.yaml:648-658	none mapped	undeclared	out_of_scope_lexical_inventory		INFERRED exact-path scope; source not read
164	specs/.history/modular-fuzzing-epic/ticket-005-MF-014/ticket/results/graph-specWorkflow/cleanup-failure-probe-test-graph/sdk/java/src/main/java/com/hayden/testgraphsdk/sdk/NodeResult.java:95	lexical hit not semantically classified: public NodeResult publish(String key, String value) {	out-of-scope	ticket_plan.yaml:648-658	none mapped	undeclared	out_of_scope_lexical_inventory		INFERRED exact-path scope; source not read
165	specs/.history/modular-fuzzing-epic/ticket-005-MF-014/ticket/results/graph-specWorkflow/cleanup-failure-probe-test-graph/sdk/java/src/main/java/com/hayden/testgraphsdk/sdk/Procs.java:39	"lexical hit not semantically classified: * short local label (e.g. {@code ""publish""}); the on-disk name is"	out-of-scope	ticket_plan.yaml:648-658	none mapped	undeclared	out_of_scope_lexical_inventory		INFERRED exact-path scope; source not read
166	specs/.history/modular-fuzzing-epic/ticket-005-MF-014/ticket/results/graph-specWorkflow/cleanup-failure-probe-test-graph/sdk/java/src/main/java/com/hayden/testgraphsdk/sdk/Procs.java:41	lexical hit not semantically classified: * {@code hello.published.publish.log}).	out-of-scope	ticket_plan.yaml:648-658	none mapped	undeclared	out_of_scope_lexical_inventory		INFERRED exact-path scope; source not read
167	specs/.history/modular-fuzzing-epic/ticket-005-MF-014/ticket/results/graph-specWorkflow/cleanup-failure-probe-test-graph/sdk/python/src/testgraphsdk/context_item.py:13	lexical hit not semantically classified: A node's ``data`` is the map it published via ``NodeResult.publish(k, v)``.	out-of-scope	ticket_plan.yaml:648-658	none mapped	undeclared	out_of_scope_lexical_inventory		INFERRED exact-path scope; source not read
168	specs/.history/modular-fuzzing-epic/ticket-005-MF-014/ticket/results/graph-specWorkflow/cleanup-failure-probe-test-graph/sdk/python/src/testgraphsdk/procs.py:31	"lexical hit not semantically classified: ``""publish""``), the on-disk name is ``<nodeId>.<label>.log`` so a"	out-of-scope	ticket_plan.yaml:648-658	none mapped	undeclared	out_of_scope_lexical_inventory		INFERRED exact-path scope; source not read
169	specs/.history/modular-fuzzing-epic/ticket-005-MF-014/ticket/results/graph-specWorkflow/cleanup-failure-probe-test-graph/sdk/python/src/testgraphsdk/result.py:156	"lexical hit not semantically classified: def publish(self, key: str, value: str) -> ""NodeResult"":"	out-of-scope	ticket_plan.yaml:648-658	none mapped	undeclared	out_of_scope_lexical_inventory		INFERRED exact-path scope; source not read
170	specs/.history/modular-fuzzing-epic/ticket-005-MF-014/ticket/results/graph-specWorkflow/cleanup-failure-probe-test-graph/sources/spec_workflow_close_ticket.py:97	"lexical hit not semantically classified: .publish(""historyDir"", str(history_dir))"	out-of-scope	ticket_plan.yaml:648-658	none mapped	undeclared	out_of_scope_lexical_inventory		INFERRED exact-path scope; source not read
171	specs/.history/modular-fuzzing-epic/ticket-005-MF-014/ticket/results/graph-specWorkflow/cleanup-failure-probe-test-graph/sources/spec_workflow_create_repo.py:58	"lexical hit not semantically classified: .publish(""repoPath"", str(repo_dir))"	out-of-scope	ticket_plan.yaml:648-658	none mapped	undeclared	out_of_scope_lexical_inventory		INFERRED exact-path scope; source not read
172	specs/.history/modular-fuzzing-epic/ticket-005-MF-014/ticket/results/graph-specWorkflow/cleanup-failure-probe-test-graph/sources/spec_workflow_create_repo.py:59	"lexical hit not semantically classified: .publish(""sourceRepo"", str(source_repo))"	out-of-scope	ticket_plan.yaml:648-658	none mapped	undeclared	out_of_scope_lexical_inventory		INFERRED exact-path scope; source not read
173	specs/.history/modular-fuzzing-epic/ticket-005-MF-014/ticket/results/graph-specWorkflow/cleanup-failure-probe-test-graph/sources/spec_workflow_create_repo.py:60	"lexical hit not semantically classified: .publish(""ticketId"", ""FLOW-1"")"	out-of-scope	ticket_plan.yaml:648-658	none mapped	undeclared	out_of_scope_lexical_inventory		INFERRED exact-path scope; source not read
174	specs/.history/modular-fuzzing-epic/ticket-005-MF-014/ticket/results/graph-specWorkflow/cleanup-failure-probe-test-graph/sources/spec_workflow_create_repo.py:61	"lexical hit not semantically classified: .publish(""cliPath"", str(cli_path))"	out-of-scope	ticket_plan.yaml:648-658	none mapped	undeclared	out_of_scope_lexical_inventory		INFERRED exact-path scope; source not read
175	specs/.history/modular-fuzzing-epic/ticket-005-MF-014/ticket/results/graph-specWorkflow/cleanup-failure-probe-test-graph/sources/spec_workflow_start_ticket.py:120	"lexical hit not semantically classified: .publish(""ticketDir"", str(ticket_dir))"	out-of-scope	ticket_plan.yaml:648-658	none mapped	undeclared	out_of_scope_lexical_inventory		INFERRED exact-path scope; source not read
176	specs/.history/modular-fuzzing-epic/ticket-005-MF-014/ticket/results/graph-specWorkflow/cleanup-failure-probe-test-graph/sources/tla_spec_dev_cli_install.py:57	"lexical hit not semantically classified: .publish(""cliPath"", str(cli_path))"	out-of-scope	ticket_plan.yaml:648-658	none mapped	undeclared	out_of_scope_lexical_inventory		INFERRED exact-path scope; source not read
177	specs/.history/modular-fuzzing-epic/ticket-005-MF-014/ticket/results/graph-specWorkflow/cleanup-failure-probe-test-graph/sources/tla_spec_dev_cli_install.py:58	"lexical hit not semantically classified: .publish(""binDir"", str(bin_dir))"	out-of-scope	ticket_plan.yaml:648-658	none mapped	undeclared	out_of_scope_lexical_inventory		INFERRED exact-path scope; source not read
178	specs/.history/modular-fuzzing-epic/ticket-006-MF-013/results/specWorkflow-report-post-promotion/cleanup-failure-probe-test-graph/sdk/java/build.gradle.kts:3	lexical hit not semantically classified: `maven-publish`	out-of-scope	ticket_plan.yaml:648-658	none mapped	undeclared	out_of_scope_lexical_inventory		INFERRED exact-path scope; source not read
179	specs/.history/modular-fuzzing-epic/ticket-006-MF-013/results/specWorkflow-report-post-promotion/cleanup-failure-probe-test-graph/sdk/java/src/main/java/com/hayden/testgraphsdk/sdk/ContextItem.java:12	lexical hit not semantically classified: * {@link NodeResult#publish(String, String)}.	out-of-scope	ticket_plan.yaml:648-658	none mapped	undeclared	out_of_scope_lexical_inventory		INFERRED exact-path scope; source not read
180	specs/.history/modular-fuzzing-epic/ticket-006-MF-013/results/specWorkflow-report-post-promotion/cleanup-failure-probe-test-graph/sdk/java/src/main/java/com/hayden/testgraphsdk/sdk/NodeResult.java:19	lexical hit not semantically classified: * Two surfaces, one object: report once, publish downstream.	out-of-scope	ticket_plan.yaml:648-658	none mapped	undeclared	out_of_scope_lexical_inventory		INFERRED exact-path scope; source not read
181	specs/.history/modular-fuzzing-epic/ticket-006-MF-013/results/specWorkflow-report-post-promotion/cleanup-failure-probe-test-graph/sdk/java/src/main/java/com/hayden/testgraphsdk/sdk/NodeResult.java:95	lexical hit not semantically classified: public NodeResult publish(String key, String value) {	out-of-scope	ticket_plan.yaml:648-658	none mapped	undeclared	out_of_scope_lexical_inventory		INFERRED exact-path scope; source not read
182	specs/.history/modular-fuzzing-epic/ticket-006-MF-013/results/specWorkflow-report-post-promotion/cleanup-failure-probe-test-graph/sdk/java/src/main/java/com/hayden/testgraphsdk/sdk/Procs.java:39	"lexical hit not semantically classified: * short local label (e.g. {@code ""publish""}); the on-disk name is"	out-of-scope	ticket_plan.yaml:648-658	none mapped	undeclared	out_of_scope_lexical_inventory		INFERRED exact-path scope; source not read
183	specs/.history/modular-fuzzing-epic/ticket-006-MF-013/results/specWorkflow-report-post-promotion/cleanup-failure-probe-test-graph/sdk/java/src/main/java/com/hayden/testgraphsdk/sdk/Procs.java:41	lexical hit not semantically classified: * {@code hello.published.publish.log}).	out-of-scope	ticket_plan.yaml:648-658	none mapped	undeclared	out_of_scope_lexical_inventory		INFERRED exact-path scope; source not read
184	specs/.history/modular-fuzzing-epic/ticket-006-MF-013/results/specWorkflow-report-post-promotion/cleanup-failure-probe-test-graph/sdk/python/src/testgraphsdk/context_item.py:13	lexical hit not semantically classified: A node's ``data`` is the map it published via ``NodeResult.publish(k, v)``.	out-of-scope	ticket_plan.yaml:648-658	none mapped	undeclared	out_of_scope_lexical_inventory		INFERRED exact-path scope; source not read
185	specs/.history/modular-fuzzing-epic/ticket-006-MF-013/results/specWorkflow-report-post-promotion/cleanup-failure-probe-test-graph/sdk/python/src/testgraphsdk/procs.py:31	"lexical hit not semantically classified: ``""publish""``), the on-disk name is ``<nodeId>.<label>.log`` so a"	out-of-scope	ticket_plan.yaml:648-658	none mapped	undeclared	out_of_scope_lexical_inventory		INFERRED exact-path scope; source not read
186	specs/.history/modular-fuzzing-epic/ticket-006-MF-013/results/specWorkflow-report-post-promotion/cleanup-failure-probe-test-graph/sdk/python/src/testgraphsdk/result.py:156	"lexical hit not semantically classified: def publish(self, key: str, value: str) -> ""NodeResult"":"	out-of-scope	ticket_plan.yaml:648-658	none mapped	undeclared	out_of_scope_lexical_inventory		INFERRED exact-path scope; source not read
187	specs/.history/modular-fuzzing-epic/ticket-006-MF-013/results/specWorkflow-report-post-promotion/cleanup-failure-probe-test-graph/sources/spec_workflow_close_ticket.py:97	"lexical hit not semantically classified: .publish(""historyDir"", str(history_dir))"	out-of-scope	ticket_plan.yaml:648-658	none mapped	undeclared	out_of_scope_lexical_inventory		INFERRED exact-path scope; source not read
188	specs/.history/modular-fuzzing-epic/ticket-006-MF-013/results/specWorkflow-report-post-promotion/cleanup-failure-probe-test-graph/sources/spec_workflow_create_repo.py:58	"lexical hit not semantically classified: .publish(""repoPath"", str(repo_dir))"	out-of-scope	ticket_plan.yaml:648-658	none mapped	undeclared	out_of_scope_lexical_inventory		INFERRED exact-path scope; source not read
189	specs/.history/modular-fuzzing-epic/ticket-006-MF-013/results/specWorkflow-report-post-promotion/cleanup-failure-probe-test-graph/sources/spec_workflow_create_repo.py:59	"lexical hit not semantically classified: .publish(""sourceRepo"", str(source_repo))"	out-of-scope	ticket_plan.yaml:648-658	none mapped	undeclared	out_of_scope_lexical_inventory		INFERRED exact-path scope; source not read
190	specs/.history/modular-fuzzing-epic/ticket-006-MF-013/results/specWorkflow-report-post-promotion/cleanup-failure-probe-test-graph/sources/spec_workflow_create_repo.py:60	"lexical hit not semantically classified: .publish(""ticketId"", ""FLOW-1"")"	out-of-scope	ticket_plan.yaml:648-658	none mapped	undeclared	out_of_scope_lexical_inventory		INFERRED exact-path scope; source not read
191	specs/.history/modular-fuzzing-epic/ticket-006-MF-013/results/specWorkflow-report-post-promotion/cleanup-failure-probe-test-graph/sources/spec_workflow_create_repo.py:61	"lexical hit not semantically classified: .publish(""cliPath"", str(cli_path))"	out-of-scope	ticket_plan.yaml:648-658	none mapped	undeclared	out_of_scope_lexical_inventory		INFERRED exact-path scope; source not read
192	specs/.history/modular-fuzzing-epic/ticket-006-MF-013/results/specWorkflow-report-post-promotion/cleanup-failure-probe-test-graph/sources/spec_workflow_start_ticket.py:120	"lexical hit not semantically classified: .publish(""ticketDir"", str(ticket_dir))"	out-of-scope	ticket_plan.yaml:648-658	none mapped	undeclared	out_of_scope_lexical_inventory		INFERRED exact-path scope; source not read
193	specs/.history/modular-fuzzing-epic/ticket-006-MF-013/results/specWorkflow-report-post-promotion/cleanup-failure-probe-test-graph/sources/tla_spec_dev_cli_install.py:57	"lexical hit not semantically classified: .publish(""cliPath"", str(cli_path))"	out-of-scope	ticket_plan.yaml:648-658	none mapped	undeclared	out_of_scope_lexical_inventory		INFERRED exact-path scope; source not read
194	specs/.history/modular-fuzzing-epic/ticket-006-MF-013/results/specWorkflow-report-post-promotion/cleanup-failure-probe-test-graph/sources/tla_spec_dev_cli_install.py:58	"lexical hit not semantically classified: .publish(""binDir"", str(bin_dir))"	out-of-scope	ticket_plan.yaml:648-658	none mapped	undeclared	out_of_scope_lexical_inventory		INFERRED exact-path scope; source not read
195	specs/.history/modular-fuzzing-epic/ticket-006-MF-013/results/specWorkflow-report/cleanup-failure-probe-test-graph/sdk/java/build.gradle.kts:3	lexical hit not semantically classified: `maven-publish`	out-of-scope	ticket_plan.yaml:648-658	none mapped	undeclared	out_of_scope_lexical_inventory		INFERRED exact-path scope; source not read
196	specs/.history/modular-fuzzing-epic/ticket-006-MF-013/results/specWorkflow-report/cleanup-failure-probe-test-graph/sdk/java/src/main/java/com/hayden/testgraphsdk/sdk/ContextItem.java:12	lexical hit not semantically classified: * {@link NodeResult#publish(String, String)}.	out-of-scope	ticket_plan.yaml:648-658	none mapped	undeclared	out_of_scope_lexical_inventory		INFERRED exact-path scope; source not read
197	specs/.history/modular-fuzzing-epic/ticket-006-MF-013/results/specWorkflow-report/cleanup-failure-probe-test-graph/sdk/java/src/main/java/com/hayden/testgraphsdk/sdk/NodeResult.java:19	lexical hit not semantically classified: * Two surfaces, one object: report once, publish downstream.	out-of-scope	ticket_plan.yaml:648-658	none mapped	undeclared	out_of_scope_lexical_inventory		INFERRED exact-path scope; source not read
198	specs/.history/modular-fuzzing-epic/ticket-006-MF-013/results/specWorkflow-report/cleanup-failure-probe-test-graph/sdk/java/src/main/java/com/hayden/testgraphsdk/sdk/NodeResult.java:95	lexical hit not semantically classified: public NodeResult publish(String key, String value) {	out-of-scope	ticket_plan.yaml:648-658	none mapped	undeclared	out_of_scope_lexical_inventory		INFERRED exact-path scope; source not read
199	specs/.history/modular-fuzzing-epic/ticket-006-MF-013/results/specWorkflow-report/cleanup-failure-probe-test-graph/sdk/java/src/main/java/com/hayden/testgraphsdk/sdk/Procs.java:39	"lexical hit not semantically classified: * short local label (e.g. {@code ""publish""}); the on-disk name is"	out-of-scope	ticket_plan.yaml:648-658	none mapped	undeclared	out_of_scope_lexical_inventory		INFERRED exact-path scope; source not read
200	specs/.history/modular-fuzzing-epic/ticket-006-MF-013/results/specWorkflow-report/cleanup-failure-probe-test-graph/sdk/java/src/main/java/com/hayden/testgraphsdk/sdk/Procs.java:41	lexical hit not semantically classified: * {@code hello.published.publish.log}).	out-of-scope	ticket_plan.yaml:648-658	none mapped	undeclared	out_of_scope_lexical_inventory		INFERRED exact-path scope; source not read
201	specs/.history/modular-fuzzing-epic/ticket-006-MF-013/results/specWorkflow-report/cleanup-failure-probe-test-graph/sdk/python/src/testgraphsdk/context_item.py:13	lexical hit not semantically classified: A node's ``data`` is the map it published via ``NodeResult.publish(k, v)``.	out-of-scope	ticket_plan.yaml:648-658	none mapped	undeclared	out_of_scope_lexical_inventory		INFERRED exact-path scope; source not read
202	specs/.history/modular-fuzzing-epic/ticket-006-MF-013/results/specWorkflow-report/cleanup-failure-probe-test-graph/sdk/python/src/testgraphsdk/procs.py:31	"lexical hit not semantically classified: ``""publish""``), the on-disk name is ``<nodeId>.<label>.log`` so a"	out-of-scope	ticket_plan.yaml:648-658	none mapped	undeclared	out_of_scope_lexical_inventory		INFERRED exact-path scope; source not read
203	specs/.history/modular-fuzzing-epic/ticket-006-MF-013/results/specWorkflow-report/cleanup-failure-probe-test-graph/sdk/python/src/testgraphsdk/result.py:156	"lexical hit not semantically classified: def publish(self, key: str, value: str) -> ""NodeResult"":"	out-of-scope	ticket_plan.yaml:648-658	none mapped	undeclared	out_of_scope_lexical_inventory		INFERRED exact-path scope; source not read
204	specs/.history/modular-fuzzing-epic/ticket-006-MF-013/results/specWorkflow-report/cleanup-failure-probe-test-graph/sources/spec_workflow_close_ticket.py:97	"lexical hit not semantically classified: .publish(""historyDir"", str(history_dir))"	out-of-scope	ticket_plan.yaml:648-658	none mapped	undeclared	out_of_scope_lexical_inventory		INFERRED exact-path scope; source not read
205	specs/.history/modular-fuzzing-epic/ticket-006-MF-013/results/specWorkflow-report/cleanup-failure-probe-test-graph/sources/spec_workflow_create_repo.py:58	"lexical hit not semantically classified: .publish(""repoPath"", str(repo_dir))"	out-of-scope	ticket_plan.yaml:648-658	none mapped	undeclared	out_of_scope_lexical_inventory		INFERRED exact-path scope; source not read
206	specs/.history/modular-fuzzing-epic/ticket-006-MF-013/results/specWorkflow-report/cleanup-failure-probe-test-graph/sources/spec_workflow_create_repo.py:59	"lexical hit not semantically classified: .publish(""sourceRepo"", str(source_repo))"	out-of-scope	ticket_plan.yaml:648-658	none mapped	undeclared	out_of_scope_lexical_inventory		INFERRED exact-path scope; source not read
207	specs/.history/modular-fuzzing-epic/ticket-006-MF-013/results/specWorkflow-report/cleanup-failure-probe-test-graph/sources/spec_workflow_create_repo.py:60	"lexical hit not semantically classified: .publish(""ticketId"", ""FLOW-1"")"	out-of-scope	ticket_plan.yaml:648-658	none mapped	undeclared	out_of_scope_lexical_inventory		INFERRED exact-path scope; source not read
208	specs/.history/modular-fuzzing-epic/ticket-006-MF-013/results/specWorkflow-report/cleanup-failure-probe-test-graph/sources/spec_workflow_create_repo.py:61	"lexical hit not semantically classified: .publish(""cliPath"", str(cli_path))"	out-of-scope	ticket_plan.yaml:648-658	none mapped	undeclared	out_of_scope_lexical_inventory		INFERRED exact-path scope; source not read
209	specs/.history/modular-fuzzing-epic/ticket-006-MF-013/results/specWorkflow-report/cleanup-failure-probe-test-graph/sources/spec_workflow_start_ticket.py:120	"lexical hit not semantically classified: .publish(""ticketDir"", str(ticket_dir))"	out-of-scope	ticket_plan.yaml:648-658	none mapped	undeclared	out_of_scope_lexical_inventory		INFERRED exact-path scope; source not read
210	specs/.history/modular-fuzzing-epic/ticket-006-MF-013/results/specWorkflow-report/cleanup-failure-probe-test-graph/sources/tla_spec_dev_cli_install.py:57	"lexical hit not semantically classified: .publish(""cliPath"", str(cli_path))"	out-of-scope	ticket_plan.yaml:648-658	none mapped	undeclared	out_of_scope_lexical_inventory		INFERRED exact-path scope; source not read
211	specs/.history/modular-fuzzing-epic/ticket-006-MF-013/results/specWorkflow-report/cleanup-failure-probe-test-graph/sources/tla_spec_dev_cli_install.py:58	"lexical hit not semantically classified: .publish(""binDir"", str(bin_dir))"	out-of-scope	ticket_plan.yaml:648-658	none mapped	undeclared	out_of_scope_lexical_inventory		INFERRED exact-path scope; source not read
212	specs/.history/modular-fuzzing-epic/ticket-006-MF-013/ticket/results/specWorkflow-report/cleanup-failure-probe-test-graph/sdk/java/build.gradle.kts:3	lexical hit not semantically classified: `maven-publish`	out-of-scope	ticket_plan.yaml:648-658	none mapped	undeclared	out_of_scope_lexical_inventory		INFERRED exact-path scope; source not read
213	specs/.history/modular-fuzzing-epic/ticket-006-MF-013/ticket/results/specWorkflow-report/cleanup-failure-probe-test-graph/sdk/java/src/main/java/com/hayden/testgraphsdk/sdk/ContextItem.java:12	lexical hit not semantically classified: * {@link NodeResult#publish(String, String)}.	out-of-scope	ticket_plan.yaml:648-658	none mapped	undeclared	out_of_scope_lexical_inventory		INFERRED exact-path scope; source not read
214	specs/.history/modular-fuzzing-epic/ticket-006-MF-013/ticket/results/specWorkflow-report/cleanup-failure-probe-test-graph/sdk/java/src/main/java/com/hayden/testgraphsdk/sdk/NodeResult.java:19	lexical hit not semantically classified: * Two surfaces, one object: report once, publish downstream.	out-of-scope	ticket_plan.yaml:648-658	none mapped	undeclared	out_of_scope_lexical_inventory		INFERRED exact-path scope; source not read
215	specs/.history/modular-fuzzing-epic/ticket-006-MF-013/ticket/results/specWorkflow-report/cleanup-failure-probe-test-graph/sdk/java/src/main/java/com/hayden/testgraphsdk/sdk/NodeResult.java:95	lexical hit not semantically classified: public NodeResult publish(String key, String value) {	out-of-scope	ticket_plan.yaml:648-658	none mapped	undeclared	out_of_scope_lexical_inventory		INFERRED exact-path scope; source not read
216	specs/.history/modular-fuzzing-epic/ticket-006-MF-013/ticket/results/specWorkflow-report/cleanup-failure-probe-test-graph/sdk/java/src/main/java/com/hayden/testgraphsdk/sdk/Procs.java:39	"lexical hit not semantically classified: * short local label (e.g. {@code ""publish""}); the on-disk name is"	out-of-scope	ticket_plan.yaml:648-658	none mapped	undeclared	out_of_scope_lexical_inventory		INFERRED exact-path scope; source not read
217	specs/.history/modular-fuzzing-epic/ticket-006-MF-013/ticket/results/specWorkflow-report/cleanup-failure-probe-test-graph/sdk/java/src/main/java/com/hayden/testgraphsdk/sdk/Procs.java:41	lexical hit not semantically classified: * {@code hello.published.publish.log}).	out-of-scope	ticket_plan.yaml:648-658	none mapped	undeclared	out_of_scope_lexical_inventory		INFERRED exact-path scope; source not read
218	specs/.history/modular-fuzzing-epic/ticket-006-MF-013/ticket/results/specWorkflow-report/cleanup-failure-probe-test-graph/sdk/python/src/testgraphsdk/context_item.py:13	lexical hit not semantically classified: A node's ``data`` is the map it published via ``NodeResult.publish(k, v)``.	out-of-scope	ticket_plan.yaml:648-658	none mapped	undeclared	out_of_scope_lexical_inventory		INFERRED exact-path scope; source not read
219	specs/.history/modular-fuzzing-epic/ticket-006-MF-013/ticket/results/specWorkflow-report/cleanup-failure-probe-test-graph/sdk/python/src/testgraphsdk/procs.py:31	"lexical hit not semantically classified: ``""publish""``), the on-disk name is ``<nodeId>.<label>.log`` so a"	out-of-scope	ticket_plan.yaml:648-658	none mapped	undeclared	out_of_scope_lexical_inventory		INFERRED exact-path scope; source not read
220	specs/.history/modular-fuzzing-epic/ticket-006-MF-013/ticket/results/specWorkflow-report/cleanup-failure-probe-test-graph/sdk/python/src/testgraphsdk/result.py:156	"lexical hit not semantically classified: def publish(self, key: str, value: str) -> ""NodeResult"":"	out-of-scope	ticket_plan.yaml:648-658	none mapped	undeclared	out_of_scope_lexical_inventory		INFERRED exact-path scope; source not read
221	specs/.history/modular-fuzzing-epic/ticket-006-MF-013/ticket/results/specWorkflow-report/cleanup-failure-probe-test-graph/sources/spec_workflow_close_ticket.py:97	"lexical hit not semantically classified: .publish(""historyDir"", str(history_dir))"	out-of-scope	ticket_plan.yaml:648-658	none mapped	undeclared	out_of_scope_lexical_inventory		INFERRED exact-path scope; source not read
222	specs/.history/modular-fuzzing-epic/ticket-006-MF-013/ticket/results/specWorkflow-report/cleanup-failure-probe-test-graph/sources/spec_workflow_create_repo.py:58	"lexical hit not semantically classified: .publish(""repoPath"", str(repo_dir))"	out-of-scope	ticket_plan.yaml:648-658	none mapped	undeclared	out_of_scope_lexical_inventory		INFERRED exact-path scope; source not read
223	specs/.history/modular-fuzzing-epic/ticket-006-MF-013/ticket/results/specWorkflow-report/cleanup-failure-probe-test-graph/sources/spec_workflow_create_repo.py:59	"lexical hit not semantically classified: .publish(""sourceRepo"", str(source_repo))"	out-of-scope	ticket_plan.yaml:648-658	none mapped	undeclared	out_of_scope_lexical_inventory		INFERRED exact-path scope; source not read
224	specs/.history/modular-fuzzing-epic/ticket-006-MF-013/ticket/results/specWorkflow-report/cleanup-failure-probe-test-graph/sources/spec_workflow_create_repo.py:60	"lexical hit not semantically classified: .publish(""ticketId"", ""FLOW-1"")"	out-of-scope	ticket_plan.yaml:648-658	none mapped	undeclared	out_of_scope_lexical_inventory		INFERRED exact-path scope; source not read
225	specs/.history/modular-fuzzing-epic/ticket-006-MF-013/ticket/results/specWorkflow-report/cleanup-failure-probe-test-graph/sources/spec_workflow_create_repo.py:61	"lexical hit not semantically classified: .publish(""cliPath"", str(cli_path))"	out-of-scope	ticket_plan.yaml:648-658	none mapped	undeclared	out_of_scope_lexical_inventory		INFERRED exact-path scope; source not read
226	specs/.history/modular-fuzzing-epic/ticket-006-MF-013/ticket/results/specWorkflow-report/cleanup-failure-probe-test-graph/sources/spec_workflow_start_ticket.py:120	"lexical hit not semantically classified: .publish(""ticketDir"", str(ticket_dir))"	out-of-scope	ticket_plan.yaml:648-658	none mapped	undeclared	out_of_scope_lexical_inventory		INFERRED exact-path scope; source not read
227	specs/.history/modular-fuzzing-epic/ticket-006-MF-013/ticket/results/specWorkflow-report/cleanup-failure-probe-test-graph/sources/tla_spec_dev_cli_install.py:57	"lexical hit not semantically classified: .publish(""cliPath"", str(cli_path))"	out-of-scope	ticket_plan.yaml:648-658	none mapped	undeclared	out_of_scope_lexical_inventory		INFERRED exact-path scope; source not read
228	specs/.history/modular-fuzzing-epic/ticket-006-MF-013/ticket/results/specWorkflow-report/cleanup-failure-probe-test-graph/sources/tla_spec_dev_cli_install.py:58	"lexical hit not semantically classified: .publish(""binDir"", str(bin_dir))"	out-of-scope	ticket_plan.yaml:648-658	none mapped	undeclared	out_of_scope_lexical_inventory		INFERRED exact-path scope; source not read
229	specs/.history/modular-fuzzing-epic/ticket-007-MF-025/results/testgraph-specWorkflow/cleanup-failure-probe-test-graph/sdk/java/build.gradle.kts:3	lexical hit not semantically classified: `maven-publish`	out-of-scope	ticket_plan.yaml:648-658	none mapped	undeclared	out_of_scope_lexical_inventory		INFERRED exact-path scope; source not read
230	specs/.history/modular-fuzzing-epic/ticket-007-MF-025/results/testgraph-specWorkflow/cleanup-failure-probe-test-graph/sdk/java/src/main/java/com/hayden/testgraphsdk/sdk/ContextItem.java:12	lexical hit not semantically classified: * {@link NodeResult#publish(String, String)}.	out-of-scope	ticket_plan.yaml:648-658	none mapped	undeclared	out_of_scope_lexical_inventory		INFERRED exact-path scope; source not read
231	specs/.history/modular-fuzzing-epic/ticket-007-MF-025/results/testgraph-specWorkflow/cleanup-failure-probe-test-graph/sdk/java/src/main/java/com/hayden/testgraphsdk/sdk/NodeResult.java:19	lexical hit not semantically classified: * Two surfaces, one object: report once, publish downstream.	out-of-scope	ticket_plan.yaml:648-658	none mapped	undeclared	out_of_scope_lexical_inventory		INFERRED exact-path scope; source not read
232	specs/.history/modular-fuzzing-epic/ticket-007-MF-025/results/testgraph-specWorkflow/cleanup-failure-probe-test-graph/sdk/java/src/main/java/com/hayden/testgraphsdk/sdk/NodeResult.java:95	lexical hit not semantically classified: public NodeResult publish(String key, String value) {	out-of-scope	ticket_plan.yaml:648-658	none mapped	undeclared	out_of_scope_lexical_inventory		INFERRED exact-path scope; source not read
233	specs/.history/modular-fuzzing-epic/ticket-007-MF-025/results/testgraph-specWorkflow/cleanup-failure-probe-test-graph/sdk/java/src/main/java/com/hayden/testgraphsdk/sdk/Procs.java:39	"lexical hit not semantically classified: * short local label (e.g. {@code ""publish""}); the on-disk name is"	out-of-scope	ticket_plan.yaml:648-658	none mapped	undeclared	out_of_scope_lexical_inventory		INFERRED exact-path scope; source not read
234	specs/.history/modular-fuzzing-epic/ticket-007-MF-025/results/testgraph-specWorkflow/cleanup-failure-probe-test-graph/sdk/java/src/main/java/com/hayden/testgraphsdk/sdk/Procs.java:41	lexical hit not semantically classified: * {@code hello.published.publish.log}).	out-of-scope	ticket_plan.yaml:648-658	none mapped	undeclared	out_of_scope_lexical_inventory		INFERRED exact-path scope; source not read
235	specs/.history/modular-fuzzing-epic/ticket-007-MF-025/results/testgraph-specWorkflow/cleanup-failure-probe-test-graph/sdk/python/src/testgraphsdk/context_item.py:13	lexical hit not semantically classified: A node's ``data`` is the map it published via ``NodeResult.publish(k, v)``.	out-of-scope	ticket_plan.yaml:648-658	none mapped	undeclared	out_of_scope_lexical_inventory		INFERRED exact-path scope; source not read
236	specs/.history/modular-fuzzing-epic/ticket-007-MF-025/results/testgraph-specWorkflow/cleanup-failure-probe-test-graph/sdk/python/src/testgraphsdk/procs.py:31	"lexical hit not semantically classified: ``""publish""``), the on-disk name is ``<nodeId>.<label>.log`` so a"	out-of-scope	ticket_plan.yaml:648-658	none mapped	undeclared	out_of_scope_lexical_inventory		INFERRED exact-path scope; source not read
237	specs/.history/modular-fuzzing-epic/ticket-007-MF-025/results/testgraph-specWorkflow/cleanup-failure-probe-test-graph/sdk/python/src/testgraphsdk/result.py:156	"lexical hit not semantically classified: def publish(self, key: str, value: str) -> ""NodeResult"":"	out-of-scope	ticket_plan.yaml:648-658	none mapped	undeclared	out_of_scope_lexical_inventory		INFERRED exact-path scope; source not read
238	specs/.history/modular-fuzzing-epic/ticket-007-MF-025/results/testgraph-specWorkflow/cleanup-failure-probe-test-graph/sources/spec_workflow_close_ticket.py:97	"lexical hit not semantically classified: .publish(""historyDir"", str(history_dir))"	out-of-scope	ticket_plan.yaml:648-658	none mapped	undeclared	out_of_scope_lexical_inventory		INFERRED exact-path scope; source not read
239	specs/.history/modular-fuzzing-epic/ticket-007-MF-025/results/testgraph-specWorkflow/cleanup-failure-probe-test-graph/sources/spec_workflow_create_repo.py:58	"lexical hit not semantically classified: .publish(""repoPath"", str(repo_dir))"	out-of-scope	ticket_plan.yaml:648-658	none mapped	undeclared	out_of_scope_lexical_inventory		INFERRED exact-path scope; source not read
240	specs/.history/modular-fuzzing-epic/ticket-007-MF-025/results/testgraph-specWorkflow/cleanup-failure-probe-test-graph/sources/spec_workflow_create_repo.py:59	"lexical hit not semantically classified: .publish(""sourceRepo"", str(source_repo))"	out-of-scope	ticket_plan.yaml:648-658	none mapped	undeclared	out_of_scope_lexical_inventory		INFERRED exact-path scope; source not read
241	specs/.history/modular-fuzzing-epic/ticket-007-MF-025/results/testgraph-specWorkflow/cleanup-failure-probe-test-graph/sources/spec_workflow_create_repo.py:60	"lexical hit not semantically classified: .publish(""ticketId"", ""FLOW-1"")"	out-of-scope	ticket_plan.yaml:648-658	none mapped	undeclared	out_of_scope_lexical_inventory		INFERRED exact-path scope; source not read
242	specs/.history/modular-fuzzing-epic/ticket-007-MF-025/results/testgraph-specWorkflow/cleanup-failure-probe-test-graph/sources/spec_workflow_create_repo.py:61	"lexical hit not semantically classified: .publish(""cliPath"", str(cli_path))"	out-of-scope	ticket_plan.yaml:648-658	none mapped	undeclared	out_of_scope_lexical_inventory		INFERRED exact-path scope; source not read
243	specs/.history/modular-fuzzing-epic/ticket-007-MF-025/results/testgraph-specWorkflow/cleanup-failure-probe-test-graph/sources/spec_workflow_start_ticket.py:120	"lexical hit not semantically classified: .publish(""ticketDir"", str(ticket_dir))"	out-of-scope	ticket_plan.yaml:648-658	none mapped	undeclared	out_of_scope_lexical_inventory		INFERRED exact-path scope; source not read
244	specs/.history/modular-fuzzing-epic/ticket-007-MF-025/results/testgraph-specWorkflow/cleanup-failure-probe-test-graph/sources/tla_spec_dev_cli_install.py:57	"lexical hit not semantically classified: .publish(""cliPath"", str(cli_path))"	out-of-scope	ticket_plan.yaml:648-658	none mapped	undeclared	out_of_scope_lexical_inventory		INFERRED exact-path scope; source not read
245	specs/.history/modular-fuzzing-epic/ticket-007-MF-025/results/testgraph-specWorkflow/cleanup-failure-probe-test-graph/sources/tla_spec_dev_cli_install.py:58	"lexical hit not semantically classified: .publish(""binDir"", str(bin_dir))"	out-of-scope	ticket_plan.yaml:648-658	none mapped	undeclared	out_of_scope_lexical_inventory		INFERRED exact-path scope; source not read
246	specs/.history/modular-fuzzing-epic/ticket-007-MF-025/ticket/results/testgraph-specWorkflow/cleanup-failure-probe-test-graph/sdk/java/build.gradle.kts:3	lexical hit not semantically classified: `maven-publish`	out-of-scope	ticket_plan.yaml:648-658	none mapped	undeclared	out_of_scope_lexical_inventory		INFERRED exact-path scope; source not read
247	specs/.history/modular-fuzzing-epic/ticket-007-MF-025/ticket/results/testgraph-specWorkflow/cleanup-failure-probe-test-graph/sdk/java/src/main/java/com/hayden/testgraphsdk/sdk/ContextItem.java:12	lexical hit not semantically classified: * {@link NodeResult#publish(String, String)}.	out-of-scope	ticket_plan.yaml:648-658	none mapped	undeclared	out_of_scope_lexical_inventory		INFERRED exact-path scope; source not read
248	specs/.history/modular-fuzzing-epic/ticket-007-MF-025/ticket/results/testgraph-specWorkflow/cleanup-failure-probe-test-graph/sdk/java/src/main/java/com/hayden/testgraphsdk/sdk/NodeResult.java:19	lexical hit not semantically classified: * Two surfaces, one object: report once, publish downstream.	out-of-scope	ticket_plan.yaml:648-658	none mapped	undeclared	out_of_scope_lexical_inventory		INFERRED exact-path scope; source not read
249	specs/.history/modular-fuzzing-epic/ticket-007-MF-025/ticket/results/testgraph-specWorkflow/cleanup-failure-probe-test-graph/sdk/java/src/main/java/com/hayden/testgraphsdk/sdk/NodeResult.java:95	lexical hit not semantically classified: public NodeResult publish(String key, String value) {	out-of-scope	ticket_plan.yaml:648-658	none mapped	undeclared	out_of_scope_lexical_inventory		INFERRED exact-path scope; source not read
250	specs/.history/modular-fuzzing-epic/ticket-007-MF-025/ticket/results/testgraph-specWorkflow/cleanup-failure-probe-test-graph/sdk/java/src/main/java/com/hayden/testgraphsdk/sdk/Procs.java:39	"lexical hit not semantically classified: * short local label (e.g. {@code ""publish""}); the on-disk name is"	out-of-scope	ticket_plan.yaml:648-658	none mapped	undeclared	out_of_scope_lexical_inventory		INFERRED exact-path scope; source not read
251	specs/.history/modular-fuzzing-epic/ticket-007-MF-025/ticket/results/testgraph-specWorkflow/cleanup-failure-probe-test-graph/sdk/java/src/main/java/com/hayden/testgraphsdk/sdk/Procs.java:41	lexical hit not semantically classified: * {@code hello.published.publish.log}).	out-of-scope	ticket_plan.yaml:648-658	none mapped	undeclared	out_of_scope_lexical_inventory		INFERRED exact-path scope; source not read
252	specs/.history/modular-fuzzing-epic/ticket-007-MF-025/ticket/results/testgraph-specWorkflow/cleanup-failure-probe-test-graph/sdk/python/src/testgraphsdk/context_item.py:13	lexical hit not semantically classified: A node's ``data`` is the map it published via ``NodeResult.publish(k, v)``.	out-of-scope	ticket_plan.yaml:648-658	none mapped	undeclared	out_of_scope_lexical_inventory		INFERRED exact-path scope; source not read
253	specs/.history/modular-fuzzing-epic/ticket-007-MF-025/ticket/results/testgraph-specWorkflow/cleanup-failure-probe-test-graph/sdk/python/src/testgraphsdk/procs.py:31	"lexical hit not semantically classified: ``""publish""``), the on-disk name is ``<nodeId>.<label>.log`` so a"	out-of-scope	ticket_plan.yaml:648-658	none mapped	undeclared	out_of_scope_lexical_inventory		INFERRED exact-path scope; source not read
254	specs/.history/modular-fuzzing-epic/ticket-007-MF-025/ticket/results/testgraph-specWorkflow/cleanup-failure-probe-test-graph/sdk/python/src/testgraphsdk/result.py:156	"lexical hit not semantically classified: def publish(self, key: str, value: str) -> ""NodeResult"":"	out-of-scope	ticket_plan.yaml:648-658	none mapped	undeclared	out_of_scope_lexical_inventory		INFERRED exact-path scope; source not read
255	specs/.history/modular-fuzzing-epic/ticket-007-MF-025/ticket/results/testgraph-specWorkflow/cleanup-failure-probe-test-graph/sources/spec_workflow_close_ticket.py:97	"lexical hit not semantically classified: .publish(""historyDir"", str(history_dir))"	out-of-scope	ticket_plan.yaml:648-658	none mapped	undeclared	out_of_scope_lexical_inventory		INFERRED exact-path scope; source not read
256	specs/.history/modular-fuzzing-epic/ticket-007-MF-025/ticket/results/testgraph-specWorkflow/cleanup-failure-probe-test-graph/sources/spec_workflow_create_repo.py:58	"lexical hit not semantically classified: .publish(""repoPath"", str(repo_dir))"	out-of-scope	ticket_plan.yaml:648-658	none mapped	undeclared	out_of_scope_lexical_inventory		INFERRED exact-path scope; source not read
257	specs/.history/modular-fuzzing-epic/ticket-007-MF-025/ticket/results/testgraph-specWorkflow/cleanup-failure-probe-test-graph/sources/spec_workflow_create_repo.py:59	"lexical hit not semantically classified: .publish(""sourceRepo"", str(source_repo))"	out-of-scope	ticket_plan.yaml:648-658	none mapped	undeclared	out_of_scope_lexical_inventory		INFERRED exact-path scope; source not read
258	specs/.history/modular-fuzzing-epic/ticket-007-MF-025/ticket/results/testgraph-specWorkflow/cleanup-failure-probe-test-graph/sources/spec_workflow_create_repo.py:60	"lexical hit not semantically classified: .publish(""ticketId"", ""FLOW-1"")"	out-of-scope	ticket_plan.yaml:648-658	none mapped	undeclared	out_of_scope_lexical_inventory		INFERRED exact-path scope; source not read
259	specs/.history/modular-fuzzing-epic/ticket-007-MF-025/ticket/results/testgraph-specWorkflow/cleanup-failure-probe-test-graph/sources/spec_workflow_create_repo.py:61	"lexical hit not semantically classified: .publish(""cliPath"", str(cli_path))"	out-of-scope	ticket_plan.yaml:648-658	none mapped	undeclared	out_of_scope_lexical_inventory		INFERRED exact-path scope; source not read
260	specs/.history/modular-fuzzing-epic/ticket-007-MF-025/ticket/results/testgraph-specWorkflow/cleanup-failure-probe-test-graph/sources/spec_workflow_start_ticket.py:120	"lexical hit not semantically classified: .publish(""ticketDir"", str(ticket_dir))"	out-of-scope	ticket_plan.yaml:648-658	none mapped	undeclared	out_of_scope_lexical_inventory		INFERRED exact-path scope; source not read
261	specs/.history/modular-fuzzing-epic/ticket-007-MF-025/ticket/results/testgraph-specWorkflow/cleanup-failure-probe-test-graph/sources/tla_spec_dev_cli_install.py:57	"lexical hit not semantically classified: .publish(""cliPath"", str(cli_path))"	out-of-scope	ticket_plan.yaml:648-658	none mapped	undeclared	out_of_scope_lexical_inventory		INFERRED exact-path scope; source not read
262	specs/.history/modular-fuzzing-epic/ticket-007-MF-025/ticket/results/testgraph-specWorkflow/cleanup-failure-probe-test-graph/sources/tla_spec_dev_cli_install.py:58	"lexical hit not semantically classified: .publish(""binDir"", str(bin_dir))"	out-of-scope	ticket_plan.yaml:648-658	none mapped	undeclared	out_of_scope_lexical_inventory		INFERRED exact-path scope; source not read
263	specs/.history/modular-fuzzing-epic/ticket-008-MF-015/results/testgraph-specWorkflow/cleanup-failure-probe-test-graph/sdk/java/build.gradle.kts:3	lexical hit not semantically classified: `maven-publish`	out-of-scope	ticket_plan.yaml:648-658	none mapped	undeclared	out_of_scope_lexical_inventory		INFERRED exact-path scope; source not read
264	specs/.history/modular-fuzzing-epic/ticket-008-MF-015/results/testgraph-specWorkflow/cleanup-failure-probe-test-graph/sdk/java/src/main/java/com/hayden/testgraphsdk/sdk/ContextItem.java:12	lexical hit not semantically classified: * {@link NodeResult#publish(String, String)}.	out-of-scope	ticket_plan.yaml:648-658	none mapped	undeclared	out_of_scope_lexical_inventory		INFERRED exact-path scope; source not read
265	specs/.history/modular-fuzzing-epic/ticket-008-MF-015/results/testgraph-specWorkflow/cleanup-failure-probe-test-graph/sdk/java/src/main/java/com/hayden/testgraphsdk/sdk/NodeResult.java:19	lexical hit not semantically classified: * Two surfaces, one object: report once, publish downstream.	out-of-scope	ticket_plan.yaml:648-658	none mapped	undeclared	out_of_scope_lexical_inventory		INFERRED exact-path scope; source not read
266	specs/.history/modular-fuzzing-epic/ticket-008-MF-015/results/testgraph-specWorkflow/cleanup-failure-probe-test-graph/sdk/java/src/main/java/com/hayden/testgraphsdk/sdk/NodeResult.java:95	lexical hit not semantically classified: public NodeResult publish(String key, String value) {	out-of-scope	ticket_plan.yaml:648-658	none mapped	undeclared	out_of_scope_lexical_inventory		INFERRED exact-path scope; source not read
267	specs/.history/modular-fuzzing-epic/ticket-008-MF-015/results/testgraph-specWorkflow/cleanup-failure-probe-test-graph/sdk/java/src/main/java/com/hayden/testgraphsdk/sdk/Procs.java:39	"lexical hit not semantically classified: * short local label (e.g. {@code ""publish""}); the on-disk name is"	out-of-scope	ticket_plan.yaml:648-658	none mapped	undeclared	out_of_scope_lexical_inventory		INFERRED exact-path scope; source not read
268	specs/.history/modular-fuzzing-epic/ticket-008-MF-015/results/testgraph-specWorkflow/cleanup-failure-probe-test-graph/sdk/java/src/main/java/com/hayden/testgraphsdk/sdk/Procs.java:41	lexical hit not semantically classified: * {@code hello.published.publish.log}).	out-of-scope	ticket_plan.yaml:648-658	none mapped	undeclared	out_of_scope_lexical_inventory		INFERRED exact-path scope; source not read
269	specs/.history/modular-fuzzing-epic/ticket-008-MF-015/results/testgraph-specWorkflow/cleanup-failure-probe-test-graph/sdk/python/src/testgraphsdk/context_item.py:13	lexical hit not semantically classified: A node's ``data`` is the map it published via ``NodeResult.publish(k, v)``.	out-of-scope	ticket_plan.yaml:648-658	none mapped	undeclared	out_of_scope_lexical_inventory		INFERRED exact-path scope; source not read
270	specs/.history/modular-fuzzing-epic/ticket-008-MF-015/results/testgraph-specWorkflow/cleanup-failure-probe-test-graph/sdk/python/src/testgraphsdk/procs.py:31	"lexical hit not semantically classified: ``""publish""``), the on-disk name is ``<nodeId>.<label>.log`` so a"	out-of-scope	ticket_plan.yaml:648-658	none mapped	undeclared	out_of_scope_lexical_inventory		INFERRED exact-path scope; source not read
271	specs/.history/modular-fuzzing-epic/ticket-008-MF-015/results/testgraph-specWorkflow/cleanup-failure-probe-test-graph/sdk/python/src/testgraphsdk/result.py:156	"lexical hit not semantically classified: def publish(self, key: str, value: str) -> ""NodeResult"":"	out-of-scope	ticket_plan.yaml:648-658	none mapped	undeclared	out_of_scope_lexical_inventory		INFERRED exact-path scope; source not read
272	specs/.history/modular-fuzzing-epic/ticket-008-MF-015/results/testgraph-specWorkflow/cleanup-failure-probe-test-graph/sources/spec_workflow_close_ticket.py:97	"lexical hit not semantically classified: .publish(""historyDir"", str(history_dir))"	out-of-scope	ticket_plan.yaml:648-658	none mapped	undeclared	out_of_scope_lexical_inventory		INFERRED exact-path scope; source not read
273	specs/.history/modular-fuzzing-epic/ticket-008-MF-015/results/testgraph-specWorkflow/cleanup-failure-probe-test-graph/sources/spec_workflow_create_repo.py:58	"lexical hit not semantically classified: .publish(""repoPath"", str(repo_dir))"	out-of-scope	ticket_plan.yaml:648-658	none mapped	undeclared	out_of_scope_lexical_inventory		INFERRED exact-path scope; source not read
274	specs/.history/modular-fuzzing-epic/ticket-008-MF-015/results/testgraph-specWorkflow/cleanup-failure-probe-test-graph/sources/spec_workflow_create_repo.py:59	"lexical hit not semantically classified: .publish(""sourceRepo"", str(source_repo))"	out-of-scope	ticket_plan.yaml:648-658	none mapped	undeclared	out_of_scope_lexical_inventory		INFERRED exact-path scope; source not read
275	specs/.history/modular-fuzzing-epic/ticket-008-MF-015/results/testgraph-specWorkflow/cleanup-failure-probe-test-graph/sources/spec_workflow_create_repo.py:60	"lexical hit not semantically classified: .publish(""ticketId"", ""FLOW-1"")"	out-of-scope	ticket_plan.yaml:648-658	none mapped	undeclared	out_of_scope_lexical_inventory		INFERRED exact-path scope; source not read
276	specs/.history/modular-fuzzing-epic/ticket-008-MF-015/results/testgraph-specWorkflow/cleanup-failure-probe-test-graph/sources/spec_workflow_create_repo.py:61	"lexical hit not semantically classified: .publish(""cliPath"", str(cli_path))"	out-of-scope	ticket_plan.yaml:648-658	none mapped	undeclared	out_of_scope_lexical_inventory		INFERRED exact-path scope; source not read
277	specs/.history/modular-fuzzing-epic/ticket-008-MF-015/results/testgraph-specWorkflow/cleanup-failure-probe-test-graph/sources/spec_workflow_start_ticket.py:120	"lexical hit not semantically classified: .publish(""ticketDir"", str(ticket_dir))"	out-of-scope	ticket_plan.yaml:648-658	none mapped	undeclared	out_of_scope_lexical_inventory		INFERRED exact-path scope; source not read
278	specs/.history/modular-fuzzing-epic/ticket-008-MF-015/results/testgraph-specWorkflow/cleanup-failure-probe-test-graph/sources/tla_spec_dev_cli_install.py:57	"lexical hit not semantically classified: .publish(""cliPath"", str(cli_path))"	out-of-scope	ticket_plan.yaml:648-658	none mapped	undeclared	out_of_scope_lexical_inventory		INFERRED exact-path scope; source not read
279	specs/.history/modular-fuzzing-epic/ticket-008-MF-015/results/testgraph-specWorkflow/cleanup-failure-probe-test-graph/sources/tla_spec_dev_cli_install.py:58	"lexical hit not semantically classified: .publish(""binDir"", str(bin_dir))"	out-of-scope	ticket_plan.yaml:648-658	none mapped	undeclared	out_of_scope_lexical_inventory		INFERRED exact-path scope; source not read
280	specs/.history/modular-fuzzing-epic/ticket-008-MF-015/ticket/results/testgraph-specWorkflow/cleanup-failure-probe-test-graph/sdk/java/build.gradle.kts:3	lexical hit not semantically classified: `maven-publish`	out-of-scope	ticket_plan.yaml:648-658	none mapped	undeclared	out_of_scope_lexical_inventory		INFERRED exact-path scope; source not read
281	specs/.history/modular-fuzzing-epic/ticket-008-MF-015/ticket/results/testgraph-specWorkflow/cleanup-failure-probe-test-graph/sdk/java/src/main/java/com/hayden/testgraphsdk/sdk/ContextItem.java:12	lexical hit not semantically classified: * {@link NodeResult#publish(String, String)}.	out-of-scope	ticket_plan.yaml:648-658	none mapped	undeclared	out_of_scope_lexical_inventory		INFERRED exact-path scope; source not read
282	specs/.history/modular-fuzzing-epic/ticket-008-MF-015/ticket/results/testgraph-specWorkflow/cleanup-failure-probe-test-graph/sdk/java/src/main/java/com/hayden/testgraphsdk/sdk/NodeResult.java:19	lexical hit not semantically classified: * Two surfaces, one object: report once, publish downstream.	out-of-scope	ticket_plan.yaml:648-658	none mapped	undeclared	out_of_scope_lexical_inventory		INFERRED exact-path scope; source not read
283	specs/.history/modular-fuzzing-epic/ticket-008-MF-015/ticket/results/testgraph-specWorkflow/cleanup-failure-probe-test-graph/sdk/java/src/main/java/com/hayden/testgraphsdk/sdk/NodeResult.java:95	lexical hit not semantically classified: public NodeResult publish(String key, String value) {	out-of-scope	ticket_plan.yaml:648-658	none mapped	undeclared	out_of_scope_lexical_inventory		INFERRED exact-path scope; source not read
284	specs/.history/modular-fuzzing-epic/ticket-008-MF-015/ticket/results/testgraph-specWorkflow/cleanup-failure-probe-test-graph/sdk/java/src/main/java/com/hayden/testgraphsdk/sdk/Procs.java:39	"lexical hit not semantically classified: * short local label (e.g. {@code ""publish""}); the on-disk name is"	out-of-scope	ticket_plan.yaml:648-658	none mapped	undeclared	out_of_scope_lexical_inventory		INFERRED exact-path scope; source not read
285	specs/.history/modular-fuzzing-epic/ticket-008-MF-015/ticket/results/testgraph-specWorkflow/cleanup-failure-probe-test-graph/sdk/java/src/main/java/com/hayden/testgraphsdk/sdk/Procs.java:41	lexical hit not semantically classified: * {@code hello.published.publish.log}).	out-of-scope	ticket_plan.yaml:648-658	none mapped	undeclared	out_of_scope_lexical_inventory		INFERRED exact-path scope; source not read
286	specs/.history/modular-fuzzing-epic/ticket-008-MF-015/ticket/results/testgraph-specWorkflow/cleanup-failure-probe-test-graph/sdk/python/src/testgraphsdk/context_item.py:13	lexical hit not semantically classified: A node's ``data`` is the map it published via ``NodeResult.publish(k, v)``.	out-of-scope	ticket_plan.yaml:648-658	none mapped	undeclared	out_of_scope_lexical_inventory		INFERRED exact-path scope; source not read
287	specs/.history/modular-fuzzing-epic/ticket-008-MF-015/ticket/results/testgraph-specWorkflow/cleanup-failure-probe-test-graph/sdk/python/src/testgraphsdk/procs.py:31	"lexical hit not semantically classified: ``""publish""``), the on-disk name is ``<nodeId>.<label>.log`` so a"	out-of-scope	ticket_plan.yaml:648-658	none mapped	undeclared	out_of_scope_lexical_inventory		INFERRED exact-path scope; source not read
288	specs/.history/modular-fuzzing-epic/ticket-008-MF-015/ticket/results/testgraph-specWorkflow/cleanup-failure-probe-test-graph/sdk/python/src/testgraphsdk/result.py:156	"lexical hit not semantically classified: def publish(self, key: str, value: str) -> ""NodeResult"":"	out-of-scope	ticket_plan.yaml:648-658	none mapped	undeclared	out_of_scope_lexical_inventory		INFERRED exact-path scope; source not read
289	specs/.history/modular-fuzzing-epic/ticket-008-MF-015/ticket/results/testgraph-specWorkflow/cleanup-failure-probe-test-graph/sources/spec_workflow_close_ticket.py:97	"lexical hit not semantically classified: .publish(""historyDir"", str(history_dir))"	out-of-scope	ticket_plan.yaml:648-658	none mapped	undeclared	out_of_scope_lexical_inventory		INFERRED exact-path scope; source not read
290	specs/.history/modular-fuzzing-epic/ticket-008-MF-015/ticket/results/testgraph-specWorkflow/cleanup-failure-probe-test-graph/sources/spec_workflow_create_repo.py:58	"lexical hit not semantically classified: .publish(""repoPath"", str(repo_dir))"	out-of-scope	ticket_plan.yaml:648-658	none mapped	undeclared	out_of_scope_lexical_inventory		INFERRED exact-path scope; source not read
291	specs/.history/modular-fuzzing-epic/ticket-008-MF-015/ticket/results/testgraph-specWorkflow/cleanup-failure-probe-test-graph/sources/spec_workflow_create_repo.py:59	"lexical hit not semantically classified: .publish(""sourceRepo"", str(source_repo))"	out-of-scope	ticket_plan.yaml:648-658	none mapped	undeclared	out_of_scope_lexical_inventory		INFERRED exact-path scope; source not read
292	specs/.history/modular-fuzzing-epic/ticket-008-MF-015/ticket/results/testgraph-specWorkflow/cleanup-failure-probe-test-graph/sources/spec_workflow_create_repo.py:60	"lexical hit not semantically classified: .publish(""ticketId"", ""FLOW-1"")"	out-of-scope	ticket_plan.yaml:648-658	none mapped	undeclared	out_of_scope_lexical_inventory		INFERRED exact-path scope; source not read
293	specs/.history/modular-fuzzing-epic/ticket-008-MF-015/ticket/results/testgraph-specWorkflow/cleanup-failure-probe-test-graph/sources/spec_workflow_create_repo.py:61	"lexical hit not semantically classified: .publish(""cliPath"", str(cli_path))"	out-of-scope	ticket_plan.yaml:648-658	none mapped	undeclared	out_of_scope_lexical_inventory		INFERRED exact-path scope; source not read
294	specs/.history/modular-fuzzing-epic/ticket-008-MF-015/ticket/results/testgraph-specWorkflow/cleanup-failure-probe-test-graph/sources/spec_workflow_start_ticket.py:120	"lexical hit not semantically classified: .publish(""ticketDir"", str(ticket_dir))"	out-of-scope	ticket_plan.yaml:648-658	none mapped	undeclared	out_of_scope_lexical_inventory		INFERRED exact-path scope; source not read
295	specs/.history/modular-fuzzing-epic/ticket-008-MF-015/ticket/results/testgraph-specWorkflow/cleanup-failure-probe-test-graph/sources/tla_spec_dev_cli_install.py:57	"lexical hit not semantically classified: .publish(""cliPath"", str(cli_path))"	out-of-scope	ticket_plan.yaml:648-658	none mapped	undeclared	out_of_scope_lexical_inventory		INFERRED exact-path scope; source not read
296	specs/.history/modular-fuzzing-epic/ticket-008-MF-015/ticket/results/testgraph-specWorkflow/cleanup-failure-probe-test-graph/sources/tla_spec_dev_cli_install.py:58	"lexical hit not semantically classified: .publish(""binDir"", str(bin_dir))"	out-of-scope	ticket_plan.yaml:648-658	none mapped	undeclared	out_of_scope_lexical_inventory		INFERRED exact-path scope; source not read
297	specs/.history/modular-fuzzing-epic/ticket-009-MF-017/ticket/results/graph-reports/specWorkflow-20260718-213733-cd7fff06/cleanup-failure-probe-test-graph/sdk/java/build.gradle.kts:3	lexical hit not semantically classified: `maven-publish`	out-of-scope	ticket_plan.yaml:648-658	none mapped	undeclared	out_of_scope_lexical_inventory		INFERRED exact-path scope; source not read
298	specs/.history/modular-fuzzing-epic/ticket-009-MF-017/ticket/results/graph-reports/specWorkflow-20260718-213733-cd7fff06/cleanup-failure-probe-test-graph/sdk/java/src/main/java/com/hayden/testgraphsdk/sdk/ContextItem.java:12	lexical hit not semantically classified: * {@link NodeResult#publish(String, String)}.	out-of-scope	ticket_plan.yaml:648-658	none mapped	undeclared	out_of_scope_lexical_inventory		INFERRED exact-path scope; source not read
299	specs/.history/modular-fuzzing-epic/ticket-009-MF-017/ticket/results/graph-reports/specWorkflow-20260718-213733-cd7fff06/cleanup-failure-probe-test-graph/sdk/java/src/main/java/com/hayden/testgraphsdk/sdk/NodeResult.java:19	lexical hit not semantically classified: * Two surfaces, one object: report once, publish downstream.	out-of-scope	ticket_plan.yaml:648-658	none mapped	undeclared	out_of_scope_lexical_inventory		INFERRED exact-path scope; source not read
300	specs/.history/modular-fuzzing-epic/ticket-009-MF-017/ticket/results/graph-reports/specWorkflow-20260718-213733-cd7fff06/cleanup-failure-probe-test-graph/sdk/java/src/main/java/com/hayden/testgraphsdk/sdk/NodeResult.java:95	lexical hit not semantically classified: public NodeResult publish(String key, String value) {	out-of-scope	ticket_plan.yaml:648-658	none mapped	undeclared	out_of_scope_lexical_inventory		INFERRED exact-path scope; source not read
301	specs/.history/modular-fuzzing-epic/ticket-009-MF-017/ticket/results/graph-reports/specWorkflow-20260718-213733-cd7fff06/cleanup-failure-probe-test-graph/sdk/java/src/main/java/com/hayden/testgraphsdk/sdk/Procs.java:39	"lexical hit not semantically classified: * short local label (e.g. {@code ""publish""}); the on-disk name is"	out-of-scope	ticket_plan.yaml:648-658	none mapped	undeclared	out_of_scope_lexical_inventory		INFERRED exact-path scope; source not read
302	specs/.history/modular-fuzzing-epic/ticket-009-MF-017/ticket/results/graph-reports/specWorkflow-20260718-213733-cd7fff06/cleanup-failure-probe-test-graph/sdk/java/src/main/java/com/hayden/testgraphsdk/sdk/Procs.java:41	lexical hit not semantically classified: * {@code hello.published.publish.log}).	out-of-scope	ticket_plan.yaml:648-658	none mapped	undeclared	out_of_scope_lexical_inventory		INFERRED exact-path scope; source not read
303	specs/.history/modular-fuzzing-epic/ticket-009-MF-017/ticket/results/graph-reports/specWorkflow-20260718-213733-cd7fff06/cleanup-failure-probe-test-graph/sdk/python/src/testgraphsdk/context_item.py:13	lexical hit not semantically classified: A node's ``data`` is the map it published via ``NodeResult.publish(k, v)``.	out-of-scope	ticket_plan.yaml:648-658	none mapped	undeclared	out_of_scope_lexical_inventory		INFERRED exact-path scope; source not read
304	specs/.history/modular-fuzzing-epic/ticket-009-MF-017/ticket/results/graph-reports/specWorkflow-20260718-213733-cd7fff06/cleanup-failure-probe-test-graph/sdk/python/src/testgraphsdk/procs.py:31	"lexical hit not semantically classified: ``""publish""``), the on-disk name is ``<nodeId>.<label>.log`` so a"	out-of-scope	ticket_plan.yaml:648-658	none mapped	undeclared	out_of_scope_lexical_inventory		INFERRED exact-path scope; source not read
305	specs/.history/modular-fuzzing-epic/ticket-009-MF-017/ticket/results/graph-reports/specWorkflow-20260718-213733-cd7fff06/cleanup-failure-probe-test-graph/sdk/python/src/testgraphsdk/result.py:156	"lexical hit not semantically classified: def publish(self, key: str, value: str) -> ""NodeResult"":"	out-of-scope	ticket_plan.yaml:648-658	none mapped	undeclared	out_of_scope_lexical_inventory		INFERRED exact-path scope; source not read
306	specs/.history/modular-fuzzing-epic/ticket-009-MF-017/ticket/results/graph-reports/specWorkflow-20260718-213733-cd7fff06/cleanup-failure-probe-test-graph/sources/spec_workflow_close_ticket.py:97	"lexical hit not semantically classified: .publish(""historyDir"", str(history_dir))"	out-of-scope	ticket_plan.yaml:648-658	none mapped	undeclared	out_of_scope_lexical_inventory		INFERRED exact-path scope; source not read
307	specs/.history/modular-fuzzing-epic/ticket-009-MF-017/ticket/results/graph-reports/specWorkflow-20260718-213733-cd7fff06/cleanup-failure-probe-test-graph/sources/spec_workflow_create_repo.py:58	"lexical hit not semantically classified: .publish(""repoPath"", str(repo_dir))"	out-of-scope	ticket_plan.yaml:648-658	none mapped	undeclared	out_of_scope_lexical_inventory		INFERRED exact-path scope; source not read
308	specs/.history/modular-fuzzing-epic/ticket-009-MF-017/ticket/results/graph-reports/specWorkflow-20260718-213733-cd7fff06/cleanup-failure-probe-test-graph/sources/spec_workflow_create_repo.py:59	"lexical hit not semantically classified: .publish(""sourceRepo"", str(source_repo))"	out-of-scope	ticket_plan.yaml:648-658	none mapped	undeclared	out_of_scope_lexical_inventory		INFERRED exact-path scope; source not read
309	specs/.history/modular-fuzzing-epic/ticket-009-MF-017/ticket/results/graph-reports/specWorkflow-20260718-213733-cd7fff06/cleanup-failure-probe-test-graph/sources/spec_workflow_create_repo.py:60	"lexical hit not semantically classified: .publish(""ticketId"", ""FLOW-1"")"	out-of-scope	ticket_plan.yaml:648-658	none mapped	undeclared	out_of_scope_lexical_inventory		INFERRED exact-path scope; source not read
310	specs/.history/modular-fuzzing-epic/ticket-009-MF-017/ticket/results/graph-reports/specWorkflow-20260718-213733-cd7fff06/cleanup-failure-probe-test-graph/sources/spec_workflow_create_repo.py:61	"lexical hit not semantically classified: .publish(""cliPath"", str(cli_path))"	out-of-scope	ticket_plan.yaml:648-658	none mapped	undeclared	out_of_scope_lexical_inventory		INFERRED exact-path scope; source not read
311	specs/.history/modular-fuzzing-epic/ticket-009-MF-017/ticket/results/graph-reports/specWorkflow-20260718-213733-cd7fff06/cleanup-failure-probe-test-graph/sources/spec_workflow_start_ticket.py:120	"lexical hit not semantically classified: .publish(""ticketDir"", str(ticket_dir))"	out-of-scope	ticket_plan.yaml:648-658	none mapped	undeclared	out_of_scope_lexical_inventory		INFERRED exact-path scope; source not read
312	specs/.history/modular-fuzzing-epic/ticket-009-MF-017/ticket/results/graph-reports/specWorkflow-20260718-213733-cd7fff06/cleanup-failure-probe-test-graph/sources/tla_spec_dev_cli_install.py:57	"lexical hit not semantically classified: .publish(""cliPath"", str(cli_path))"	out-of-scope	ticket_plan.yaml:648-658	none mapped	undeclared	out_of_scope_lexical_inventory		INFERRED exact-path scope; source not read
313	specs/.history/modular-fuzzing-epic/ticket-009-MF-017/ticket/results/graph-reports/specWorkflow-20260718-213733-cd7fff06/cleanup-failure-probe-test-graph/sources/tla_spec_dev_cli_install.py:58	"lexical hit not semantically classified: .publish(""binDir"", str(bin_dir))"	out-of-scope	ticket_plan.yaml:648-658	none mapped	undeclared	out_of_scope_lexical_inventory		INFERRED exact-path scope; source not read
314	specs/.history/modular-fuzzing-epic/ticket-009-MF-027/ticket/results/graph-reports/specWorkflow-20260719-194428-2cebfb33/cleanup-failure-probe-test-graph/sdk/java/build.gradle.kts:3	lexical hit not semantically classified: `maven-publish`	out-of-scope	ticket_plan.yaml:648-658	none mapped	undeclared	out_of_scope_lexical_inventory		INFERRED exact-path scope; source not read
315	specs/.history/modular-fuzzing-epic/ticket-009-MF-027/ticket/results/graph-reports/specWorkflow-20260719-194428-2cebfb33/cleanup-failure-probe-test-graph/sdk/java/src/main/java/com/hayden/testgraphsdk/sdk/ContextItem.java:12	lexical hit not semantically classified: * {@link NodeResult#publish(String, String)}.	out-of-scope	ticket_plan.yaml:648-658	none mapped	undeclared	out_of_scope_lexical_inventory		INFERRED exact-path scope; source not read
316	specs/.history/modular-fuzzing-epic/ticket-009-MF-027/ticket/results/graph-reports/specWorkflow-20260719-194428-2cebfb33/cleanup-failure-probe-test-graph/sdk/java/src/main/java/com/hayden/testgraphsdk/sdk/NodeResult.java:19	lexical hit not semantically classified: * Two surfaces, one object: report once, publish downstream.	out-of-scope	ticket_plan.yaml:648-658	none mapped	undeclared	out_of_scope_lexical_inventory		INFERRED exact-path scope; source not read
317	specs/.history/modular-fuzzing-epic/ticket-009-MF-027/ticket/results/graph-reports/specWorkflow-20260719-194428-2cebfb33/cleanup-failure-probe-test-graph/sdk/java/src/main/java/com/hayden/testgraphsdk/sdk/NodeResult.java:95	lexical hit not semantically classified: public NodeResult publish(String key, String value) {	out-of-scope	ticket_plan.yaml:648-658	none mapped	undeclared	out_of_scope_lexical_inventory		INFERRED exact-path scope; source not read
318	specs/.history/modular-fuzzing-epic/ticket-009-MF-027/ticket/results/graph-reports/specWorkflow-20260719-194428-2cebfb33/cleanup-failure-probe-test-graph/sdk/java/src/main/java/com/hayden/testgraphsdk/sdk/Procs.java:39	"lexical hit not semantically classified: * short local label (e.g. {@code ""publish""}); the on-disk name is"	out-of-scope	ticket_plan.yaml:648-658	none mapped	undeclared	out_of_scope_lexical_inventory		INFERRED exact-path scope; source not read
319	specs/.history/modular-fuzzing-epic/ticket-009-MF-027/ticket/results/graph-reports/specWorkflow-20260719-194428-2cebfb33/cleanup-failure-probe-test-graph/sdk/java/src/main/java/com/hayden/testgraphsdk/sdk/Procs.java:41	lexical hit not semantically classified: * {@code hello.published.publish.log}).	out-of-scope	ticket_plan.yaml:648-658	none mapped	undeclared	out_of_scope_lexical_inventory		INFERRED exact-path scope; source not read
320	specs/.history/modular-fuzzing-epic/ticket-009-MF-027/ticket/results/graph-reports/specWorkflow-20260719-194428-2cebfb33/cleanup-failure-probe-test-graph/sdk/python/src/testgraphsdk/context_item.py:13	lexical hit not semantically classified: A node's ``data`` is the map it published via ``NodeResult.publish(k, v)``.	out-of-scope	ticket_plan.yaml:648-658	none mapped	undeclared	out_of_scope_lexical_inventory		INFERRED exact-path scope; source not read
321	specs/.history/modular-fuzzing-epic/ticket-009-MF-027/ticket/results/graph-reports/specWorkflow-20260719-194428-2cebfb33/cleanup-failure-probe-test-graph/sdk/python/src/testgraphsdk/procs.py:31	"lexical hit not semantically classified: ``""publish""``), the on-disk name is ``<nodeId>.<label>.log`` so a"	out-of-scope	ticket_plan.yaml:648-658	none mapped	undeclared	out_of_scope_lexical_inventory		INFERRED exact-path scope; source not read
322	specs/.history/modular-fuzzing-epic/ticket-009-MF-027/ticket/results/graph-reports/specWorkflow-20260719-194428-2cebfb33/cleanup-failure-probe-test-graph/sdk/python/src/testgraphsdk/result.py:156	"lexical hit not semantically classified: def publish(self, key: str, value: str) -> ""NodeResult"":"	out-of-scope	ticket_plan.yaml:648-658	none mapped	undeclared	out_of_scope_lexical_inventory		INFERRED exact-path scope; source not read
323	specs/.history/modular-fuzzing-epic/ticket-009-MF-027/ticket/results/graph-reports/specWorkflow-20260719-194428-2cebfb33/cleanup-failure-probe-test-graph/sources/spec_workflow_close_ticket.py:97	"lexical hit not semantically classified: .publish(""historyDir"", str(history_dir))"	out-of-scope	ticket_plan.yaml:648-658	none mapped	undeclared	out_of_scope_lexical_inventory		INFERRED exact-path scope; source not read
324	specs/.history/modular-fuzzing-epic/ticket-009-MF-027/ticket/results/graph-reports/specWorkflow-20260719-194428-2cebfb33/cleanup-failure-probe-test-graph/sources/spec_workflow_create_repo.py:58	"lexical hit not semantically classified: .publish(""repoPath"", str(repo_dir))"	out-of-scope	ticket_plan.yaml:648-658	none mapped	undeclared	out_of_scope_lexical_inventory		INFERRED exact-path scope; source not read
325	specs/.history/modular-fuzzing-epic/ticket-009-MF-027/ticket/results/graph-reports/specWorkflow-20260719-194428-2cebfb33/cleanup-failure-probe-test-graph/sources/spec_workflow_create_repo.py:59	"lexical hit not semantically classified: .publish(""sourceRepo"", str(source_repo))"	out-of-scope	ticket_plan.yaml:648-658	none mapped	undeclared	out_of_scope_lexical_inventory		INFERRED exact-path scope; source not read
326	specs/.history/modular-fuzzing-epic/ticket-009-MF-027/ticket/results/graph-reports/specWorkflow-20260719-194428-2cebfb33/cleanup-failure-probe-test-graph/sources/spec_workflow_create_repo.py:60	"lexical hit not semantically classified: .publish(""ticketId"", ""FLOW-1"")"	out-of-scope	ticket_plan.yaml:648-658	none mapped	undeclared	out_of_scope_lexical_inventory		INFERRED exact-path scope; source not read
327	specs/.history/modular-fuzzing-epic/ticket-009-MF-027/ticket/results/graph-reports/specWorkflow-20260719-194428-2cebfb33/cleanup-failure-probe-test-graph/sources/spec_workflow_create_repo.py:61	"lexical hit not semantically classified: .publish(""cliPath"", str(cli_path))"	out-of-scope	ticket_plan.yaml:648-658	none mapped	undeclared	out_of_scope_lexical_inventory		INFERRED exact-path scope; source not read
328	specs/.history/modular-fuzzing-epic/ticket-009-MF-027/ticket/results/graph-reports/specWorkflow-20260719-194428-2cebfb33/cleanup-failure-probe-test-graph/sources/spec_workflow_start_ticket.py:120	"lexical hit not semantically classified: .publish(""ticketDir"", str(ticket_dir))"	out-of-scope	ticket_plan.yaml:648-658	none mapped	undeclared	out_of_scope_lexical_inventory		INFERRED exact-path scope; source not read
329	specs/.history/modular-fuzzing-epic/ticket-009-MF-027/ticket/results/graph-reports/specWorkflow-20260719-194428-2cebfb33/cleanup-failure-probe-test-graph/sources/tla_spec_dev_cli_install.py:57	"lexical hit not semantically classified: .publish(""cliPath"", str(cli_path))"	out-of-scope	ticket_plan.yaml:648-658	none mapped	undeclared	out_of_scope_lexical_inventory		INFERRED exact-path scope; source not read
330	specs/.history/modular-fuzzing-epic/ticket-009-MF-027/ticket/results/graph-reports/specWorkflow-20260719-194428-2cebfb33/cleanup-failure-probe-test-graph/sources/tla_spec_dev_cli_install.py:58	"lexical hit not semantically classified: .publish(""binDir"", str(bin_dir))"	out-of-scope	ticket_plan.yaml:648-658	none mapped	undeclared	out_of_scope_lexical_inventory		INFERRED exact-path scope; source not read
331	specs/.history/modular-fuzzing-epic/ticket-013-MF-026/results/testgraph/specWorkflow/cleanup-failure-probe-test-graph/sdk/java/build.gradle.kts:3	lexical hit not semantically classified: `maven-publish`	out-of-scope	ticket_plan.yaml:648-658	none mapped	undeclared	out_of_scope_lexical_inventory		INFERRED exact-path scope; source not read
332	specs/.history/modular-fuzzing-epic/ticket-013-MF-026/results/testgraph/specWorkflow/cleanup-failure-probe-test-graph/sdk/java/src/main/java/com/hayden/testgraphsdk/sdk/ContextItem.java:12	lexical hit not semantically classified: * {@link NodeResult#publish(String, String)}.	out-of-scope	ticket_plan.yaml:648-658	none mapped	undeclared	out_of_scope_lexical_inventory		INFERRED exact-path scope; source not read
333	specs/.history/modular-fuzzing-epic/ticket-013-MF-026/results/testgraph/specWorkflow/cleanup-failure-probe-test-graph/sdk/java/src/main/java/com/hayden/testgraphsdk/sdk/NodeResult.java:19	lexical hit not semantically classified: * Two surfaces, one object: report once, publish downstream.	out-of-scope	ticket_plan.yaml:648-658	none mapped	undeclared	out_of_scope_lexical_inventory		INFERRED exact-path scope; source not read
334	specs/.history/modular-fuzzing-epic/ticket-013-MF-026/results/testgraph/specWorkflow/cleanup-failure-probe-test-graph/sdk/java/src/main/java/com/hayden/testgraphsdk/sdk/NodeResult.java:95	lexical hit not semantically classified: public NodeResult publish(String key, String value) {	out-of-scope	ticket_plan.yaml:648-658	none mapped	undeclared	out_of_scope_lexical_inventory		INFERRED exact-path scope; source not read
335	specs/.history/modular-fuzzing-epic/ticket-013-MF-026/results/testgraph/specWorkflow/cleanup-failure-probe-test-graph/sdk/java/src/main/java/com/hayden/testgraphsdk/sdk/Procs.java:39	"lexical hit not semantically classified: * short local label (e.g. {@code ""publish""}); the on-disk name is"	out-of-scope	ticket_plan.yaml:648-658	none mapped	undeclared	out_of_scope_lexical_inventory		INFERRED exact-path scope; source not read
336	specs/.history/modular-fuzzing-epic/ticket-013-MF-026/results/testgraph/specWorkflow/cleanup-failure-probe-test-graph/sdk/java/src/main/java/com/hayden/testgraphsdk/sdk/Procs.java:41	lexical hit not semantically classified: * {@code hello.published.publish.log}).	out-of-scope	ticket_plan.yaml:648-658	none mapped	undeclared	out_of_scope_lexical_inventory		INFERRED exact-path scope; source not read
337	specs/.history/modular-fuzzing-epic/ticket-013-MF-026/results/testgraph/specWorkflow/cleanup-failure-probe-test-graph/sdk/python/src/testgraphsdk/context_item.py:13	lexical hit not semantically classified: A node's ``data`` is the map it published via ``NodeResult.publish(k, v)``.	out-of-scope	ticket_plan.yaml:648-658	none mapped	undeclared	out_of_scope_lexical_inventory		INFERRED exact-path scope; source not read
338	specs/.history/modular-fuzzing-epic/ticket-013-MF-026/results/testgraph/specWorkflow/cleanup-failure-probe-test-graph/sdk/python/src/testgraphsdk/procs.py:31	"lexical hit not semantically classified: ``""publish""``), the on-disk name is ``<nodeId>.<label>.log`` so a"	out-of-scope	ticket_plan.yaml:648-658	none mapped	undeclared	out_of_scope_lexical_inventory		INFERRED exact-path scope; source not read
339	specs/.history/modular-fuzzing-epic/ticket-013-MF-026/results/testgraph/specWorkflow/cleanup-failure-probe-test-graph/sdk/python/src/testgraphsdk/result.py:156	"lexical hit not semantically classified: def publish(self, key: str, value: str) -> ""NodeResult"":"	out-of-scope	ticket_plan.yaml:648-658	none mapped	undeclared	out_of_scope_lexical_inventory		INFERRED exact-path scope; source not read
340	specs/.history/modular-fuzzing-epic/ticket-013-MF-026/results/testgraph/specWorkflow/cleanup-failure-probe-test-graph/sources/spec_workflow_close_ticket.py:138	"lexical hit not semantically classified: .publish(""historyDir"", str(history_dir))"	out-of-scope	ticket_plan.yaml:648-658	none mapped	undeclared	out_of_scope_lexical_inventory		INFERRED exact-path scope; source not read
341	specs/.history/modular-fuzzing-epic/ticket-013-MF-026/results/testgraph/specWorkflow/cleanup-failure-probe-test-graph/sources/spec_workflow_create_repo.py:58	"lexical hit not semantically classified: .publish(""repoPath"", str(repo_dir))"	out-of-scope	ticket_plan.yaml:648-658	none mapped	undeclared	out_of_scope_lexical_inventory		INFERRED exact-path scope; source not read
342	specs/.history/modular-fuzzing-epic/ticket-013-MF-026/results/testgraph/specWorkflow/cleanup-failure-probe-test-graph/sources/spec_workflow_create_repo.py:59	"lexical hit not semantically classified: .publish(""sourceRepo"", str(source_repo))"	out-of-scope	ticket_plan.yaml:648-658	none mapped	undeclared	out_of_scope_lexical_inventory		INFERRED exact-path scope; source not read
343	specs/.history/modular-fuzzing-epic/ticket-013-MF-026/results/testgraph/specWorkflow/cleanup-failure-probe-test-graph/sources/spec_workflow_create_repo.py:60	"lexical hit not semantically classified: .publish(""ticketId"", ""FLOW-1"")"	out-of-scope	ticket_plan.yaml:648-658	none mapped	undeclared	out_of_scope_lexical_inventory		INFERRED exact-path scope; source not read
344	specs/.history/modular-fuzzing-epic/ticket-013-MF-026/results/testgraph/specWorkflow/cleanup-failure-probe-test-graph/sources/spec_workflow_create_repo.py:61	"lexical hit not semantically classified: .publish(""cliPath"", str(cli_path))"	out-of-scope	ticket_plan.yaml:648-658	none mapped	undeclared	out_of_scope_lexical_inventory		INFERRED exact-path scope; source not read
345	specs/.history/modular-fuzzing-epic/ticket-013-MF-026/results/testgraph/specWorkflow/cleanup-failure-probe-test-graph/sources/spec_workflow_start_ticket.py:120	"lexical hit not semantically classified: .publish(""ticketDir"", str(ticket_dir))"	out-of-scope	ticket_plan.yaml:648-658	none mapped	undeclared	out_of_scope_lexical_inventory		INFERRED exact-path scope; source not read
346	specs/.history/modular-fuzzing-epic/ticket-013-MF-026/results/testgraph/specWorkflow/cleanup-failure-probe-test-graph/sources/tla_spec_dev_cli_install.py:57	"lexical hit not semantically classified: .publish(""cliPath"", str(cli_path))"	out-of-scope	ticket_plan.yaml:648-658	none mapped	undeclared	out_of_scope_lexical_inventory		INFERRED exact-path scope; source not read
347	specs/.history/modular-fuzzing-epic/ticket-013-MF-026/results/testgraph/specWorkflow/cleanup-failure-probe-test-graph/sources/tla_spec_dev_cli_install.py:58	"lexical hit not semantically classified: .publish(""binDir"", str(bin_dir))"	out-of-scope	ticket_plan.yaml:648-658	none mapped	undeclared	out_of_scope_lexical_inventory		INFERRED exact-path scope; source not read
348	specs/.history/modular-fuzzing-epic/ticket-013-MF-026/ticket/results/testgraph/specWorkflow/cleanup-failure-probe-test-graph/sdk/java/build.gradle.kts:3	lexical hit not semantically classified: `maven-publish`	out-of-scope	ticket_plan.yaml:648-658	none mapped	undeclared	out_of_scope_lexical_inventory		INFERRED exact-path scope; source not read
349	specs/.history/modular-fuzzing-epic/ticket-013-MF-026/ticket/results/testgraph/specWorkflow/cleanup-failure-probe-test-graph/sdk/java/src/main/java/com/hayden/testgraphsdk/sdk/ContextItem.java:12	lexical hit not semantically classified: * {@link NodeResult#publish(String, String)}.	out-of-scope	ticket_plan.yaml:648-658	none mapped	undeclared	out_of_scope_lexical_inventory		INFERRED exact-path scope; source not read
350	specs/.history/modular-fuzzing-epic/ticket-013-MF-026/ticket/results/testgraph/specWorkflow/cleanup-failure-probe-test-graph/sdk/java/src/main/java/com/hayden/testgraphsdk/sdk/NodeResult.java:19	lexical hit not semantically classified: * Two surfaces, one object: report once, publish downstream.	out-of-scope	ticket_plan.yaml:648-658	none mapped	undeclared	out_of_scope_lexical_inventory		INFERRED exact-path scope; source not read
351	specs/.history/modular-fuzzing-epic/ticket-013-MF-026/ticket/results/testgraph/specWorkflow/cleanup-failure-probe-test-graph/sdk/java/src/main/java/com/hayden/testgraphsdk/sdk/NodeResult.java:95	lexical hit not semantically classified: public NodeResult publish(String key, String value) {	out-of-scope	ticket_plan.yaml:648-658	none mapped	undeclared	out_of_scope_lexical_inventory		INFERRED exact-path scope; source not read
352	specs/.history/modular-fuzzing-epic/ticket-013-MF-026/ticket/results/testgraph/specWorkflow/cleanup-failure-probe-test-graph/sdk/java/src/main/java/com/hayden/testgraphsdk/sdk/Procs.java:39	"lexical hit not semantically classified: * short local label (e.g. {@code ""publish""}); the on-disk name is"	out-of-scope	ticket_plan.yaml:648-658	none mapped	undeclared	out_of_scope_lexical_inventory		INFERRED exact-path scope; source not read
353	specs/.history/modular-fuzzing-epic/ticket-013-MF-026/ticket/results/testgraph/specWorkflow/cleanup-failure-probe-test-graph/sdk/java/src/main/java/com/hayden/testgraphsdk/sdk/Procs.java:41	lexical hit not semantically classified: * {@code hello.published.publish.log}).	out-of-scope	ticket_plan.yaml:648-658	none mapped	undeclared	out_of_scope_lexical_inventory		INFERRED exact-path scope; source not read
354	specs/.history/modular-fuzzing-epic/ticket-013-MF-026/ticket/results/testgraph/specWorkflow/cleanup-failure-probe-test-graph/sdk/python/src/testgraphsdk/context_item.py:13	lexical hit not semantically classified: A node's ``data`` is the map it published via ``NodeResult.publish(k, v)``.	out-of-scope	ticket_plan.yaml:648-658	none mapped	undeclared	out_of_scope_lexical_inventory		INFERRED exact-path scope; source not read
355	specs/.history/modular-fuzzing-epic/ticket-013-MF-026/ticket/results/testgraph/specWorkflow/cleanup-failure-probe-test-graph/sdk/python/src/testgraphsdk/procs.py:31	"lexical hit not semantically classified: ``""publish""``), the on-disk name is ``<nodeId>.<label>.log`` so a"	out-of-scope	ticket_plan.yaml:648-658	none mapped	undeclared	out_of_scope_lexical_inventory		INFERRED exact-path scope; source not read
356	specs/.history/modular-fuzzing-epic/ticket-013-MF-026/ticket/results/testgraph/specWorkflow/cleanup-failure-probe-test-graph/sdk/python/src/testgraphsdk/result.py:156	"lexical hit not semantically classified: def publish(self, key: str, value: str) -> ""NodeResult"":"	out-of-scope	ticket_plan.yaml:648-658	none mapped	undeclared	out_of_scope_lexical_inventory		INFERRED exact-path scope; source not read
357	specs/.history/modular-fuzzing-epic/ticket-013-MF-026/ticket/results/testgraph/specWorkflow/cleanup-failure-probe-test-graph/sources/spec_workflow_close_ticket.py:138	"lexical hit not semantically classified: .publish(""historyDir"", str(history_dir))"	out-of-scope	ticket_plan.yaml:648-658	none mapped	undeclared	out_of_scope_lexical_inventory		INFERRED exact-path scope; source not read
358	specs/.history/modular-fuzzing-epic/ticket-013-MF-026/ticket/results/testgraph/specWorkflow/cleanup-failure-probe-test-graph/sources/spec_workflow_create_repo.py:58	"lexical hit not semantically classified: .publish(""repoPath"", str(repo_dir))"	out-of-scope	ticket_plan.yaml:648-658	none mapped	undeclared	out_of_scope_lexical_inventory		INFERRED exact-path scope; source not read
359	specs/.history/modular-fuzzing-epic/ticket-013-MF-026/ticket/results/testgraph/specWorkflow/cleanup-failure-probe-test-graph/sources/spec_workflow_create_repo.py:59	"lexical hit not semantically classified: .publish(""sourceRepo"", str(source_repo))"	out-of-scope	ticket_plan.yaml:648-658	none mapped	undeclared	out_of_scope_lexical_inventory		INFERRED exact-path scope; source not read
360	specs/.history/modular-fuzzing-epic/ticket-013-MF-026/ticket/results/testgraph/specWorkflow/cleanup-failure-probe-test-graph/sources/spec_workflow_create_repo.py:60	"lexical hit not semantically classified: .publish(""ticketId"", ""FLOW-1"")"	out-of-scope	ticket_plan.yaml:648-658	none mapped	undeclared	out_of_scope_lexical_inventory		INFERRED exact-path scope; source not read
361	specs/.history/modular-fuzzing-epic/ticket-013-MF-026/ticket/results/testgraph/specWorkflow/cleanup-failure-probe-test-graph/sources/spec_workflow_create_repo.py:61	"lexical hit not semantically classified: .publish(""cliPath"", str(cli_path))"	out-of-scope	ticket_plan.yaml:648-658	none mapped	undeclared	out_of_scope_lexical_inventory		INFERRED exact-path scope; source not read
362	specs/.history/modular-fuzzing-epic/ticket-013-MF-026/ticket/results/testgraph/specWorkflow/cleanup-failure-probe-test-graph/sources/spec_workflow_start_ticket.py:120	"lexical hit not semantically classified: .publish(""ticketDir"", str(ticket_dir))"	out-of-scope	ticket_plan.yaml:648-658	none mapped	undeclared	out_of_scope_lexical_inventory		INFERRED exact-path scope; source not read
363	specs/.history/modular-fuzzing-epic/ticket-013-MF-026/ticket/results/testgraph/specWorkflow/cleanup-failure-probe-test-graph/sources/tla_spec_dev_cli_install.py:57	"lexical hit not semantically classified: .publish(""cliPath"", str(cli_path))"	out-of-scope	ticket_plan.yaml:648-658	none mapped	undeclared	out_of_scope_lexical_inventory		INFERRED exact-path scope; source not read
364	specs/.history/modular-fuzzing-epic/ticket-013-MF-026/ticket/results/testgraph/specWorkflow/cleanup-failure-probe-test-graph/sources/tla_spec_dev_cli_install.py:58	"lexical hit not semantically classified: .publish(""binDir"", str(bin_dir))"	out-of-scope	ticket_plan.yaml:648-658	none mapped	undeclared	out_of_scope_lexical_inventory		INFERRED exact-path scope; source not read
365	specs/tickets/MF-027/results/graph-reports/specWorkflow-20260719-194428-2cebfb33/cleanup-failure-probe-test-graph/sdk/java/build.gradle.kts:3	lexical hit not semantically classified: `maven-publish`	out-of-scope	ticket_plan.yaml:648-658	none mapped	undeclared	out_of_scope_lexical_inventory		INFERRED exact-path scope; source not read
366	specs/tickets/MF-027/results/graph-reports/specWorkflow-20260719-194428-2cebfb33/cleanup-failure-probe-test-graph/sdk/java/src/main/java/com/hayden/testgraphsdk/sdk/ContextItem.java:12	lexical hit not semantically classified: * {@link NodeResult#publish(String, String)}.	out-of-scope	ticket_plan.yaml:648-658	none mapped	undeclared	out_of_scope_lexical_inventory		INFERRED exact-path scope; source not read
367	specs/tickets/MF-027/results/graph-reports/specWorkflow-20260719-194428-2cebfb33/cleanup-failure-probe-test-graph/sdk/java/src/main/java/com/hayden/testgraphsdk/sdk/NodeResult.java:19	lexical hit not semantically classified: * Two surfaces, one object: report once, publish downstream.	out-of-scope	ticket_plan.yaml:648-658	none mapped	undeclared	out_of_scope_lexical_inventory		INFERRED exact-path scope; source not read
368	specs/tickets/MF-027/results/graph-reports/specWorkflow-20260719-194428-2cebfb33/cleanup-failure-probe-test-graph/sdk/java/src/main/java/com/hayden/testgraphsdk/sdk/NodeResult.java:95	lexical hit not semantically classified: public NodeResult publish(String key, String value) {	out-of-scope	ticket_plan.yaml:648-658	none mapped	undeclared	out_of_scope_lexical_inventory		INFERRED exact-path scope; source not read
369	specs/tickets/MF-027/results/graph-reports/specWorkflow-20260719-194428-2cebfb33/cleanup-failure-probe-test-graph/sdk/java/src/main/java/com/hayden/testgraphsdk/sdk/Procs.java:39	"lexical hit not semantically classified: * short local label (e.g. {@code ""publish""}); the on-disk name is"	out-of-scope	ticket_plan.yaml:648-658	none mapped	undeclared	out_of_scope_lexical_inventory		INFERRED exact-path scope; source not read
370	specs/tickets/MF-027/results/graph-reports/specWorkflow-20260719-194428-2cebfb33/cleanup-failure-probe-test-graph/sdk/java/src/main/java/com/hayden/testgraphsdk/sdk/Procs.java:41	lexical hit not semantically classified: * {@code hello.published.publish.log}).	out-of-scope	ticket_plan.yaml:648-658	none mapped	undeclared	out_of_scope_lexical_inventory		INFERRED exact-path scope; source not read
371	specs/tickets/MF-027/results/graph-reports/specWorkflow-20260719-194428-2cebfb33/cleanup-failure-probe-test-graph/sdk/python/src/testgraphsdk/context_item.py:13	lexical hit not semantically classified: A node's ``data`` is the map it published via ``NodeResult.publish(k, v)``.	out-of-scope	ticket_plan.yaml:648-658	none mapped	undeclared	out_of_scope_lexical_inventory		INFERRED exact-path scope; source not read
372	specs/tickets/MF-027/results/graph-reports/specWorkflow-20260719-194428-2cebfb33/cleanup-failure-probe-test-graph/sdk/python/src/testgraphsdk/procs.py:31	"lexical hit not semantically classified: ``""publish""``), the on-disk name is ``<nodeId>.<label>.log`` so a"	out-of-scope	ticket_plan.yaml:648-658	none mapped	undeclared	out_of_scope_lexical_inventory		INFERRED exact-path scope; source not read
373	specs/tickets/MF-027/results/graph-reports/specWorkflow-20260719-194428-2cebfb33/cleanup-failure-probe-test-graph/sdk/python/src/testgraphsdk/result.py:156	"lexical hit not semantically classified: def publish(self, key: str, value: str) -> ""NodeResult"":"	out-of-scope	ticket_plan.yaml:648-658	none mapped	undeclared	out_of_scope_lexical_inventory		INFERRED exact-path scope; source not read
374	specs/tickets/MF-027/results/graph-reports/specWorkflow-20260719-194428-2cebfb33/cleanup-failure-probe-test-graph/sources/spec_workflow_close_ticket.py:97	"lexical hit not semantically classified: .publish(""historyDir"", str(history_dir))"	out-of-scope	ticket_plan.yaml:648-658	none mapped	undeclared	out_of_scope_lexical_inventory		INFERRED exact-path scope; source not read
375	specs/tickets/MF-027/results/graph-reports/specWorkflow-20260719-194428-2cebfb33/cleanup-failure-probe-test-graph/sources/spec_workflow_create_repo.py:58	"lexical hit not semantically classified: .publish(""repoPath"", str(repo_dir))"	out-of-scope	ticket_plan.yaml:648-658	none mapped	undeclared	out_of_scope_lexical_inventory		INFERRED exact-path scope; source not read
376	specs/tickets/MF-027/results/graph-reports/specWorkflow-20260719-194428-2cebfb33/cleanup-failure-probe-test-graph/sources/spec_workflow_create_repo.py:59	"lexical hit not semantically classified: .publish(""sourceRepo"", str(source_repo))"	out-of-scope	ticket_plan.yaml:648-658	none mapped	undeclared	out_of_scope_lexical_inventory		INFERRED exact-path scope; source not read
377	specs/tickets/MF-027/results/graph-reports/specWorkflow-20260719-194428-2cebfb33/cleanup-failure-probe-test-graph/sources/spec_workflow_create_repo.py:60	"lexical hit not semantically classified: .publish(""ticketId"", ""FLOW-1"")"	out-of-scope	ticket_plan.yaml:648-658	none mapped	undeclared	out_of_scope_lexical_inventory		INFERRED exact-path scope; source not read
378	specs/tickets/MF-027/results/graph-reports/specWorkflow-20260719-194428-2cebfb33/cleanup-failure-probe-test-graph/sources/spec_workflow_create_repo.py:61	"lexical hit not semantically classified: .publish(""cliPath"", str(cli_path))"	out-of-scope	ticket_plan.yaml:648-658	none mapped	undeclared	out_of_scope_lexical_inventory		INFERRED exact-path scope; source not read
379	specs/tickets/MF-027/results/graph-reports/specWorkflow-20260719-194428-2cebfb33/cleanup-failure-probe-test-graph/sources/spec_workflow_start_ticket.py:120	"lexical hit not semantically classified: .publish(""ticketDir"", str(ticket_dir))"	out-of-scope	ticket_plan.yaml:648-658	none mapped	undeclared	out_of_scope_lexical_inventory		INFERRED exact-path scope; source not read
380	specs/tickets/MF-027/results/graph-reports/specWorkflow-20260719-194428-2cebfb33/cleanup-failure-probe-test-graph/sources/tla_spec_dev_cli_install.py:57	"lexical hit not semantically classified: .publish(""cliPath"", str(cli_path))"	out-of-scope	ticket_plan.yaml:648-658	none mapped	undeclared	out_of_scope_lexical_inventory		INFERRED exact-path scope; source not read
381	specs/tickets/MF-027/results/graph-reports/specWorkflow-20260719-194428-2cebfb33/cleanup-failure-probe-test-graph/sources/tla_spec_dev_cli_install.py:58	"lexical hit not semantically classified: .publish(""binDir"", str(bin_dir))"	out-of-scope	ticket_plan.yaml:648-658	none mapped	undeclared	out_of_scope_lexical_inventory		INFERRED exact-path scope; source not read
382	specs/tickets/MF-027/results/graph-reports/specWorkflow-20260719-195414-d28e3b52/cleanup-failure-probe-test-graph/sdk/java/build.gradle.kts:3	lexical hit not semantically classified: `maven-publish`	out-of-scope	ticket_plan.yaml:648-658	none mapped	undeclared	out_of_scope_lexical_inventory		INFERRED exact-path scope; source not read
383	specs/tickets/MF-027/results/graph-reports/specWorkflow-20260719-195414-d28e3b52/cleanup-failure-probe-test-graph/sdk/java/src/main/java/com/hayden/testgraphsdk/sdk/ContextItem.java:12	lexical hit not semantically classified: * {@link NodeResult#publish(String, String)}.	out-of-scope	ticket_plan.yaml:648-658	none mapped	undeclared	out_of_scope_lexical_inventory		INFERRED exact-path scope; source not read
384	specs/tickets/MF-027/results/graph-reports/specWorkflow-20260719-195414-d28e3b52/cleanup-failure-probe-test-graph/sdk/java/src/main/java/com/hayden/testgraphsdk/sdk/NodeResult.java:19	lexical hit not semantically classified: * Two surfaces, one object: report once, publish downstream.	out-of-scope	ticket_plan.yaml:648-658	none mapped	undeclared	out_of_scope_lexical_inventory		INFERRED exact-path scope; source not read
385	specs/tickets/MF-027/results/graph-reports/specWorkflow-20260719-195414-d28e3b52/cleanup-failure-probe-test-graph/sdk/java/src/main/java/com/hayden/testgraphsdk/sdk/NodeResult.java:95	lexical hit not semantically classified: public NodeResult publish(String key, String value) {	out-of-scope	ticket_plan.yaml:648-658	none mapped	undeclared	out_of_scope_lexical_inventory		INFERRED exact-path scope; source not read
386	specs/tickets/MF-027/results/graph-reports/specWorkflow-20260719-195414-d28e3b52/cleanup-failure-probe-test-graph/sdk/java/src/main/java/com/hayden/testgraphsdk/sdk/Procs.java:39	"lexical hit not semantically classified: * short local label (e.g. {@code ""publish""}); the on-disk name is"	out-of-scope	ticket_plan.yaml:648-658	none mapped	undeclared	out_of_scope_lexical_inventory		INFERRED exact-path scope; source not read
387	specs/tickets/MF-027/results/graph-reports/specWorkflow-20260719-195414-d28e3b52/cleanup-failure-probe-test-graph/sdk/java/src/main/java/com/hayden/testgraphsdk/sdk/Procs.java:41	lexical hit not semantically classified: * {@code hello.published.publish.log}).	out-of-scope	ticket_plan.yaml:648-658	none mapped	undeclared	out_of_scope_lexical_inventory		INFERRED exact-path scope; source not read
388	specs/tickets/MF-027/results/graph-reports/specWorkflow-20260719-195414-d28e3b52/cleanup-failure-probe-test-graph/sdk/python/src/testgraphsdk/context_item.py:13	lexical hit not semantically classified: A node's ``data`` is the map it published via ``NodeResult.publish(k, v)``.	out-of-scope	ticket_plan.yaml:648-658	none mapped	undeclared	out_of_scope_lexical_inventory		INFERRED exact-path scope; source not read
389	specs/tickets/MF-027/results/graph-reports/specWorkflow-20260719-195414-d28e3b52/cleanup-failure-probe-test-graph/sdk/python/src/testgraphsdk/procs.py:31	"lexical hit not semantically classified: ``""publish""``), the on-disk name is ``<nodeId>.<label>.log`` so a"	out-of-scope	ticket_plan.yaml:648-658	none mapped	undeclared	out_of_scope_lexical_inventory		INFERRED exact-path scope; source not read
390	specs/tickets/MF-027/results/graph-reports/specWorkflow-20260719-195414-d28e3b52/cleanup-failure-probe-test-graph/sdk/python/src/testgraphsdk/result.py:156	"lexical hit not semantically classified: def publish(self, key: str, value: str) -> ""NodeResult"":"	out-of-scope	ticket_plan.yaml:648-658	none mapped	undeclared	out_of_scope_lexical_inventory		INFERRED exact-path scope; source not read
391	specs/tickets/MF-027/results/graph-reports/specWorkflow-20260719-195414-d28e3b52/cleanup-failure-probe-test-graph/sources/spec_workflow_close_ticket.py:97	"lexical hit not semantically classified: .publish(""historyDir"", str(history_dir))"	out-of-scope	ticket_plan.yaml:648-658	none mapped	undeclared	out_of_scope_lexical_inventory		INFERRED exact-path scope; source not read
392	specs/tickets/MF-027/results/graph-reports/specWorkflow-20260719-195414-d28e3b52/cleanup-failure-probe-test-graph/sources/spec_workflow_create_repo.py:58	"lexical hit not semantically classified: .publish(""repoPath"", str(repo_dir))"	out-of-scope	ticket_plan.yaml:648-658	none mapped	undeclared	out_of_scope_lexical_inventory		INFERRED exact-path scope; source not read
393	specs/tickets/MF-027/results/graph-reports/specWorkflow-20260719-195414-d28e3b52/cleanup-failure-probe-test-graph/sources/spec_workflow_create_repo.py:59	"lexical hit not semantically classified: .publish(""sourceRepo"", str(source_repo))"	out-of-scope	ticket_plan.yaml:648-658	none mapped	undeclared	out_of_scope_lexical_inventory		INFERRED exact-path scope; source not read
394	specs/tickets/MF-027/results/graph-reports/specWorkflow-20260719-195414-d28e3b52/cleanup-failure-probe-test-graph/sources/spec_workflow_create_repo.py:60	"lexical hit not semantically classified: .publish(""ticketId"", ""FLOW-1"")"	out-of-scope	ticket_plan.yaml:648-658	none mapped	undeclared	out_of_scope_lexical_inventory		INFERRED exact-path scope; source not read
395	specs/tickets/MF-027/results/graph-reports/specWorkflow-20260719-195414-d28e3b52/cleanup-failure-probe-test-graph/sources/spec_workflow_create_repo.py:61	"lexical hit not semantically classified: .publish(""cliPath"", str(cli_path))"	out-of-scope	ticket_plan.yaml:648-658	none mapped	undeclared	out_of_scope_lexical_inventory		INFERRED exact-path scope; source not read
396	specs/tickets/MF-027/results/graph-reports/specWorkflow-20260719-195414-d28e3b52/cleanup-failure-probe-test-graph/sources/spec_workflow_start_ticket.py:120	"lexical hit not semantically classified: .publish(""ticketDir"", str(ticket_dir))"	out-of-scope	ticket_plan.yaml:648-658	none mapped	undeclared	out_of_scope_lexical_inventory		INFERRED exact-path scope; source not read
397	specs/tickets/MF-027/results/graph-reports/specWorkflow-20260719-195414-d28e3b52/cleanup-failure-probe-test-graph/sources/tla_spec_dev_cli_install.py:57	"lexical hit not semantically classified: .publish(""cliPath"", str(cli_path))"	out-of-scope	ticket_plan.yaml:648-658	none mapped	undeclared	out_of_scope_lexical_inventory		INFERRED exact-path scope; source not read
398	specs/tickets/MF-027/results/graph-reports/specWorkflow-20260719-195414-d28e3b52/cleanup-failure-probe-test-graph/sources/tla_spec_dev_cli_install.py:58	"lexical hit not semantically classified: .publish(""binDir"", str(bin_dir))"	out-of-scope	ticket_plan.yaml:648-658	none mapped	undeclared	out_of_scope_lexical_inventory		INFERRED exact-path scope; source not read
399	test_graph/sdk/java/build.gradle.kts:3	lexical hit not semantically classified: `maven-publish`	out-of-scope	ticket_plan.yaml:648-658	none mapped	undeclared	out_of_scope_lexical_inventory		INFERRED exact-path scope; source not read
400	test_graph/sdk/java/src/main/java/com/hayden/testgraphsdk/sdk/ContextItem.java:12	lexical hit not semantically classified: * {@link NodeResult#publish(String, String)}.	out-of-scope	ticket_plan.yaml:648-658	none mapped	undeclared	out_of_scope_lexical_inventory		INFERRED exact-path scope; source not read
401	test_graph/sdk/java/src/main/java/com/hayden/testgraphsdk/sdk/NodeResult.java:19	lexical hit not semantically classified: * Two surfaces, one object: report once, publish downstream.	out-of-scope	ticket_plan.yaml:648-658	none mapped	undeclared	out_of_scope_lexical_inventory		INFERRED exact-path scope; source not read
402	test_graph/sdk/java/src/main/java/com/hayden/testgraphsdk/sdk/NodeResult.java:95	lexical hit not semantically classified: public NodeResult publish(String key, String value) {	out-of-scope	ticket_plan.yaml:648-658	none mapped	undeclared	out_of_scope_lexical_inventory		INFERRED exact-path scope; source not read
403	test_graph/sdk/java/src/main/java/com/hayden/testgraphsdk/sdk/Procs.java:39	"lexical hit not semantically classified: * short local label (e.g. {@code ""publish""}); the on-disk name is"	out-of-scope	ticket_plan.yaml:648-658	none mapped	undeclared	out_of_scope_lexical_inventory		INFERRED exact-path scope; source not read
404	test_graph/sdk/java/src/main/java/com/hayden/testgraphsdk/sdk/Procs.java:41	lexical hit not semantically classified: * {@code hello.published.publish.log}).	out-of-scope	ticket_plan.yaml:648-658	none mapped	undeclared	out_of_scope_lexical_inventory		INFERRED exact-path scope; source not read
405	test_graph/sdk/python/src/testgraphsdk/context_item.py:13	lexical hit not semantically classified: A node's ``data`` is the map it published via ``NodeResult.publish(k, v)``.	out-of-scope	ticket_plan.yaml:648-658	none mapped	undeclared	out_of_scope_lexical_inventory		INFERRED exact-path scope; source not read
406	test_graph/sdk/python/src/testgraphsdk/procs.py:31	"lexical hit not semantically classified: ``""publish""``), the on-disk name is ``<nodeId>.<label>.log`` so a"	out-of-scope	ticket_plan.yaml:648-658	none mapped	undeclared	out_of_scope_lexical_inventory		INFERRED exact-path scope; source not read
407	test_graph/sdk/python/src/testgraphsdk/result.py:156	"lexical hit not semantically classified: def publish(self, key: str, value: str) -> ""NodeResult"":"	out-of-scope	ticket_plan.yaml:648-658	none mapped	undeclared	out_of_scope_lexical_inventory		INFERRED exact-path scope; source not read
408	test_graph/sources/spec_workflow_close_ticket.py:138	"lexical hit not semantically classified: .publish(""historyDir"", str(history_dir))"	out-of-scope	ticket_plan.yaml:648-658	none mapped	undeclared	out_of_scope_lexical_inventory		INFERRED exact-path scope; source not read
409	test_graph/sources/spec_workflow_create_repo.py:58	"lexical hit not semantically classified: .publish(""repoPath"", str(repo_dir))"	out-of-scope	ticket_plan.yaml:648-658	none mapped	undeclared	out_of_scope_lexical_inventory		INFERRED exact-path scope; source not read
410	test_graph/sources/spec_workflow_create_repo.py:59	"lexical hit not semantically classified: .publish(""sourceRepo"", str(source_repo))"	out-of-scope	ticket_plan.yaml:648-658	none mapped	undeclared	out_of_scope_lexical_inventory		INFERRED exact-path scope; source not read
411	test_graph/sources/spec_workflow_create_repo.py:60	"lexical hit not semantically classified: .publish(""ticketId"", ""FLOW-1"")"	out-of-scope	ticket_plan.yaml:648-658	none mapped	undeclared	out_of_scope_lexical_inventory		INFERRED exact-path scope; source not read
412	test_graph/sources/spec_workflow_create_repo.py:61	"lexical hit not semantically classified: .publish(""cliPath"", str(cli_path))"	out-of-scope	ticket_plan.yaml:648-658	none mapped	undeclared	out_of_scope_lexical_inventory		INFERRED exact-path scope; source not read
413	test_graph/sources/spec_workflow_start_ticket.py:120	"lexical hit not semantically classified: .publish(""ticketDir"", str(ticket_dir))"	out-of-scope	ticket_plan.yaml:648-658	none mapped	undeclared	out_of_scope_lexical_inventory		INFERRED exact-path scope; source not read
414	test_graph/sources/tla_spec_dev_cli_install.py:57	"lexical hit not semantically classified: .publish(""cliPath"", str(cli_path))"	out-of-scope	ticket_plan.yaml:648-658	none mapped	undeclared	out_of_scope_lexical_inventory		INFERRED exact-path scope; source not read
415	test_graph/sources/tla_spec_dev_cli_install.py:58	"lexical hit not semantically classified: .publish(""binDir"", str(bin_dir))"	out-of-scope	ticket_plan.yaml:648-658	none mapped	undeclared	out_of_scope_lexical_inventory		INFERRED exact-path scope; source not read
416	tests/test_effect_conformance.py:149	"lexical hit not semantically classified: sandbox.transport(""orders"").send(""https://example.invalid/orders"", {""id"": 1})"	out-of-scope	ticket_plan.yaml:648-658	none mapped	undeclared	out_of_scope_lexical_inventory		INFERRED exact-path scope; source not read
