#	Site	Effect performed	In/Out	Plan line	Declared port	Verdict	Classification	Disposition gap ID	Review basis
1	examples/distributed_history/ecommerce_backend/service.py:5	lexical hit not semantically classified: import time	out-of-scope	ticket_plan.yaml:648-658	none mapped	undeclared	out_of_scope_lexical_inventory		INFERRED exact-path scope; source not read
2	examples/distributed_history/ecommerce_backend/service.py:58	lexical hit not semantically classified: deadline = time.time() + 10	out-of-scope	ticket_plan.yaml:648-658	none mapped	undeclared	out_of_scope_lexical_inventory		INFERRED exact-path scope; source not read
3	examples/distributed_history/ecommerce_backend/service.py:66	lexical hit not semantically classified: if time.time() >= deadline:	out-of-scope	ticket_plan.yaml:648-658	none mapped	undeclared	out_of_scope_lexical_inventory		INFERRED exact-path scope; source not read
4	examples/distributed_history/ecommerce_backend/service.py:68	lexical hit not semantically classified: time.sleep(0.2)	out-of-scope	ticket_plan.yaml:648-658	none mapped	undeclared	out_of_scope_lexical_inventory		INFERRED exact-path scope; source not read
5	examples/distributed_history/scripts/k8s-deploy.sh:38	lexical hit not semantically classified: sleep 1	out-of-scope	ticket_plan.yaml:648-658	none mapped	undeclared	out_of_scope_lexical_inventory		INFERRED exact-path scope; source not read
6	examples/distributed_history/specs/program_model/adapters.py:5	lexical hit not semantically classified: import time	out-of-scope	ticket_plan.yaml:648-658	none mapped	undeclared	out_of_scope_lexical_inventory		INFERRED exact-path scope; source not read
7	examples/distributed_history/specs/program_model/adapters.py:95	lexical hit not semantically classified: deadline = time.time() + 20	out-of-scope	ticket_plan.yaml:648-658	none mapped	undeclared	out_of_scope_lexical_inventory		INFERRED exact-path scope; source not read
8	examples/distributed_history/specs/program_model/adapters.py:97	lexical hit not semantically classified: while time.time() < deadline:	out-of-scope	ticket_plan.yaml:648-658	none mapped	undeclared	out_of_scope_lexical_inventory		INFERRED exact-path scope; source not read
9	examples/distributed_history/specs/program_model/adapters.py:103	lexical hit not semantically classified: time.sleep(0.2)	out-of-scope	ticket_plan.yaml:648-658	none mapped	undeclared	out_of_scope_lexical_inventory		INFERRED exact-path scope; source not read
10	examples/distributed_history/specs/program_model/tests/test_ecommerce_adapters.py:8	lexical hit not semantically classified: import time	out-of-scope	ticket_plan.yaml:648-658	none mapped	undeclared	out_of_scope_lexical_inventory		INFERRED exact-path scope; source not read
11	examples/distributed_history/specs/program_model/tests/test_ecommerce_adapters.py:87	lexical hit not semantically classified: deadline = time.time() + 10	out-of-scope	ticket_plan.yaml:648-658	none mapped	undeclared	out_of_scope_lexical_inventory		INFERRED exact-path scope; source not read
12	examples/distributed_history/specs/program_model/tests/test_ecommerce_adapters.py:88	lexical hit not semantically classified: while time.time() < deadline:	out-of-scope	ticket_plan.yaml:648-658	none mapped	undeclared	out_of_scope_lexical_inventory		INFERRED exact-path scope; source not read
13	examples/distributed_history/specs/program_model/tests/test_ecommerce_adapters.py:94	lexical hit not semantically classified: time.sleep(0.1)	out-of-scope	ticket_plan.yaml:648-658	none mapped	undeclared	out_of_scope_lexical_inventory		INFERRED exact-path scope; source not read
14	examples/distributed_history/test_graph/build-logic/src/main/kotlin/com/hayden/testgraphsdk/MiniJson.kt:6	lexical hit not semantically classified: * Keeps the plugin dependency-free now that we no longer need snakeyaml.	out-of-scope	ticket_plan.yaml:648-658	none mapped	undeclared	out_of_scope_lexical_inventory		INFERRED exact-path scope; source not read
15	examples/distributed_history/test_graph/build-logic/src/main/kotlin/com/hayden/testgraphsdk/TestGraphSpec.kt:8	lexical hit not semantically classified: * Every setter returns `this`; at plan-build time the overlay is merged	out-of-scope	ticket_plan.yaml:648-658	none mapped	undeclared	out_of_scope_lexical_inventory		INFERRED exact-path scope; source not read
16	examples/distributed_history/test_graph/build-logic/src/main/kotlin/com/hayden/testgraphsdk/TestGraphSpec.kt:55	lexical hit not semantically classified: * at execution time.	out-of-scope	ticket_plan.yaml:648-658	none mapped	undeclared	out_of_scope_lexical_inventory		INFERRED exact-path scope; source not read
17	examples/distributed_history/test_graph/build-logic/src/main/kotlin/com/hayden/testgraphsdk/ValidationGraphPlugin.kt:74	lexical hit not semantically classified: // serialized in declaration order. Configure-time `dependsOn` is	out-of-scope	ticket_plan.yaml:648-658	none mapped	undeclared	out_of_scope_lexical_inventory		INFERRED exact-path scope; source not read
18	examples/distributed_history/test_graph/build-logic/src/main/kotlin/com/hayden/testgraphsdk/exec/Executors.kt:89	lexical hit not semantically classified: * Wait for [process] up to [timeoutMillis]; if it doesn't return in time,	out-of-scope	ticket_plan.yaml:648-658	none mapped	undeclared	out_of_scope_lexical_inventory		INFERRED exact-path scope; source not read
19	examples/distributed_history/test_graph/build-logic/src/main/kotlin/com/hayden/testgraphsdk/exec/Executors.kt:96	lexical hit not semantically classified: * `waitFor()`; the spec parser doesn't emit those today, but the helper	out-of-scope	ticket_plan.yaml:648-658	none mapped	undeclared	out_of_scope_lexical_inventory		INFERRED exact-path scope; source not read
20	examples/distributed_history/test_graph/build-logic/src/main/kotlin/com/hayden/testgraphsdk/exec/JBangExecutor.kt:12	lexical hit not semantically classified: * crash, OOM at fork time, etc.). PlanExecutor stamps the path onto	out-of-scope	ticket_plan.yaml:648-658	none mapped	undeclared	out_of_scope_lexical_inventory		INFERRED exact-path scope; source not read
21	examples/distributed_history/test_graph/build-logic/src/main/kotlin/com/hayden/testgraphsdk/exec/PlanExecutor.kt:8	lexical hit not semantically classified: import java.time.Instant	out-of-scope	ticket_plan.yaml:648-658	none mapped	undeclared	out_of_scope_lexical_inventory		INFERRED exact-path scope; source not read
22	examples/distributed_history/test_graph/build-logic/src/main/kotlin/com/hayden/testgraphsdk/exec/PlanExecutor.kt:138	lexical hit not semantically classified: var startedAt = Instant.now()	out-of-scope	ticket_plan.yaml:648-658	none mapped	undeclared	out_of_scope_lexical_inventory		INFERRED exact-path scope; source not read
23	examples/distributed_history/test_graph/build-logic/src/main/kotlin/com/hayden/testgraphsdk/exec/PlanExecutor.kt:164	lexical hit not semantically classified: startedAt = Instant.now()	out-of-scope	ticket_plan.yaml:648-658	none mapped	undeclared	out_of_scope_lexical_inventory		INFERRED exact-path scope; source not read
24	examples/distributed_history/test_graph/build-logic/src/main/kotlin/com/hayden/testgraphsdk/exec/PlanExecutor.kt:166	lexical hit not semantically classified: endedAt = Instant.now()	out-of-scope	ticket_plan.yaml:648-658	none mapped	undeclared	out_of_scope_lexical_inventory		INFERRED exact-path scope; source not read
25	examples/distributed_history/test_graph/build-logic/src/main/kotlin/com/hayden/testgraphsdk/exec/PlanExecutor.kt:209	lexical hit not semantically classified: val now = Instant.now()	out-of-scope	ticket_plan.yaml:648-658	none mapped	undeclared	out_of_scope_lexical_inventory		INFERRED exact-path scope; source not read
26	examples/distributed_history/test_graph/build-logic/src/main/kotlin/com/hayden/testgraphsdk/exec/PlanExecutor.kt:222	lexical hit not semantically classified: startedAt = now,	out-of-scope	ticket_plan.yaml:648-658	none mapped	undeclared	out_of_scope_lexical_inventory		INFERRED exact-path scope; source not read
27	examples/distributed_history/test_graph/build-logic/src/main/kotlin/com/hayden/testgraphsdk/exec/PlanExecutor.kt:223	lexical hit not semantically classified: endedAt = now,	out-of-scope	ticket_plan.yaml:648-658	none mapped	undeclared	out_of_scope_lexical_inventory		INFERRED exact-path scope; source not read
28	examples/distributed_history/test_graph/build-logic/src/main/kotlin/com/hayden/testgraphsdk/exec/TimeoutParser.kt:6	lexical hit not semantically classified: * Accepts the suffix forms NodeSpec specs in the wild use today —	out-of-scope	ticket_plan.yaml:648-658	none mapped	undeclared	out_of_scope_lexical_inventory		INFERRED exact-path scope; source not read
29	examples/distributed_history/test_graph/build-logic/src/main/kotlin/com/hayden/testgraphsdk/exec/TimeoutParser.kt:10	lexical hit not semantically classified: * configuration time.	out-of-scope	ticket_plan.yaml:648-658	none mapped	undeclared	out_of_scope_lexical_inventory		INFERRED exact-path scope; source not read
30	examples/distributed_history/test_graph/build-logic/src/main/kotlin/com/hayden/testgraphsdk/tasks/RunReportWriter.kt:25	lexical hit not semantically classified: * The renderer now lives here as a plain object so {@link	out-of-scope	ticket_plan.yaml:648-658	none mapped	undeclared	out_of_scope_lexical_inventory		INFERRED exact-path scope; source not read
31	examples/distributed_history/test_graph/build-logic/src/main/kotlin/com/hayden/testgraphsdk/tasks/RunReportWriter.kt:300	lexical hit not semantically classified: java.time.Instant.parse(endIso).toEpochMilli() -	out-of-scope	ticket_plan.yaml:648-658	none mapped	undeclared	out_of_scope_lexical_inventory		INFERRED exact-path scope; source not read
32	examples/distributed_history/test_graph/build-logic/src/main/kotlin/com/hayden/testgraphsdk/tasks/RunReportWriter.kt:301	lexical hit not semantically classified: java.time.Instant.parse(startIso).toEpochMilli()	out-of-scope	ticket_plan.yaml:648-658	none mapped	undeclared	out_of_scope_lexical_inventory		INFERRED exact-path scope; source not read
33	examples/distributed_history/test_graph/build-logic/src/main/kotlin/com/hayden/testgraphsdk/tasks/RunTestGraphTask.kt:14	lexical hit not semantically classified: import java.time.Instant	out-of-scope	ticket_plan.yaml:648-658	none mapped	undeclared	out_of_scope_lexical_inventory		INFERRED exact-path scope; source not read
34	examples/distributed_history/test_graph/build-logic/src/main/kotlin/com/hayden/testgraphsdk/tasks/RunTestGraphTask.kt:15	lexical hit not semantically classified: import java.time.ZoneOffset	out-of-scope	ticket_plan.yaml:648-658	none mapped	undeclared	out_of_scope_lexical_inventory		INFERRED exact-path scope; source not read
35	examples/distributed_history/test_graph/build-logic/src/main/kotlin/com/hayden/testgraphsdk/tasks/RunTestGraphTask.kt:16	lexical hit not semantically classified: import java.time.format.DateTimeFormatter	out-of-scope	ticket_plan.yaml:648-658	none mapped	undeclared	out_of_scope_lexical_inventory		INFERRED exact-path scope; source not read
36	examples/distributed_history/test_graph/build-logic/src/main/kotlin/com/hayden/testgraphsdk/tasks/RunTestGraphTask.kt:23	"lexical hit not semantically classified: return ""${safeGraphName}-${fmt.format(Instant.now())}-${UUID.randomUUID().toString().take(8)}"""	out-of-scope	ticket_plan.yaml:648-658	none mapped	undeclared	out_of_scope_lexical_inventory		INFERRED exact-path scope; source not read
37	examples/distributed_history/test_graph/build-logic/src/main/kotlin/com/hayden/testgraphsdk/tasks/RunTestGraphTask.kt:31	lexical hit not semantically classified: * Non-Property internal fields are set at configuration time by the	out-of-scope	ticket_plan.yaml:648-658	none mapped	undeclared	out_of_scope_lexical_inventory		INFERRED exact-path scope; source not read
38	examples/distributed_history/test_graph/sdk/java/src/main/java/com/hayden/testgraphsdk/sdk/Node.java:5	lexical hit not semantically classified: import java.time.Instant;	out-of-scope	ticket_plan.yaml:648-658	none mapped	undeclared	out_of_scope_lexical_inventory		INFERRED exact-path scope; source not read
39	examples/distributed_history/test_graph/sdk/java/src/main/java/com/hayden/testgraphsdk/sdk/Node.java:50	lexical hit not semantically classified: Instant startedAt = Instant.now();	out-of-scope	ticket_plan.yaml:648-658	none mapped	undeclared	out_of_scope_lexical_inventory		INFERRED exact-path scope; source not read
40	examples/distributed_history/test_graph/sdk/java/src/main/java/com/hayden/testgraphsdk/sdk/Node.java:53	lexical hit not semantically classified: result = body.apply(ctx).startedAt(startedAt).endedAt(Instant.now());	out-of-scope	ticket_plan.yaml:648-658	none mapped	undeclared	out_of_scope_lexical_inventory		INFERRED exact-path scope; source not read
41	examples/distributed_history/test_graph/sdk/java/src/main/java/com/hayden/testgraphsdk/sdk/Node.java:57	lexical hit not semantically classified: .endedAt(Instant.now());	out-of-scope	ticket_plan.yaml:648-658	none mapped	undeclared	out_of_scope_lexical_inventory		INFERRED exact-path scope; source not read
42	examples/distributed_history/test_graph/sdk/java/src/main/java/com/hayden/testgraphsdk/sdk/NodeResult.java:5	lexical hit not semantically classified: import java.time.Instant;	out-of-scope	ticket_plan.yaml:648-658	none mapped	undeclared	out_of_scope_lexical_inventory		INFERRED exact-path scope; source not read
43	examples/distributed_history/test_graph/sdk/java/src/main/java/com/hayden/testgraphsdk/sdk/ProcessRecord.java:3	lexical hit not semantically classified: import java.time.Instant;	out-of-scope	ticket_plan.yaml:648-658	none mapped	undeclared	out_of_scope_lexical_inventory		INFERRED exact-path scope; source not read
44	examples/distributed_history/test_graph/sdk/java/src/main/java/com/hayden/testgraphsdk/sdk/ProcessRecord.java:69	lexical hit not semantically classified: /** Wall-clock duration in milliseconds, or -1 if either timestamp is missing. */	out-of-scope	ticket_plan.yaml:648-658	none mapped	undeclared	out_of_scope_lexical_inventory		INFERRED exact-path scope; source not read
45	examples/distributed_history/test_graph/sdk/java/src/main/java/com/hayden/testgraphsdk/sdk/Procs.java:6	lexical hit not semantically classified: import java.time.Instant;	out-of-scope	ticket_plan.yaml:648-658	none mapped	undeclared	out_of_scope_lexical_inventory		INFERRED exact-path scope; source not read
46	examples/distributed_history/test_graph/sdk/java/src/main/java/com/hayden/testgraphsdk/sdk/Procs.java:14	lexical hit not semantically classified: * dir), and any spawn-time error. Attach it to the result with	out-of-scope	ticket_plan.yaml:648-658	none mapped	undeclared	out_of_scope_lexical_inventory		INFERRED exact-path scope; source not read
47	examples/distributed_history/test_graph/sdk/java/src/main/java/com/hayden/testgraphsdk/sdk/Procs.java:72	lexical hit not semantically classified: Instant startedAt = Instant.now();	out-of-scope	ticket_plan.yaml:648-658	none mapped	undeclared	out_of_scope_lexical_inventory		INFERRED exact-path scope; source not read
48	examples/distributed_history/test_graph/sdk/java/src/main/java/com/hayden/testgraphsdk/sdk/Procs.java:78	lexical hit not semantically classified: return new ProcessRecord(label, command, startedAt, Instant.now(),	out-of-scope	ticket_plan.yaml:648-658	none mapped	undeclared	out_of_scope_lexical_inventory		INFERRED exact-path scope; source not read
49	examples/distributed_history/test_graph/sdk/java/src/main/java/com/hayden/testgraphsdk/sdk/Procs.java:88	lexical hit not semantically classified: return new ProcessRecord(label, command, startedAt, Instant.now(),	out-of-scope	ticket_plan.yaml:648-658	none mapped	undeclared	out_of_scope_lexical_inventory		INFERRED exact-path scope; source not read
50	examples/distributed_history/test_graph/sdk/java/src/main/java/com/hayden/testgraphsdk/sdk/Procs.java:92	lexical hit not semantically classified: label, command, startedAt, Instant.now(),	out-of-scope	ticket_plan.yaml:648-658	none mapped	undeclared	out_of_scope_lexical_inventory		INFERRED exact-path scope; source not read
51	examples/distributed_history/test_graph/sdk/python/src/testgraphsdk/procs.py:19	lexical hit not semantically classified: from datetime import datetime, timezone	out-of-scope	ticket_plan.yaml:648-658	none mapped	undeclared	out_of_scope_lexical_inventory		INFERRED exact-path scope; source not read
52	examples/distributed_history/test_graph/sdk/python/src/testgraphsdk/procs.py:65	lexical hit not semantically classified: started = datetime.now(timezone.utc)	out-of-scope	ticket_plan.yaml:648-658	none mapped	undeclared	out_of_scope_lexical_inventory		INFERRED exact-path scope; source not read
53	examples/distributed_history/test_graph/sdk/python/src/testgraphsdk/procs.py:86	lexical hit not semantically classified: ended_at=datetime.now(timezone.utc),	out-of-scope	ticket_plan.yaml:648-658	none mapped	undeclared	out_of_scope_lexical_inventory		INFERRED exact-path scope; source not read
54	examples/distributed_history/test_graph/sdk/python/src/testgraphsdk/procs.py:97	lexical hit not semantically classified: ended_at=datetime.now(timezone.utc),	out-of-scope	ticket_plan.yaml:648-658	none mapped	undeclared	out_of_scope_lexical_inventory		INFERRED exact-path scope; source not read
55	examples/distributed_history/test_graph/sdk/python/src/testgraphsdk/procs.py:108	lexical hit not semantically classified: ended_at=datetime.now(timezone.utc),	out-of-scope	ticket_plan.yaml:648-658	none mapped	undeclared	out_of_scope_lexical_inventory		INFERRED exact-path scope; source not read
56	examples/distributed_history/test_graph/sdk/python/src/testgraphsdk/result.py:5	lexical hit not semantically classified: from datetime import datetime, timezone	out-of-scope	ticket_plan.yaml:648-658	none mapped	undeclared	out_of_scope_lexical_inventory		INFERRED exact-path scope; source not read
57	examples/distributed_history/test_graph/sdk/python/src/testgraphsdk/result.py:52	lexical hit not semantically classified: started_at: datetime | None = None	out-of-scope	ticket_plan.yaml:648-658	none mapped	undeclared	out_of_scope_lexical_inventory		INFERRED exact-path scope; source not read
58	examples/distributed_history/test_graph/sdk/python/src/testgraphsdk/result.py:53	lexical hit not semantically classified: ended_at: datetime | None = None	out-of-scope	ticket_plan.yaml:648-658	none mapped	undeclared	out_of_scope_lexical_inventory		INFERRED exact-path scope; source not read
59	examples/distributed_history/test_graph/sdk/python/src/testgraphsdk/result.py:65	lexical hit not semantically classified: def iso(d: datetime | None) -> str | None:	out-of-scope	ticket_plan.yaml:648-658	none mapped	undeclared	out_of_scope_lexical_inventory		INFERRED exact-path scope; source not read
60	examples/distributed_history/test_graph/sdk/python/src/testgraphsdk/result.py:98	lexical hit not semantically classified: started_at: datetime | None = None	out-of-scope	ticket_plan.yaml:648-658	none mapped	undeclared	out_of_scope_lexical_inventory		INFERRED exact-path scope; source not read
61	examples/distributed_history/test_graph/sdk/python/src/testgraphsdk/result.py:99	lexical hit not semantically classified: ended_at: datetime | None = None	out-of-scope	ticket_plan.yaml:648-658	none mapped	undeclared	out_of_scope_lexical_inventory		INFERRED exact-path scope; source not read
62	examples/distributed_history/test_graph/sdk/python/src/testgraphsdk/result.py:164	"lexical hit not semantically classified: def _stamp(self, started: datetime, ended: datetime) -> ""NodeResult"":"	out-of-scope	ticket_plan.yaml:648-658	none mapped	undeclared	out_of_scope_lexical_inventory		INFERRED exact-path scope; source not read
63	examples/distributed_history/test_graph/sdk/python/src/testgraphsdk/result.py:173	lexical hit not semantically classified: def iso(d: datetime | None) -> str | None:	out-of-scope	ticket_plan.yaml:648-658	none mapped	undeclared	out_of_scope_lexical_inventory		INFERRED exact-path scope; source not read
64	examples/distributed_history/test_graph/sdk/python/src/testgraphsdk/runner.py:22	lexical hit not semantically classified: from datetime import datetime, timezone	out-of-scope	ticket_plan.yaml:648-658	none mapped	undeclared	out_of_scope_lexical_inventory		INFERRED exact-path scope; source not read
65	examples/distributed_history/test_graph/sdk/python/src/testgraphsdk/runner.py:47	lexical hit not semantically classified: started = datetime.now(timezone.utc)	out-of-scope	ticket_plan.yaml:648-658	none mapped	undeclared	out_of_scope_lexical_inventory		INFERRED exact-path scope; source not read
66	examples/distributed_history/test_graph/sdk/python/src/testgraphsdk/runner.py:52	lexical hit not semantically classified: ended = datetime.now(timezone.utc)	out-of-scope	ticket_plan.yaml:648-658	none mapped	undeclared	out_of_scope_lexical_inventory		INFERRED exact-path scope; source not read
67	examples/distributed_history/test_graph/sources/cleanup_ecommerce.py:14	lexical hit not semantically classified: import time	out-of-scope	ticket_plan.yaml:648-658	none mapped	undeclared	out_of_scope_lexical_inventory		INFERRED exact-path scope; source not read
68	examples/distributed_history/test_graph/sources/cleanup_ecommerce.py:69	lexical hit not semantically classified: deadline = time.time() + 45	out-of-scope	ticket_plan.yaml:648-658	none mapped	undeclared	out_of_scope_lexical_inventory		INFERRED exact-path scope; source not read
69	examples/distributed_history/test_graph/sources/cleanup_ecommerce.py:71	lexical hit not semantically classified: while time.time() < deadline:	out-of-scope	ticket_plan.yaml:648-658	none mapped	undeclared	out_of_scope_lexical_inventory		INFERRED exact-path scope; source not read
70	examples/distributed_history/test_graph/sources/cleanup_ecommerce.py:75	lexical hit not semantically classified: time.sleep(1)	out-of-scope	ticket_plan.yaml:648-658	none mapped	undeclared	out_of_scope_lexical_inventory		INFERRED exact-path scope; source not read
71	examples/distributed_history/test_graph/sources/deploy_ecommerce.py:16	lexical hit not semantically classified: import time	out-of-scope	ticket_plan.yaml:648-658	none mapped	undeclared	out_of_scope_lexical_inventory		INFERRED exact-path scope; source not read
72	examples/distributed_history/test_graph/sources/deploy_ecommerce.py:159	lexical hit not semantically classified: deadline = time.time() + 30	out-of-scope	ticket_plan.yaml:648-658	none mapped	undeclared	out_of_scope_lexical_inventory		INFERRED exact-path scope; source not read
73	examples/distributed_history/test_graph/sources/deploy_ecommerce.py:160	lexical hit not semantically classified: while time.time() < deadline:	out-of-scope	ticket_plan.yaml:648-658	none mapped	undeclared	out_of_scope_lexical_inventory		INFERRED exact-path scope; source not read
74	examples/distributed_history/test_graph/sources/deploy_ecommerce.py:166	lexical hit not semantically classified: time.sleep(0.2)	out-of-scope	ticket_plan.yaml:648-658	none mapped	undeclared	out_of_scope_lexical_inventory		INFERRED exact-path scope; source not read
75	examples/distributed_history/test_graph/sources/deploy_ecommerce.py:171	lexical hit not semantically classified: deadline = time.time() + 30	out-of-scope	ticket_plan.yaml:648-658	none mapped	undeclared	out_of_scope_lexical_inventory		INFERRED exact-path scope; source not read
76	examples/distributed_history/test_graph/sources/deploy_ecommerce.py:172	lexical hit not semantically classified: while time.time() < deadline:	out-of-scope	ticket_plan.yaml:648-658	none mapped	undeclared	out_of_scope_lexical_inventory		INFERRED exact-path scope; source not read
77	examples/distributed_history/test_graph/sources/deploy_ecommerce.py:178	lexical hit not semantically classified: time.sleep(0.5)	out-of-scope	ticket_plan.yaml:648-658	none mapped	undeclared	out_of_scope_lexical_inventory		INFERRED exact-path scope; source not read
78	examples/effect_providers/atomic_publisher/providers.py:8	lexical hit not semantically classified: import time	out-of-scope	ticket_plan.yaml:648-658	none mapped	undeclared	out_of_scope_lexical_inventory		INFERRED exact-path scope; source not read
79	examples/effect_providers/atomic_publisher/providers.py:39	lexical hit not semantically classified: self.started = time.perf_counter()	out-of-scope	ticket_plan.yaml:648-658	none mapped	undeclared	out_of_scope_lexical_inventory		INFERRED exact-path scope; source not read
80	examples/effect_providers/atomic_publisher/providers.py:201	"lexical hit not semantically classified: ""duration_ms"": round((time.perf_counter() - self.started) * 1000.0, 6),"	out-of-scope	ticket_plan.yaml:648-658	none mapped	undeclared	out_of_scope_lexical_inventory		INFERRED exact-path scope; source not read
81	examples/effect_providers/atomic_publisher/regenerate.py:14	lexical hit not semantically classified: import time	out-of-scope	ticket_plan.yaml:648-658	none mapped	undeclared	out_of_scope_lexical_inventory		INFERRED exact-path scope; source not read
82	examples/effect_providers/atomic_publisher/regenerate.py:139	lexical hit not semantically classified: started = time.perf_counter()	out-of-scope	ticket_plan.yaml:648-658	none mapped	undeclared	out_of_scope_lexical_inventory		INFERRED exact-path scope; source not read
83	examples/effect_providers/atomic_publisher/regenerate.py:149	"lexical hit not semantically classified: setattr(completed, ""measured_wall_seconds"", time.perf_counter() - started)"	out-of-scope	ticket_plan.yaml:648-658	none mapped	undeclared	out_of_scope_lexical_inventory		INFERRED exact-path scope; source not read
84	examples/effect_providers/atomic_publisher/run_experiment.py:14	lexical hit not semantically classified: import time	out-of-scope	ticket_plan.yaml:648-658	none mapped	undeclared	out_of_scope_lexical_inventory		INFERRED exact-path scope; source not read
85	examples/effect_providers/atomic_publisher/run_experiment.py:239	lexical hit not semantically classified: started = time.perf_counter()	out-of-scope	ticket_plan.yaml:648-658	none mapped	undeclared	out_of_scope_lexical_inventory		INFERRED exact-path scope; source not read
86	examples/effect_providers/atomic_publisher/run_experiment.py:249	lexical hit not semantically classified: wall_ms = round((time.perf_counter() - started) * 1000.0, 6)	out-of-scope	ticket_plan.yaml:648-658	none mapped	undeclared	out_of_scope_lexical_inventory		INFERRED exact-path scope; source not read
87	examples/effect_providers/atomic_publisher/run_experiment.py:496	"lexical hit not semantically classified: ""authoring_wall_minutes"": round((time.time() - authoring_started) / 60.0, 3),"	out-of-scope	ticket_plan.yaml:648-658	none mapped	undeclared	out_of_scope_lexical_inventory		INFERRED exact-path scope; source not read
88	examples/effect_providers/legacy_payment_http/payment_effects/provider.py:13	lexical hit not semantically classified: from time import perf_counter	out-of-scope	ticket_plan.yaml:648-658	none mapped	undeclared	out_of_scope_lexical_inventory		INFERRED exact-path scope; source not read
89	examples/effect_providers/legacy_payment_http/payment_effects/provider.py:96	lexical hit not semantically classified: self._started = perf_counter()	out-of-scope	ticket_plan.yaml:648-658	none mapped	undeclared	out_of_scope_lexical_inventory		INFERRED exact-path scope; source not read
90	examples/effect_providers/legacy_payment_http/payment_effects/provider.py:141	lexical hit not semantically classified: elapsed_ms = (perf_counter() - self._started) * 1000.0	out-of-scope	ticket_plan.yaml:648-658	none mapped	undeclared	out_of_scope_lexical_inventory		INFERRED exact-path scope; source not read
91	examples/effect_providers/legacy_payment_http/scripts/regenerate.py:15	lexical hit not semantically classified: from time import perf_counter	out-of-scope	ticket_plan.yaml:648-658	none mapped	undeclared	out_of_scope_lexical_inventory		INFERRED exact-path scope; source not read
92	examples/effect_providers/legacy_payment_http/scripts/regenerate.py:91	lexical hit not semantically classified: started = perf_counter()	out-of-scope	ticket_plan.yaml:648-658	none mapped	undeclared	out_of_scope_lexical_inventory		INFERRED exact-path scope; source not read
93	examples/effect_providers/legacy_payment_http/scripts/regenerate.py:93	lexical hit not semantically classified: wall_seconds = perf_counter() - started	out-of-scope	ticket_plan.yaml:648-658	none mapped	undeclared	out_of_scope_lexical_inventory		INFERRED exact-path scope; source not read
94	examples/effect_providers/legacy_payment_http/scripts/run_experiment.py:17	lexical hit not semantically classified: from time import perf_counter	out-of-scope	ticket_plan.yaml:648-658	none mapped	undeclared	out_of_scope_lexical_inventory		INFERRED exact-path scope; source not read
95	examples/effect_providers/legacy_payment_http/scripts/run_experiment.py:173	lexical hit not semantically classified: started = perf_counter()	out-of-scope	ticket_plan.yaml:648-658	none mapped	undeclared	out_of_scope_lexical_inventory		INFERRED exact-path scope; source not read
96	examples/effect_providers/legacy_payment_http/scripts/run_experiment.py:270	"lexical hit not semantically classified: ""wall_seconds"": perf_counter() - started,"	out-of-scope	ticket_plan.yaml:648-658	none mapped	undeclared	out_of_scope_lexical_inventory		INFERRED exact-path scope; source not read
97	examples/effect_providers/legacy_payment_http/scripts/write_cost_evidence.py:7	lexical hit not semantically classified: from datetime import datetime, timezone	out-of-scope	ticket_plan.yaml:648-658	none mapped	undeclared	out_of_scope_lexical_inventory		INFERRED exact-path scope; source not read
98	examples/effect_providers/legacy_payment_http/scripts/write_cost_evidence.py:14	"lexical hit not semantically classified: AUTHORING_STARTED = datetime.fromisoformat(""2026-07-22T00:46:34+00:00"")"	out-of-scope	ticket_plan.yaml:648-658	none mapped	undeclared	out_of_scope_lexical_inventory		INFERRED exact-path scope; source not read
99	examples/effect_providers/legacy_payment_http/scripts/write_cost_evidence.py:58	lexical hit not semantically classified: finished = datetime.now(timezone.utc)	out-of-scope	ticket_plan.yaml:648-658	none mapped	undeclared	out_of_scope_lexical_inventory		INFERRED exact-path scope; source not read
100	examples/effect_providers/reminder_worker/adapter.py:8	lexical hit not semantically classified: import time	out-of-scope	ticket_plan.yaml:648-658	none mapped	undeclared	out_of_scope_lexical_inventory		INFERRED exact-path scope; source not read
101	examples/effect_providers/reminder_worker/adapter.py:17	lexical hit not semantically classified: self.started_at = time.perf_counter()	out-of-scope	ticket_plan.yaml:648-658	none mapped	undeclared	out_of_scope_lexical_inventory		INFERRED exact-path scope; source not read
102	examples/effect_providers/reminder_worker/adapter.py:50	lexical hit not semantically classified: (time.perf_counter() - self.started_at) * 1000,	out-of-scope	ticket_plan.yaml:648-658	none mapped	undeclared	out_of_scope_lexical_inventory		INFERRED exact-path scope; source not read
103	examples/effect_providers/reminder_worker/app.py:59	clock read/implementation/journal event	in-scope	ticket_plan.yaml:566-573,621-633	ClockPort	declared	semantic_effect		READ
104	examples/effect_providers/reminder_worker/app.py:61	mutant-only effect	out-of-scope behavior	ticket_plan.yaml:634-647	none	undeclared	excluded_mutant_behavior		READ
106	examples/effect_providers/reminder_worker/generated/reminder_contract/contract_tests.py:31	lexical hit not semantically classified: return 'now'	out-of-scope	ticket_plan.yaml:648-658	none mapped	undeclared	out_of_scope_lexical_inventory		INFERRED exact-path scope; source not read
107	examples/effect_providers/reminder_worker/generated/reminder_contract/fake.py:20	lexical hit not semantically classified: def now(self, command: ReadClock) -> int:	out-of-scope	ticket_plan.yaml:648-658	none mapped	undeclared	out_of_scope_lexical_inventory		INFERRED exact-path scope; source not read
108	examples/effect_providers/reminder_worker/generated/reminder_contract/fake.py:22	"lexical hit not semantically classified: ""No v0 fake template configured for now"""	out-of-scope	ticket_plan.yaml:648-658	none mapped	undeclared	out_of_scope_lexical_inventory		INFERRED exact-path scope; source not read
109	examples/effect_providers/reminder_worker/generated/reminder_contract/ports.py:17	lexical hit not semantically classified: def now(self, command: ReadClock) -> int:	out-of-scope	ticket_plan.yaml:648-658	none mapped	undeclared	out_of_scope_lexical_inventory		INFERRED exact-path scope; source not read
110	examples/effect_providers/reminder_worker/generated/reminder_contract/validators.py:47	"lexical hit not semantically classified: raise NotImplementedError(""No transition template configured for now"")"	out-of-scope	ticket_plan.yaml:648-658	none mapped	undeclared	out_of_scope_lexical_inventory		INFERRED exact-path scope; source not read
111	examples/effect_providers/reminder_worker/generated/reminder_contract/validators.py:105	lexical hit not semantically classified: 'ReadClock': 'now',	out-of-scope	ticket_plan.yaml:648-658	none mapped	undeclared	out_of_scope_lexical_inventory		INFERRED exact-path scope; source not read
112	examples/effect_providers/reminder_worker/providers.py:47	lexical hit not semantically classified: now: int	out-of-scope	ticket_plan.yaml:648-658	none mapped	undeclared	out_of_scope_lexical_inventory		INFERRED exact-path scope; source not read
113	examples/effect_providers/reminder_worker/providers.py:66	lexical hit not semantically classified: now = 1_700_000_000 + rng.randrange(10_000)	out-of-scope	ticket_plan.yaml:648-658	none mapped	undeclared	out_of_scope_lexical_inventory		INFERRED exact-path scope; source not read
114	examples/effect_providers/reminder_worker/providers.py:68	lexical hit not semantically classified: due_at = now + due_offset	out-of-scope	ticket_plan.yaml:648-658	none mapped	undeclared	out_of_scope_lexical_inventory		INFERRED exact-path scope; source not read
115	examples/effect_providers/reminder_worker/providers.py:73	lexical hit not semantically classified: now=now,	out-of-scope	ticket_plan.yaml:648-658	none mapped	undeclared	out_of_scope_lexical_inventory		INFERRED exact-path scope; source not read
116	examples/effect_providers/reminder_worker/providers.py:222	lexical hit not semantically classified: def now(self, _command: Any) -> int:	out-of-scope	ticket_plan.yaml:648-658	none mapped	undeclared	out_of_scope_lexical_inventory		INFERRED exact-path scope; source not read
117	examples/effect_providers/reminder_worker/providers.py:224	"lexical hit not semantically classified: self.state.event(""clock.now"")"	out-of-scope	ticket_plan.yaml:648-658	none mapped	undeclared	out_of_scope_lexical_inventory		INFERRED exact-path scope; source not read
118	examples/effect_providers/reminder_worker/providers.py:227	lexical hit not semantically classified: return self.state.bundle.now	out-of-scope	ticket_plan.yaml:648-658	none mapped	undeclared	out_of_scope_lexical_inventory		INFERRED exact-path scope; source not read
119	examples/effect_providers/reminder_worker/regenerate.py:29	"lexical hit not semantically classified: started = __import__(""time"").perf_counter()"	out-of-scope	ticket_plan.yaml:648-658	none mapped	undeclared	out_of_scope_lexical_inventory		INFERRED exact-path scope; source not read
120	examples/effect_providers/reminder_worker/regenerate.py:32	"lexical hit not semantically classified: elapsed = __import__(""time"").perf_counter() - started"	out-of-scope	ticket_plan.yaml:648-658	none mapped	undeclared	out_of_scope_lexical_inventory		INFERRED exact-path scope; source not read
121	examples/effect_providers/reminder_worker/reminder_cli.py:62	clock read/implementation/journal event	in-scope	ticket_plan.yaml:566-573,621-633	ClockPort	declared	semantic_effect		READ
122	examples/effect_providers/reminder_worker/reminder_cli.py:63	clock read/implementation/journal event	in-scope	ticket_plan.yaml:566-573,621-633	ClockPort	declared	semantic_effect		READ
123	examples/effect_providers/reminder_worker/run_experiment.py:17	lexical hit not semantically classified: import time	out-of-scope	ticket_plan.yaml:648-658	none mapped	undeclared	out_of_scope_lexical_inventory		INFERRED exact-path scope; source not read
124	examples/effect_providers/reminder_worker/run_experiment.py:195	lexical hit not semantically classified: started = time.perf_counter()	out-of-scope	ticket_plan.yaml:648-658	none mapped	undeclared	out_of_scope_lexical_inventory		INFERRED exact-path scope; source not read
125	examples/effect_providers/reminder_worker/run_experiment.py:204	lexical hit not semantically classified: wall_ms = round((time.perf_counter() - started) * 1000, 6)	out-of-scope	ticket_plan.yaml:648-658	none mapped	undeclared	out_of_scope_lexical_inventory		INFERRED exact-path scope; source not read
126	examples/effect_providers/reminder_worker/run_experiment.py:419	lexical hit not semantically classified: from datetime import datetime, timezone	out-of-scope	ticket_plan.yaml:648-658	none mapped	undeclared	out_of_scope_lexical_inventory		INFERRED exact-path scope; source not read
127	examples/effect_providers/reminder_worker/run_experiment.py:422	lexical hit not semantically classified: clock_value = datetime.now(timezone.utc).isoformat()	out-of-scope	ticket_plan.yaml:648-658	none mapped	undeclared	out_of_scope_lexical_inventory		INFERRED exact-path scope; source not read
128	examples/effect_providers/reminder_worker/run_experiment.py:447	"lexical hit not semantically classified: ""finding"": ""explicit ClockPort cannot intercept direct datetime access"","	out-of-scope	ticket_plan.yaml:648-658	none mapped	undeclared	out_of_scope_lexical_inventory		INFERRED exact-path scope; source not read
129	examples/effect_providers/reminder_worker/run_experiment.py:521	"lexical hit not semantically classified: ""authoring_wall_minutes"": round((time.time() - int(subprocess.run([""git"", ""show"", ""-s"", ""--format=%ct"", ""141e63b""], cwd=REPO_ROOT, text=True, capture_output=True, check=True).stdout)) / 60, 3),"	out-of-scope	ticket_plan.yaml:648-658	none mapped	undeclared	out_of_scope_lexical_inventory		INFERRED exact-path scope; source not read
130	examples/effect_providers/reminder_worker/run_experiment.py:704	"lexical hit not semantically classified: ""concrete unicode identifier, timestamp, receipt, and exception instance"","	out-of-scope	ticket_plan.yaml:648-658	none mapped	undeclared	out_of_scope_lexical_inventory		INFERRED exact-path scope; source not read
131	examples/effect_providers/reminder_worker/test_reminder_worker.py:29	"lexical hit not semantically classified: ""clock.now"": (inspect.signature(ClockPort.now), ReadClock, int),"	out-of-scope	ticket_plan.yaml:648-658	none mapped	undeclared	out_of_scope_lexical_inventory		INFERRED exact-path scope; source not read
132	examples/run_distributed_history_validation.py:14	lexical hit not semantically classified: import time	out-of-scope	ticket_plan.yaml:648-658	none mapped	undeclared	out_of_scope_lexical_inventory		INFERRED exact-path scope; source not read
133	examples/run_distributed_history_validation.py:125	lexical hit not semantically classified: this step today anyway, because case generation for the External model is	out-of-scope	ticket_plan.yaml:648-658	none mapped	undeclared	out_of_scope_lexical_inventory		INFERRED exact-path scope; source not read
134	examples/run_distributed_history_validation.py:420	lexical hit not semantically classified: deadline = time.time() + 10	out-of-scope	ticket_plan.yaml:648-658	none mapped	undeclared	out_of_scope_lexical_inventory		INFERRED exact-path scope; source not read
135	examples/run_distributed_history_validation.py:421	lexical hit not semantically classified: while time.time() < deadline:	out-of-scope	ticket_plan.yaml:648-658	none mapped	undeclared	out_of_scope_lexical_inventory		INFERRED exact-path scope; source not read
136	examples/run_distributed_history_validation.py:427	lexical hit not semantically classified: time.sleep(0.1)	out-of-scope	ticket_plan.yaml:648-658	none mapped	undeclared	out_of_scope_lexical_inventory		INFERRED exact-path scope; source not read
137	scripts/analyze_complexity.py:64	"lexical hit not semantically classified: # complex"". A complex model now exits EXIT_PASS with advisory warnings; only an"	out-of-scope	ticket_plan.yaml:648-658	none mapped	undeclared	out_of_scope_lexical_inventory		INFERRED exact-path scope; source not read
138	scripts/analyze_complexity.py:1683	"lexical hit not semantically classified: # from ""this model is complex"", which is now advisory and exits 0."	out-of-scope	ticket_plan.yaml:648-658	none mapped	undeclared	out_of_scope_lexical_inventory		INFERRED exact-path scope; source not read
139	scripts/complexity_ledger.py:66	lexical hit not semantically classified: from datetime import datetime, timezone	out-of-scope	ticket_plan.yaml:648-658	none mapped	undeclared	out_of_scope_lexical_inventory		INFERRED exact-path scope; source not read
140	scripts/complexity_ledger.py:705	"lexical hit not semantically classified: ""recorded_at_utc"": datetime.now(timezone.utc).isoformat(),"	out-of-scope	ticket_plan.yaml:648-658	none mapped	undeclared	out_of_scope_lexical_inventory		INFERRED exact-path scope; source not read
141	scripts/effect_conformance.py:158	lexical hit not semantically classified: #: spirit: code running in-process, here, now.	out-of-scope	ticket_plan.yaml:648-658	none mapped	undeclared	out_of_scope_lexical_inventory		INFERRED exact-path scope; source not read
142	scripts/generate_cases_from_tlc_dump.py:633	lexical hit not semantically classified: # Every prepared case has now been written. The caller gates the corpus	out-of-scope	ticket_plan.yaml:648-658	none mapped	undeclared	out_of_scope_lexical_inventory		INFERRED exact-path scope; source not read
143	scripts/kill_test.py:1028	"lexical hit not semantically classified: f""but these previously-killed mutants now survive: {', '.join(lost)}. The rate is """	out-of-scope	ticket_plan.yaml:648-658	none mapped	undeclared	out_of_scope_lexical_inventory		INFERRED exact-path scope; source not read
144	scripts/new_ticket_workflow.py:391	lexical hit not semantically classified: landed. At close time, ticket `current/` and `desired/` must match.	out-of-scope	ticket_plan.yaml:648-658	none mapped	undeclared	out_of_scope_lexical_inventory		INFERRED exact-path scope; source not read
145	scripts/new_ticket_workflow.py:405	lexical hit not semantically classified: scaffold intentionally records only the spec-side state for now.	out-of-scope	ticket_plan.yaml:648-658	none mapped	undeclared	out_of_scope_lexical_inventory		INFERRED exact-path scope; source not read
146	scripts/new_ticket_workflow.py:526	lexical hit not semantically classified: implements right now for the active ticket workflow.	out-of-scope	ticket_plan.yaml:648-658	none mapped	undeclared	out_of_scope_lexical_inventory		INFERRED exact-path scope; source not read
147	scripts/skill_feedback.py:6	lexical hit not semantically classified: that had to move, and profile/schema/CLI workarounds. Until now that retro was a	out-of-scope	ticket_plan.yaml:648-658	none mapped	undeclared	out_of_scope_lexical_inventory		INFERRED exact-path scope; source not read
148	scripts/skill_feedback.py:34	lexical hit not semantically classified: from datetime import datetime, timezone	out-of-scope	ticket_plan.yaml:648-658	none mapped	undeclared	out_of_scope_lexical_inventory		INFERRED exact-path scope; source not read
149	scripts/skill_feedback.py:86	"lexical hit not semantically classified: return datetime.now(timezone.utc).isoformat(timespec=""seconds"")"	out-of-scope	ticket_plan.yaml:648-658	none mapped	undeclared	out_of_scope_lexical_inventory		INFERRED exact-path scope; source not read
150	scripts/spec_evolution.py:14	lexical hit not semantically classified: from datetime import datetime, timezone	out-of-scope	ticket_plan.yaml:648-658	none mapped	undeclared	out_of_scope_lexical_inventory		INFERRED exact-path scope; source not read
151	scripts/spec_evolution.py:244	"lexical hit not semantically classified: recommendation=f""It is recommended to commit this history directory now: {rel(entry_dir)}"","	out-of-scope	ticket_plan.yaml:648-658	none mapped	undeclared	out_of_scope_lexical_inventory		INFERRED exact-path scope; source not read
152	scripts/spec_evolution.py:770	"lexical hit not semantically classified: ""created_at_utc"": datetime.now(timezone.utc).isoformat(),"	out-of-scope	ticket_plan.yaml:648-658	none mapped	undeclared	out_of_scope_lexical_inventory		INFERRED exact-path scope; source not read
153	scripts/spec_evolution.py:883	"lexical hit not semantically classified: ""created_at_utc"": datetime.now(timezone.utc).isoformat(),"	out-of-scope	ticket_plan.yaml:648-658	none mapped	undeclared	out_of_scope_lexical_inventory		INFERRED exact-path scope; source not read
154	scripts/spec_evolution.py:938	lexical hit not semantically classified: gate time, before anything is mutated. This is the pointer to the durable	out-of-scope	ticket_plan.yaml:648-658	none mapped	undeclared	out_of_scope_lexical_inventory		INFERRED exact-path scope; source not read
155	specs/.history/effect-provider-epic/ticket-000-EP-01/snapshots/current/adapter_case_runtime.py:328	lexical hit not semantically classified: remaining adapters, and it is now fixed centrally.	out-of-scope	ticket_plan.yaml:648-658	none mapped	undeclared	out_of_scope_lexical_inventory		INFERRED exact-path scope; source not read
156	specs/.history/effect-provider-epic/ticket-000-EP-01/snapshots/current/production_adapters.py:505	lexical hit not semantically classified: # setup_phase is read back from the real tree: current/ + desired/ now	out-of-scope	ticket_plan.yaml:648-658	none mapped	undeclared	out_of_scope_lexical_inventory		INFERRED exact-path scope; source not read
157	specs/.history/effect-provider-epic/ticket-000-EP-01/snapshots/current/production_adapters.py:1872	lexical hit not semantically classified: throwaway repository, four times, and asserts the close-time behavior that	out-of-scope	ticket_plan.yaml:648-658	none mapped	undeclared	out_of_scope_lexical_inventory		INFERRED exact-path scope; source not read
158	specs/.history/effect-provider-epic/ticket-000-EP-01/ticket/current/adapter_case_runtime.py:328	lexical hit not semantically classified: remaining adapters, and it is now fixed centrally.	out-of-scope	ticket_plan.yaml:648-658	none mapped	undeclared	out_of_scope_lexical_inventory		INFERRED exact-path scope; source not read
159	specs/.history/effect-provider-epic/ticket-000-EP-01/ticket/current/production_adapters.py:505	lexical hit not semantically classified: # setup_phase is read back from the real tree: current/ + desired/ now	out-of-scope	ticket_plan.yaml:648-658	none mapped	undeclared	out_of_scope_lexical_inventory		INFERRED exact-path scope; source not read
160	specs/.history/effect-provider-epic/ticket-000-EP-01/ticket/current/production_adapters.py:1872	lexical hit not semantically classified: throwaway repository, four times, and asserts the close-time behavior that	out-of-scope	ticket_plan.yaml:648-658	none mapped	undeclared	out_of_scope_lexical_inventory		INFERRED exact-path scope; source not read
161	specs/.history/effect-provider-epic/ticket-000-EP-01/ticket/desired/adapter_case_runtime.py:328	lexical hit not semantically classified: remaining adapters, and it is now fixed centrally.	out-of-scope	ticket_plan.yaml:648-658	none mapped	undeclared	out_of_scope_lexical_inventory		INFERRED exact-path scope; source not read
162	specs/.history/effect-provider-epic/ticket-000-EP-01/ticket/desired/production_adapters.py:505	lexical hit not semantically classified: # setup_phase is read back from the real tree: current/ + desired/ now	out-of-scope	ticket_plan.yaml:648-658	none mapped	undeclared	out_of_scope_lexical_inventory		INFERRED exact-path scope; source not read
163	specs/.history/effect-provider-epic/ticket-000-EP-01/ticket/desired/production_adapters.py:1872	lexical hit not semantically classified: throwaway repository, four times, and asserts the close-time behavior that	out-of-scope	ticket_plan.yaml:648-658	none mapped	undeclared	out_of_scope_lexical_inventory		INFERRED exact-path scope; source not read
164	specs/.history/effect-provider-epic/ticket-001-EP-02/snapshots/current/adapter_case_runtime.py:328	lexical hit not semantically classified: remaining adapters, and it is now fixed centrally.	out-of-scope	ticket_plan.yaml:648-658	none mapped	undeclared	out_of_scope_lexical_inventory		INFERRED exact-path scope; source not read
165	specs/.history/effect-provider-epic/ticket-001-EP-02/snapshots/current/production_adapters.py:505	lexical hit not semantically classified: # setup_phase is read back from the real tree: current/ + desired/ now	out-of-scope	ticket_plan.yaml:648-658	none mapped	undeclared	out_of_scope_lexical_inventory		INFERRED exact-path scope; source not read
166	specs/.history/effect-provider-epic/ticket-001-EP-02/snapshots/current/production_adapters.py:1872	lexical hit not semantically classified: throwaway repository, four times, and asserts the close-time behavior that	out-of-scope	ticket_plan.yaml:648-658	none mapped	undeclared	out_of_scope_lexical_inventory		INFERRED exact-path scope; source not read
167	specs/.history/effect-provider-epic/ticket-001-EP-02/ticket/current/adapter_case_runtime.py:328	lexical hit not semantically classified: remaining adapters, and it is now fixed centrally.	out-of-scope	ticket_plan.yaml:648-658	none mapped	undeclared	out_of_scope_lexical_inventory		INFERRED exact-path scope; source not read
168	specs/.history/effect-provider-epic/ticket-001-EP-02/ticket/current/production_adapters.py:505	lexical hit not semantically classified: # setup_phase is read back from the real tree: current/ + desired/ now	out-of-scope	ticket_plan.yaml:648-658	none mapped	undeclared	out_of_scope_lexical_inventory		INFERRED exact-path scope; source not read
169	specs/.history/effect-provider-epic/ticket-001-EP-02/ticket/current/production_adapters.py:1872	lexical hit not semantically classified: throwaway repository, four times, and asserts the close-time behavior that	out-of-scope	ticket_plan.yaml:648-658	none mapped	undeclared	out_of_scope_lexical_inventory		INFERRED exact-path scope; source not read
170	specs/.history/effect-provider-epic/ticket-001-EP-02/ticket/desired/adapter_case_runtime.py:328	lexical hit not semantically classified: remaining adapters, and it is now fixed centrally.	out-of-scope	ticket_plan.yaml:648-658	none mapped	undeclared	out_of_scope_lexical_inventory		INFERRED exact-path scope; source not read
171	specs/.history/effect-provider-epic/ticket-001-EP-02/ticket/desired/production_adapters.py:505	lexical hit not semantically classified: # setup_phase is read back from the real tree: current/ + desired/ now	out-of-scope	ticket_plan.yaml:648-658	none mapped	undeclared	out_of_scope_lexical_inventory		INFERRED exact-path scope; source not read
172	specs/.history/effect-provider-epic/ticket-001-EP-02/ticket/desired/production_adapters.py:1872	lexical hit not semantically classified: throwaway repository, four times, and asserts the close-time behavior that	out-of-scope	ticket_plan.yaml:648-658	none mapped	undeclared	out_of_scope_lexical_inventory		INFERRED exact-path scope; source not read
173	specs/.history/effect-provider-epic/ticket-002-EP-03/snapshots/current/adapter_case_runtime.py:328	lexical hit not semantically classified: remaining adapters, and it is now fixed centrally.	out-of-scope	ticket_plan.yaml:648-658	none mapped	undeclared	out_of_scope_lexical_inventory		INFERRED exact-path scope; source not read
174	specs/.history/effect-provider-epic/ticket-002-EP-03/snapshots/current/production_adapters.py:505	lexical hit not semantically classified: # setup_phase is read back from the real tree: current/ + desired/ now	out-of-scope	ticket_plan.yaml:648-658	none mapped	undeclared	out_of_scope_lexical_inventory		INFERRED exact-path scope; source not read
175	specs/.history/effect-provider-epic/ticket-002-EP-03/snapshots/current/production_adapters.py:1872	lexical hit not semantically classified: throwaway repository, four times, and asserts the close-time behavior that	out-of-scope	ticket_plan.yaml:648-658	none mapped	undeclared	out_of_scope_lexical_inventory		INFERRED exact-path scope; source not read
176	specs/.history/effect-provider-epic/ticket-002-EP-03/ticket/current/adapter_case_runtime.py:328	lexical hit not semantically classified: remaining adapters, and it is now fixed centrally.	out-of-scope	ticket_plan.yaml:648-658	none mapped	undeclared	out_of_scope_lexical_inventory		INFERRED exact-path scope; source not read
177	specs/.history/effect-provider-epic/ticket-002-EP-03/ticket/current/production_adapters.py:505	lexical hit not semantically classified: # setup_phase is read back from the real tree: current/ + desired/ now	out-of-scope	ticket_plan.yaml:648-658	none mapped	undeclared	out_of_scope_lexical_inventory		INFERRED exact-path scope; source not read
178	specs/.history/effect-provider-epic/ticket-002-EP-03/ticket/current/production_adapters.py:1872	lexical hit not semantically classified: throwaway repository, four times, and asserts the close-time behavior that	out-of-scope	ticket_plan.yaml:648-658	none mapped	undeclared	out_of_scope_lexical_inventory		INFERRED exact-path scope; source not read
179	specs/.history/effect-provider-epic/ticket-002-EP-03/ticket/desired/adapter_case_runtime.py:328	lexical hit not semantically classified: remaining adapters, and it is now fixed centrally.	out-of-scope	ticket_plan.yaml:648-658	none mapped	undeclared	out_of_scope_lexical_inventory		INFERRED exact-path scope; source not read
180	specs/.history/effect-provider-epic/ticket-002-EP-03/ticket/desired/production_adapters.py:505	lexical hit not semantically classified: # setup_phase is read back from the real tree: current/ + desired/ now	out-of-scope	ticket_plan.yaml:648-658	none mapped	undeclared	out_of_scope_lexical_inventory		INFERRED exact-path scope; source not read
181	specs/.history/effect-provider-epic/ticket-002-EP-03/ticket/desired/production_adapters.py:1872	lexical hit not semantically classified: throwaway repository, four times, and asserts the close-time behavior that	out-of-scope	ticket_plan.yaml:648-658	none mapped	undeclared	out_of_scope_lexical_inventory		INFERRED exact-path scope; source not read
182	specs/.history/modular-fuzzing-epic/ticket-000-MF-012/results/specWorkflow-20260718-153853-c3144c6b/cleanup-failure-probe-test-graph/build-logic/src/main/kotlin/com/hayden/testgraphsdk/MiniJson.kt:6	lexical hit not semantically classified: * Keeps the plugin dependency-free now that we no longer need snakeyaml.	out-of-scope	ticket_plan.yaml:648-658	none mapped	undeclared	out_of_scope_lexical_inventory		INFERRED exact-path scope; source not read
183	specs/.history/modular-fuzzing-epic/ticket-000-MF-012/results/specWorkflow-20260718-153853-c3144c6b/cleanup-failure-probe-test-graph/build-logic/src/main/kotlin/com/hayden/testgraphsdk/TestGraphSpec.kt:8	lexical hit not semantically classified: * Every setter returns `this`; at plan-build time the overlay is merged	out-of-scope	ticket_plan.yaml:648-658	none mapped	undeclared	out_of_scope_lexical_inventory		INFERRED exact-path scope; source not read
184	specs/.history/modular-fuzzing-epic/ticket-000-MF-012/results/specWorkflow-20260718-153853-c3144c6b/cleanup-failure-probe-test-graph/build-logic/src/main/kotlin/com/hayden/testgraphsdk/TestGraphSpec.kt:55	lexical hit not semantically classified: * at execution time.	out-of-scope	ticket_plan.yaml:648-658	none mapped	undeclared	out_of_scope_lexical_inventory		INFERRED exact-path scope; source not read
185	specs/.history/modular-fuzzing-epic/ticket-000-MF-012/results/specWorkflow-20260718-153853-c3144c6b/cleanup-failure-probe-test-graph/build-logic/src/main/kotlin/com/hayden/testgraphsdk/ValidationGraphPlugin.kt:74	lexical hit not semantically classified: // serialized in declaration order. Configure-time `dependsOn` is	out-of-scope	ticket_plan.yaml:648-658	none mapped	undeclared	out_of_scope_lexical_inventory		INFERRED exact-path scope; source not read
186	specs/.history/modular-fuzzing-epic/ticket-000-MF-012/results/specWorkflow-20260718-153853-c3144c6b/cleanup-failure-probe-test-graph/build-logic/src/main/kotlin/com/hayden/testgraphsdk/exec/Executors.kt:89	lexical hit not semantically classified: * Wait for [process] up to [timeoutMillis]; if it doesn't return in time,	out-of-scope	ticket_plan.yaml:648-658	none mapped	undeclared	out_of_scope_lexical_inventory		INFERRED exact-path scope; source not read
187	specs/.history/modular-fuzzing-epic/ticket-000-MF-012/results/specWorkflow-20260718-153853-c3144c6b/cleanup-failure-probe-test-graph/build-logic/src/main/kotlin/com/hayden/testgraphsdk/exec/Executors.kt:96	lexical hit not semantically classified: * `waitFor()`; the spec parser doesn't emit those today, but the helper	out-of-scope	ticket_plan.yaml:648-658	none mapped	undeclared	out_of_scope_lexical_inventory		INFERRED exact-path scope; source not read
188	specs/.history/modular-fuzzing-epic/ticket-000-MF-012/results/specWorkflow-20260718-153853-c3144c6b/cleanup-failure-probe-test-graph/build-logic/src/main/kotlin/com/hayden/testgraphsdk/exec/JBangExecutor.kt:12	lexical hit not semantically classified: * crash, OOM at fork time, etc.). PlanExecutor stamps the path onto	out-of-scope	ticket_plan.yaml:648-658	none mapped	undeclared	out_of_scope_lexical_inventory		INFERRED exact-path scope; source not read
189	specs/.history/modular-fuzzing-epic/ticket-000-MF-012/results/specWorkflow-20260718-153853-c3144c6b/cleanup-failure-probe-test-graph/build-logic/src/main/kotlin/com/hayden/testgraphsdk/exec/PlanExecutor.kt:8	lexical hit not semantically classified: import java.time.Instant	out-of-scope	ticket_plan.yaml:648-658	none mapped	undeclared	out_of_scope_lexical_inventory		INFERRED exact-path scope; source not read
190	specs/.history/modular-fuzzing-epic/ticket-000-MF-012/results/specWorkflow-20260718-153853-c3144c6b/cleanup-failure-probe-test-graph/build-logic/src/main/kotlin/com/hayden/testgraphsdk/exec/PlanExecutor.kt:138	lexical hit not semantically classified: var startedAt = Instant.now()	out-of-scope	ticket_plan.yaml:648-658	none mapped	undeclared	out_of_scope_lexical_inventory		INFERRED exact-path scope; source not read
191	specs/.history/modular-fuzzing-epic/ticket-000-MF-012/results/specWorkflow-20260718-153853-c3144c6b/cleanup-failure-probe-test-graph/build-logic/src/main/kotlin/com/hayden/testgraphsdk/exec/PlanExecutor.kt:164	lexical hit not semantically classified: startedAt = Instant.now()	out-of-scope	ticket_plan.yaml:648-658	none mapped	undeclared	out_of_scope_lexical_inventory		INFERRED exact-path scope; source not read
192	specs/.history/modular-fuzzing-epic/ticket-000-MF-012/results/specWorkflow-20260718-153853-c3144c6b/cleanup-failure-probe-test-graph/build-logic/src/main/kotlin/com/hayden/testgraphsdk/exec/PlanExecutor.kt:166	lexical hit not semantically classified: endedAt = Instant.now()	out-of-scope	ticket_plan.yaml:648-658	none mapped	undeclared	out_of_scope_lexical_inventory		INFERRED exact-path scope; source not read
193	specs/.history/modular-fuzzing-epic/ticket-000-MF-012/results/specWorkflow-20260718-153853-c3144c6b/cleanup-failure-probe-test-graph/build-logic/src/main/kotlin/com/hayden/testgraphsdk/exec/PlanExecutor.kt:209	lexical hit not semantically classified: val now = Instant.now()	out-of-scope	ticket_plan.yaml:648-658	none mapped	undeclared	out_of_scope_lexical_inventory		INFERRED exact-path scope; source not read
194	specs/.history/modular-fuzzing-epic/ticket-000-MF-012/results/specWorkflow-20260718-153853-c3144c6b/cleanup-failure-probe-test-graph/build-logic/src/main/kotlin/com/hayden/testgraphsdk/exec/PlanExecutor.kt:222	lexical hit not semantically classified: startedAt = now,	out-of-scope	ticket_plan.yaml:648-658	none mapped	undeclared	out_of_scope_lexical_inventory		INFERRED exact-path scope; source not read
195	specs/.history/modular-fuzzing-epic/ticket-000-MF-012/results/specWorkflow-20260718-153853-c3144c6b/cleanup-failure-probe-test-graph/build-logic/src/main/kotlin/com/hayden/testgraphsdk/exec/PlanExecutor.kt:223	lexical hit not semantically classified: endedAt = now,	out-of-scope	ticket_plan.yaml:648-658	none mapped	undeclared	out_of_scope_lexical_inventory		INFERRED exact-path scope; source not read
196	specs/.history/modular-fuzzing-epic/ticket-000-MF-012/results/specWorkflow-20260718-153853-c3144c6b/cleanup-failure-probe-test-graph/build-logic/src/main/kotlin/com/hayden/testgraphsdk/exec/TimeoutParser.kt:6	lexical hit not semantically classified: * Accepts the suffix forms NodeSpec specs in the wild use today —	out-of-scope	ticket_plan.yaml:648-658	none mapped	undeclared	out_of_scope_lexical_inventory		INFERRED exact-path scope; source not read
197	specs/.history/modular-fuzzing-epic/ticket-000-MF-012/results/specWorkflow-20260718-153853-c3144c6b/cleanup-failure-probe-test-graph/build-logic/src/main/kotlin/com/hayden/testgraphsdk/exec/TimeoutParser.kt:10	lexical hit not semantically classified: * configuration time.	out-of-scope	ticket_plan.yaml:648-658	none mapped	undeclared	out_of_scope_lexical_inventory		INFERRED exact-path scope; source not read
198	specs/.history/modular-fuzzing-epic/ticket-000-MF-012/results/specWorkflow-20260718-153853-c3144c6b/cleanup-failure-probe-test-graph/build-logic/src/main/kotlin/com/hayden/testgraphsdk/tasks/RunReportWriter.kt:25	lexical hit not semantically classified: * The renderer now lives here as a plain object so {@link	out-of-scope	ticket_plan.yaml:648-658	none mapped	undeclared	out_of_scope_lexical_inventory		INFERRED exact-path scope; source not read
199	specs/.history/modular-fuzzing-epic/ticket-000-MF-012/results/specWorkflow-20260718-153853-c3144c6b/cleanup-failure-probe-test-graph/build-logic/src/main/kotlin/com/hayden/testgraphsdk/tasks/RunReportWriter.kt:300	lexical hit not semantically classified: java.time.Instant.parse(endIso).toEpochMilli() -	out-of-scope	ticket_plan.yaml:648-658	none mapped	undeclared	out_of_scope_lexical_inventory		INFERRED exact-path scope; source not read
200	specs/.history/modular-fuzzing-epic/ticket-000-MF-012/results/specWorkflow-20260718-153853-c3144c6b/cleanup-failure-probe-test-graph/build-logic/src/main/kotlin/com/hayden/testgraphsdk/tasks/RunReportWriter.kt:301	lexical hit not semantically classified: java.time.Instant.parse(startIso).toEpochMilli()	out-of-scope	ticket_plan.yaml:648-658	none mapped	undeclared	out_of_scope_lexical_inventory		INFERRED exact-path scope; source not read
201	specs/.history/modular-fuzzing-epic/ticket-000-MF-012/results/specWorkflow-20260718-153853-c3144c6b/cleanup-failure-probe-test-graph/build-logic/src/main/kotlin/com/hayden/testgraphsdk/tasks/RunTestGraphTask.kt:14	lexical hit not semantically classified: import java.time.Instant	out-of-scope	ticket_plan.yaml:648-658	none mapped	undeclared	out_of_scope_lexical_inventory		INFERRED exact-path scope; source not read
202	specs/.history/modular-fuzzing-epic/ticket-000-MF-012/results/specWorkflow-20260718-153853-c3144c6b/cleanup-failure-probe-test-graph/build-logic/src/main/kotlin/com/hayden/testgraphsdk/tasks/RunTestGraphTask.kt:15	lexical hit not semantically classified: import java.time.ZoneOffset	out-of-scope	ticket_plan.yaml:648-658	none mapped	undeclared	out_of_scope_lexical_inventory		INFERRED exact-path scope; source not read
203	specs/.history/modular-fuzzing-epic/ticket-000-MF-012/results/specWorkflow-20260718-153853-c3144c6b/cleanup-failure-probe-test-graph/build-logic/src/main/kotlin/com/hayden/testgraphsdk/tasks/RunTestGraphTask.kt:16	lexical hit not semantically classified: import java.time.format.DateTimeFormatter	out-of-scope	ticket_plan.yaml:648-658	none mapped	undeclared	out_of_scope_lexical_inventory		INFERRED exact-path scope; source not read
204	specs/.history/modular-fuzzing-epic/ticket-000-MF-012/results/specWorkflow-20260718-153853-c3144c6b/cleanup-failure-probe-test-graph/build-logic/src/main/kotlin/com/hayden/testgraphsdk/tasks/RunTestGraphTask.kt:23	"lexical hit not semantically classified: return ""${safeGraphName}-${fmt.format(Instant.now())}-${UUID.randomUUID().toString().take(8)}"""	out-of-scope	ticket_plan.yaml:648-658	none mapped	undeclared	out_of_scope_lexical_inventory		INFERRED exact-path scope; source not read
205	specs/.history/modular-fuzzing-epic/ticket-000-MF-012/results/specWorkflow-20260718-153853-c3144c6b/cleanup-failure-probe-test-graph/build-logic/src/main/kotlin/com/hayden/testgraphsdk/tasks/RunTestGraphTask.kt:31	lexical hit not semantically classified: * Non-Property internal fields are set at configuration time by the	out-of-scope	ticket_plan.yaml:648-658	none mapped	undeclared	out_of_scope_lexical_inventory		INFERRED exact-path scope; source not read
206	specs/.history/modular-fuzzing-epic/ticket-000-MF-012/results/specWorkflow-20260718-153853-c3144c6b/cleanup-failure-probe-test-graph/sdk/java/src/main/java/com/hayden/testgraphsdk/sdk/Node.java:5	lexical hit not semantically classified: import java.time.Instant;	out-of-scope	ticket_plan.yaml:648-658	none mapped	undeclared	out_of_scope_lexical_inventory		INFERRED exact-path scope; source not read
207	specs/.history/modular-fuzzing-epic/ticket-000-MF-012/results/specWorkflow-20260718-153853-c3144c6b/cleanup-failure-probe-test-graph/sdk/java/src/main/java/com/hayden/testgraphsdk/sdk/Node.java:50	lexical hit not semantically classified: Instant startedAt = Instant.now();	out-of-scope	ticket_plan.yaml:648-658	none mapped	undeclared	out_of_scope_lexical_inventory		INFERRED exact-path scope; source not read
208	specs/.history/modular-fuzzing-epic/ticket-000-MF-012/results/specWorkflow-20260718-153853-c3144c6b/cleanup-failure-probe-test-graph/sdk/java/src/main/java/com/hayden/testgraphsdk/sdk/Node.java:53	lexical hit not semantically classified: result = body.apply(ctx).startedAt(startedAt).endedAt(Instant.now());	out-of-scope	ticket_plan.yaml:648-658	none mapped	undeclared	out_of_scope_lexical_inventory		INFERRED exact-path scope; source not read
209	specs/.history/modular-fuzzing-epic/ticket-000-MF-012/results/specWorkflow-20260718-153853-c3144c6b/cleanup-failure-probe-test-graph/sdk/java/src/main/java/com/hayden/testgraphsdk/sdk/Node.java:57	lexical hit not semantically classified: .endedAt(Instant.now());	out-of-scope	ticket_plan.yaml:648-658	none mapped	undeclared	out_of_scope_lexical_inventory		INFERRED exact-path scope; source not read
210	specs/.history/modular-fuzzing-epic/ticket-000-MF-012/results/specWorkflow-20260718-153853-c3144c6b/cleanup-failure-probe-test-graph/sdk/java/src/main/java/com/hayden/testgraphsdk/sdk/NodeResult.java:5	lexical hit not semantically classified: import java.time.Instant;	out-of-scope	ticket_plan.yaml:648-658	none mapped	undeclared	out_of_scope_lexical_inventory		INFERRED exact-path scope; source not read
211	specs/.history/modular-fuzzing-epic/ticket-000-MF-012/results/specWorkflow-20260718-153853-c3144c6b/cleanup-failure-probe-test-graph/sdk/java/src/main/java/com/hayden/testgraphsdk/sdk/ProcessRecord.java:3	lexical hit not semantically classified: import java.time.Instant;	out-of-scope	ticket_plan.yaml:648-658	none mapped	undeclared	out_of_scope_lexical_inventory		INFERRED exact-path scope; source not read
212	specs/.history/modular-fuzzing-epic/ticket-000-MF-012/results/specWorkflow-20260718-153853-c3144c6b/cleanup-failure-probe-test-graph/sdk/java/src/main/java/com/hayden/testgraphsdk/sdk/ProcessRecord.java:69	lexical hit not semantically classified: /** Wall-clock duration in milliseconds, or -1 if either timestamp is missing. */	out-of-scope	ticket_plan.yaml:648-658	none mapped	undeclared	out_of_scope_lexical_inventory		INFERRED exact-path scope; source not read
213	specs/.history/modular-fuzzing-epic/ticket-000-MF-012/results/specWorkflow-20260718-153853-c3144c6b/cleanup-failure-probe-test-graph/sdk/java/src/main/java/com/hayden/testgraphsdk/sdk/Procs.java:6	lexical hit not semantically classified: import java.time.Instant;	out-of-scope	ticket_plan.yaml:648-658	none mapped	undeclared	out_of_scope_lexical_inventory		INFERRED exact-path scope; source not read
214	specs/.history/modular-fuzzing-epic/ticket-000-MF-012/results/specWorkflow-20260718-153853-c3144c6b/cleanup-failure-probe-test-graph/sdk/java/src/main/java/com/hayden/testgraphsdk/sdk/Procs.java:14	lexical hit not semantically classified: * dir), and any spawn-time error. Attach it to the result with	out-of-scope	ticket_plan.yaml:648-658	none mapped	undeclared	out_of_scope_lexical_inventory		INFERRED exact-path scope; source not read
215	specs/.history/modular-fuzzing-epic/ticket-000-MF-012/results/specWorkflow-20260718-153853-c3144c6b/cleanup-failure-probe-test-graph/sdk/java/src/main/java/com/hayden/testgraphsdk/sdk/Procs.java:72	lexical hit not semantically classified: Instant startedAt = Instant.now();	out-of-scope	ticket_plan.yaml:648-658	none mapped	undeclared	out_of_scope_lexical_inventory		INFERRED exact-path scope; source not read
216	specs/.history/modular-fuzzing-epic/ticket-000-MF-012/results/specWorkflow-20260718-153853-c3144c6b/cleanup-failure-probe-test-graph/sdk/java/src/main/java/com/hayden/testgraphsdk/sdk/Procs.java:78	lexical hit not semantically classified: return new ProcessRecord(label, command, startedAt, Instant.now(),	out-of-scope	ticket_plan.yaml:648-658	none mapped	undeclared	out_of_scope_lexical_inventory		INFERRED exact-path scope; source not read
217	specs/.history/modular-fuzzing-epic/ticket-000-MF-012/results/specWorkflow-20260718-153853-c3144c6b/cleanup-failure-probe-test-graph/sdk/java/src/main/java/com/hayden/testgraphsdk/sdk/Procs.java:88	lexical hit not semantically classified: return new ProcessRecord(label, command, startedAt, Instant.now(),	out-of-scope	ticket_plan.yaml:648-658	none mapped	undeclared	out_of_scope_lexical_inventory		INFERRED exact-path scope; source not read
218	specs/.history/modular-fuzzing-epic/ticket-000-MF-012/results/specWorkflow-20260718-153853-c3144c6b/cleanup-failure-probe-test-graph/sdk/java/src/main/java/com/hayden/testgraphsdk/sdk/Procs.java:92	lexical hit not semantically classified: label, command, startedAt, Instant.now(),	out-of-scope	ticket_plan.yaml:648-658	none mapped	undeclared	out_of_scope_lexical_inventory		INFERRED exact-path scope; source not read
219	specs/.history/modular-fuzzing-epic/ticket-000-MF-012/results/specWorkflow-20260718-153853-c3144c6b/cleanup-failure-probe-test-graph/sdk/python/src/testgraphsdk/procs.py:19	lexical hit not semantically classified: from datetime import datetime, timezone	out-of-scope	ticket_plan.yaml:648-658	none mapped	undeclared	out_of_scope_lexical_inventory		INFERRED exact-path scope; source not read
220	specs/.history/modular-fuzzing-epic/ticket-000-MF-012/results/specWorkflow-20260718-153853-c3144c6b/cleanup-failure-probe-test-graph/sdk/python/src/testgraphsdk/procs.py:65	lexical hit not semantically classified: started = datetime.now(timezone.utc)	out-of-scope	ticket_plan.yaml:648-658	none mapped	undeclared	out_of_scope_lexical_inventory		INFERRED exact-path scope; source not read
221	specs/.history/modular-fuzzing-epic/ticket-000-MF-012/results/specWorkflow-20260718-153853-c3144c6b/cleanup-failure-probe-test-graph/sdk/python/src/testgraphsdk/procs.py:86	lexical hit not semantically classified: ended_at=datetime.now(timezone.utc),	out-of-scope	ticket_plan.yaml:648-658	none mapped	undeclared	out_of_scope_lexical_inventory		INFERRED exact-path scope; source not read
222	specs/.history/modular-fuzzing-epic/ticket-000-MF-012/results/specWorkflow-20260718-153853-c3144c6b/cleanup-failure-probe-test-graph/sdk/python/src/testgraphsdk/procs.py:97	lexical hit not semantically classified: ended_at=datetime.now(timezone.utc),	out-of-scope	ticket_plan.yaml:648-658	none mapped	undeclared	out_of_scope_lexical_inventory		INFERRED exact-path scope; source not read
223	specs/.history/modular-fuzzing-epic/ticket-000-MF-012/results/specWorkflow-20260718-153853-c3144c6b/cleanup-failure-probe-test-graph/sdk/python/src/testgraphsdk/procs.py:108	lexical hit not semantically classified: ended_at=datetime.now(timezone.utc),	out-of-scope	ticket_plan.yaml:648-658	none mapped	undeclared	out_of_scope_lexical_inventory		INFERRED exact-path scope; source not read
224	specs/.history/modular-fuzzing-epic/ticket-000-MF-012/results/specWorkflow-20260718-153853-c3144c6b/cleanup-failure-probe-test-graph/sdk/python/src/testgraphsdk/result.py:5	lexical hit not semantically classified: from datetime import datetime, timezone	out-of-scope	ticket_plan.yaml:648-658	none mapped	undeclared	out_of_scope_lexical_inventory		INFERRED exact-path scope; source not read
225	specs/.history/modular-fuzzing-epic/ticket-000-MF-012/results/specWorkflow-20260718-153853-c3144c6b/cleanup-failure-probe-test-graph/sdk/python/src/testgraphsdk/result.py:52	lexical hit not semantically classified: started_at: datetime | None = None	out-of-scope	ticket_plan.yaml:648-658	none mapped	undeclared	out_of_scope_lexical_inventory		INFERRED exact-path scope; source not read
226	specs/.history/modular-fuzzing-epic/ticket-000-MF-012/results/specWorkflow-20260718-153853-c3144c6b/cleanup-failure-probe-test-graph/sdk/python/src/testgraphsdk/result.py:53	lexical hit not semantically classified: ended_at: datetime | None = None	out-of-scope	ticket_plan.yaml:648-658	none mapped	undeclared	out_of_scope_lexical_inventory		INFERRED exact-path scope; source not read
227	specs/.history/modular-fuzzing-epic/ticket-000-MF-012/results/specWorkflow-20260718-153853-c3144c6b/cleanup-failure-probe-test-graph/sdk/python/src/testgraphsdk/result.py:65	lexical hit not semantically classified: def iso(d: datetime | None) -> str | None:	out-of-scope	ticket_plan.yaml:648-658	none mapped	undeclared	out_of_scope_lexical_inventory		INFERRED exact-path scope; source not read
228	specs/.history/modular-fuzzing-epic/ticket-000-MF-012/results/specWorkflow-20260718-153853-c3144c6b/cleanup-failure-probe-test-graph/sdk/python/src/testgraphsdk/result.py:98	lexical hit not semantically classified: started_at: datetime | None = None	out-of-scope	ticket_plan.yaml:648-658	none mapped	undeclared	out_of_scope_lexical_inventory		INFERRED exact-path scope; source not read
229	specs/.history/modular-fuzzing-epic/ticket-000-MF-012/results/specWorkflow-20260718-153853-c3144c6b/cleanup-failure-probe-test-graph/sdk/python/src/testgraphsdk/result.py:99	lexical hit not semantically classified: ended_at: datetime | None = None	out-of-scope	ticket_plan.yaml:648-658	none mapped	undeclared	out_of_scope_lexical_inventory		INFERRED exact-path scope; source not read
230	specs/.history/modular-fuzzing-epic/ticket-000-MF-012/results/specWorkflow-20260718-153853-c3144c6b/cleanup-failure-probe-test-graph/sdk/python/src/testgraphsdk/result.py:164	"lexical hit not semantically classified: def _stamp(self, started: datetime, ended: datetime) -> ""NodeResult"":"	out-of-scope	ticket_plan.yaml:648-658	none mapped	undeclared	out_of_scope_lexical_inventory		INFERRED exact-path scope; source not read
231	specs/.history/modular-fuzzing-epic/ticket-000-MF-012/results/specWorkflow-20260718-153853-c3144c6b/cleanup-failure-probe-test-graph/sdk/python/src/testgraphsdk/result.py:173	lexical hit not semantically classified: def iso(d: datetime | None) -> str | None:	out-of-scope	ticket_plan.yaml:648-658	none mapped	undeclared	out_of_scope_lexical_inventory		INFERRED exact-path scope; source not read
232	specs/.history/modular-fuzzing-epic/ticket-000-MF-012/results/specWorkflow-20260718-153853-c3144c6b/cleanup-failure-probe-test-graph/sdk/python/src/testgraphsdk/runner.py:22	lexical hit not semantically classified: from datetime import datetime, timezone	out-of-scope	ticket_plan.yaml:648-658	none mapped	undeclared	out_of_scope_lexical_inventory		INFERRED exact-path scope; source not read
233	specs/.history/modular-fuzzing-epic/ticket-000-MF-012/results/specWorkflow-20260718-153853-c3144c6b/cleanup-failure-probe-test-graph/sdk/python/src/testgraphsdk/runner.py:47	lexical hit not semantically classified: started = datetime.now(timezone.utc)	out-of-scope	ticket_plan.yaml:648-658	none mapped	undeclared	out_of_scope_lexical_inventory		INFERRED exact-path scope; source not read
234	specs/.history/modular-fuzzing-epic/ticket-000-MF-012/results/specWorkflow-20260718-153853-c3144c6b/cleanup-failure-probe-test-graph/sdk/python/src/testgraphsdk/runner.py:52	lexical hit not semantically classified: ended = datetime.now(timezone.utc)	out-of-scope	ticket_plan.yaml:648-658	none mapped	undeclared	out_of_scope_lexical_inventory		INFERRED exact-path scope; source not read
235	specs/.history/modular-fuzzing-epic/ticket-000-MF-012/ticket/results/graph-reports/specWorkflow-20260718-153853-c3144c6b/cleanup-failure-probe-test-graph/build-logic/src/main/kotlin/com/hayden/testgraphsdk/MiniJson.kt:6	lexical hit not semantically classified: * Keeps the plugin dependency-free now that we no longer need snakeyaml.	out-of-scope	ticket_plan.yaml:648-658	none mapped	undeclared	out_of_scope_lexical_inventory		INFERRED exact-path scope; source not read
236	specs/.history/modular-fuzzing-epic/ticket-000-MF-012/ticket/results/graph-reports/specWorkflow-20260718-153853-c3144c6b/cleanup-failure-probe-test-graph/build-logic/src/main/kotlin/com/hayden/testgraphsdk/TestGraphSpec.kt:8	lexical hit not semantically classified: * Every setter returns `this`; at plan-build time the overlay is merged	out-of-scope	ticket_plan.yaml:648-658	none mapped	undeclared	out_of_scope_lexical_inventory		INFERRED exact-path scope; source not read
237	specs/.history/modular-fuzzing-epic/ticket-000-MF-012/ticket/results/graph-reports/specWorkflow-20260718-153853-c3144c6b/cleanup-failure-probe-test-graph/build-logic/src/main/kotlin/com/hayden/testgraphsdk/TestGraphSpec.kt:55	lexical hit not semantically classified: * at execution time.	out-of-scope	ticket_plan.yaml:648-658	none mapped	undeclared	out_of_scope_lexical_inventory		INFERRED exact-path scope; source not read
238	specs/.history/modular-fuzzing-epic/ticket-000-MF-012/ticket/results/graph-reports/specWorkflow-20260718-153853-c3144c6b/cleanup-failure-probe-test-graph/build-logic/src/main/kotlin/com/hayden/testgraphsdk/ValidationGraphPlugin.kt:74	lexical hit not semantically classified: // serialized in declaration order. Configure-time `dependsOn` is	out-of-scope	ticket_plan.yaml:648-658	none mapped	undeclared	out_of_scope_lexical_inventory		INFERRED exact-path scope; source not read
239	specs/.history/modular-fuzzing-epic/ticket-000-MF-012/ticket/results/graph-reports/specWorkflow-20260718-153853-c3144c6b/cleanup-failure-probe-test-graph/build-logic/src/main/kotlin/com/hayden/testgraphsdk/exec/Executors.kt:89	lexical hit not semantically classified: * Wait for [process] up to [timeoutMillis]; if it doesn't return in time,	out-of-scope	ticket_plan.yaml:648-658	none mapped	undeclared	out_of_scope_lexical_inventory		INFERRED exact-path scope; source not read
240	specs/.history/modular-fuzzing-epic/ticket-000-MF-012/ticket/results/graph-reports/specWorkflow-20260718-153853-c3144c6b/cleanup-failure-probe-test-graph/build-logic/src/main/kotlin/com/hayden/testgraphsdk/exec/Executors.kt:96	lexical hit not semantically classified: * `waitFor()`; the spec parser doesn't emit those today, but the helper	out-of-scope	ticket_plan.yaml:648-658	none mapped	undeclared	out_of_scope_lexical_inventory		INFERRED exact-path scope; source not read
241	specs/.history/modular-fuzzing-epic/ticket-000-MF-012/ticket/results/graph-reports/specWorkflow-20260718-153853-c3144c6b/cleanup-failure-probe-test-graph/build-logic/src/main/kotlin/com/hayden/testgraphsdk/exec/JBangExecutor.kt:12	lexical hit not semantically classified: * crash, OOM at fork time, etc.). PlanExecutor stamps the path onto	out-of-scope	ticket_plan.yaml:648-658	none mapped	undeclared	out_of_scope_lexical_inventory		INFERRED exact-path scope; source not read
242	specs/.history/modular-fuzzing-epic/ticket-000-MF-012/ticket/results/graph-reports/specWorkflow-20260718-153853-c3144c6b/cleanup-failure-probe-test-graph/build-logic/src/main/kotlin/com/hayden/testgraphsdk/exec/PlanExecutor.kt:8	lexical hit not semantically classified: import java.time.Instant	out-of-scope	ticket_plan.yaml:648-658	none mapped	undeclared	out_of_scope_lexical_inventory		INFERRED exact-path scope; source not read
243	specs/.history/modular-fuzzing-epic/ticket-000-MF-012/ticket/results/graph-reports/specWorkflow-20260718-153853-c3144c6b/cleanup-failure-probe-test-graph/build-logic/src/main/kotlin/com/hayden/testgraphsdk/exec/PlanExecutor.kt:138	lexical hit not semantically classified: var startedAt = Instant.now()	out-of-scope	ticket_plan.yaml:648-658	none mapped	undeclared	out_of_scope_lexical_inventory		INFERRED exact-path scope; source not read
244	specs/.history/modular-fuzzing-epic/ticket-000-MF-012/ticket/results/graph-reports/specWorkflow-20260718-153853-c3144c6b/cleanup-failure-probe-test-graph/build-logic/src/main/kotlin/com/hayden/testgraphsdk/exec/PlanExecutor.kt:164	lexical hit not semantically classified: startedAt = Instant.now()	out-of-scope	ticket_plan.yaml:648-658	none mapped	undeclared	out_of_scope_lexical_inventory		INFERRED exact-path scope; source not read
245	specs/.history/modular-fuzzing-epic/ticket-000-MF-012/ticket/results/graph-reports/specWorkflow-20260718-153853-c3144c6b/cleanup-failure-probe-test-graph/build-logic/src/main/kotlin/com/hayden/testgraphsdk/exec/PlanExecutor.kt:166	lexical hit not semantically classified: endedAt = Instant.now()	out-of-scope	ticket_plan.yaml:648-658	none mapped	undeclared	out_of_scope_lexical_inventory		INFERRED exact-path scope; source not read
246	specs/.history/modular-fuzzing-epic/ticket-000-MF-012/ticket/results/graph-reports/specWorkflow-20260718-153853-c3144c6b/cleanup-failure-probe-test-graph/build-logic/src/main/kotlin/com/hayden/testgraphsdk/exec/PlanExecutor.kt:209	lexical hit not semantically classified: val now = Instant.now()	out-of-scope	ticket_plan.yaml:648-658	none mapped	undeclared	out_of_scope_lexical_inventory		INFERRED exact-path scope; source not read
247	specs/.history/modular-fuzzing-epic/ticket-000-MF-012/ticket/results/graph-reports/specWorkflow-20260718-153853-c3144c6b/cleanup-failure-probe-test-graph/build-logic/src/main/kotlin/com/hayden/testgraphsdk/exec/PlanExecutor.kt:222	lexical hit not semantically classified: startedAt = now,	out-of-scope	ticket_plan.yaml:648-658	none mapped	undeclared	out_of_scope_lexical_inventory		INFERRED exact-path scope; source not read
248	specs/.history/modular-fuzzing-epic/ticket-000-MF-012/ticket/results/graph-reports/specWorkflow-20260718-153853-c3144c6b/cleanup-failure-probe-test-graph/build-logic/src/main/kotlin/com/hayden/testgraphsdk/exec/PlanExecutor.kt:223	lexical hit not semantically classified: endedAt = now,	out-of-scope	ticket_plan.yaml:648-658	none mapped	undeclared	out_of_scope_lexical_inventory		INFERRED exact-path scope; source not read
249	specs/.history/modular-fuzzing-epic/ticket-000-MF-012/ticket/results/graph-reports/specWorkflow-20260718-153853-c3144c6b/cleanup-failure-probe-test-graph/build-logic/src/main/kotlin/com/hayden/testgraphsdk/exec/TimeoutParser.kt:6	lexical hit not semantically classified: * Accepts the suffix forms NodeSpec specs in the wild use today —	out-of-scope	ticket_plan.yaml:648-658	none mapped	undeclared	out_of_scope_lexical_inventory		INFERRED exact-path scope; source not read
250	specs/.history/modular-fuzzing-epic/ticket-000-MF-012/ticket/results/graph-reports/specWorkflow-20260718-153853-c3144c6b/cleanup-failure-probe-test-graph/build-logic/src/main/kotlin/com/hayden/testgraphsdk/exec/TimeoutParser.kt:10	lexical hit not semantically classified: * configuration time.	out-of-scope	ticket_plan.yaml:648-658	none mapped	undeclared	out_of_scope_lexical_inventory		INFERRED exact-path scope; source not read
251	specs/.history/modular-fuzzing-epic/ticket-000-MF-012/ticket/results/graph-reports/specWorkflow-20260718-153853-c3144c6b/cleanup-failure-probe-test-graph/build-logic/src/main/kotlin/com/hayden/testgraphsdk/tasks/RunReportWriter.kt:25	lexical hit not semantically classified: * The renderer now lives here as a plain object so {@link	out-of-scope	ticket_plan.yaml:648-658	none mapped	undeclared	out_of_scope_lexical_inventory		INFERRED exact-path scope; source not read
252	specs/.history/modular-fuzzing-epic/ticket-000-MF-012/ticket/results/graph-reports/specWorkflow-20260718-153853-c3144c6b/cleanup-failure-probe-test-graph/build-logic/src/main/kotlin/com/hayden/testgraphsdk/tasks/RunReportWriter.kt:300	lexical hit not semantically classified: java.time.Instant.parse(endIso).toEpochMilli() -	out-of-scope	ticket_plan.yaml:648-658	none mapped	undeclared	out_of_scope_lexical_inventory		INFERRED exact-path scope; source not read
253	specs/.history/modular-fuzzing-epic/ticket-000-MF-012/ticket/results/graph-reports/specWorkflow-20260718-153853-c3144c6b/cleanup-failure-probe-test-graph/build-logic/src/main/kotlin/com/hayden/testgraphsdk/tasks/RunReportWriter.kt:301	lexical hit not semantically classified: java.time.Instant.parse(startIso).toEpochMilli()	out-of-scope	ticket_plan.yaml:648-658	none mapped	undeclared	out_of_scope_lexical_inventory		INFERRED exact-path scope; source not read
254	specs/.history/modular-fuzzing-epic/ticket-000-MF-012/ticket/results/graph-reports/specWorkflow-20260718-153853-c3144c6b/cleanup-failure-probe-test-graph/build-logic/src/main/kotlin/com/hayden/testgraphsdk/tasks/RunTestGraphTask.kt:14	lexical hit not semantically classified: import java.time.Instant	out-of-scope	ticket_plan.yaml:648-658	none mapped	undeclared	out_of_scope_lexical_inventory		INFERRED exact-path scope; source not read
255	specs/.history/modular-fuzzing-epic/ticket-000-MF-012/ticket/results/graph-reports/specWorkflow-20260718-153853-c3144c6b/cleanup-failure-probe-test-graph/build-logic/src/main/kotlin/com/hayden/testgraphsdk/tasks/RunTestGraphTask.kt:15	lexical hit not semantically classified: import java.time.ZoneOffset	out-of-scope	ticket_plan.yaml:648-658	none mapped	undeclared	out_of_scope_lexical_inventory		INFERRED exact-path scope; source not read
256	specs/.history/modular-fuzzing-epic/ticket-000-MF-012/ticket/results/graph-reports/specWorkflow-20260718-153853-c3144c6b/cleanup-failure-probe-test-graph/build-logic/src/main/kotlin/com/hayden/testgraphsdk/tasks/RunTestGraphTask.kt:16	lexical hit not semantically classified: import java.time.format.DateTimeFormatter	out-of-scope	ticket_plan.yaml:648-658	none mapped	undeclared	out_of_scope_lexical_inventory		INFERRED exact-path scope; source not read
257	specs/.history/modular-fuzzing-epic/ticket-000-MF-012/ticket/results/graph-reports/specWorkflow-20260718-153853-c3144c6b/cleanup-failure-probe-test-graph/build-logic/src/main/kotlin/com/hayden/testgraphsdk/tasks/RunTestGraphTask.kt:23	"lexical hit not semantically classified: return ""${safeGraphName}-${fmt.format(Instant.now())}-${UUID.randomUUID().toString().take(8)}"""	out-of-scope	ticket_plan.yaml:648-658	none mapped	undeclared	out_of_scope_lexical_inventory		INFERRED exact-path scope; source not read
258	specs/.history/modular-fuzzing-epic/ticket-000-MF-012/ticket/results/graph-reports/specWorkflow-20260718-153853-c3144c6b/cleanup-failure-probe-test-graph/build-logic/src/main/kotlin/com/hayden/testgraphsdk/tasks/RunTestGraphTask.kt:31	lexical hit not semantically classified: * Non-Property internal fields are set at configuration time by the	out-of-scope	ticket_plan.yaml:648-658	none mapped	undeclared	out_of_scope_lexical_inventory		INFERRED exact-path scope; source not read
259	specs/.history/modular-fuzzing-epic/ticket-000-MF-012/ticket/results/graph-reports/specWorkflow-20260718-153853-c3144c6b/cleanup-failure-probe-test-graph/sdk/java/src/main/java/com/hayden/testgraphsdk/sdk/Node.java:5	lexical hit not semantically classified: import java.time.Instant;	out-of-scope	ticket_plan.yaml:648-658	none mapped	undeclared	out_of_scope_lexical_inventory		INFERRED exact-path scope; source not read
260	specs/.history/modular-fuzzing-epic/ticket-000-MF-012/ticket/results/graph-reports/specWorkflow-20260718-153853-c3144c6b/cleanup-failure-probe-test-graph/sdk/java/src/main/java/com/hayden/testgraphsdk/sdk/Node.java:50	lexical hit not semantically classified: Instant startedAt = Instant.now();	out-of-scope	ticket_plan.yaml:648-658	none mapped	undeclared	out_of_scope_lexical_inventory		INFERRED exact-path scope; source not read
261	specs/.history/modular-fuzzing-epic/ticket-000-MF-012/ticket/results/graph-reports/specWorkflow-20260718-153853-c3144c6b/cleanup-failure-probe-test-graph/sdk/java/src/main/java/com/hayden/testgraphsdk/sdk/Node.java:53	lexical hit not semantically classified: result = body.apply(ctx).startedAt(startedAt).endedAt(Instant.now());	out-of-scope	ticket_plan.yaml:648-658	none mapped	undeclared	out_of_scope_lexical_inventory		INFERRED exact-path scope; source not read
262	specs/.history/modular-fuzzing-epic/ticket-000-MF-012/ticket/results/graph-reports/specWorkflow-20260718-153853-c3144c6b/cleanup-failure-probe-test-graph/sdk/java/src/main/java/com/hayden/testgraphsdk/sdk/Node.java:57	lexical hit not semantically classified: .endedAt(Instant.now());	out-of-scope	ticket_plan.yaml:648-658	none mapped	undeclared	out_of_scope_lexical_inventory		INFERRED exact-path scope; source not read
263	specs/.history/modular-fuzzing-epic/ticket-000-MF-012/ticket/results/graph-reports/specWorkflow-20260718-153853-c3144c6b/cleanup-failure-probe-test-graph/sdk/java/src/main/java/com/hayden/testgraphsdk/sdk/NodeResult.java:5	lexical hit not semantically classified: import java.time.Instant;	out-of-scope	ticket_plan.yaml:648-658	none mapped	undeclared	out_of_scope_lexical_inventory		INFERRED exact-path scope; source not read
264	specs/.history/modular-fuzzing-epic/ticket-000-MF-012/ticket/results/graph-reports/specWorkflow-20260718-153853-c3144c6b/cleanup-failure-probe-test-graph/sdk/java/src/main/java/com/hayden/testgraphsdk/sdk/ProcessRecord.java:3	lexical hit not semantically classified: import java.time.Instant;	out-of-scope	ticket_plan.yaml:648-658	none mapped	undeclared	out_of_scope_lexical_inventory		INFERRED exact-path scope; source not read
265	specs/.history/modular-fuzzing-epic/ticket-000-MF-012/ticket/results/graph-reports/specWorkflow-20260718-153853-c3144c6b/cleanup-failure-probe-test-graph/sdk/java/src/main/java/com/hayden/testgraphsdk/sdk/ProcessRecord.java:69	lexical hit not semantically classified: /** Wall-clock duration in milliseconds, or -1 if either timestamp is missing. */	out-of-scope	ticket_plan.yaml:648-658	none mapped	undeclared	out_of_scope_lexical_inventory		INFERRED exact-path scope; source not read
266	specs/.history/modular-fuzzing-epic/ticket-000-MF-012/ticket/results/graph-reports/specWorkflow-20260718-153853-c3144c6b/cleanup-failure-probe-test-graph/sdk/java/src/main/java/com/hayden/testgraphsdk/sdk/Procs.java:6	lexical hit not semantically classified: import java.time.Instant;	out-of-scope	ticket_plan.yaml:648-658	none mapped	undeclared	out_of_scope_lexical_inventory		INFERRED exact-path scope; source not read
267	specs/.history/modular-fuzzing-epic/ticket-000-MF-012/ticket/results/graph-reports/specWorkflow-20260718-153853-c3144c6b/cleanup-failure-probe-test-graph/sdk/java/src/main/java/com/hayden/testgraphsdk/sdk/Procs.java:14	lexical hit not semantically classified: * dir), and any spawn-time error. Attach it to the result with	out-of-scope	ticket_plan.yaml:648-658	none mapped	undeclared	out_of_scope_lexical_inventory		INFERRED exact-path scope; source not read
268	specs/.history/modular-fuzzing-epic/ticket-000-MF-012/ticket/results/graph-reports/specWorkflow-20260718-153853-c3144c6b/cleanup-failure-probe-test-graph/sdk/java/src/main/java/com/hayden/testgraphsdk/sdk/Procs.java:72	lexical hit not semantically classified: Instant startedAt = Instant.now();	out-of-scope	ticket_plan.yaml:648-658	none mapped	undeclared	out_of_scope_lexical_inventory		INFERRED exact-path scope; source not read
269	specs/.history/modular-fuzzing-epic/ticket-000-MF-012/ticket/results/graph-reports/specWorkflow-20260718-153853-c3144c6b/cleanup-failure-probe-test-graph/sdk/java/src/main/java/com/hayden/testgraphsdk/sdk/Procs.java:78	lexical hit not semantically classified: return new ProcessRecord(label, command, startedAt, Instant.now(),	out-of-scope	ticket_plan.yaml:648-658	none mapped	undeclared	out_of_scope_lexical_inventory		INFERRED exact-path scope; source not read
270	specs/.history/modular-fuzzing-epic/ticket-000-MF-012/ticket/results/graph-reports/specWorkflow-20260718-153853-c3144c6b/cleanup-failure-probe-test-graph/sdk/java/src/main/java/com/hayden/testgraphsdk/sdk/Procs.java:88	lexical hit not semantically classified: return new ProcessRecord(label, command, startedAt, Instant.now(),	out-of-scope	ticket_plan.yaml:648-658	none mapped	undeclared	out_of_scope_lexical_inventory		INFERRED exact-path scope; source not read
271	specs/.history/modular-fuzzing-epic/ticket-000-MF-012/ticket/results/graph-reports/specWorkflow-20260718-153853-c3144c6b/cleanup-failure-probe-test-graph/sdk/java/src/main/java/com/hayden/testgraphsdk/sdk/Procs.java:92	lexical hit not semantically classified: label, command, startedAt, Instant.now(),	out-of-scope	ticket_plan.yaml:648-658	none mapped	undeclared	out_of_scope_lexical_inventory		INFERRED exact-path scope; source not read
272	specs/.history/modular-fuzzing-epic/ticket-000-MF-012/ticket/results/graph-reports/specWorkflow-20260718-153853-c3144c6b/cleanup-failure-probe-test-graph/sdk/python/src/testgraphsdk/procs.py:19	lexical hit not semantically classified: from datetime import datetime, timezone	out-of-scope	ticket_plan.yaml:648-658	none mapped	undeclared	out_of_scope_lexical_inventory		INFERRED exact-path scope; source not read
273	specs/.history/modular-fuzzing-epic/ticket-000-MF-012/ticket/results/graph-reports/specWorkflow-20260718-153853-c3144c6b/cleanup-failure-probe-test-graph/sdk/python/src/testgraphsdk/procs.py:65	lexical hit not semantically classified: started = datetime.now(timezone.utc)	out-of-scope	ticket_plan.yaml:648-658	none mapped	undeclared	out_of_scope_lexical_inventory		INFERRED exact-path scope; source not read
274	specs/.history/modular-fuzzing-epic/ticket-000-MF-012/ticket/results/graph-reports/specWorkflow-20260718-153853-c3144c6b/cleanup-failure-probe-test-graph/sdk/python/src/testgraphsdk/procs.py:86	lexical hit not semantically classified: ended_at=datetime.now(timezone.utc),	out-of-scope	ticket_plan.yaml:648-658	none mapped	undeclared	out_of_scope_lexical_inventory		INFERRED exact-path scope; source not read
275	specs/.history/modular-fuzzing-epic/ticket-000-MF-012/ticket/results/graph-reports/specWorkflow-20260718-153853-c3144c6b/cleanup-failure-probe-test-graph/sdk/python/src/testgraphsdk/procs.py:97	lexical hit not semantically classified: ended_at=datetime.now(timezone.utc),	out-of-scope	ticket_plan.yaml:648-658	none mapped	undeclared	out_of_scope_lexical_inventory		INFERRED exact-path scope; source not read
276	specs/.history/modular-fuzzing-epic/ticket-000-MF-012/ticket/results/graph-reports/specWorkflow-20260718-153853-c3144c6b/cleanup-failure-probe-test-graph/sdk/python/src/testgraphsdk/procs.py:108	lexical hit not semantically classified: ended_at=datetime.now(timezone.utc),	out-of-scope	ticket_plan.yaml:648-658	none mapped	undeclared	out_of_scope_lexical_inventory		INFERRED exact-path scope; source not read
277	specs/.history/modular-fuzzing-epic/ticket-000-MF-012/ticket/results/graph-reports/specWorkflow-20260718-153853-c3144c6b/cleanup-failure-probe-test-graph/sdk/python/src/testgraphsdk/result.py:5	lexical hit not semantically classified: from datetime import datetime, timezone	out-of-scope	ticket_plan.yaml:648-658	none mapped	undeclared	out_of_scope_lexical_inventory		INFERRED exact-path scope; source not read
278	specs/.history/modular-fuzzing-epic/ticket-000-MF-012/ticket/results/graph-reports/specWorkflow-20260718-153853-c3144c6b/cleanup-failure-probe-test-graph/sdk/python/src/testgraphsdk/result.py:52	lexical hit not semantically classified: started_at: datetime | None = None	out-of-scope	ticket_plan.yaml:648-658	none mapped	undeclared	out_of_scope_lexical_inventory		INFERRED exact-path scope; source not read
279	specs/.history/modular-fuzzing-epic/ticket-000-MF-012/ticket/results/graph-reports/specWorkflow-20260718-153853-c3144c6b/cleanup-failure-probe-test-graph/sdk/python/src/testgraphsdk/result.py:53	lexical hit not semantically classified: ended_at: datetime | None = None	out-of-scope	ticket_plan.yaml:648-658	none mapped	undeclared	out_of_scope_lexical_inventory		INFERRED exact-path scope; source not read
280	specs/.history/modular-fuzzing-epic/ticket-000-MF-012/ticket/results/graph-reports/specWorkflow-20260718-153853-c3144c6b/cleanup-failure-probe-test-graph/sdk/python/src/testgraphsdk/result.py:65	lexical hit not semantically classified: def iso(d: datetime | None) -> str | None:	out-of-scope	ticket_plan.yaml:648-658	none mapped	undeclared	out_of_scope_lexical_inventory		INFERRED exact-path scope; source not read
281	specs/.history/modular-fuzzing-epic/ticket-000-MF-012/ticket/results/graph-reports/specWorkflow-20260718-153853-c3144c6b/cleanup-failure-probe-test-graph/sdk/python/src/testgraphsdk/result.py:98	lexical hit not semantically classified: started_at: datetime | None = None	out-of-scope	ticket_plan.yaml:648-658	none mapped	undeclared	out_of_scope_lexical_inventory		INFERRED exact-path scope; source not read
282	specs/.history/modular-fuzzing-epic/ticket-000-MF-012/ticket/results/graph-reports/specWorkflow-20260718-153853-c3144c6b/cleanup-failure-probe-test-graph/sdk/python/src/testgraphsdk/result.py:99	lexical hit not semantically classified: ended_at: datetime | None = None	out-of-scope	ticket_plan.yaml:648-658	none mapped	undeclared	out_of_scope_lexical_inventory		INFERRED exact-path scope; source not read
283	specs/.history/modular-fuzzing-epic/ticket-000-MF-012/ticket/results/graph-reports/specWorkflow-20260718-153853-c3144c6b/cleanup-failure-probe-test-graph/sdk/python/src/testgraphsdk/result.py:164	"lexical hit not semantically classified: def _stamp(self, started: datetime, ended: datetime) -> ""NodeResult"":"	out-of-scope	ticket_plan.yaml:648-658	none mapped	undeclared	out_of_scope_lexical_inventory		INFERRED exact-path scope; source not read
284	specs/.history/modular-fuzzing-epic/ticket-000-MF-012/ticket/results/graph-reports/specWorkflow-20260718-153853-c3144c6b/cleanup-failure-probe-test-graph/sdk/python/src/testgraphsdk/result.py:173	lexical hit not semantically classified: def iso(d: datetime | None) -> str | None:	out-of-scope	ticket_plan.yaml:648-658	none mapped	undeclared	out_of_scope_lexical_inventory		INFERRED exact-path scope; source not read
285	specs/.history/modular-fuzzing-epic/ticket-000-MF-012/ticket/results/graph-reports/specWorkflow-20260718-153853-c3144c6b/cleanup-failure-probe-test-graph/sdk/python/src/testgraphsdk/runner.py:22	lexical hit not semantically classified: from datetime import datetime, timezone	out-of-scope	ticket_plan.yaml:648-658	none mapped	undeclared	out_of_scope_lexical_inventory		INFERRED exact-path scope; source not read
286	specs/.history/modular-fuzzing-epic/ticket-000-MF-012/ticket/results/graph-reports/specWorkflow-20260718-153853-c3144c6b/cleanup-failure-probe-test-graph/sdk/python/src/testgraphsdk/runner.py:47	lexical hit not semantically classified: started = datetime.now(timezone.utc)	out-of-scope	ticket_plan.yaml:648-658	none mapped	undeclared	out_of_scope_lexical_inventory		INFERRED exact-path scope; source not read
287	specs/.history/modular-fuzzing-epic/ticket-000-MF-012/ticket/results/graph-reports/specWorkflow-20260718-153853-c3144c6b/cleanup-failure-probe-test-graph/sdk/python/src/testgraphsdk/runner.py:52	lexical hit not semantically classified: ended = datetime.now(timezone.utc)	out-of-scope	ticket_plan.yaml:648-658	none mapped	undeclared	out_of_scope_lexical_inventory		INFERRED exact-path scope; source not read
288	specs/.history/modular-fuzzing-epic/ticket-002-MF-021/ticket/results/testgraph-specWorkflow/cleanup-failure-probe-test-graph/build-logic/src/main/kotlin/com/hayden/testgraphsdk/MiniJson.kt:6	lexical hit not semantically classified: * Keeps the plugin dependency-free now that we no longer need snakeyaml.	out-of-scope	ticket_plan.yaml:648-658	none mapped	undeclared	out_of_scope_lexical_inventory		INFERRED exact-path scope; source not read
289	specs/.history/modular-fuzzing-epic/ticket-002-MF-021/ticket/results/testgraph-specWorkflow/cleanup-failure-probe-test-graph/build-logic/src/main/kotlin/com/hayden/testgraphsdk/TestGraphSpec.kt:8	lexical hit not semantically classified: * Every setter returns `this`; at plan-build time the overlay is merged	out-of-scope	ticket_plan.yaml:648-658	none mapped	undeclared	out_of_scope_lexical_inventory		INFERRED exact-path scope; source not read
290	specs/.history/modular-fuzzing-epic/ticket-002-MF-021/ticket/results/testgraph-specWorkflow/cleanup-failure-probe-test-graph/build-logic/src/main/kotlin/com/hayden/testgraphsdk/TestGraphSpec.kt:55	lexical hit not semantically classified: * at execution time.	out-of-scope	ticket_plan.yaml:648-658	none mapped	undeclared	out_of_scope_lexical_inventory		INFERRED exact-path scope; source not read
291	specs/.history/modular-fuzzing-epic/ticket-002-MF-021/ticket/results/testgraph-specWorkflow/cleanup-failure-probe-test-graph/build-logic/src/main/kotlin/com/hayden/testgraphsdk/ValidationGraphPlugin.kt:74	lexical hit not semantically classified: // serialized in declaration order. Configure-time `dependsOn` is	out-of-scope	ticket_plan.yaml:648-658	none mapped	undeclared	out_of_scope_lexical_inventory		INFERRED exact-path scope; source not read
292	specs/.history/modular-fuzzing-epic/ticket-002-MF-021/ticket/results/testgraph-specWorkflow/cleanup-failure-probe-test-graph/build-logic/src/main/kotlin/com/hayden/testgraphsdk/exec/Executors.kt:89	lexical hit not semantically classified: * Wait for [process] up to [timeoutMillis]; if it doesn't return in time,	out-of-scope	ticket_plan.yaml:648-658	none mapped	undeclared	out_of_scope_lexical_inventory		INFERRED exact-path scope; source not read
293	specs/.history/modular-fuzzing-epic/ticket-002-MF-021/ticket/results/testgraph-specWorkflow/cleanup-failure-probe-test-graph/build-logic/src/main/kotlin/com/hayden/testgraphsdk/exec/Executors.kt:96	lexical hit not semantically classified: * `waitFor()`; the spec parser doesn't emit those today, but the helper	out-of-scope	ticket_plan.yaml:648-658	none mapped	undeclared	out_of_scope_lexical_inventory		INFERRED exact-path scope; source not read
294	specs/.history/modular-fuzzing-epic/ticket-002-MF-021/ticket/results/testgraph-specWorkflow/cleanup-failure-probe-test-graph/build-logic/src/main/kotlin/com/hayden/testgraphsdk/exec/JBangExecutor.kt:12	lexical hit not semantically classified: * crash, OOM at fork time, etc.). PlanExecutor stamps the path onto	out-of-scope	ticket_plan.yaml:648-658	none mapped	undeclared	out_of_scope_lexical_inventory		INFERRED exact-path scope; source not read
295	specs/.history/modular-fuzzing-epic/ticket-002-MF-021/ticket/results/testgraph-specWorkflow/cleanup-failure-probe-test-graph/build-logic/src/main/kotlin/com/hayden/testgraphsdk/exec/PlanExecutor.kt:8	lexical hit not semantically classified: import java.time.Instant	out-of-scope	ticket_plan.yaml:648-658	none mapped	undeclared	out_of_scope_lexical_inventory		INFERRED exact-path scope; source not read
296	specs/.history/modular-fuzzing-epic/ticket-002-MF-021/ticket/results/testgraph-specWorkflow/cleanup-failure-probe-test-graph/build-logic/src/main/kotlin/com/hayden/testgraphsdk/exec/PlanExecutor.kt:138	lexical hit not semantically classified: var startedAt = Instant.now()	out-of-scope	ticket_plan.yaml:648-658	none mapped	undeclared	out_of_scope_lexical_inventory		INFERRED exact-path scope; source not read
297	specs/.history/modular-fuzzing-epic/ticket-002-MF-021/ticket/results/testgraph-specWorkflow/cleanup-failure-probe-test-graph/build-logic/src/main/kotlin/com/hayden/testgraphsdk/exec/PlanExecutor.kt:164	lexical hit not semantically classified: startedAt = Instant.now()	out-of-scope	ticket_plan.yaml:648-658	none mapped	undeclared	out_of_scope_lexical_inventory		INFERRED exact-path scope; source not read
298	specs/.history/modular-fuzzing-epic/ticket-002-MF-021/ticket/results/testgraph-specWorkflow/cleanup-failure-probe-test-graph/build-logic/src/main/kotlin/com/hayden/testgraphsdk/exec/PlanExecutor.kt:166	lexical hit not semantically classified: endedAt = Instant.now()	out-of-scope	ticket_plan.yaml:648-658	none mapped	undeclared	out_of_scope_lexical_inventory		INFERRED exact-path scope; source not read
299	specs/.history/modular-fuzzing-epic/ticket-002-MF-021/ticket/results/testgraph-specWorkflow/cleanup-failure-probe-test-graph/build-logic/src/main/kotlin/com/hayden/testgraphsdk/exec/PlanExecutor.kt:209	lexical hit not semantically classified: val now = Instant.now()	out-of-scope	ticket_plan.yaml:648-658	none mapped	undeclared	out_of_scope_lexical_inventory		INFERRED exact-path scope; source not read
300	specs/.history/modular-fuzzing-epic/ticket-002-MF-021/ticket/results/testgraph-specWorkflow/cleanup-failure-probe-test-graph/build-logic/src/main/kotlin/com/hayden/testgraphsdk/exec/PlanExecutor.kt:222	lexical hit not semantically classified: startedAt = now,	out-of-scope	ticket_plan.yaml:648-658	none mapped	undeclared	out_of_scope_lexical_inventory		INFERRED exact-path scope; source not read
301	specs/.history/modular-fuzzing-epic/ticket-002-MF-021/ticket/results/testgraph-specWorkflow/cleanup-failure-probe-test-graph/build-logic/src/main/kotlin/com/hayden/testgraphsdk/exec/PlanExecutor.kt:223	lexical hit not semantically classified: endedAt = now,	out-of-scope	ticket_plan.yaml:648-658	none mapped	undeclared	out_of_scope_lexical_inventory		INFERRED exact-path scope; source not read
302	specs/.history/modular-fuzzing-epic/ticket-002-MF-021/ticket/results/testgraph-specWorkflow/cleanup-failure-probe-test-graph/build-logic/src/main/kotlin/com/hayden/testgraphsdk/exec/TimeoutParser.kt:6	lexical hit not semantically classified: * Accepts the suffix forms NodeSpec specs in the wild use today —	out-of-scope	ticket_plan.yaml:648-658	none mapped	undeclared	out_of_scope_lexical_inventory		INFERRED exact-path scope; source not read
303	specs/.history/modular-fuzzing-epic/ticket-002-MF-021/ticket/results/testgraph-specWorkflow/cleanup-failure-probe-test-graph/build-logic/src/main/kotlin/com/hayden/testgraphsdk/exec/TimeoutParser.kt:10	lexical hit not semantically classified: * configuration time.	out-of-scope	ticket_plan.yaml:648-658	none mapped	undeclared	out_of_scope_lexical_inventory		INFERRED exact-path scope; source not read
304	specs/.history/modular-fuzzing-epic/ticket-002-MF-021/ticket/results/testgraph-specWorkflow/cleanup-failure-probe-test-graph/build-logic/src/main/kotlin/com/hayden/testgraphsdk/tasks/RunReportWriter.kt:25	lexical hit not semantically classified: * The renderer now lives here as a plain object so {@link	out-of-scope	ticket_plan.yaml:648-658	none mapped	undeclared	out_of_scope_lexical_inventory		INFERRED exact-path scope; source not read
305	specs/.history/modular-fuzzing-epic/ticket-002-MF-021/ticket/results/testgraph-specWorkflow/cleanup-failure-probe-test-graph/build-logic/src/main/kotlin/com/hayden/testgraphsdk/tasks/RunReportWriter.kt:300	lexical hit not semantically classified: java.time.Instant.parse(endIso).toEpochMilli() -	out-of-scope	ticket_plan.yaml:648-658	none mapped	undeclared	out_of_scope_lexical_inventory		INFERRED exact-path scope; source not read
306	specs/.history/modular-fuzzing-epic/ticket-002-MF-021/ticket/results/testgraph-specWorkflow/cleanup-failure-probe-test-graph/build-logic/src/main/kotlin/com/hayden/testgraphsdk/tasks/RunReportWriter.kt:301	lexical hit not semantically classified: java.time.Instant.parse(startIso).toEpochMilli()	out-of-scope	ticket_plan.yaml:648-658	none mapped	undeclared	out_of_scope_lexical_inventory		INFERRED exact-path scope; source not read
307	specs/.history/modular-fuzzing-epic/ticket-002-MF-021/ticket/results/testgraph-specWorkflow/cleanup-failure-probe-test-graph/build-logic/src/main/kotlin/com/hayden/testgraphsdk/tasks/RunTestGraphTask.kt:14	lexical hit not semantically classified: import java.time.Instant	out-of-scope	ticket_plan.yaml:648-658	none mapped	undeclared	out_of_scope_lexical_inventory		INFERRED exact-path scope; source not read
308	specs/.history/modular-fuzzing-epic/ticket-002-MF-021/ticket/results/testgraph-specWorkflow/cleanup-failure-probe-test-graph/build-logic/src/main/kotlin/com/hayden/testgraphsdk/tasks/RunTestGraphTask.kt:15	lexical hit not semantically classified: import java.time.ZoneOffset	out-of-scope	ticket_plan.yaml:648-658	none mapped	undeclared	out_of_scope_lexical_inventory		INFERRED exact-path scope; source not read
309	specs/.history/modular-fuzzing-epic/ticket-002-MF-021/ticket/results/testgraph-specWorkflow/cleanup-failure-probe-test-graph/build-logic/src/main/kotlin/com/hayden/testgraphsdk/tasks/RunTestGraphTask.kt:16	lexical hit not semantically classified: import java.time.format.DateTimeFormatter	out-of-scope	ticket_plan.yaml:648-658	none mapped	undeclared	out_of_scope_lexical_inventory		INFERRED exact-path scope; source not read
310	specs/.history/modular-fuzzing-epic/ticket-002-MF-021/ticket/results/testgraph-specWorkflow/cleanup-failure-probe-test-graph/build-logic/src/main/kotlin/com/hayden/testgraphsdk/tasks/RunTestGraphTask.kt:23	"lexical hit not semantically classified: return ""${safeGraphName}-${fmt.format(Instant.now())}-${UUID.randomUUID().toString().take(8)}"""	out-of-scope	ticket_plan.yaml:648-658	none mapped	undeclared	out_of_scope_lexical_inventory		INFERRED exact-path scope; source not read
311	specs/.history/modular-fuzzing-epic/ticket-002-MF-021/ticket/results/testgraph-specWorkflow/cleanup-failure-probe-test-graph/build-logic/src/main/kotlin/com/hayden/testgraphsdk/tasks/RunTestGraphTask.kt:31	lexical hit not semantically classified: * Non-Property internal fields are set at configuration time by the	out-of-scope	ticket_plan.yaml:648-658	none mapped	undeclared	out_of_scope_lexical_inventory		INFERRED exact-path scope; source not read
312	specs/.history/modular-fuzzing-epic/ticket-002-MF-021/ticket/results/testgraph-specWorkflow/cleanup-failure-probe-test-graph/sdk/java/src/main/java/com/hayden/testgraphsdk/sdk/Node.java:5	lexical hit not semantically classified: import java.time.Instant;	out-of-scope	ticket_plan.yaml:648-658	none mapped	undeclared	out_of_scope_lexical_inventory		INFERRED exact-path scope; source not read
313	specs/.history/modular-fuzzing-epic/ticket-002-MF-021/ticket/results/testgraph-specWorkflow/cleanup-failure-probe-test-graph/sdk/java/src/main/java/com/hayden/testgraphsdk/sdk/Node.java:50	lexical hit not semantically classified: Instant startedAt = Instant.now();	out-of-scope	ticket_plan.yaml:648-658	none mapped	undeclared	out_of_scope_lexical_inventory		INFERRED exact-path scope; source not read
314	specs/.history/modular-fuzzing-epic/ticket-002-MF-021/ticket/results/testgraph-specWorkflow/cleanup-failure-probe-test-graph/sdk/java/src/main/java/com/hayden/testgraphsdk/sdk/Node.java:53	lexical hit not semantically classified: result = body.apply(ctx).startedAt(startedAt).endedAt(Instant.now());	out-of-scope	ticket_plan.yaml:648-658	none mapped	undeclared	out_of_scope_lexical_inventory		INFERRED exact-path scope; source not read
315	specs/.history/modular-fuzzing-epic/ticket-002-MF-021/ticket/results/testgraph-specWorkflow/cleanup-failure-probe-test-graph/sdk/java/src/main/java/com/hayden/testgraphsdk/sdk/Node.java:57	lexical hit not semantically classified: .endedAt(Instant.now());	out-of-scope	ticket_plan.yaml:648-658	none mapped	undeclared	out_of_scope_lexical_inventory		INFERRED exact-path scope; source not read
316	specs/.history/modular-fuzzing-epic/ticket-002-MF-021/ticket/results/testgraph-specWorkflow/cleanup-failure-probe-test-graph/sdk/java/src/main/java/com/hayden/testgraphsdk/sdk/NodeResult.java:5	lexical hit not semantically classified: import java.time.Instant;	out-of-scope	ticket_plan.yaml:648-658	none mapped	undeclared	out_of_scope_lexical_inventory		INFERRED exact-path scope; source not read
317	specs/.history/modular-fuzzing-epic/ticket-002-MF-021/ticket/results/testgraph-specWorkflow/cleanup-failure-probe-test-graph/sdk/java/src/main/java/com/hayden/testgraphsdk/sdk/ProcessRecord.java:3	lexical hit not semantically classified: import java.time.Instant;	out-of-scope	ticket_plan.yaml:648-658	none mapped	undeclared	out_of_scope_lexical_inventory		INFERRED exact-path scope; source not read
318	specs/.history/modular-fuzzing-epic/ticket-002-MF-021/ticket/results/testgraph-specWorkflow/cleanup-failure-probe-test-graph/sdk/java/src/main/java/com/hayden/testgraphsdk/sdk/ProcessRecord.java:69	lexical hit not semantically classified: /** Wall-clock duration in milliseconds, or -1 if either timestamp is missing. */	out-of-scope	ticket_plan.yaml:648-658	none mapped	undeclared	out_of_scope_lexical_inventory		INFERRED exact-path scope; source not read
319	specs/.history/modular-fuzzing-epic/ticket-002-MF-021/ticket/results/testgraph-specWorkflow/cleanup-failure-probe-test-graph/sdk/java/src/main/java/com/hayden/testgraphsdk/sdk/Procs.java:6	lexical hit not semantically classified: import java.time.Instant;	out-of-scope	ticket_plan.yaml:648-658	none mapped	undeclared	out_of_scope_lexical_inventory		INFERRED exact-path scope; source not read
320	specs/.history/modular-fuzzing-epic/ticket-002-MF-021/ticket/results/testgraph-specWorkflow/cleanup-failure-probe-test-graph/sdk/java/src/main/java/com/hayden/testgraphsdk/sdk/Procs.java:14	lexical hit not semantically classified: * dir), and any spawn-time error. Attach it to the result with	out-of-scope	ticket_plan.yaml:648-658	none mapped	undeclared	out_of_scope_lexical_inventory		INFERRED exact-path scope; source not read
321	specs/.history/modular-fuzzing-epic/ticket-002-MF-021/ticket/results/testgraph-specWorkflow/cleanup-failure-probe-test-graph/sdk/java/src/main/java/com/hayden/testgraphsdk/sdk/Procs.java:72	lexical hit not semantically classified: Instant startedAt = Instant.now();	out-of-scope	ticket_plan.yaml:648-658	none mapped	undeclared	out_of_scope_lexical_inventory		INFERRED exact-path scope; source not read
322	specs/.history/modular-fuzzing-epic/ticket-002-MF-021/ticket/results/testgraph-specWorkflow/cleanup-failure-probe-test-graph/sdk/java/src/main/java/com/hayden/testgraphsdk/sdk/Procs.java:78	lexical hit not semantically classified: return new ProcessRecord(label, command, startedAt, Instant.now(),	out-of-scope	ticket_plan.yaml:648-658	none mapped	undeclared	out_of_scope_lexical_inventory		INFERRED exact-path scope; source not read
323	specs/.history/modular-fuzzing-epic/ticket-002-MF-021/ticket/results/testgraph-specWorkflow/cleanup-failure-probe-test-graph/sdk/java/src/main/java/com/hayden/testgraphsdk/sdk/Procs.java:88	lexical hit not semantically classified: return new ProcessRecord(label, command, startedAt, Instant.now(),	out-of-scope	ticket_plan.yaml:648-658	none mapped	undeclared	out_of_scope_lexical_inventory		INFERRED exact-path scope; source not read
324	specs/.history/modular-fuzzing-epic/ticket-002-MF-021/ticket/results/testgraph-specWorkflow/cleanup-failure-probe-test-graph/sdk/java/src/main/java/com/hayden/testgraphsdk/sdk/Procs.java:92	lexical hit not semantically classified: label, command, startedAt, Instant.now(),	out-of-scope	ticket_plan.yaml:648-658	none mapped	undeclared	out_of_scope_lexical_inventory		INFERRED exact-path scope; source not read
325	specs/.history/modular-fuzzing-epic/ticket-002-MF-021/ticket/results/testgraph-specWorkflow/cleanup-failure-probe-test-graph/sdk/python/src/testgraphsdk/procs.py:19	lexical hit not semantically classified: from datetime import datetime, timezone	out-of-scope	ticket_plan.yaml:648-658	none mapped	undeclared	out_of_scope_lexical_inventory		INFERRED exact-path scope; source not read
326	specs/.history/modular-fuzzing-epic/ticket-002-MF-021/ticket/results/testgraph-specWorkflow/cleanup-failure-probe-test-graph/sdk/python/src/testgraphsdk/procs.py:65	lexical hit not semantically classified: started = datetime.now(timezone.utc)	out-of-scope	ticket_plan.yaml:648-658	none mapped	undeclared	out_of_scope_lexical_inventory		INFERRED exact-path scope; source not read
327	specs/.history/modular-fuzzing-epic/ticket-002-MF-021/ticket/results/testgraph-specWorkflow/cleanup-failure-probe-test-graph/sdk/python/src/testgraphsdk/procs.py:86	lexical hit not semantically classified: ended_at=datetime.now(timezone.utc),	out-of-scope	ticket_plan.yaml:648-658	none mapped	undeclared	out_of_scope_lexical_inventory		INFERRED exact-path scope; source not read
328	specs/.history/modular-fuzzing-epic/ticket-002-MF-021/ticket/results/testgraph-specWorkflow/cleanup-failure-probe-test-graph/sdk/python/src/testgraphsdk/procs.py:97	lexical hit not semantically classified: ended_at=datetime.now(timezone.utc),	out-of-scope	ticket_plan.yaml:648-658	none mapped	undeclared	out_of_scope_lexical_inventory		INFERRED exact-path scope; source not read
329	specs/.history/modular-fuzzing-epic/ticket-002-MF-021/ticket/results/testgraph-specWorkflow/cleanup-failure-probe-test-graph/sdk/python/src/testgraphsdk/procs.py:108	lexical hit not semantically classified: ended_at=datetime.now(timezone.utc),	out-of-scope	ticket_plan.yaml:648-658	none mapped	undeclared	out_of_scope_lexical_inventory		INFERRED exact-path scope; source not read
330	specs/.history/modular-fuzzing-epic/ticket-002-MF-021/ticket/results/testgraph-specWorkflow/cleanup-failure-probe-test-graph/sdk/python/src/testgraphsdk/result.py:5	lexical hit not semantically classified: from datetime import datetime, timezone	out-of-scope	ticket_plan.yaml:648-658	none mapped	undeclared	out_of_scope_lexical_inventory		INFERRED exact-path scope; source not read
331	specs/.history/modular-fuzzing-epic/ticket-002-MF-021/ticket/results/testgraph-specWorkflow/cleanup-failure-probe-test-graph/sdk/python/src/testgraphsdk/result.py:52	lexical hit not semantically classified: started_at: datetime | None = None	out-of-scope	ticket_plan.yaml:648-658	none mapped	undeclared	out_of_scope_lexical_inventory		INFERRED exact-path scope; source not read
332	specs/.history/modular-fuzzing-epic/ticket-002-MF-021/ticket/results/testgraph-specWorkflow/cleanup-failure-probe-test-graph/sdk/python/src/testgraphsdk/result.py:53	lexical hit not semantically classified: ended_at: datetime | None = None	out-of-scope	ticket_plan.yaml:648-658	none mapped	undeclared	out_of_scope_lexical_inventory		INFERRED exact-path scope; source not read
333	specs/.history/modular-fuzzing-epic/ticket-002-MF-021/ticket/results/testgraph-specWorkflow/cleanup-failure-probe-test-graph/sdk/python/src/testgraphsdk/result.py:65	lexical hit not semantically classified: def iso(d: datetime | None) -> str | None:	out-of-scope	ticket_plan.yaml:648-658	none mapped	undeclared	out_of_scope_lexical_inventory		INFERRED exact-path scope; source not read
334	specs/.history/modular-fuzzing-epic/ticket-002-MF-021/ticket/results/testgraph-specWorkflow/cleanup-failure-probe-test-graph/sdk/python/src/testgraphsdk/result.py:98	lexical hit not semantically classified: started_at: datetime | None = None	out-of-scope	ticket_plan.yaml:648-658	none mapped	undeclared	out_of_scope_lexical_inventory		INFERRED exact-path scope; source not read
335	specs/.history/modular-fuzzing-epic/ticket-002-MF-021/ticket/results/testgraph-specWorkflow/cleanup-failure-probe-test-graph/sdk/python/src/testgraphsdk/result.py:99	lexical hit not semantically classified: ended_at: datetime | None = None	out-of-scope	ticket_plan.yaml:648-658	none mapped	undeclared	out_of_scope_lexical_inventory		INFERRED exact-path scope; source not read
336	specs/.history/modular-fuzzing-epic/ticket-002-MF-021/ticket/results/testgraph-specWorkflow/cleanup-failure-probe-test-graph/sdk/python/src/testgraphsdk/result.py:164	"lexical hit not semantically classified: def _stamp(self, started: datetime, ended: datetime) -> ""NodeResult"":"	out-of-scope	ticket_plan.yaml:648-658	none mapped	undeclared	out_of_scope_lexical_inventory		INFERRED exact-path scope; source not read
337	specs/.history/modular-fuzzing-epic/ticket-002-MF-021/ticket/results/testgraph-specWorkflow/cleanup-failure-probe-test-graph/sdk/python/src/testgraphsdk/result.py:173	lexical hit not semantically classified: def iso(d: datetime | None) -> str | None:	out-of-scope	ticket_plan.yaml:648-658	none mapped	undeclared	out_of_scope_lexical_inventory		INFERRED exact-path scope; source not read
338	specs/.history/modular-fuzzing-epic/ticket-002-MF-021/ticket/results/testgraph-specWorkflow/cleanup-failure-probe-test-graph/sdk/python/src/testgraphsdk/runner.py:22	lexical hit not semantically classified: from datetime import datetime, timezone	out-of-scope	ticket_plan.yaml:648-658	none mapped	undeclared	out_of_scope_lexical_inventory		INFERRED exact-path scope; source not read
339	specs/.history/modular-fuzzing-epic/ticket-002-MF-021/ticket/results/testgraph-specWorkflow/cleanup-failure-probe-test-graph/sdk/python/src/testgraphsdk/runner.py:47	lexical hit not semantically classified: started = datetime.now(timezone.utc)	out-of-scope	ticket_plan.yaml:648-658	none mapped	undeclared	out_of_scope_lexical_inventory		INFERRED exact-path scope; source not read
340	specs/.history/modular-fuzzing-epic/ticket-002-MF-021/ticket/results/testgraph-specWorkflow/cleanup-failure-probe-test-graph/sdk/python/src/testgraphsdk/runner.py:52	lexical hit not semantically classified: ended = datetime.now(timezone.utc)	out-of-scope	ticket_plan.yaml:648-658	none mapped	undeclared	out_of_scope_lexical_inventory		INFERRED exact-path scope; source not read
341	specs/.history/modular-fuzzing-epic/ticket-003-MF-011/results/testgraph-specWorkflow/cleanup-failure-probe-test-graph/build-logic/src/main/kotlin/com/hayden/testgraphsdk/MiniJson.kt:6	lexical hit not semantically classified: * Keeps the plugin dependency-free now that we no longer need snakeyaml.	out-of-scope	ticket_plan.yaml:648-658	none mapped	undeclared	out_of_scope_lexical_inventory		INFERRED exact-path scope; source not read
342	specs/.history/modular-fuzzing-epic/ticket-003-MF-011/results/testgraph-specWorkflow/cleanup-failure-probe-test-graph/build-logic/src/main/kotlin/com/hayden/testgraphsdk/TestGraphSpec.kt:8	lexical hit not semantically classified: * Every setter returns `this`; at plan-build time the overlay is merged	out-of-scope	ticket_plan.yaml:648-658	none mapped	undeclared	out_of_scope_lexical_inventory		INFERRED exact-path scope; source not read
343	specs/.history/modular-fuzzing-epic/ticket-003-MF-011/results/testgraph-specWorkflow/cleanup-failure-probe-test-graph/build-logic/src/main/kotlin/com/hayden/testgraphsdk/TestGraphSpec.kt:55	lexical hit not semantically classified: * at execution time.	out-of-scope	ticket_plan.yaml:648-658	none mapped	undeclared	out_of_scope_lexical_inventory		INFERRED exact-path scope; source not read
344	specs/.history/modular-fuzzing-epic/ticket-003-MF-011/results/testgraph-specWorkflow/cleanup-failure-probe-test-graph/build-logic/src/main/kotlin/com/hayden/testgraphsdk/ValidationGraphPlugin.kt:74	lexical hit not semantically classified: // serialized in declaration order. Configure-time `dependsOn` is	out-of-scope	ticket_plan.yaml:648-658	none mapped	undeclared	out_of_scope_lexical_inventory		INFERRED exact-path scope; source not read
345	specs/.history/modular-fuzzing-epic/ticket-003-MF-011/results/testgraph-specWorkflow/cleanup-failure-probe-test-graph/build-logic/src/main/kotlin/com/hayden/testgraphsdk/exec/Executors.kt:89	lexical hit not semantically classified: * Wait for [process] up to [timeoutMillis]; if it doesn't return in time,	out-of-scope	ticket_plan.yaml:648-658	none mapped	undeclared	out_of_scope_lexical_inventory		INFERRED exact-path scope; source not read
346	specs/.history/modular-fuzzing-epic/ticket-003-MF-011/results/testgraph-specWorkflow/cleanup-failure-probe-test-graph/build-logic/src/main/kotlin/com/hayden/testgraphsdk/exec/Executors.kt:96	lexical hit not semantically classified: * `waitFor()`; the spec parser doesn't emit those today, but the helper	out-of-scope	ticket_plan.yaml:648-658	none mapped	undeclared	out_of_scope_lexical_inventory		INFERRED exact-path scope; source not read
347	specs/.history/modular-fuzzing-epic/ticket-003-MF-011/results/testgraph-specWorkflow/cleanup-failure-probe-test-graph/build-logic/src/main/kotlin/com/hayden/testgraphsdk/exec/JBangExecutor.kt:12	lexical hit not semantically classified: * crash, OOM at fork time, etc.). PlanExecutor stamps the path onto	out-of-scope	ticket_plan.yaml:648-658	none mapped	undeclared	out_of_scope_lexical_inventory		INFERRED exact-path scope; source not read
348	specs/.history/modular-fuzzing-epic/ticket-003-MF-011/results/testgraph-specWorkflow/cleanup-failure-probe-test-graph/build-logic/src/main/kotlin/com/hayden/testgraphsdk/exec/PlanExecutor.kt:8	lexical hit not semantically classified: import java.time.Instant	out-of-scope	ticket_plan.yaml:648-658	none mapped	undeclared	out_of_scope_lexical_inventory		INFERRED exact-path scope; source not read
349	specs/.history/modular-fuzzing-epic/ticket-003-MF-011/results/testgraph-specWorkflow/cleanup-failure-probe-test-graph/build-logic/src/main/kotlin/com/hayden/testgraphsdk/exec/PlanExecutor.kt:138	lexical hit not semantically classified: var startedAt = Instant.now()	out-of-scope	ticket_plan.yaml:648-658	none mapped	undeclared	out_of_scope_lexical_inventory		INFERRED exact-path scope; source not read
350	specs/.history/modular-fuzzing-epic/ticket-003-MF-011/results/testgraph-specWorkflow/cleanup-failure-probe-test-graph/build-logic/src/main/kotlin/com/hayden/testgraphsdk/exec/PlanExecutor.kt:164	lexical hit not semantically classified: startedAt = Instant.now()	out-of-scope	ticket_plan.yaml:648-658	none mapped	undeclared	out_of_scope_lexical_inventory		INFERRED exact-path scope; source not read
351	specs/.history/modular-fuzzing-epic/ticket-003-MF-011/results/testgraph-specWorkflow/cleanup-failure-probe-test-graph/build-logic/src/main/kotlin/com/hayden/testgraphsdk/exec/PlanExecutor.kt:166	lexical hit not semantically classified: endedAt = Instant.now()	out-of-scope	ticket_plan.yaml:648-658	none mapped	undeclared	out_of_scope_lexical_inventory		INFERRED exact-path scope; source not read
352	specs/.history/modular-fuzzing-epic/ticket-003-MF-011/results/testgraph-specWorkflow/cleanup-failure-probe-test-graph/build-logic/src/main/kotlin/com/hayden/testgraphsdk/exec/PlanExecutor.kt:209	lexical hit not semantically classified: val now = Instant.now()	out-of-scope	ticket_plan.yaml:648-658	none mapped	undeclared	out_of_scope_lexical_inventory		INFERRED exact-path scope; source not read
353	specs/.history/modular-fuzzing-epic/ticket-003-MF-011/results/testgraph-specWorkflow/cleanup-failure-probe-test-graph/build-logic/src/main/kotlin/com/hayden/testgraphsdk/exec/PlanExecutor.kt:222	lexical hit not semantically classified: startedAt = now,	out-of-scope	ticket_plan.yaml:648-658	none mapped	undeclared	out_of_scope_lexical_inventory		INFERRED exact-path scope; source not read
354	specs/.history/modular-fuzzing-epic/ticket-003-MF-011/results/testgraph-specWorkflow/cleanup-failure-probe-test-graph/build-logic/src/main/kotlin/com/hayden/testgraphsdk/exec/PlanExecutor.kt:223	lexical hit not semantically classified: endedAt = now,	out-of-scope	ticket_plan.yaml:648-658	none mapped	undeclared	out_of_scope_lexical_inventory		INFERRED exact-path scope; source not read
355	specs/.history/modular-fuzzing-epic/ticket-003-MF-011/results/testgraph-specWorkflow/cleanup-failure-probe-test-graph/build-logic/src/main/kotlin/com/hayden/testgraphsdk/exec/TimeoutParser.kt:6	lexical hit not semantically classified: * Accepts the suffix forms NodeSpec specs in the wild use today —	out-of-scope	ticket_plan.yaml:648-658	none mapped	undeclared	out_of_scope_lexical_inventory		INFERRED exact-path scope; source not read
356	specs/.history/modular-fuzzing-epic/ticket-003-MF-011/results/testgraph-specWorkflow/cleanup-failure-probe-test-graph/build-logic/src/main/kotlin/com/hayden/testgraphsdk/exec/TimeoutParser.kt:10	lexical hit not semantically classified: * configuration time.	out-of-scope	ticket_plan.yaml:648-658	none mapped	undeclared	out_of_scope_lexical_inventory		INFERRED exact-path scope; source not read
357	specs/.history/modular-fuzzing-epic/ticket-003-MF-011/results/testgraph-specWorkflow/cleanup-failure-probe-test-graph/build-logic/src/main/kotlin/com/hayden/testgraphsdk/tasks/RunReportWriter.kt:25	lexical hit not semantically classified: * The renderer now lives here as a plain object so {@link	out-of-scope	ticket_plan.yaml:648-658	none mapped	undeclared	out_of_scope_lexical_inventory		INFERRED exact-path scope; source not read
358	specs/.history/modular-fuzzing-epic/ticket-003-MF-011/results/testgraph-specWorkflow/cleanup-failure-probe-test-graph/build-logic/src/main/kotlin/com/hayden/testgraphsdk/tasks/RunReportWriter.kt:300	lexical hit not semantically classified: java.time.Instant.parse(endIso).toEpochMilli() -	out-of-scope	ticket_plan.yaml:648-658	none mapped	undeclared	out_of_scope_lexical_inventory		INFERRED exact-path scope; source not read
359	specs/.history/modular-fuzzing-epic/ticket-003-MF-011/results/testgraph-specWorkflow/cleanup-failure-probe-test-graph/build-logic/src/main/kotlin/com/hayden/testgraphsdk/tasks/RunReportWriter.kt:301	lexical hit not semantically classified: java.time.Instant.parse(startIso).toEpochMilli()	out-of-scope	ticket_plan.yaml:648-658	none mapped	undeclared	out_of_scope_lexical_inventory		INFERRED exact-path scope; source not read
360	specs/.history/modular-fuzzing-epic/ticket-003-MF-011/results/testgraph-specWorkflow/cleanup-failure-probe-test-graph/build-logic/src/main/kotlin/com/hayden/testgraphsdk/tasks/RunTestGraphTask.kt:14	lexical hit not semantically classified: import java.time.Instant	out-of-scope	ticket_plan.yaml:648-658	none mapped	undeclared	out_of_scope_lexical_inventory		INFERRED exact-path scope; source not read
361	specs/.history/modular-fuzzing-epic/ticket-003-MF-011/results/testgraph-specWorkflow/cleanup-failure-probe-test-graph/build-logic/src/main/kotlin/com/hayden/testgraphsdk/tasks/RunTestGraphTask.kt:15	lexical hit not semantically classified: import java.time.ZoneOffset	out-of-scope	ticket_plan.yaml:648-658	none mapped	undeclared	out_of_scope_lexical_inventory		INFERRED exact-path scope; source not read
362	specs/.history/modular-fuzzing-epic/ticket-003-MF-011/results/testgraph-specWorkflow/cleanup-failure-probe-test-graph/build-logic/src/main/kotlin/com/hayden/testgraphsdk/tasks/RunTestGraphTask.kt:16	lexical hit not semantically classified: import java.time.format.DateTimeFormatter	out-of-scope	ticket_plan.yaml:648-658	none mapped	undeclared	out_of_scope_lexical_inventory		INFERRED exact-path scope; source not read
363	specs/.history/modular-fuzzing-epic/ticket-003-MF-011/results/testgraph-specWorkflow/cleanup-failure-probe-test-graph/build-logic/src/main/kotlin/com/hayden/testgraphsdk/tasks/RunTestGraphTask.kt:23	"lexical hit not semantically classified: return ""${safeGraphName}-${fmt.format(Instant.now())}-${UUID.randomUUID().toString().take(8)}"""	out-of-scope	ticket_plan.yaml:648-658	none mapped	undeclared	out_of_scope_lexical_inventory		INFERRED exact-path scope; source not read
364	specs/.history/modular-fuzzing-epic/ticket-003-MF-011/results/testgraph-specWorkflow/cleanup-failure-probe-test-graph/build-logic/src/main/kotlin/com/hayden/testgraphsdk/tasks/RunTestGraphTask.kt:31	lexical hit not semantically classified: * Non-Property internal fields are set at configuration time by the	out-of-scope	ticket_plan.yaml:648-658	none mapped	undeclared	out_of_scope_lexical_inventory		INFERRED exact-path scope; source not read
365	specs/.history/modular-fuzzing-epic/ticket-003-MF-011/results/testgraph-specWorkflow/cleanup-failure-probe-test-graph/sdk/java/src/main/java/com/hayden/testgraphsdk/sdk/Node.java:5	lexical hit not semantically classified: import java.time.Instant;	out-of-scope	ticket_plan.yaml:648-658	none mapped	undeclared	out_of_scope_lexical_inventory		INFERRED exact-path scope; source not read
366	specs/.history/modular-fuzzing-epic/ticket-003-MF-011/results/testgraph-specWorkflow/cleanup-failure-probe-test-graph/sdk/java/src/main/java/com/hayden/testgraphsdk/sdk/Node.java:50	lexical hit not semantically classified: Instant startedAt = Instant.now();	out-of-scope	ticket_plan.yaml:648-658	none mapped	undeclared	out_of_scope_lexical_inventory		INFERRED exact-path scope; source not read
367	specs/.history/modular-fuzzing-epic/ticket-003-MF-011/results/testgraph-specWorkflow/cleanup-failure-probe-test-graph/sdk/java/src/main/java/com/hayden/testgraphsdk/sdk/Node.java:53	lexical hit not semantically classified: result = body.apply(ctx).startedAt(startedAt).endedAt(Instant.now());	out-of-scope	ticket_plan.yaml:648-658	none mapped	undeclared	out_of_scope_lexical_inventory		INFERRED exact-path scope; source not read
368	specs/.history/modular-fuzzing-epic/ticket-003-MF-011/results/testgraph-specWorkflow/cleanup-failure-probe-test-graph/sdk/java/src/main/java/com/hayden/testgraphsdk/sdk/Node.java:57	lexical hit not semantically classified: .endedAt(Instant.now());	out-of-scope	ticket_plan.yaml:648-658	none mapped	undeclared	out_of_scope_lexical_inventory		INFERRED exact-path scope; source not read
369	specs/.history/modular-fuzzing-epic/ticket-003-MF-011/results/testgraph-specWorkflow/cleanup-failure-probe-test-graph/sdk/java/src/main/java/com/hayden/testgraphsdk/sdk/NodeResult.java:5	lexical hit not semantically classified: import java.time.Instant;	out-of-scope	ticket_plan.yaml:648-658	none mapped	undeclared	out_of_scope_lexical_inventory		INFERRED exact-path scope; source not read
370	specs/.history/modular-fuzzing-epic/ticket-003-MF-011/results/testgraph-specWorkflow/cleanup-failure-probe-test-graph/sdk/java/src/main/java/com/hayden/testgraphsdk/sdk/ProcessRecord.java:3	lexical hit not semantically classified: import java.time.Instant;	out-of-scope	ticket_plan.yaml:648-658	none mapped	undeclared	out_of_scope_lexical_inventory		INFERRED exact-path scope; source not read
371	specs/.history/modular-fuzzing-epic/ticket-003-MF-011/results/testgraph-specWorkflow/cleanup-failure-probe-test-graph/sdk/java/src/main/java/com/hayden/testgraphsdk/sdk/ProcessRecord.java:69	lexical hit not semantically classified: /** Wall-clock duration in milliseconds, or -1 if either timestamp is missing. */	out-of-scope	ticket_plan.yaml:648-658	none mapped	undeclared	out_of_scope_lexical_inventory		INFERRED exact-path scope; source not read
372	specs/.history/modular-fuzzing-epic/ticket-003-MF-011/results/testgraph-specWorkflow/cleanup-failure-probe-test-graph/sdk/java/src/main/java/com/hayden/testgraphsdk/sdk/Procs.java:6	lexical hit not semantically classified: import java.time.Instant;	out-of-scope	ticket_plan.yaml:648-658	none mapped	undeclared	out_of_scope_lexical_inventory		INFERRED exact-path scope; source not read
373	specs/.history/modular-fuzzing-epic/ticket-003-MF-011/results/testgraph-specWorkflow/cleanup-failure-probe-test-graph/sdk/java/src/main/java/com/hayden/testgraphsdk/sdk/Procs.java:14	lexical hit not semantically classified: * dir), and any spawn-time error. Attach it to the result with	out-of-scope	ticket_plan.yaml:648-658	none mapped	undeclared	out_of_scope_lexical_inventory		INFERRED exact-path scope; source not read
374	specs/.history/modular-fuzzing-epic/ticket-003-MF-011/results/testgraph-specWorkflow/cleanup-failure-probe-test-graph/sdk/java/src/main/java/com/hayden/testgraphsdk/sdk/Procs.java:72	lexical hit not semantically classified: Instant startedAt = Instant.now();	out-of-scope	ticket_plan.yaml:648-658	none mapped	undeclared	out_of_scope_lexical_inventory		INFERRED exact-path scope; source not read
375	specs/.history/modular-fuzzing-epic/ticket-003-MF-011/results/testgraph-specWorkflow/cleanup-failure-probe-test-graph/sdk/java/src/main/java/com/hayden/testgraphsdk/sdk/Procs.java:78	lexical hit not semantically classified: return new ProcessRecord(label, command, startedAt, Instant.now(),	out-of-scope	ticket_plan.yaml:648-658	none mapped	undeclared	out_of_scope_lexical_inventory		INFERRED exact-path scope; source not read
376	specs/.history/modular-fuzzing-epic/ticket-003-MF-011/results/testgraph-specWorkflow/cleanup-failure-probe-test-graph/sdk/java/src/main/java/com/hayden/testgraphsdk/sdk/Procs.java:88	lexical hit not semantically classified: return new ProcessRecord(label, command, startedAt, Instant.now(),	out-of-scope	ticket_plan.yaml:648-658	none mapped	undeclared	out_of_scope_lexical_inventory		INFERRED exact-path scope; source not read
377	specs/.history/modular-fuzzing-epic/ticket-003-MF-011/results/testgraph-specWorkflow/cleanup-failure-probe-test-graph/sdk/java/src/main/java/com/hayden/testgraphsdk/sdk/Procs.java:92	lexical hit not semantically classified: label, command, startedAt, Instant.now(),	out-of-scope	ticket_plan.yaml:648-658	none mapped	undeclared	out_of_scope_lexical_inventory		INFERRED exact-path scope; source not read
378	specs/.history/modular-fuzzing-epic/ticket-003-MF-011/results/testgraph-specWorkflow/cleanup-failure-probe-test-graph/sdk/python/src/testgraphsdk/procs.py:19	lexical hit not semantically classified: from datetime import datetime, timezone	out-of-scope	ticket_plan.yaml:648-658	none mapped	undeclared	out_of_scope_lexical_inventory		INFERRED exact-path scope; source not read
379	specs/.history/modular-fuzzing-epic/ticket-003-MF-011/results/testgraph-specWorkflow/cleanup-failure-probe-test-graph/sdk/python/src/testgraphsdk/procs.py:65	lexical hit not semantically classified: started = datetime.now(timezone.utc)	out-of-scope	ticket_plan.yaml:648-658	none mapped	undeclared	out_of_scope_lexical_inventory		INFERRED exact-path scope; source not read
380	specs/.history/modular-fuzzing-epic/ticket-003-MF-011/results/testgraph-specWorkflow/cleanup-failure-probe-test-graph/sdk/python/src/testgraphsdk/procs.py:86	lexical hit not semantically classified: ended_at=datetime.now(timezone.utc),	out-of-scope	ticket_plan.yaml:648-658	none mapped	undeclared	out_of_scope_lexical_inventory		INFERRED exact-path scope; source not read
381	specs/.history/modular-fuzzing-epic/ticket-003-MF-011/results/testgraph-specWorkflow/cleanup-failure-probe-test-graph/sdk/python/src/testgraphsdk/procs.py:97	lexical hit not semantically classified: ended_at=datetime.now(timezone.utc),	out-of-scope	ticket_plan.yaml:648-658	none mapped	undeclared	out_of_scope_lexical_inventory		INFERRED exact-path scope; source not read
382	specs/.history/modular-fuzzing-epic/ticket-003-MF-011/results/testgraph-specWorkflow/cleanup-failure-probe-test-graph/sdk/python/src/testgraphsdk/procs.py:108	lexical hit not semantically classified: ended_at=datetime.now(timezone.utc),	out-of-scope	ticket_plan.yaml:648-658	none mapped	undeclared	out_of_scope_lexical_inventory		INFERRED exact-path scope; source not read
383	specs/.history/modular-fuzzing-epic/ticket-003-MF-011/results/testgraph-specWorkflow/cleanup-failure-probe-test-graph/sdk/python/src/testgraphsdk/result.py:5	lexical hit not semantically classified: from datetime import datetime, timezone	out-of-scope	ticket_plan.yaml:648-658	none mapped	undeclared	out_of_scope_lexical_inventory		INFERRED exact-path scope; source not read
384	specs/.history/modular-fuzzing-epic/ticket-003-MF-011/results/testgraph-specWorkflow/cleanup-failure-probe-test-graph/sdk/python/src/testgraphsdk/result.py:52	lexical hit not semantically classified: started_at: datetime | None = None	out-of-scope	ticket_plan.yaml:648-658	none mapped	undeclared	out_of_scope_lexical_inventory		INFERRED exact-path scope; source not read
385	specs/.history/modular-fuzzing-epic/ticket-003-MF-011/results/testgraph-specWorkflow/cleanup-failure-probe-test-graph/sdk/python/src/testgraphsdk/result.py:53	lexical hit not semantically classified: ended_at: datetime | None = None	out-of-scope	ticket_plan.yaml:648-658	none mapped	undeclared	out_of_scope_lexical_inventory		INFERRED exact-path scope; source not read
386	specs/.history/modular-fuzzing-epic/ticket-003-MF-011/results/testgraph-specWorkflow/cleanup-failure-probe-test-graph/sdk/python/src/testgraphsdk/result.py:65	lexical hit not semantically classified: def iso(d: datetime | None) -> str | None:	out-of-scope	ticket_plan.yaml:648-658	none mapped	undeclared	out_of_scope_lexical_inventory		INFERRED exact-path scope; source not read
387	specs/.history/modular-fuzzing-epic/ticket-003-MF-011/results/testgraph-specWorkflow/cleanup-failure-probe-test-graph/sdk/python/src/testgraphsdk/result.py:98	lexical hit not semantically classified: started_at: datetime | None = None	out-of-scope	ticket_plan.yaml:648-658	none mapped	undeclared	out_of_scope_lexical_inventory		INFERRED exact-path scope; source not read
388	specs/.history/modular-fuzzing-epic/ticket-003-MF-011/results/testgraph-specWorkflow/cleanup-failure-probe-test-graph/sdk/python/src/testgraphsdk/result.py:99	lexical hit not semantically classified: ended_at: datetime | None = None	out-of-scope	ticket_plan.yaml:648-658	none mapped	undeclared	out_of_scope_lexical_inventory		INFERRED exact-path scope; source not read
389	specs/.history/modular-fuzzing-epic/ticket-003-MF-011/results/testgraph-specWorkflow/cleanup-failure-probe-test-graph/sdk/python/src/testgraphsdk/result.py:164	"lexical hit not semantically classified: def _stamp(self, started: datetime, ended: datetime) -> ""NodeResult"":"	out-of-scope	ticket_plan.yaml:648-658	none mapped	undeclared	out_of_scope_lexical_inventory		INFERRED exact-path scope; source not read
390	specs/.history/modular-fuzzing-epic/ticket-003-MF-011/results/testgraph-specWorkflow/cleanup-failure-probe-test-graph/sdk/python/src/testgraphsdk/result.py:173	lexical hit not semantically classified: def iso(d: datetime | None) -> str | None:	out-of-scope	ticket_plan.yaml:648-658	none mapped	undeclared	out_of_scope_lexical_inventory		INFERRED exact-path scope; source not read
391	specs/.history/modular-fuzzing-epic/ticket-003-MF-011/results/testgraph-specWorkflow/cleanup-failure-probe-test-graph/sdk/python/src/testgraphsdk/runner.py:22	lexical hit not semantically classified: from datetime import datetime, timezone	out-of-scope	ticket_plan.yaml:648-658	none mapped	undeclared	out_of_scope_lexical_inventory		INFERRED exact-path scope; source not read
392	specs/.history/modular-fuzzing-epic/ticket-003-MF-011/results/testgraph-specWorkflow/cleanup-failure-probe-test-graph/sdk/python/src/testgraphsdk/runner.py:47	lexical hit not semantically classified: started = datetime.now(timezone.utc)	out-of-scope	ticket_plan.yaml:648-658	none mapped	undeclared	out_of_scope_lexical_inventory		INFERRED exact-path scope; source not read
393	specs/.history/modular-fuzzing-epic/ticket-003-MF-011/results/testgraph-specWorkflow/cleanup-failure-probe-test-graph/sdk/python/src/testgraphsdk/runner.py:52	lexical hit not semantically classified: ended = datetime.now(timezone.utc)	out-of-scope	ticket_plan.yaml:648-658	none mapped	undeclared	out_of_scope_lexical_inventory		INFERRED exact-path scope; source not read
394	specs/.history/modular-fuzzing-epic/ticket-003-MF-011/ticket/results/testgraph-specWorkflow/cleanup-failure-probe-test-graph/build-logic/src/main/kotlin/com/hayden/testgraphsdk/MiniJson.kt:6	lexical hit not semantically classified: * Keeps the plugin dependency-free now that we no longer need snakeyaml.	out-of-scope	ticket_plan.yaml:648-658	none mapped	undeclared	out_of_scope_lexical_inventory		INFERRED exact-path scope; source not read
395	specs/.history/modular-fuzzing-epic/ticket-003-MF-011/ticket/results/testgraph-specWorkflow/cleanup-failure-probe-test-graph/build-logic/src/main/kotlin/com/hayden/testgraphsdk/TestGraphSpec.kt:8	lexical hit not semantically classified: * Every setter returns `this`; at plan-build time the overlay is merged	out-of-scope	ticket_plan.yaml:648-658	none mapped	undeclared	out_of_scope_lexical_inventory		INFERRED exact-path scope; source not read
396	specs/.history/modular-fuzzing-epic/ticket-003-MF-011/ticket/results/testgraph-specWorkflow/cleanup-failure-probe-test-graph/build-logic/src/main/kotlin/com/hayden/testgraphsdk/TestGraphSpec.kt:55	lexical hit not semantically classified: * at execution time.	out-of-scope	ticket_plan.yaml:648-658	none mapped	undeclared	out_of_scope_lexical_inventory		INFERRED exact-path scope; source not read
397	specs/.history/modular-fuzzing-epic/ticket-003-MF-011/ticket/results/testgraph-specWorkflow/cleanup-failure-probe-test-graph/build-logic/src/main/kotlin/com/hayden/testgraphsdk/ValidationGraphPlugin.kt:74	lexical hit not semantically classified: // serialized in declaration order. Configure-time `dependsOn` is	out-of-scope	ticket_plan.yaml:648-658	none mapped	undeclared	out_of_scope_lexical_inventory		INFERRED exact-path scope; source not read
398	specs/.history/modular-fuzzing-epic/ticket-003-MF-011/ticket/results/testgraph-specWorkflow/cleanup-failure-probe-test-graph/build-logic/src/main/kotlin/com/hayden/testgraphsdk/exec/Executors.kt:89	lexical hit not semantically classified: * Wait for [process] up to [timeoutMillis]; if it doesn't return in time,	out-of-scope	ticket_plan.yaml:648-658	none mapped	undeclared	out_of_scope_lexical_inventory		INFERRED exact-path scope; source not read
399	specs/.history/modular-fuzzing-epic/ticket-003-MF-011/ticket/results/testgraph-specWorkflow/cleanup-failure-probe-test-graph/build-logic/src/main/kotlin/com/hayden/testgraphsdk/exec/Executors.kt:96	lexical hit not semantically classified: * `waitFor()`; the spec parser doesn't emit those today, but the helper	out-of-scope	ticket_plan.yaml:648-658	none mapped	undeclared	out_of_scope_lexical_inventory		INFERRED exact-path scope; source not read
400	specs/.history/modular-fuzzing-epic/ticket-003-MF-011/ticket/results/testgraph-specWorkflow/cleanup-failure-probe-test-graph/build-logic/src/main/kotlin/com/hayden/testgraphsdk/exec/JBangExecutor.kt:12	lexical hit not semantically classified: * crash, OOM at fork time, etc.). PlanExecutor stamps the path onto	out-of-scope	ticket_plan.yaml:648-658	none mapped	undeclared	out_of_scope_lexical_inventory		INFERRED exact-path scope; source not read
401	specs/.history/modular-fuzzing-epic/ticket-003-MF-011/ticket/results/testgraph-specWorkflow/cleanup-failure-probe-test-graph/build-logic/src/main/kotlin/com/hayden/testgraphsdk/exec/PlanExecutor.kt:8	lexical hit not semantically classified: import java.time.Instant	out-of-scope	ticket_plan.yaml:648-658	none mapped	undeclared	out_of_scope_lexical_inventory		INFERRED exact-path scope; source not read
402	specs/.history/modular-fuzzing-epic/ticket-003-MF-011/ticket/results/testgraph-specWorkflow/cleanup-failure-probe-test-graph/build-logic/src/main/kotlin/com/hayden/testgraphsdk/exec/PlanExecutor.kt:138	lexical hit not semantically classified: var startedAt = Instant.now()	out-of-scope	ticket_plan.yaml:648-658	none mapped	undeclared	out_of_scope_lexical_inventory		INFERRED exact-path scope; source not read
403	specs/.history/modular-fuzzing-epic/ticket-003-MF-011/ticket/results/testgraph-specWorkflow/cleanup-failure-probe-test-graph/build-logic/src/main/kotlin/com/hayden/testgraphsdk/exec/PlanExecutor.kt:164	lexical hit not semantically classified: startedAt = Instant.now()	out-of-scope	ticket_plan.yaml:648-658	none mapped	undeclared	out_of_scope_lexical_inventory		INFERRED exact-path scope; source not read
404	specs/.history/modular-fuzzing-epic/ticket-003-MF-011/ticket/results/testgraph-specWorkflow/cleanup-failure-probe-test-graph/build-logic/src/main/kotlin/com/hayden/testgraphsdk/exec/PlanExecutor.kt:166	lexical hit not semantically classified: endedAt = Instant.now()	out-of-scope	ticket_plan.yaml:648-658	none mapped	undeclared	out_of_scope_lexical_inventory		INFERRED exact-path scope; source not read
405	specs/.history/modular-fuzzing-epic/ticket-003-MF-011/ticket/results/testgraph-specWorkflow/cleanup-failure-probe-test-graph/build-logic/src/main/kotlin/com/hayden/testgraphsdk/exec/PlanExecutor.kt:209	lexical hit not semantically classified: val now = Instant.now()	out-of-scope	ticket_plan.yaml:648-658	none mapped	undeclared	out_of_scope_lexical_inventory		INFERRED exact-path scope; source not read
406	specs/.history/modular-fuzzing-epic/ticket-003-MF-011/ticket/results/testgraph-specWorkflow/cleanup-failure-probe-test-graph/build-logic/src/main/kotlin/com/hayden/testgraphsdk/exec/PlanExecutor.kt:222	lexical hit not semantically classified: startedAt = now,	out-of-scope	ticket_plan.yaml:648-658	none mapped	undeclared	out_of_scope_lexical_inventory		INFERRED exact-path scope; source not read
407	specs/.history/modular-fuzzing-epic/ticket-003-MF-011/ticket/results/testgraph-specWorkflow/cleanup-failure-probe-test-graph/build-logic/src/main/kotlin/com/hayden/testgraphsdk/exec/PlanExecutor.kt:223	lexical hit not semantically classified: endedAt = now,	out-of-scope	ticket_plan.yaml:648-658	none mapped	undeclared	out_of_scope_lexical_inventory		INFERRED exact-path scope; source not read
408	specs/.history/modular-fuzzing-epic/ticket-003-MF-011/ticket/results/testgraph-specWorkflow/cleanup-failure-probe-test-graph/build-logic/src/main/kotlin/com/hayden/testgraphsdk/exec/TimeoutParser.kt:6	lexical hit not semantically classified: * Accepts the suffix forms NodeSpec specs in the wild use today —	out-of-scope	ticket_plan.yaml:648-658	none mapped	undeclared	out_of_scope_lexical_inventory		INFERRED exact-path scope; source not read
409	specs/.history/modular-fuzzing-epic/ticket-003-MF-011/ticket/results/testgraph-specWorkflow/cleanup-failure-probe-test-graph/build-logic/src/main/kotlin/com/hayden/testgraphsdk/exec/TimeoutParser.kt:10	lexical hit not semantically classified: * configuration time.	out-of-scope	ticket_plan.yaml:648-658	none mapped	undeclared	out_of_scope_lexical_inventory		INFERRED exact-path scope; source not read
410	specs/.history/modular-fuzzing-epic/ticket-003-MF-011/ticket/results/testgraph-specWorkflow/cleanup-failure-probe-test-graph/build-logic/src/main/kotlin/com/hayden/testgraphsdk/tasks/RunReportWriter.kt:25	lexical hit not semantically classified: * The renderer now lives here as a plain object so {@link	out-of-scope	ticket_plan.yaml:648-658	none mapped	undeclared	out_of_scope_lexical_inventory		INFERRED exact-path scope; source not read
411	specs/.history/modular-fuzzing-epic/ticket-003-MF-011/ticket/results/testgraph-specWorkflow/cleanup-failure-probe-test-graph/build-logic/src/main/kotlin/com/hayden/testgraphsdk/tasks/RunReportWriter.kt:300	lexical hit not semantically classified: java.time.Instant.parse(endIso).toEpochMilli() -	out-of-scope	ticket_plan.yaml:648-658	none mapped	undeclared	out_of_scope_lexical_inventory		INFERRED exact-path scope; source not read
412	specs/.history/modular-fuzzing-epic/ticket-003-MF-011/ticket/results/testgraph-specWorkflow/cleanup-failure-probe-test-graph/build-logic/src/main/kotlin/com/hayden/testgraphsdk/tasks/RunReportWriter.kt:301	lexical hit not semantically classified: java.time.Instant.parse(startIso).toEpochMilli()	out-of-scope	ticket_plan.yaml:648-658	none mapped	undeclared	out_of_scope_lexical_inventory		INFERRED exact-path scope; source not read
413	specs/.history/modular-fuzzing-epic/ticket-003-MF-011/ticket/results/testgraph-specWorkflow/cleanup-failure-probe-test-graph/build-logic/src/main/kotlin/com/hayden/testgraphsdk/tasks/RunTestGraphTask.kt:14	lexical hit not semantically classified: import java.time.Instant	out-of-scope	ticket_plan.yaml:648-658	none mapped	undeclared	out_of_scope_lexical_inventory		INFERRED exact-path scope; source not read
414	specs/.history/modular-fuzzing-epic/ticket-003-MF-011/ticket/results/testgraph-specWorkflow/cleanup-failure-probe-test-graph/build-logic/src/main/kotlin/com/hayden/testgraphsdk/tasks/RunTestGraphTask.kt:15	lexical hit not semantically classified: import java.time.ZoneOffset	out-of-scope	ticket_plan.yaml:648-658	none mapped	undeclared	out_of_scope_lexical_inventory		INFERRED exact-path scope; source not read
415	specs/.history/modular-fuzzing-epic/ticket-003-MF-011/ticket/results/testgraph-specWorkflow/cleanup-failure-probe-test-graph/build-logic/src/main/kotlin/com/hayden/testgraphsdk/tasks/RunTestGraphTask.kt:16	lexical hit not semantically classified: import java.time.format.DateTimeFormatter	out-of-scope	ticket_plan.yaml:648-658	none mapped	undeclared	out_of_scope_lexical_inventory		INFERRED exact-path scope; source not read
416	specs/.history/modular-fuzzing-epic/ticket-003-MF-011/ticket/results/testgraph-specWorkflow/cleanup-failure-probe-test-graph/build-logic/src/main/kotlin/com/hayden/testgraphsdk/tasks/RunTestGraphTask.kt:23	"lexical hit not semantically classified: return ""${safeGraphName}-${fmt.format(Instant.now())}-${UUID.randomUUID().toString().take(8)}"""	out-of-scope	ticket_plan.yaml:648-658	none mapped	undeclared	out_of_scope_lexical_inventory		INFERRED exact-path scope; source not read
417	specs/.history/modular-fuzzing-epic/ticket-003-MF-011/ticket/results/testgraph-specWorkflow/cleanup-failure-probe-test-graph/build-logic/src/main/kotlin/com/hayden/testgraphsdk/tasks/RunTestGraphTask.kt:31	lexical hit not semantically classified: * Non-Property internal fields are set at configuration time by the	out-of-scope	ticket_plan.yaml:648-658	none mapped	undeclared	out_of_scope_lexical_inventory		INFERRED exact-path scope; source not read
418	specs/.history/modular-fuzzing-epic/ticket-003-MF-011/ticket/results/testgraph-specWorkflow/cleanup-failure-probe-test-graph/sdk/java/src/main/java/com/hayden/testgraphsdk/sdk/Node.java:5	lexical hit not semantically classified: import java.time.Instant;	out-of-scope	ticket_plan.yaml:648-658	none mapped	undeclared	out_of_scope_lexical_inventory		INFERRED exact-path scope; source not read
419	specs/.history/modular-fuzzing-epic/ticket-003-MF-011/ticket/results/testgraph-specWorkflow/cleanup-failure-probe-test-graph/sdk/java/src/main/java/com/hayden/testgraphsdk/sdk/Node.java:50	lexical hit not semantically classified: Instant startedAt = Instant.now();	out-of-scope	ticket_plan.yaml:648-658	none mapped	undeclared	out_of_scope_lexical_inventory		INFERRED exact-path scope; source not read
420	specs/.history/modular-fuzzing-epic/ticket-003-MF-011/ticket/results/testgraph-specWorkflow/cleanup-failure-probe-test-graph/sdk/java/src/main/java/com/hayden/testgraphsdk/sdk/Node.java:53	lexical hit not semantically classified: result = body.apply(ctx).startedAt(startedAt).endedAt(Instant.now());	out-of-scope	ticket_plan.yaml:648-658	none mapped	undeclared	out_of_scope_lexical_inventory		INFERRED exact-path scope; source not read
421	specs/.history/modular-fuzzing-epic/ticket-003-MF-011/ticket/results/testgraph-specWorkflow/cleanup-failure-probe-test-graph/sdk/java/src/main/java/com/hayden/testgraphsdk/sdk/Node.java:57	lexical hit not semantically classified: .endedAt(Instant.now());	out-of-scope	ticket_plan.yaml:648-658	none mapped	undeclared	out_of_scope_lexical_inventory		INFERRED exact-path scope; source not read
422	specs/.history/modular-fuzzing-epic/ticket-003-MF-011/ticket/results/testgraph-specWorkflow/cleanup-failure-probe-test-graph/sdk/java/src/main/java/com/hayden/testgraphsdk/sdk/NodeResult.java:5	lexical hit not semantically classified: import java.time.Instant;	out-of-scope	ticket_plan.yaml:648-658	none mapped	undeclared	out_of_scope_lexical_inventory		INFERRED exact-path scope; source not read
423	specs/.history/modular-fuzzing-epic/ticket-003-MF-011/ticket/results/testgraph-specWorkflow/cleanup-failure-probe-test-graph/sdk/java/src/main/java/com/hayden/testgraphsdk/sdk/ProcessRecord.java:3	lexical hit not semantically classified: import java.time.Instant;	out-of-scope	ticket_plan.yaml:648-658	none mapped	undeclared	out_of_scope_lexical_inventory		INFERRED exact-path scope; source not read
424	specs/.history/modular-fuzzing-epic/ticket-003-MF-011/ticket/results/testgraph-specWorkflow/cleanup-failure-probe-test-graph/sdk/java/src/main/java/com/hayden/testgraphsdk/sdk/ProcessRecord.java:69	lexical hit not semantically classified: /** Wall-clock duration in milliseconds, or -1 if either timestamp is missing. */	out-of-scope	ticket_plan.yaml:648-658	none mapped	undeclared	out_of_scope_lexical_inventory		INFERRED exact-path scope; source not read
425	specs/.history/modular-fuzzing-epic/ticket-003-MF-011/ticket/results/testgraph-specWorkflow/cleanup-failure-probe-test-graph/sdk/java/src/main/java/com/hayden/testgraphsdk/sdk/Procs.java:6	lexical hit not semantically classified: import java.time.Instant;	out-of-scope	ticket_plan.yaml:648-658	none mapped	undeclared	out_of_scope_lexical_inventory		INFERRED exact-path scope; source not read
426	specs/.history/modular-fuzzing-epic/ticket-003-MF-011/ticket/results/testgraph-specWorkflow/cleanup-failure-probe-test-graph/sdk/java/src/main/java/com/hayden/testgraphsdk/sdk/Procs.java:14	lexical hit not semantically classified: * dir), and any spawn-time error. Attach it to the result with	out-of-scope	ticket_plan.yaml:648-658	none mapped	undeclared	out_of_scope_lexical_inventory		INFERRED exact-path scope; source not read
427	specs/.history/modular-fuzzing-epic/ticket-003-MF-011/ticket/results/testgraph-specWorkflow/cleanup-failure-probe-test-graph/sdk/java/src/main/java/com/hayden/testgraphsdk/sdk/Procs.java:72	lexical hit not semantically classified: Instant startedAt = Instant.now();	out-of-scope	ticket_plan.yaml:648-658	none mapped	undeclared	out_of_scope_lexical_inventory		INFERRED exact-path scope; source not read
428	specs/.history/modular-fuzzing-epic/ticket-003-MF-011/ticket/results/testgraph-specWorkflow/cleanup-failure-probe-test-graph/sdk/java/src/main/java/com/hayden/testgraphsdk/sdk/Procs.java:78	lexical hit not semantically classified: return new ProcessRecord(label, command, startedAt, Instant.now(),	out-of-scope	ticket_plan.yaml:648-658	none mapped	undeclared	out_of_scope_lexical_inventory		INFERRED exact-path scope; source not read
429	specs/.history/modular-fuzzing-epic/ticket-003-MF-011/ticket/results/testgraph-specWorkflow/cleanup-failure-probe-test-graph/sdk/java/src/main/java/com/hayden/testgraphsdk/sdk/Procs.java:88	lexical hit not semantically classified: return new ProcessRecord(label, command, startedAt, Instant.now(),	out-of-scope	ticket_plan.yaml:648-658	none mapped	undeclared	out_of_scope_lexical_inventory		INFERRED exact-path scope; source not read
430	specs/.history/modular-fuzzing-epic/ticket-003-MF-011/ticket/results/testgraph-specWorkflow/cleanup-failure-probe-test-graph/sdk/java/src/main/java/com/hayden/testgraphsdk/sdk/Procs.java:92	lexical hit not semantically classified: label, command, startedAt, Instant.now(),	out-of-scope	ticket_plan.yaml:648-658	none mapped	undeclared	out_of_scope_lexical_inventory		INFERRED exact-path scope; source not read
431	specs/.history/modular-fuzzing-epic/ticket-003-MF-011/ticket/results/testgraph-specWorkflow/cleanup-failure-probe-test-graph/sdk/python/src/testgraphsdk/procs.py:19	lexical hit not semantically classified: from datetime import datetime, timezone	out-of-scope	ticket_plan.yaml:648-658	none mapped	undeclared	out_of_scope_lexical_inventory		INFERRED exact-path scope; source not read
432	specs/.history/modular-fuzzing-epic/ticket-003-MF-011/ticket/results/testgraph-specWorkflow/cleanup-failure-probe-test-graph/sdk/python/src/testgraphsdk/procs.py:65	lexical hit not semantically classified: started = datetime.now(timezone.utc)	out-of-scope	ticket_plan.yaml:648-658	none mapped	undeclared	out_of_scope_lexical_inventory		INFERRED exact-path scope; source not read
433	specs/.history/modular-fuzzing-epic/ticket-003-MF-011/ticket/results/testgraph-specWorkflow/cleanup-failure-probe-test-graph/sdk/python/src/testgraphsdk/procs.py:86	lexical hit not semantically classified: ended_at=datetime.now(timezone.utc),	out-of-scope	ticket_plan.yaml:648-658	none mapped	undeclared	out_of_scope_lexical_inventory		INFERRED exact-path scope; source not read
434	specs/.history/modular-fuzzing-epic/ticket-003-MF-011/ticket/results/testgraph-specWorkflow/cleanup-failure-probe-test-graph/sdk/python/src/testgraphsdk/procs.py:97	lexical hit not semantically classified: ended_at=datetime.now(timezone.utc),	out-of-scope	ticket_plan.yaml:648-658	none mapped	undeclared	out_of_scope_lexical_inventory		INFERRED exact-path scope; source not read
435	specs/.history/modular-fuzzing-epic/ticket-003-MF-011/ticket/results/testgraph-specWorkflow/cleanup-failure-probe-test-graph/sdk/python/src/testgraphsdk/procs.py:108	lexical hit not semantically classified: ended_at=datetime.now(timezone.utc),	out-of-scope	ticket_plan.yaml:648-658	none mapped	undeclared	out_of_scope_lexical_inventory		INFERRED exact-path scope; source not read
436	specs/.history/modular-fuzzing-epic/ticket-003-MF-011/ticket/results/testgraph-specWorkflow/cleanup-failure-probe-test-graph/sdk/python/src/testgraphsdk/result.py:5	lexical hit not semantically classified: from datetime import datetime, timezone	out-of-scope	ticket_plan.yaml:648-658	none mapped	undeclared	out_of_scope_lexical_inventory		INFERRED exact-path scope; source not read
437	specs/.history/modular-fuzzing-epic/ticket-003-MF-011/ticket/results/testgraph-specWorkflow/cleanup-failure-probe-test-graph/sdk/python/src/testgraphsdk/result.py:52	lexical hit not semantically classified: started_at: datetime | None = None	out-of-scope	ticket_plan.yaml:648-658	none mapped	undeclared	out_of_scope_lexical_inventory		INFERRED exact-path scope; source not read
438	specs/.history/modular-fuzzing-epic/ticket-003-MF-011/ticket/results/testgraph-specWorkflow/cleanup-failure-probe-test-graph/sdk/python/src/testgraphsdk/result.py:53	lexical hit not semantically classified: ended_at: datetime | None = None	out-of-scope	ticket_plan.yaml:648-658	none mapped	undeclared	out_of_scope_lexical_inventory		INFERRED exact-path scope; source not read
439	specs/.history/modular-fuzzing-epic/ticket-003-MF-011/ticket/results/testgraph-specWorkflow/cleanup-failure-probe-test-graph/sdk/python/src/testgraphsdk/result.py:65	lexical hit not semantically classified: def iso(d: datetime | None) -> str | None:	out-of-scope	ticket_plan.yaml:648-658	none mapped	undeclared	out_of_scope_lexical_inventory		INFERRED exact-path scope; source not read
440	specs/.history/modular-fuzzing-epic/ticket-003-MF-011/ticket/results/testgraph-specWorkflow/cleanup-failure-probe-test-graph/sdk/python/src/testgraphsdk/result.py:98	lexical hit not semantically classified: started_at: datetime | None = None	out-of-scope	ticket_plan.yaml:648-658	none mapped	undeclared	out_of_scope_lexical_inventory		INFERRED exact-path scope; source not read
441	specs/.history/modular-fuzzing-epic/ticket-003-MF-011/ticket/results/testgraph-specWorkflow/cleanup-failure-probe-test-graph/sdk/python/src/testgraphsdk/result.py:99	lexical hit not semantically classified: ended_at: datetime | None = None	out-of-scope	ticket_plan.yaml:648-658	none mapped	undeclared	out_of_scope_lexical_inventory		INFERRED exact-path scope; source not read
442	specs/.history/modular-fuzzing-epic/ticket-003-MF-011/ticket/results/testgraph-specWorkflow/cleanup-failure-probe-test-graph/sdk/python/src/testgraphsdk/result.py:164	"lexical hit not semantically classified: def _stamp(self, started: datetime, ended: datetime) -> ""NodeResult"":"	out-of-scope	ticket_plan.yaml:648-658	none mapped	undeclared	out_of_scope_lexical_inventory		INFERRED exact-path scope; source not read
443	specs/.history/modular-fuzzing-epic/ticket-003-MF-011/ticket/results/testgraph-specWorkflow/cleanup-failure-probe-test-graph/sdk/python/src/testgraphsdk/result.py:173	lexical hit not semantically classified: def iso(d: datetime | None) -> str | None:	out-of-scope	ticket_plan.yaml:648-658	none mapped	undeclared	out_of_scope_lexical_inventory		INFERRED exact-path scope; source not read
444	specs/.history/modular-fuzzing-epic/ticket-003-MF-011/ticket/results/testgraph-specWorkflow/cleanup-failure-probe-test-graph/sdk/python/src/testgraphsdk/runner.py:22	lexical hit not semantically classified: from datetime import datetime, timezone	out-of-scope	ticket_plan.yaml:648-658	none mapped	undeclared	out_of_scope_lexical_inventory		INFERRED exact-path scope; source not read
445	specs/.history/modular-fuzzing-epic/ticket-003-MF-011/ticket/results/testgraph-specWorkflow/cleanup-failure-probe-test-graph/sdk/python/src/testgraphsdk/runner.py:47	lexical hit not semantically classified: started = datetime.now(timezone.utc)	out-of-scope	ticket_plan.yaml:648-658	none mapped	undeclared	out_of_scope_lexical_inventory		INFERRED exact-path scope; source not read
446	specs/.history/modular-fuzzing-epic/ticket-003-MF-011/ticket/results/testgraph-specWorkflow/cleanup-failure-probe-test-graph/sdk/python/src/testgraphsdk/runner.py:52	lexical hit not semantically classified: ended = datetime.now(timezone.utc)	out-of-scope	ticket_plan.yaml:648-658	none mapped	undeclared	out_of_scope_lexical_inventory		INFERRED exact-path scope; source not read
447	specs/.history/modular-fuzzing-epic/ticket-005-MF-014/results/graph-specWorkflow/cleanup-failure-probe-test-graph/build-logic/src/main/kotlin/com/hayden/testgraphsdk/MiniJson.kt:6	lexical hit not semantically classified: * Keeps the plugin dependency-free now that we no longer need snakeyaml.	out-of-scope	ticket_plan.yaml:648-658	none mapped	undeclared	out_of_scope_lexical_inventory		INFERRED exact-path scope; source not read
448	specs/.history/modular-fuzzing-epic/ticket-005-MF-014/results/graph-specWorkflow/cleanup-failure-probe-test-graph/build-logic/src/main/kotlin/com/hayden/testgraphsdk/TestGraphSpec.kt:8	lexical hit not semantically classified: * Every setter returns `this`; at plan-build time the overlay is merged	out-of-scope	ticket_plan.yaml:648-658	none mapped	undeclared	out_of_scope_lexical_inventory		INFERRED exact-path scope; source not read
449	specs/.history/modular-fuzzing-epic/ticket-005-MF-014/results/graph-specWorkflow/cleanup-failure-probe-test-graph/build-logic/src/main/kotlin/com/hayden/testgraphsdk/TestGraphSpec.kt:55	lexical hit not semantically classified: * at execution time.	out-of-scope	ticket_plan.yaml:648-658	none mapped	undeclared	out_of_scope_lexical_inventory		INFERRED exact-path scope; source not read
450	specs/.history/modular-fuzzing-epic/ticket-005-MF-014/results/graph-specWorkflow/cleanup-failure-probe-test-graph/build-logic/src/main/kotlin/com/hayden/testgraphsdk/ValidationGraphPlugin.kt:74	lexical hit not semantically classified: // serialized in declaration order. Configure-time `dependsOn` is	out-of-scope	ticket_plan.yaml:648-658	none mapped	undeclared	out_of_scope_lexical_inventory		INFERRED exact-path scope; source not read
451	specs/.history/modular-fuzzing-epic/ticket-005-MF-014/results/graph-specWorkflow/cleanup-failure-probe-test-graph/build-logic/src/main/kotlin/com/hayden/testgraphsdk/exec/Executors.kt:89	lexical hit not semantically classified: * Wait for [process] up to [timeoutMillis]; if it doesn't return in time,	out-of-scope	ticket_plan.yaml:648-658	none mapped	undeclared	out_of_scope_lexical_inventory		INFERRED exact-path scope; source not read
452	specs/.history/modular-fuzzing-epic/ticket-005-MF-014/results/graph-specWorkflow/cleanup-failure-probe-test-graph/build-logic/src/main/kotlin/com/hayden/testgraphsdk/exec/Executors.kt:96	lexical hit not semantically classified: * `waitFor()`; the spec parser doesn't emit those today, but the helper	out-of-scope	ticket_plan.yaml:648-658	none mapped	undeclared	out_of_scope_lexical_inventory		INFERRED exact-path scope; source not read
453	specs/.history/modular-fuzzing-epic/ticket-005-MF-014/results/graph-specWorkflow/cleanup-failure-probe-test-graph/build-logic/src/main/kotlin/com/hayden/testgraphsdk/exec/JBangExecutor.kt:12	lexical hit not semantically classified: * crash, OOM at fork time, etc.). PlanExecutor stamps the path onto	out-of-scope	ticket_plan.yaml:648-658	none mapped	undeclared	out_of_scope_lexical_inventory		INFERRED exact-path scope; source not read
454	specs/.history/modular-fuzzing-epic/ticket-005-MF-014/results/graph-specWorkflow/cleanup-failure-probe-test-graph/build-logic/src/main/kotlin/com/hayden/testgraphsdk/exec/PlanExecutor.kt:8	lexical hit not semantically classified: import java.time.Instant	out-of-scope	ticket_plan.yaml:648-658	none mapped	undeclared	out_of_scope_lexical_inventory		INFERRED exact-path scope; source not read
455	specs/.history/modular-fuzzing-epic/ticket-005-MF-014/results/graph-specWorkflow/cleanup-failure-probe-test-graph/build-logic/src/main/kotlin/com/hayden/testgraphsdk/exec/PlanExecutor.kt:138	lexical hit not semantically classified: var startedAt = Instant.now()	out-of-scope	ticket_plan.yaml:648-658	none mapped	undeclared	out_of_scope_lexical_inventory		INFERRED exact-path scope; source not read
456	specs/.history/modular-fuzzing-epic/ticket-005-MF-014/results/graph-specWorkflow/cleanup-failure-probe-test-graph/build-logic/src/main/kotlin/com/hayden/testgraphsdk/exec/PlanExecutor.kt:164	lexical hit not semantically classified: startedAt = Instant.now()	out-of-scope	ticket_plan.yaml:648-658	none mapped	undeclared	out_of_scope_lexical_inventory		INFERRED exact-path scope; source not read
457	specs/.history/modular-fuzzing-epic/ticket-005-MF-014/results/graph-specWorkflow/cleanup-failure-probe-test-graph/build-logic/src/main/kotlin/com/hayden/testgraphsdk/exec/PlanExecutor.kt:166	lexical hit not semantically classified: endedAt = Instant.now()	out-of-scope	ticket_plan.yaml:648-658	none mapped	undeclared	out_of_scope_lexical_inventory		INFERRED exact-path scope; source not read
458	specs/.history/modular-fuzzing-epic/ticket-005-MF-014/results/graph-specWorkflow/cleanup-failure-probe-test-graph/build-logic/src/main/kotlin/com/hayden/testgraphsdk/exec/PlanExecutor.kt:209	lexical hit not semantically classified: val now = Instant.now()	out-of-scope	ticket_plan.yaml:648-658	none mapped	undeclared	out_of_scope_lexical_inventory		INFERRED exact-path scope; source not read
459	specs/.history/modular-fuzzing-epic/ticket-005-MF-014/results/graph-specWorkflow/cleanup-failure-probe-test-graph/build-logic/src/main/kotlin/com/hayden/testgraphsdk/exec/PlanExecutor.kt:222	lexical hit not semantically classified: startedAt = now,	out-of-scope	ticket_plan.yaml:648-658	none mapped	undeclared	out_of_scope_lexical_inventory		INFERRED exact-path scope; source not read
460	specs/.history/modular-fuzzing-epic/ticket-005-MF-014/results/graph-specWorkflow/cleanup-failure-probe-test-graph/build-logic/src/main/kotlin/com/hayden/testgraphsdk/exec/PlanExecutor.kt:223	lexical hit not semantically classified: endedAt = now,	out-of-scope	ticket_plan.yaml:648-658	none mapped	undeclared	out_of_scope_lexical_inventory		INFERRED exact-path scope; source not read
461	specs/.history/modular-fuzzing-epic/ticket-005-MF-014/results/graph-specWorkflow/cleanup-failure-probe-test-graph/build-logic/src/main/kotlin/com/hayden/testgraphsdk/exec/TimeoutParser.kt:6	lexical hit not semantically classified: * Accepts the suffix forms NodeSpec specs in the wild use today —	out-of-scope	ticket_plan.yaml:648-658	none mapped	undeclared	out_of_scope_lexical_inventory		INFERRED exact-path scope; source not read
462	specs/.history/modular-fuzzing-epic/ticket-005-MF-014/results/graph-specWorkflow/cleanup-failure-probe-test-graph/build-logic/src/main/kotlin/com/hayden/testgraphsdk/exec/TimeoutParser.kt:10	lexical hit not semantically classified: * configuration time.	out-of-scope	ticket_plan.yaml:648-658	none mapped	undeclared	out_of_scope_lexical_inventory		INFERRED exact-path scope; source not read
463	specs/.history/modular-fuzzing-epic/ticket-005-MF-014/results/graph-specWorkflow/cleanup-failure-probe-test-graph/build-logic/src/main/kotlin/com/hayden/testgraphsdk/tasks/RunReportWriter.kt:25	lexical hit not semantically classified: * The renderer now lives here as a plain object so {@link	out-of-scope	ticket_plan.yaml:648-658	none mapped	undeclared	out_of_scope_lexical_inventory		INFERRED exact-path scope; source not read
464	specs/.history/modular-fuzzing-epic/ticket-005-MF-014/results/graph-specWorkflow/cleanup-failure-probe-test-graph/build-logic/src/main/kotlin/com/hayden/testgraphsdk/tasks/RunReportWriter.kt:300	lexical hit not semantically classified: java.time.Instant.parse(endIso).toEpochMilli() -	out-of-scope	ticket_plan.yaml:648-658	none mapped	undeclared	out_of_scope_lexical_inventory		INFERRED exact-path scope; source not read
465	specs/.history/modular-fuzzing-epic/ticket-005-MF-014/results/graph-specWorkflow/cleanup-failure-probe-test-graph/build-logic/src/main/kotlin/com/hayden/testgraphsdk/tasks/RunReportWriter.kt:301	lexical hit not semantically classified: java.time.Instant.parse(startIso).toEpochMilli()	out-of-scope	ticket_plan.yaml:648-658	none mapped	undeclared	out_of_scope_lexical_inventory		INFERRED exact-path scope; source not read
466	specs/.history/modular-fuzzing-epic/ticket-005-MF-014/results/graph-specWorkflow/cleanup-failure-probe-test-graph/build-logic/src/main/kotlin/com/hayden/testgraphsdk/tasks/RunTestGraphTask.kt:14	lexical hit not semantically classified: import java.time.Instant	out-of-scope	ticket_plan.yaml:648-658	none mapped	undeclared	out_of_scope_lexical_inventory		INFERRED exact-path scope; source not read
467	specs/.history/modular-fuzzing-epic/ticket-005-MF-014/results/graph-specWorkflow/cleanup-failure-probe-test-graph/build-logic/src/main/kotlin/com/hayden/testgraphsdk/tasks/RunTestGraphTask.kt:15	lexical hit not semantically classified: import java.time.ZoneOffset	out-of-scope	ticket_plan.yaml:648-658	none mapped	undeclared	out_of_scope_lexical_inventory		INFERRED exact-path scope; source not read
468	specs/.history/modular-fuzzing-epic/ticket-005-MF-014/results/graph-specWorkflow/cleanup-failure-probe-test-graph/build-logic/src/main/kotlin/com/hayden/testgraphsdk/tasks/RunTestGraphTask.kt:16	lexical hit not semantically classified: import java.time.format.DateTimeFormatter	out-of-scope	ticket_plan.yaml:648-658	none mapped	undeclared	out_of_scope_lexical_inventory		INFERRED exact-path scope; source not read
469	specs/.history/modular-fuzzing-epic/ticket-005-MF-014/results/graph-specWorkflow/cleanup-failure-probe-test-graph/build-logic/src/main/kotlin/com/hayden/testgraphsdk/tasks/RunTestGraphTask.kt:23	"lexical hit not semantically classified: return ""${safeGraphName}-${fmt.format(Instant.now())}-${UUID.randomUUID().toString().take(8)}"""	out-of-scope	ticket_plan.yaml:648-658	none mapped	undeclared	out_of_scope_lexical_inventory		INFERRED exact-path scope; source not read
470	specs/.history/modular-fuzzing-epic/ticket-005-MF-014/results/graph-specWorkflow/cleanup-failure-probe-test-graph/build-logic/src/main/kotlin/com/hayden/testgraphsdk/tasks/RunTestGraphTask.kt:31	lexical hit not semantically classified: * Non-Property internal fields are set at configuration time by the	out-of-scope	ticket_plan.yaml:648-658	none mapped	undeclared	out_of_scope_lexical_inventory		INFERRED exact-path scope; source not read
471	specs/.history/modular-fuzzing-epic/ticket-005-MF-014/results/graph-specWorkflow/cleanup-failure-probe-test-graph/sdk/java/src/main/java/com/hayden/testgraphsdk/sdk/Node.java:5	lexical hit not semantically classified: import java.time.Instant;	out-of-scope	ticket_plan.yaml:648-658	none mapped	undeclared	out_of_scope_lexical_inventory		INFERRED exact-path scope; source not read
472	specs/.history/modular-fuzzing-epic/ticket-005-MF-014/results/graph-specWorkflow/cleanup-failure-probe-test-graph/sdk/java/src/main/java/com/hayden/testgraphsdk/sdk/Node.java:50	lexical hit not semantically classified: Instant startedAt = Instant.now();	out-of-scope	ticket_plan.yaml:648-658	none mapped	undeclared	out_of_scope_lexical_inventory		INFERRED exact-path scope; source not read
473	specs/.history/modular-fuzzing-epic/ticket-005-MF-014/results/graph-specWorkflow/cleanup-failure-probe-test-graph/sdk/java/src/main/java/com/hayden/testgraphsdk/sdk/Node.java:53	lexical hit not semantically classified: result = body.apply(ctx).startedAt(startedAt).endedAt(Instant.now());	out-of-scope	ticket_plan.yaml:648-658	none mapped	undeclared	out_of_scope_lexical_inventory		INFERRED exact-path scope; source not read
474	specs/.history/modular-fuzzing-epic/ticket-005-MF-014/results/graph-specWorkflow/cleanup-failure-probe-test-graph/sdk/java/src/main/java/com/hayden/testgraphsdk/sdk/Node.java:57	lexical hit not semantically classified: .endedAt(Instant.now());	out-of-scope	ticket_plan.yaml:648-658	none mapped	undeclared	out_of_scope_lexical_inventory		INFERRED exact-path scope; source not read
475	specs/.history/modular-fuzzing-epic/ticket-005-MF-014/results/graph-specWorkflow/cleanup-failure-probe-test-graph/sdk/java/src/main/java/com/hayden/testgraphsdk/sdk/NodeResult.java:5	lexical hit not semantically classified: import java.time.Instant;	out-of-scope	ticket_plan.yaml:648-658	none mapped	undeclared	out_of_scope_lexical_inventory		INFERRED exact-path scope; source not read
476	specs/.history/modular-fuzzing-epic/ticket-005-MF-014/results/graph-specWorkflow/cleanup-failure-probe-test-graph/sdk/java/src/main/java/com/hayden/testgraphsdk/sdk/ProcessRecord.java:3	lexical hit not semantically classified: import java.time.Instant;	out-of-scope	ticket_plan.yaml:648-658	none mapped	undeclared	out_of_scope_lexical_inventory		INFERRED exact-path scope; source not read
477	specs/.history/modular-fuzzing-epic/ticket-005-MF-014/results/graph-specWorkflow/cleanup-failure-probe-test-graph/sdk/java/src/main/java/com/hayden/testgraphsdk/sdk/ProcessRecord.java:69	lexical hit not semantically classified: /** Wall-clock duration in milliseconds, or -1 if either timestamp is missing. */	out-of-scope	ticket_plan.yaml:648-658	none mapped	undeclared	out_of_scope_lexical_inventory		INFERRED exact-path scope; source not read
478	specs/.history/modular-fuzzing-epic/ticket-005-MF-014/results/graph-specWorkflow/cleanup-failure-probe-test-graph/sdk/java/src/main/java/com/hayden/testgraphsdk/sdk/Procs.java:6	lexical hit not semantically classified: import java.time.Instant;	out-of-scope	ticket_plan.yaml:648-658	none mapped	undeclared	out_of_scope_lexical_inventory		INFERRED exact-path scope; source not read
479	specs/.history/modular-fuzzing-epic/ticket-005-MF-014/results/graph-specWorkflow/cleanup-failure-probe-test-graph/sdk/java/src/main/java/com/hayden/testgraphsdk/sdk/Procs.java:14	lexical hit not semantically classified: * dir), and any spawn-time error. Attach it to the result with	out-of-scope	ticket_plan.yaml:648-658	none mapped	undeclared	out_of_scope_lexical_inventory		INFERRED exact-path scope; source not read
480	specs/.history/modular-fuzzing-epic/ticket-005-MF-014/results/graph-specWorkflow/cleanup-failure-probe-test-graph/sdk/java/src/main/java/com/hayden/testgraphsdk/sdk/Procs.java:72	lexical hit not semantically classified: Instant startedAt = Instant.now();	out-of-scope	ticket_plan.yaml:648-658	none mapped	undeclared	out_of_scope_lexical_inventory		INFERRED exact-path scope; source not read
481	specs/.history/modular-fuzzing-epic/ticket-005-MF-014/results/graph-specWorkflow/cleanup-failure-probe-test-graph/sdk/java/src/main/java/com/hayden/testgraphsdk/sdk/Procs.java:78	lexical hit not semantically classified: return new ProcessRecord(label, command, startedAt, Instant.now(),	out-of-scope	ticket_plan.yaml:648-658	none mapped	undeclared	out_of_scope_lexical_inventory		INFERRED exact-path scope; source not read
482	specs/.history/modular-fuzzing-epic/ticket-005-MF-014/results/graph-specWorkflow/cleanup-failure-probe-test-graph/sdk/java/src/main/java/com/hayden/testgraphsdk/sdk/Procs.java:88	lexical hit not semantically classified: return new ProcessRecord(label, command, startedAt, Instant.now(),	out-of-scope	ticket_plan.yaml:648-658	none mapped	undeclared	out_of_scope_lexical_inventory		INFERRED exact-path scope; source not read
483	specs/.history/modular-fuzzing-epic/ticket-005-MF-014/results/graph-specWorkflow/cleanup-failure-probe-test-graph/sdk/java/src/main/java/com/hayden/testgraphsdk/sdk/Procs.java:92	lexical hit not semantically classified: label, command, startedAt, Instant.now(),	out-of-scope	ticket_plan.yaml:648-658	none mapped	undeclared	out_of_scope_lexical_inventory		INFERRED exact-path scope; source not read
484	specs/.history/modular-fuzzing-epic/ticket-005-MF-014/results/graph-specWorkflow/cleanup-failure-probe-test-graph/sdk/python/src/testgraphsdk/procs.py:19	lexical hit not semantically classified: from datetime import datetime, timezone	out-of-scope	ticket_plan.yaml:648-658	none mapped	undeclared	out_of_scope_lexical_inventory		INFERRED exact-path scope; source not read
485	specs/.history/modular-fuzzing-epic/ticket-005-MF-014/results/graph-specWorkflow/cleanup-failure-probe-test-graph/sdk/python/src/testgraphsdk/procs.py:65	lexical hit not semantically classified: started = datetime.now(timezone.utc)	out-of-scope	ticket_plan.yaml:648-658	none mapped	undeclared	out_of_scope_lexical_inventory		INFERRED exact-path scope; source not read
486	specs/.history/modular-fuzzing-epic/ticket-005-MF-014/results/graph-specWorkflow/cleanup-failure-probe-test-graph/sdk/python/src/testgraphsdk/procs.py:86	lexical hit not semantically classified: ended_at=datetime.now(timezone.utc),	out-of-scope	ticket_plan.yaml:648-658	none mapped	undeclared	out_of_scope_lexical_inventory		INFERRED exact-path scope; source not read
487	specs/.history/modular-fuzzing-epic/ticket-005-MF-014/results/graph-specWorkflow/cleanup-failure-probe-test-graph/sdk/python/src/testgraphsdk/procs.py:97	lexical hit not semantically classified: ended_at=datetime.now(timezone.utc),	out-of-scope	ticket_plan.yaml:648-658	none mapped	undeclared	out_of_scope_lexical_inventory		INFERRED exact-path scope; source not read
488	specs/.history/modular-fuzzing-epic/ticket-005-MF-014/results/graph-specWorkflow/cleanup-failure-probe-test-graph/sdk/python/src/testgraphsdk/procs.py:108	lexical hit not semantically classified: ended_at=datetime.now(timezone.utc),	out-of-scope	ticket_plan.yaml:648-658	none mapped	undeclared	out_of_scope_lexical_inventory		INFERRED exact-path scope; source not read
489	specs/.history/modular-fuzzing-epic/ticket-005-MF-014/results/graph-specWorkflow/cleanup-failure-probe-test-graph/sdk/python/src/testgraphsdk/result.py:5	lexical hit not semantically classified: from datetime import datetime, timezone	out-of-scope	ticket_plan.yaml:648-658	none mapped	undeclared	out_of_scope_lexical_inventory		INFERRED exact-path scope; source not read
490	specs/.history/modular-fuzzing-epic/ticket-005-MF-014/results/graph-specWorkflow/cleanup-failure-probe-test-graph/sdk/python/src/testgraphsdk/result.py:52	lexical hit not semantically classified: started_at: datetime | None = None	out-of-scope	ticket_plan.yaml:648-658	none mapped	undeclared	out_of_scope_lexical_inventory		INFERRED exact-path scope; source not read
491	specs/.history/modular-fuzzing-epic/ticket-005-MF-014/results/graph-specWorkflow/cleanup-failure-probe-test-graph/sdk/python/src/testgraphsdk/result.py:53	lexical hit not semantically classified: ended_at: datetime | None = None	out-of-scope	ticket_plan.yaml:648-658	none mapped	undeclared	out_of_scope_lexical_inventory		INFERRED exact-path scope; source not read
492	specs/.history/modular-fuzzing-epic/ticket-005-MF-014/results/graph-specWorkflow/cleanup-failure-probe-test-graph/sdk/python/src/testgraphsdk/result.py:65	lexical hit not semantically classified: def iso(d: datetime | None) -> str | None:	out-of-scope	ticket_plan.yaml:648-658	none mapped	undeclared	out_of_scope_lexical_inventory		INFERRED exact-path scope; source not read
493	specs/.history/modular-fuzzing-epic/ticket-005-MF-014/results/graph-specWorkflow/cleanup-failure-probe-test-graph/sdk/python/src/testgraphsdk/result.py:98	lexical hit not semantically classified: started_at: datetime | None = None	out-of-scope	ticket_plan.yaml:648-658	none mapped	undeclared	out_of_scope_lexical_inventory		INFERRED exact-path scope; source not read
494	specs/.history/modular-fuzzing-epic/ticket-005-MF-014/results/graph-specWorkflow/cleanup-failure-probe-test-graph/sdk/python/src/testgraphsdk/result.py:99	lexical hit not semantically classified: ended_at: datetime | None = None	out-of-scope	ticket_plan.yaml:648-658	none mapped	undeclared	out_of_scope_lexical_inventory		INFERRED exact-path scope; source not read
495	specs/.history/modular-fuzzing-epic/ticket-005-MF-014/results/graph-specWorkflow/cleanup-failure-probe-test-graph/sdk/python/src/testgraphsdk/result.py:164	"lexical hit not semantically classified: def _stamp(self, started: datetime, ended: datetime) -> ""NodeResult"":"	out-of-scope	ticket_plan.yaml:648-658	none mapped	undeclared	out_of_scope_lexical_inventory		INFERRED exact-path scope; source not read
496	specs/.history/modular-fuzzing-epic/ticket-005-MF-014/results/graph-specWorkflow/cleanup-failure-probe-test-graph/sdk/python/src/testgraphsdk/result.py:173	lexical hit not semantically classified: def iso(d: datetime | None) -> str | None:	out-of-scope	ticket_plan.yaml:648-658	none mapped	undeclared	out_of_scope_lexical_inventory		INFERRED exact-path scope; source not read
497	specs/.history/modular-fuzzing-epic/ticket-005-MF-014/results/graph-specWorkflow/cleanup-failure-probe-test-graph/sdk/python/src/testgraphsdk/runner.py:22	lexical hit not semantically classified: from datetime import datetime, timezone	out-of-scope	ticket_plan.yaml:648-658	none mapped	undeclared	out_of_scope_lexical_inventory		INFERRED exact-path scope; source not read
498	specs/.history/modular-fuzzing-epic/ticket-005-MF-014/results/graph-specWorkflow/cleanup-failure-probe-test-graph/sdk/python/src/testgraphsdk/runner.py:47	lexical hit not semantically classified: started = datetime.now(timezone.utc)	out-of-scope	ticket_plan.yaml:648-658	none mapped	undeclared	out_of_scope_lexical_inventory		INFERRED exact-path scope; source not read
499	specs/.history/modular-fuzzing-epic/ticket-005-MF-014/results/graph-specWorkflow/cleanup-failure-probe-test-graph/sdk/python/src/testgraphsdk/runner.py:52	lexical hit not semantically classified: ended = datetime.now(timezone.utc)	out-of-scope	ticket_plan.yaml:648-658	none mapped	undeclared	out_of_scope_lexical_inventory		INFERRED exact-path scope; source not read
500	specs/.history/modular-fuzzing-epic/ticket-005-MF-014/ticket/results/graph-specWorkflow/cleanup-failure-probe-test-graph/build-logic/src/main/kotlin/com/hayden/testgraphsdk/MiniJson.kt:6	lexical hit not semantically classified: * Keeps the plugin dependency-free now that we no longer need snakeyaml.	out-of-scope	ticket_plan.yaml:648-658	none mapped	undeclared	out_of_scope_lexical_inventory		INFERRED exact-path scope; source not read
501	specs/.history/modular-fuzzing-epic/ticket-005-MF-014/ticket/results/graph-specWorkflow/cleanup-failure-probe-test-graph/build-logic/src/main/kotlin/com/hayden/testgraphsdk/TestGraphSpec.kt:8	lexical hit not semantically classified: * Every setter returns `this`; at plan-build time the overlay is merged	out-of-scope	ticket_plan.yaml:648-658	none mapped	undeclared	out_of_scope_lexical_inventory		INFERRED exact-path scope; source not read
502	specs/.history/modular-fuzzing-epic/ticket-005-MF-014/ticket/results/graph-specWorkflow/cleanup-failure-probe-test-graph/build-logic/src/main/kotlin/com/hayden/testgraphsdk/TestGraphSpec.kt:55	lexical hit not semantically classified: * at execution time.	out-of-scope	ticket_plan.yaml:648-658	none mapped	undeclared	out_of_scope_lexical_inventory		INFERRED exact-path scope; source not read
503	specs/.history/modular-fuzzing-epic/ticket-005-MF-014/ticket/results/graph-specWorkflow/cleanup-failure-probe-test-graph/build-logic/src/main/kotlin/com/hayden/testgraphsdk/ValidationGraphPlugin.kt:74	lexical hit not semantically classified: // serialized in declaration order. Configure-time `dependsOn` is	out-of-scope	ticket_plan.yaml:648-658	none mapped	undeclared	out_of_scope_lexical_inventory		INFERRED exact-path scope; source not read
504	specs/.history/modular-fuzzing-epic/ticket-005-MF-014/ticket/results/graph-specWorkflow/cleanup-failure-probe-test-graph/build-logic/src/main/kotlin/com/hayden/testgraphsdk/exec/Executors.kt:89	lexical hit not semantically classified: * Wait for [process] up to [timeoutMillis]; if it doesn't return in time,	out-of-scope	ticket_plan.yaml:648-658	none mapped	undeclared	out_of_scope_lexical_inventory		INFERRED exact-path scope; source not read
505	specs/.history/modular-fuzzing-epic/ticket-005-MF-014/ticket/results/graph-specWorkflow/cleanup-failure-probe-test-graph/build-logic/src/main/kotlin/com/hayden/testgraphsdk/exec/Executors.kt:96	lexical hit not semantically classified: * `waitFor()`; the spec parser doesn't emit those today, but the helper	out-of-scope	ticket_plan.yaml:648-658	none mapped	undeclared	out_of_scope_lexical_inventory		INFERRED exact-path scope; source not read
506	specs/.history/modular-fuzzing-epic/ticket-005-MF-014/ticket/results/graph-specWorkflow/cleanup-failure-probe-test-graph/build-logic/src/main/kotlin/com/hayden/testgraphsdk/exec/JBangExecutor.kt:12	lexical hit not semantically classified: * crash, OOM at fork time, etc.). PlanExecutor stamps the path onto	out-of-scope	ticket_plan.yaml:648-658	none mapped	undeclared	out_of_scope_lexical_inventory		INFERRED exact-path scope; source not read
507	specs/.history/modular-fuzzing-epic/ticket-005-MF-014/ticket/results/graph-specWorkflow/cleanup-failure-probe-test-graph/build-logic/src/main/kotlin/com/hayden/testgraphsdk/exec/PlanExecutor.kt:8	lexical hit not semantically classified: import java.time.Instant	out-of-scope	ticket_plan.yaml:648-658	none mapped	undeclared	out_of_scope_lexical_inventory		INFERRED exact-path scope; source not read
508	specs/.history/modular-fuzzing-epic/ticket-005-MF-014/ticket/results/graph-specWorkflow/cleanup-failure-probe-test-graph/build-logic/src/main/kotlin/com/hayden/testgraphsdk/exec/PlanExecutor.kt:138	lexical hit not semantically classified: var startedAt = Instant.now()	out-of-scope	ticket_plan.yaml:648-658	none mapped	undeclared	out_of_scope_lexical_inventory		INFERRED exact-path scope; source not read
509	specs/.history/modular-fuzzing-epic/ticket-005-MF-014/ticket/results/graph-specWorkflow/cleanup-failure-probe-test-graph/build-logic/src/main/kotlin/com/hayden/testgraphsdk/exec/PlanExecutor.kt:164	lexical hit not semantically classified: startedAt = Instant.now()	out-of-scope	ticket_plan.yaml:648-658	none mapped	undeclared	out_of_scope_lexical_inventory		INFERRED exact-path scope; source not read
510	specs/.history/modular-fuzzing-epic/ticket-005-MF-014/ticket/results/graph-specWorkflow/cleanup-failure-probe-test-graph/build-logic/src/main/kotlin/com/hayden/testgraphsdk/exec/PlanExecutor.kt:166	lexical hit not semantically classified: endedAt = Instant.now()	out-of-scope	ticket_plan.yaml:648-658	none mapped	undeclared	out_of_scope_lexical_inventory		INFERRED exact-path scope; source not read
511	specs/.history/modular-fuzzing-epic/ticket-005-MF-014/ticket/results/graph-specWorkflow/cleanup-failure-probe-test-graph/build-logic/src/main/kotlin/com/hayden/testgraphsdk/exec/PlanExecutor.kt:209	lexical hit not semantically classified: val now = Instant.now()	out-of-scope	ticket_plan.yaml:648-658	none mapped	undeclared	out_of_scope_lexical_inventory		INFERRED exact-path scope; source not read
512	specs/.history/modular-fuzzing-epic/ticket-005-MF-014/ticket/results/graph-specWorkflow/cleanup-failure-probe-test-graph/build-logic/src/main/kotlin/com/hayden/testgraphsdk/exec/PlanExecutor.kt:222	lexical hit not semantically classified: startedAt = now,	out-of-scope	ticket_plan.yaml:648-658	none mapped	undeclared	out_of_scope_lexical_inventory		INFERRED exact-path scope; source not read
513	specs/.history/modular-fuzzing-epic/ticket-005-MF-014/ticket/results/graph-specWorkflow/cleanup-failure-probe-test-graph/build-logic/src/main/kotlin/com/hayden/testgraphsdk/exec/PlanExecutor.kt:223	lexical hit not semantically classified: endedAt = now,	out-of-scope	ticket_plan.yaml:648-658	none mapped	undeclared	out_of_scope_lexical_inventory		INFERRED exact-path scope; source not read
514	specs/.history/modular-fuzzing-epic/ticket-005-MF-014/ticket/results/graph-specWorkflow/cleanup-failure-probe-test-graph/build-logic/src/main/kotlin/com/hayden/testgraphsdk/exec/TimeoutParser.kt:6	lexical hit not semantically classified: * Accepts the suffix forms NodeSpec specs in the wild use today —	out-of-scope	ticket_plan.yaml:648-658	none mapped	undeclared	out_of_scope_lexical_inventory		INFERRED exact-path scope; source not read
515	specs/.history/modular-fuzzing-epic/ticket-005-MF-014/ticket/results/graph-specWorkflow/cleanup-failure-probe-test-graph/build-logic/src/main/kotlin/com/hayden/testgraphsdk/exec/TimeoutParser.kt:10	lexical hit not semantically classified: * configuration time.	out-of-scope	ticket_plan.yaml:648-658	none mapped	undeclared	out_of_scope_lexical_inventory		INFERRED exact-path scope; source not read
516	specs/.history/modular-fuzzing-epic/ticket-005-MF-014/ticket/results/graph-specWorkflow/cleanup-failure-probe-test-graph/build-logic/src/main/kotlin/com/hayden/testgraphsdk/tasks/RunReportWriter.kt:25	lexical hit not semantically classified: * The renderer now lives here as a plain object so {@link	out-of-scope	ticket_plan.yaml:648-658	none mapped	undeclared	out_of_scope_lexical_inventory		INFERRED exact-path scope; source not read
517	specs/.history/modular-fuzzing-epic/ticket-005-MF-014/ticket/results/graph-specWorkflow/cleanup-failure-probe-test-graph/build-logic/src/main/kotlin/com/hayden/testgraphsdk/tasks/RunReportWriter.kt:300	lexical hit not semantically classified: java.time.Instant.parse(endIso).toEpochMilli() -	out-of-scope	ticket_plan.yaml:648-658	none mapped	undeclared	out_of_scope_lexical_inventory		INFERRED exact-path scope; source not read
518	specs/.history/modular-fuzzing-epic/ticket-005-MF-014/ticket/results/graph-specWorkflow/cleanup-failure-probe-test-graph/build-logic/src/main/kotlin/com/hayden/testgraphsdk/tasks/RunReportWriter.kt:301	lexical hit not semantically classified: java.time.Instant.parse(startIso).toEpochMilli()	out-of-scope	ticket_plan.yaml:648-658	none mapped	undeclared	out_of_scope_lexical_inventory		INFERRED exact-path scope; source not read
519	specs/.history/modular-fuzzing-epic/ticket-005-MF-014/ticket/results/graph-specWorkflow/cleanup-failure-probe-test-graph/build-logic/src/main/kotlin/com/hayden/testgraphsdk/tasks/RunTestGraphTask.kt:14	lexical hit not semantically classified: import java.time.Instant	out-of-scope	ticket_plan.yaml:648-658	none mapped	undeclared	out_of_scope_lexical_inventory		INFERRED exact-path scope; source not read
520	specs/.history/modular-fuzzing-epic/ticket-005-MF-014/ticket/results/graph-specWorkflow/cleanup-failure-probe-test-graph/build-logic/src/main/kotlin/com/hayden/testgraphsdk/tasks/RunTestGraphTask.kt:15	lexical hit not semantically classified: import java.time.ZoneOffset	out-of-scope	ticket_plan.yaml:648-658	none mapped	undeclared	out_of_scope_lexical_inventory		INFERRED exact-path scope; source not read
521	specs/.history/modular-fuzzing-epic/ticket-005-MF-014/ticket/results/graph-specWorkflow/cleanup-failure-probe-test-graph/build-logic/src/main/kotlin/com/hayden/testgraphsdk/tasks/RunTestGraphTask.kt:16	lexical hit not semantically classified: import java.time.format.DateTimeFormatter	out-of-scope	ticket_plan.yaml:648-658	none mapped	undeclared	out_of_scope_lexical_inventory		INFERRED exact-path scope; source not read
522	specs/.history/modular-fuzzing-epic/ticket-005-MF-014/ticket/results/graph-specWorkflow/cleanup-failure-probe-test-graph/build-logic/src/main/kotlin/com/hayden/testgraphsdk/tasks/RunTestGraphTask.kt:23	"lexical hit not semantically classified: return ""${safeGraphName}-${fmt.format(Instant.now())}-${UUID.randomUUID().toString().take(8)}"""	out-of-scope	ticket_plan.yaml:648-658	none mapped	undeclared	out_of_scope_lexical_inventory		INFERRED exact-path scope; source not read
523	specs/.history/modular-fuzzing-epic/ticket-005-MF-014/ticket/results/graph-specWorkflow/cleanup-failure-probe-test-graph/build-logic/src/main/kotlin/com/hayden/testgraphsdk/tasks/RunTestGraphTask.kt:31	lexical hit not semantically classified: * Non-Property internal fields are set at configuration time by the	out-of-scope	ticket_plan.yaml:648-658	none mapped	undeclared	out_of_scope_lexical_inventory		INFERRED exact-path scope; source not read
524	specs/.history/modular-fuzzing-epic/ticket-005-MF-014/ticket/results/graph-specWorkflow/cleanup-failure-probe-test-graph/sdk/java/src/main/java/com/hayden/testgraphsdk/sdk/Node.java:5	lexical hit not semantically classified: import java.time.Instant;	out-of-scope	ticket_plan.yaml:648-658	none mapped	undeclared	out_of_scope_lexical_inventory		INFERRED exact-path scope; source not read
525	specs/.history/modular-fuzzing-epic/ticket-005-MF-014/ticket/results/graph-specWorkflow/cleanup-failure-probe-test-graph/sdk/java/src/main/java/com/hayden/testgraphsdk/sdk/Node.java:50	lexical hit not semantically classified: Instant startedAt = Instant.now();	out-of-scope	ticket_plan.yaml:648-658	none mapped	undeclared	out_of_scope_lexical_inventory		INFERRED exact-path scope; source not read
526	specs/.history/modular-fuzzing-epic/ticket-005-MF-014/ticket/results/graph-specWorkflow/cleanup-failure-probe-test-graph/sdk/java/src/main/java/com/hayden/testgraphsdk/sdk/Node.java:53	lexical hit not semantically classified: result = body.apply(ctx).startedAt(startedAt).endedAt(Instant.now());	out-of-scope	ticket_plan.yaml:648-658	none mapped	undeclared	out_of_scope_lexical_inventory		INFERRED exact-path scope; source not read
527	specs/.history/modular-fuzzing-epic/ticket-005-MF-014/ticket/results/graph-specWorkflow/cleanup-failure-probe-test-graph/sdk/java/src/main/java/com/hayden/testgraphsdk/sdk/Node.java:57	lexical hit not semantically classified: .endedAt(Instant.now());	out-of-scope	ticket_plan.yaml:648-658	none mapped	undeclared	out_of_scope_lexical_inventory		INFERRED exact-path scope; source not read
528	specs/.history/modular-fuzzing-epic/ticket-005-MF-014/ticket/results/graph-specWorkflow/cleanup-failure-probe-test-graph/sdk/java/src/main/java/com/hayden/testgraphsdk/sdk/NodeResult.java:5	lexical hit not semantically classified: import java.time.Instant;	out-of-scope	ticket_plan.yaml:648-658	none mapped	undeclared	out_of_scope_lexical_inventory		INFERRED exact-path scope; source not read
529	specs/.history/modular-fuzzing-epic/ticket-005-MF-014/ticket/results/graph-specWorkflow/cleanup-failure-probe-test-graph/sdk/java/src/main/java/com/hayden/testgraphsdk/sdk/ProcessRecord.java:3	lexical hit not semantically classified: import java.time.Instant;	out-of-scope	ticket_plan.yaml:648-658	none mapped	undeclared	out_of_scope_lexical_inventory		INFERRED exact-path scope; source not read
530	specs/.history/modular-fuzzing-epic/ticket-005-MF-014/ticket/results/graph-specWorkflow/cleanup-failure-probe-test-graph/sdk/java/src/main/java/com/hayden/testgraphsdk/sdk/ProcessRecord.java:69	lexical hit not semantically classified: /** Wall-clock duration in milliseconds, or -1 if either timestamp is missing. */	out-of-scope	ticket_plan.yaml:648-658	none mapped	undeclared	out_of_scope_lexical_inventory		INFERRED exact-path scope; source not read
531	specs/.history/modular-fuzzing-epic/ticket-005-MF-014/ticket/results/graph-specWorkflow/cleanup-failure-probe-test-graph/sdk/java/src/main/java/com/hayden/testgraphsdk/sdk/Procs.java:6	lexical hit not semantically classified: import java.time.Instant;	out-of-scope	ticket_plan.yaml:648-658	none mapped	undeclared	out_of_scope_lexical_inventory		INFERRED exact-path scope; source not read
532	specs/.history/modular-fuzzing-epic/ticket-005-MF-014/ticket/results/graph-specWorkflow/cleanup-failure-probe-test-graph/sdk/java/src/main/java/com/hayden/testgraphsdk/sdk/Procs.java:14	lexical hit not semantically classified: * dir), and any spawn-time error. Attach it to the result with	out-of-scope	ticket_plan.yaml:648-658	none mapped	undeclared	out_of_scope_lexical_inventory		INFERRED exact-path scope; source not read
533	specs/.history/modular-fuzzing-epic/ticket-005-MF-014/ticket/results/graph-specWorkflow/cleanup-failure-probe-test-graph/sdk/java/src/main/java/com/hayden/testgraphsdk/sdk/Procs.java:72	lexical hit not semantically classified: Instant startedAt = Instant.now();	out-of-scope	ticket_plan.yaml:648-658	none mapped	undeclared	out_of_scope_lexical_inventory		INFERRED exact-path scope; source not read
534	specs/.history/modular-fuzzing-epic/ticket-005-MF-014/ticket/results/graph-specWorkflow/cleanup-failure-probe-test-graph/sdk/java/src/main/java/com/hayden/testgraphsdk/sdk/Procs.java:78	lexical hit not semantically classified: return new ProcessRecord(label, command, startedAt, Instant.now(),	out-of-scope	ticket_plan.yaml:648-658	none mapped	undeclared	out_of_scope_lexical_inventory		INFERRED exact-path scope; source not read
535	specs/.history/modular-fuzzing-epic/ticket-005-MF-014/ticket/results/graph-specWorkflow/cleanup-failure-probe-test-graph/sdk/java/src/main/java/com/hayden/testgraphsdk/sdk/Procs.java:88	lexical hit not semantically classified: return new ProcessRecord(label, command, startedAt, Instant.now(),	out-of-scope	ticket_plan.yaml:648-658	none mapped	undeclared	out_of_scope_lexical_inventory		INFERRED exact-path scope; source not read
536	specs/.history/modular-fuzzing-epic/ticket-005-MF-014/ticket/results/graph-specWorkflow/cleanup-failure-probe-test-graph/sdk/java/src/main/java/com/hayden/testgraphsdk/sdk/Procs.java:92	lexical hit not semantically classified: label, command, startedAt, Instant.now(),	out-of-scope	ticket_plan.yaml:648-658	none mapped	undeclared	out_of_scope_lexical_inventory		INFERRED exact-path scope; source not read
537	specs/.history/modular-fuzzing-epic/ticket-005-MF-014/ticket/results/graph-specWorkflow/cleanup-failure-probe-test-graph/sdk/python/src/testgraphsdk/procs.py:19	lexical hit not semantically classified: from datetime import datetime, timezone	out-of-scope	ticket_plan.yaml:648-658	none mapped	undeclared	out_of_scope_lexical_inventory		INFERRED exact-path scope; source not read
538	specs/.history/modular-fuzzing-epic/ticket-005-MF-014/ticket/results/graph-specWorkflow/cleanup-failure-probe-test-graph/sdk/python/src/testgraphsdk/procs.py:65	lexical hit not semantically classified: started = datetime.now(timezone.utc)	out-of-scope	ticket_plan.yaml:648-658	none mapped	undeclared	out_of_scope_lexical_inventory		INFERRED exact-path scope; source not read
539	specs/.history/modular-fuzzing-epic/ticket-005-MF-014/ticket/results/graph-specWorkflow/cleanup-failure-probe-test-graph/sdk/python/src/testgraphsdk/procs.py:86	lexical hit not semantically classified: ended_at=datetime.now(timezone.utc),	out-of-scope	ticket_plan.yaml:648-658	none mapped	undeclared	out_of_scope_lexical_inventory		INFERRED exact-path scope; source not read
540	specs/.history/modular-fuzzing-epic/ticket-005-MF-014/ticket/results/graph-specWorkflow/cleanup-failure-probe-test-graph/sdk/python/src/testgraphsdk/procs.py:97	lexical hit not semantically classified: ended_at=datetime.now(timezone.utc),	out-of-scope	ticket_plan.yaml:648-658	none mapped	undeclared	out_of_scope_lexical_inventory		INFERRED exact-path scope; source not read
541	specs/.history/modular-fuzzing-epic/ticket-005-MF-014/ticket/results/graph-specWorkflow/cleanup-failure-probe-test-graph/sdk/python/src/testgraphsdk/procs.py:108	lexical hit not semantically classified: ended_at=datetime.now(timezone.utc),	out-of-scope	ticket_plan.yaml:648-658	none mapped	undeclared	out_of_scope_lexical_inventory		INFERRED exact-path scope; source not read
542	specs/.history/modular-fuzzing-epic/ticket-005-MF-014/ticket/results/graph-specWorkflow/cleanup-failure-probe-test-graph/sdk/python/src/testgraphsdk/result.py:5	lexical hit not semantically classified: from datetime import datetime, timezone	out-of-scope	ticket_plan.yaml:648-658	none mapped	undeclared	out_of_scope_lexical_inventory		INFERRED exact-path scope; source not read
543	specs/.history/modular-fuzzing-epic/ticket-005-MF-014/ticket/results/graph-specWorkflow/cleanup-failure-probe-test-graph/sdk/python/src/testgraphsdk/result.py:52	lexical hit not semantically classified: started_at: datetime | None = None	out-of-scope	ticket_plan.yaml:648-658	none mapped	undeclared	out_of_scope_lexical_inventory		INFERRED exact-path scope; source not read
544	specs/.history/modular-fuzzing-epic/ticket-005-MF-014/ticket/results/graph-specWorkflow/cleanup-failure-probe-test-graph/sdk/python/src/testgraphsdk/result.py:53	lexical hit not semantically classified: ended_at: datetime | None = None	out-of-scope	ticket_plan.yaml:648-658	none mapped	undeclared	out_of_scope_lexical_inventory		INFERRED exact-path scope; source not read
545	specs/.history/modular-fuzzing-epic/ticket-005-MF-014/ticket/results/graph-specWorkflow/cleanup-failure-probe-test-graph/sdk/python/src/testgraphsdk/result.py:65	lexical hit not semantically classified: def iso(d: datetime | None) -> str | None:	out-of-scope	ticket_plan.yaml:648-658	none mapped	undeclared	out_of_scope_lexical_inventory		INFERRED exact-path scope; source not read
546	specs/.history/modular-fuzzing-epic/ticket-005-MF-014/ticket/results/graph-specWorkflow/cleanup-failure-probe-test-graph/sdk/python/src/testgraphsdk/result.py:98	lexical hit not semantically classified: started_at: datetime | None = None	out-of-scope	ticket_plan.yaml:648-658	none mapped	undeclared	out_of_scope_lexical_inventory		INFERRED exact-path scope; source not read
547	specs/.history/modular-fuzzing-epic/ticket-005-MF-014/ticket/results/graph-specWorkflow/cleanup-failure-probe-test-graph/sdk/python/src/testgraphsdk/result.py:99	lexical hit not semantically classified: ended_at: datetime | None = None	out-of-scope	ticket_plan.yaml:648-658	none mapped	undeclared	out_of_scope_lexical_inventory		INFERRED exact-path scope; source not read
548	specs/.history/modular-fuzzing-epic/ticket-005-MF-014/ticket/results/graph-specWorkflow/cleanup-failure-probe-test-graph/sdk/python/src/testgraphsdk/result.py:164	"lexical hit not semantically classified: def _stamp(self, started: datetime, ended: datetime) -> ""NodeResult"":"	out-of-scope	ticket_plan.yaml:648-658	none mapped	undeclared	out_of_scope_lexical_inventory		INFERRED exact-path scope; source not read
549	specs/.history/modular-fuzzing-epic/ticket-005-MF-014/ticket/results/graph-specWorkflow/cleanup-failure-probe-test-graph/sdk/python/src/testgraphsdk/result.py:173	lexical hit not semantically classified: def iso(d: datetime | None) -> str | None:	out-of-scope	ticket_plan.yaml:648-658	none mapped	undeclared	out_of_scope_lexical_inventory		INFERRED exact-path scope; source not read
550	specs/.history/modular-fuzzing-epic/ticket-005-MF-014/ticket/results/graph-specWorkflow/cleanup-failure-probe-test-graph/sdk/python/src/testgraphsdk/runner.py:22	lexical hit not semantically classified: from datetime import datetime, timezone	out-of-scope	ticket_plan.yaml:648-658	none mapped	undeclared	out_of_scope_lexical_inventory		INFERRED exact-path scope; source not read
551	specs/.history/modular-fuzzing-epic/ticket-005-MF-014/ticket/results/graph-specWorkflow/cleanup-failure-probe-test-graph/sdk/python/src/testgraphsdk/runner.py:47	lexical hit not semantically classified: started = datetime.now(timezone.utc)	out-of-scope	ticket_plan.yaml:648-658	none mapped	undeclared	out_of_scope_lexical_inventory		INFERRED exact-path scope; source not read
552	specs/.history/modular-fuzzing-epic/ticket-005-MF-014/ticket/results/graph-specWorkflow/cleanup-failure-probe-test-graph/sdk/python/src/testgraphsdk/runner.py:52	lexical hit not semantically classified: ended = datetime.now(timezone.utc)	out-of-scope	ticket_plan.yaml:648-658	none mapped	undeclared	out_of_scope_lexical_inventory		INFERRED exact-path scope; source not read
553	specs/.history/modular-fuzzing-epic/ticket-006-MF-013/results/specWorkflow-report-post-promotion/cleanup-failure-probe-test-graph/build-logic/src/main/kotlin/com/hayden/testgraphsdk/MiniJson.kt:6	lexical hit not semantically classified: * Keeps the plugin dependency-free now that we no longer need snakeyaml.	out-of-scope	ticket_plan.yaml:648-658	none mapped	undeclared	out_of_scope_lexical_inventory		INFERRED exact-path scope; source not read
554	specs/.history/modular-fuzzing-epic/ticket-006-MF-013/results/specWorkflow-report-post-promotion/cleanup-failure-probe-test-graph/build-logic/src/main/kotlin/com/hayden/testgraphsdk/TestGraphSpec.kt:8	lexical hit not semantically classified: * Every setter returns `this`; at plan-build time the overlay is merged	out-of-scope	ticket_plan.yaml:648-658	none mapped	undeclared	out_of_scope_lexical_inventory		INFERRED exact-path scope; source not read
555	specs/.history/modular-fuzzing-epic/ticket-006-MF-013/results/specWorkflow-report-post-promotion/cleanup-failure-probe-test-graph/build-logic/src/main/kotlin/com/hayden/testgraphsdk/TestGraphSpec.kt:55	lexical hit not semantically classified: * at execution time.	out-of-scope	ticket_plan.yaml:648-658	none mapped	undeclared	out_of_scope_lexical_inventory		INFERRED exact-path scope; source not read
556	specs/.history/modular-fuzzing-epic/ticket-006-MF-013/results/specWorkflow-report-post-promotion/cleanup-failure-probe-test-graph/build-logic/src/main/kotlin/com/hayden/testgraphsdk/ValidationGraphPlugin.kt:74	lexical hit not semantically classified: // serialized in declaration order. Configure-time `dependsOn` is	out-of-scope	ticket_plan.yaml:648-658	none mapped	undeclared	out_of_scope_lexical_inventory		INFERRED exact-path scope; source not read
557	specs/.history/modular-fuzzing-epic/ticket-006-MF-013/results/specWorkflow-report-post-promotion/cleanup-failure-probe-test-graph/build-logic/src/main/kotlin/com/hayden/testgraphsdk/exec/Executors.kt:89	lexical hit not semantically classified: * Wait for [process] up to [timeoutMillis]; if it doesn't return in time,	out-of-scope	ticket_plan.yaml:648-658	none mapped	undeclared	out_of_scope_lexical_inventory		INFERRED exact-path scope; source not read
558	specs/.history/modular-fuzzing-epic/ticket-006-MF-013/results/specWorkflow-report-post-promotion/cleanup-failure-probe-test-graph/build-logic/src/main/kotlin/com/hayden/testgraphsdk/exec/Executors.kt:96	lexical hit not semantically classified: * `waitFor()`; the spec parser doesn't emit those today, but the helper	out-of-scope	ticket_plan.yaml:648-658	none mapped	undeclared	out_of_scope_lexical_inventory		INFERRED exact-path scope; source not read
559	specs/.history/modular-fuzzing-epic/ticket-006-MF-013/results/specWorkflow-report-post-promotion/cleanup-failure-probe-test-graph/build-logic/src/main/kotlin/com/hayden/testgraphsdk/exec/JBangExecutor.kt:12	lexical hit not semantically classified: * crash, OOM at fork time, etc.). PlanExecutor stamps the path onto	out-of-scope	ticket_plan.yaml:648-658	none mapped	undeclared	out_of_scope_lexical_inventory		INFERRED exact-path scope; source not read
560	specs/.history/modular-fuzzing-epic/ticket-006-MF-013/results/specWorkflow-report-post-promotion/cleanup-failure-probe-test-graph/build-logic/src/main/kotlin/com/hayden/testgraphsdk/exec/PlanExecutor.kt:8	lexical hit not semantically classified: import java.time.Instant	out-of-scope	ticket_plan.yaml:648-658	none mapped	undeclared	out_of_scope_lexical_inventory		INFERRED exact-path scope; source not read
561	specs/.history/modular-fuzzing-epic/ticket-006-MF-013/results/specWorkflow-report-post-promotion/cleanup-failure-probe-test-graph/build-logic/src/main/kotlin/com/hayden/testgraphsdk/exec/PlanExecutor.kt:138	lexical hit not semantically classified: var startedAt = Instant.now()	out-of-scope	ticket_plan.yaml:648-658	none mapped	undeclared	out_of_scope_lexical_inventory		INFERRED exact-path scope; source not read
562	specs/.history/modular-fuzzing-epic/ticket-006-MF-013/results/specWorkflow-report-post-promotion/cleanup-failure-probe-test-graph/build-logic/src/main/kotlin/com/hayden/testgraphsdk/exec/PlanExecutor.kt:164	lexical hit not semantically classified: startedAt = Instant.now()	out-of-scope	ticket_plan.yaml:648-658	none mapped	undeclared	out_of_scope_lexical_inventory		INFERRED exact-path scope; source not read
563	specs/.history/modular-fuzzing-epic/ticket-006-MF-013/results/specWorkflow-report-post-promotion/cleanup-failure-probe-test-graph/build-logic/src/main/kotlin/com/hayden/testgraphsdk/exec/PlanExecutor.kt:166	lexical hit not semantically classified: endedAt = Instant.now()	out-of-scope	ticket_plan.yaml:648-658	none mapped	undeclared	out_of_scope_lexical_inventory		INFERRED exact-path scope; source not read
564	specs/.history/modular-fuzzing-epic/ticket-006-MF-013/results/specWorkflow-report-post-promotion/cleanup-failure-probe-test-graph/build-logic/src/main/kotlin/com/hayden/testgraphsdk/exec/PlanExecutor.kt:209	lexical hit not semantically classified: val now = Instant.now()	out-of-scope	ticket_plan.yaml:648-658	none mapped	undeclared	out_of_scope_lexical_inventory		INFERRED exact-path scope; source not read
565	specs/.history/modular-fuzzing-epic/ticket-006-MF-013/results/specWorkflow-report-post-promotion/cleanup-failure-probe-test-graph/build-logic/src/main/kotlin/com/hayden/testgraphsdk/exec/PlanExecutor.kt:222	lexical hit not semantically classified: startedAt = now,	out-of-scope	ticket_plan.yaml:648-658	none mapped	undeclared	out_of_scope_lexical_inventory		INFERRED exact-path scope; source not read
566	specs/.history/modular-fuzzing-epic/ticket-006-MF-013/results/specWorkflow-report-post-promotion/cleanup-failure-probe-test-graph/build-logic/src/main/kotlin/com/hayden/testgraphsdk/exec/PlanExecutor.kt:223	lexical hit not semantically classified: endedAt = now,	out-of-scope	ticket_plan.yaml:648-658	none mapped	undeclared	out_of_scope_lexical_inventory		INFERRED exact-path scope; source not read
567	specs/.history/modular-fuzzing-epic/ticket-006-MF-013/results/specWorkflow-report-post-promotion/cleanup-failure-probe-test-graph/build-logic/src/main/kotlin/com/hayden/testgraphsdk/exec/TimeoutParser.kt:6	lexical hit not semantically classified: * Accepts the suffix forms NodeSpec specs in the wild use today —	out-of-scope	ticket_plan.yaml:648-658	none mapped	undeclared	out_of_scope_lexical_inventory		INFERRED exact-path scope; source not read
568	specs/.history/modular-fuzzing-epic/ticket-006-MF-013/results/specWorkflow-report-post-promotion/cleanup-failure-probe-test-graph/build-logic/src/main/kotlin/com/hayden/testgraphsdk/exec/TimeoutParser.kt:10	lexical hit not semantically classified: * configuration time.	out-of-scope	ticket_plan.yaml:648-658	none mapped	undeclared	out_of_scope_lexical_inventory		INFERRED exact-path scope; source not read
569	specs/.history/modular-fuzzing-epic/ticket-006-MF-013/results/specWorkflow-report-post-promotion/cleanup-failure-probe-test-graph/build-logic/src/main/kotlin/com/hayden/testgraphsdk/tasks/RunReportWriter.kt:25	lexical hit not semantically classified: * The renderer now lives here as a plain object so {@link	out-of-scope	ticket_plan.yaml:648-658	none mapped	undeclared	out_of_scope_lexical_inventory		INFERRED exact-path scope; source not read
570	specs/.history/modular-fuzzing-epic/ticket-006-MF-013/results/specWorkflow-report-post-promotion/cleanup-failure-probe-test-graph/build-logic/src/main/kotlin/com/hayden/testgraphsdk/tasks/RunReportWriter.kt:300	lexical hit not semantically classified: java.time.Instant.parse(endIso).toEpochMilli() -	out-of-scope	ticket_plan.yaml:648-658	none mapped	undeclared	out_of_scope_lexical_inventory		INFERRED exact-path scope; source not read
571	specs/.history/modular-fuzzing-epic/ticket-006-MF-013/results/specWorkflow-report-post-promotion/cleanup-failure-probe-test-graph/build-logic/src/main/kotlin/com/hayden/testgraphsdk/tasks/RunReportWriter.kt:301	lexical hit not semantically classified: java.time.Instant.parse(startIso).toEpochMilli()	out-of-scope	ticket_plan.yaml:648-658	none mapped	undeclared	out_of_scope_lexical_inventory		INFERRED exact-path scope; source not read
572	specs/.history/modular-fuzzing-epic/ticket-006-MF-013/results/specWorkflow-report-post-promotion/cleanup-failure-probe-test-graph/build-logic/src/main/kotlin/com/hayden/testgraphsdk/tasks/RunTestGraphTask.kt:14	lexical hit not semantically classified: import java.time.Instant	out-of-scope	ticket_plan.yaml:648-658	none mapped	undeclared	out_of_scope_lexical_inventory		INFERRED exact-path scope; source not read
573	specs/.history/modular-fuzzing-epic/ticket-006-MF-013/results/specWorkflow-report-post-promotion/cleanup-failure-probe-test-graph/build-logic/src/main/kotlin/com/hayden/testgraphsdk/tasks/RunTestGraphTask.kt:15	lexical hit not semantically classified: import java.time.ZoneOffset	out-of-scope	ticket_plan.yaml:648-658	none mapped	undeclared	out_of_scope_lexical_inventory		INFERRED exact-path scope; source not read
574	specs/.history/modular-fuzzing-epic/ticket-006-MF-013/results/specWorkflow-report-post-promotion/cleanup-failure-probe-test-graph/build-logic/src/main/kotlin/com/hayden/testgraphsdk/tasks/RunTestGraphTask.kt:16	lexical hit not semantically classified: import java.time.format.DateTimeFormatter	out-of-scope	ticket_plan.yaml:648-658	none mapped	undeclared	out_of_scope_lexical_inventory		INFERRED exact-path scope; source not read
575	specs/.history/modular-fuzzing-epic/ticket-006-MF-013/results/specWorkflow-report-post-promotion/cleanup-failure-probe-test-graph/build-logic/src/main/kotlin/com/hayden/testgraphsdk/tasks/RunTestGraphTask.kt:23	"lexical hit not semantically classified: return ""${safeGraphName}-${fmt.format(Instant.now())}-${UUID.randomUUID().toString().take(8)}"""	out-of-scope	ticket_plan.yaml:648-658	none mapped	undeclared	out_of_scope_lexical_inventory		INFERRED exact-path scope; source not read
576	specs/.history/modular-fuzzing-epic/ticket-006-MF-013/results/specWorkflow-report-post-promotion/cleanup-failure-probe-test-graph/build-logic/src/main/kotlin/com/hayden/testgraphsdk/tasks/RunTestGraphTask.kt:31	lexical hit not semantically classified: * Non-Property internal fields are set at configuration time by the	out-of-scope	ticket_plan.yaml:648-658	none mapped	undeclared	out_of_scope_lexical_inventory		INFERRED exact-path scope; source not read
577	specs/.history/modular-fuzzing-epic/ticket-006-MF-013/results/specWorkflow-report-post-promotion/cleanup-failure-probe-test-graph/sdk/java/src/main/java/com/hayden/testgraphsdk/sdk/Node.java:5	lexical hit not semantically classified: import java.time.Instant;	out-of-scope	ticket_plan.yaml:648-658	none mapped	undeclared	out_of_scope_lexical_inventory		INFERRED exact-path scope; source not read
578	specs/.history/modular-fuzzing-epic/ticket-006-MF-013/results/specWorkflow-report-post-promotion/cleanup-failure-probe-test-graph/sdk/java/src/main/java/com/hayden/testgraphsdk/sdk/Node.java:50	lexical hit not semantically classified: Instant startedAt = Instant.now();	out-of-scope	ticket_plan.yaml:648-658	none mapped	undeclared	out_of_scope_lexical_inventory		INFERRED exact-path scope; source not read
579	specs/.history/modular-fuzzing-epic/ticket-006-MF-013/results/specWorkflow-report-post-promotion/cleanup-failure-probe-test-graph/sdk/java/src/main/java/com/hayden/testgraphsdk/sdk/Node.java:53	lexical hit not semantically classified: result = body.apply(ctx).startedAt(startedAt).endedAt(Instant.now());	out-of-scope	ticket_plan.yaml:648-658	none mapped	undeclared	out_of_scope_lexical_inventory		INFERRED exact-path scope; source not read
580	specs/.history/modular-fuzzing-epic/ticket-006-MF-013/results/specWorkflow-report-post-promotion/cleanup-failure-probe-test-graph/sdk/java/src/main/java/com/hayden/testgraphsdk/sdk/Node.java:57	lexical hit not semantically classified: .endedAt(Instant.now());	out-of-scope	ticket_plan.yaml:648-658	none mapped	undeclared	out_of_scope_lexical_inventory		INFERRED exact-path scope; source not read
581	specs/.history/modular-fuzzing-epic/ticket-006-MF-013/results/specWorkflow-report-post-promotion/cleanup-failure-probe-test-graph/sdk/java/src/main/java/com/hayden/testgraphsdk/sdk/NodeResult.java:5	lexical hit not semantically classified: import java.time.Instant;	out-of-scope	ticket_plan.yaml:648-658	none mapped	undeclared	out_of_scope_lexical_inventory		INFERRED exact-path scope; source not read
582	specs/.history/modular-fuzzing-epic/ticket-006-MF-013/results/specWorkflow-report-post-promotion/cleanup-failure-probe-test-graph/sdk/java/src/main/java/com/hayden/testgraphsdk/sdk/ProcessRecord.java:3	lexical hit not semantically classified: import java.time.Instant;	out-of-scope	ticket_plan.yaml:648-658	none mapped	undeclared	out_of_scope_lexical_inventory		INFERRED exact-path scope; source not read
583	specs/.history/modular-fuzzing-epic/ticket-006-MF-013/results/specWorkflow-report-post-promotion/cleanup-failure-probe-test-graph/sdk/java/src/main/java/com/hayden/testgraphsdk/sdk/ProcessRecord.java:69	lexical hit not semantically classified: /** Wall-clock duration in milliseconds, or -1 if either timestamp is missing. */	out-of-scope	ticket_plan.yaml:648-658	none mapped	undeclared	out_of_scope_lexical_inventory		INFERRED exact-path scope; source not read
584	specs/.history/modular-fuzzing-epic/ticket-006-MF-013/results/specWorkflow-report-post-promotion/cleanup-failure-probe-test-graph/sdk/java/src/main/java/com/hayden/testgraphsdk/sdk/Procs.java:6	lexical hit not semantically classified: import java.time.Instant;	out-of-scope	ticket_plan.yaml:648-658	none mapped	undeclared	out_of_scope_lexical_inventory		INFERRED exact-path scope; source not read
585	specs/.history/modular-fuzzing-epic/ticket-006-MF-013/results/specWorkflow-report-post-promotion/cleanup-failure-probe-test-graph/sdk/java/src/main/java/com/hayden/testgraphsdk/sdk/Procs.java:14	lexical hit not semantically classified: * dir), and any spawn-time error. Attach it to the result with	out-of-scope	ticket_plan.yaml:648-658	none mapped	undeclared	out_of_scope_lexical_inventory		INFERRED exact-path scope; source not read
586	specs/.history/modular-fuzzing-epic/ticket-006-MF-013/results/specWorkflow-report-post-promotion/cleanup-failure-probe-test-graph/sdk/java/src/main/java/com/hayden/testgraphsdk/sdk/Procs.java:72	lexical hit not semantically classified: Instant startedAt = Instant.now();	out-of-scope	ticket_plan.yaml:648-658	none mapped	undeclared	out_of_scope_lexical_inventory		INFERRED exact-path scope; source not read
587	specs/.history/modular-fuzzing-epic/ticket-006-MF-013/results/specWorkflow-report-post-promotion/cleanup-failure-probe-test-graph/sdk/java/src/main/java/com/hayden/testgraphsdk/sdk/Procs.java:78	lexical hit not semantically classified: return new ProcessRecord(label, command, startedAt, Instant.now(),	out-of-scope	ticket_plan.yaml:648-658	none mapped	undeclared	out_of_scope_lexical_inventory		INFERRED exact-path scope; source not read
588	specs/.history/modular-fuzzing-epic/ticket-006-MF-013/results/specWorkflow-report-post-promotion/cleanup-failure-probe-test-graph/sdk/java/src/main/java/com/hayden/testgraphsdk/sdk/Procs.java:88	lexical hit not semantically classified: return new ProcessRecord(label, command, startedAt, Instant.now(),	out-of-scope	ticket_plan.yaml:648-658	none mapped	undeclared	out_of_scope_lexical_inventory		INFERRED exact-path scope; source not read
589	specs/.history/modular-fuzzing-epic/ticket-006-MF-013/results/specWorkflow-report-post-promotion/cleanup-failure-probe-test-graph/sdk/java/src/main/java/com/hayden/testgraphsdk/sdk/Procs.java:92	lexical hit not semantically classified: label, command, startedAt, Instant.now(),	out-of-scope	ticket_plan.yaml:648-658	none mapped	undeclared	out_of_scope_lexical_inventory		INFERRED exact-path scope; source not read
590	specs/.history/modular-fuzzing-epic/ticket-006-MF-013/results/specWorkflow-report-post-promotion/cleanup-failure-probe-test-graph/sdk/python/src/testgraphsdk/procs.py:19	lexical hit not semantically classified: from datetime import datetime, timezone	out-of-scope	ticket_plan.yaml:648-658	none mapped	undeclared	out_of_scope_lexical_inventory		INFERRED exact-path scope; source not read
591	specs/.history/modular-fuzzing-epic/ticket-006-MF-013/results/specWorkflow-report-post-promotion/cleanup-failure-probe-test-graph/sdk/python/src/testgraphsdk/procs.py:65	lexical hit not semantically classified: started = datetime.now(timezone.utc)	out-of-scope	ticket_plan.yaml:648-658	none mapped	undeclared	out_of_scope_lexical_inventory		INFERRED exact-path scope; source not read
592	specs/.history/modular-fuzzing-epic/ticket-006-MF-013/results/specWorkflow-report-post-promotion/cleanup-failure-probe-test-graph/sdk/python/src/testgraphsdk/procs.py:86	lexical hit not semantically classified: ended_at=datetime.now(timezone.utc),	out-of-scope	ticket_plan.yaml:648-658	none mapped	undeclared	out_of_scope_lexical_inventory		INFERRED exact-path scope; source not read
593	specs/.history/modular-fuzzing-epic/ticket-006-MF-013/results/specWorkflow-report-post-promotion/cleanup-failure-probe-test-graph/sdk/python/src/testgraphsdk/procs.py:97	lexical hit not semantically classified: ended_at=datetime.now(timezone.utc),	out-of-scope	ticket_plan.yaml:648-658	none mapped	undeclared	out_of_scope_lexical_inventory		INFERRED exact-path scope; source not read
594	specs/.history/modular-fuzzing-epic/ticket-006-MF-013/results/specWorkflow-report-post-promotion/cleanup-failure-probe-test-graph/sdk/python/src/testgraphsdk/procs.py:108	lexical hit not semantically classified: ended_at=datetime.now(timezone.utc),	out-of-scope	ticket_plan.yaml:648-658	none mapped	undeclared	out_of_scope_lexical_inventory		INFERRED exact-path scope; source not read
595	specs/.history/modular-fuzzing-epic/ticket-006-MF-013/results/specWorkflow-report-post-promotion/cleanup-failure-probe-test-graph/sdk/python/src/testgraphsdk/result.py:5	lexical hit not semantically classified: from datetime import datetime, timezone	out-of-scope	ticket_plan.yaml:648-658	none mapped	undeclared	out_of_scope_lexical_inventory		INFERRED exact-path scope; source not read
596	specs/.history/modular-fuzzing-epic/ticket-006-MF-013/results/specWorkflow-report-post-promotion/cleanup-failure-probe-test-graph/sdk/python/src/testgraphsdk/result.py:52	lexical hit not semantically classified: started_at: datetime | None = None	out-of-scope	ticket_plan.yaml:648-658	none mapped	undeclared	out_of_scope_lexical_inventory		INFERRED exact-path scope; source not read
597	specs/.history/modular-fuzzing-epic/ticket-006-MF-013/results/specWorkflow-report-post-promotion/cleanup-failure-probe-test-graph/sdk/python/src/testgraphsdk/result.py:53	lexical hit not semantically classified: ended_at: datetime | None = None	out-of-scope	ticket_plan.yaml:648-658	none mapped	undeclared	out_of_scope_lexical_inventory		INFERRED exact-path scope; source not read
598	specs/.history/modular-fuzzing-epic/ticket-006-MF-013/results/specWorkflow-report-post-promotion/cleanup-failure-probe-test-graph/sdk/python/src/testgraphsdk/result.py:65	lexical hit not semantically classified: def iso(d: datetime | None) -> str | None:	out-of-scope	ticket_plan.yaml:648-658	none mapped	undeclared	out_of_scope_lexical_inventory		INFERRED exact-path scope; source not read
599	specs/.history/modular-fuzzing-epic/ticket-006-MF-013/results/specWorkflow-report-post-promotion/cleanup-failure-probe-test-graph/sdk/python/src/testgraphsdk/result.py:98	lexical hit not semantically classified: started_at: datetime | None = None	out-of-scope	ticket_plan.yaml:648-658	none mapped	undeclared	out_of_scope_lexical_inventory		INFERRED exact-path scope; source not read
600	specs/.history/modular-fuzzing-epic/ticket-006-MF-013/results/specWorkflow-report-post-promotion/cleanup-failure-probe-test-graph/sdk/python/src/testgraphsdk/result.py:99	lexical hit not semantically classified: ended_at: datetime | None = None	out-of-scope	ticket_plan.yaml:648-658	none mapped	undeclared	out_of_scope_lexical_inventory		INFERRED exact-path scope; source not read
601	specs/.history/modular-fuzzing-epic/ticket-006-MF-013/results/specWorkflow-report-post-promotion/cleanup-failure-probe-test-graph/sdk/python/src/testgraphsdk/result.py:164	"lexical hit not semantically classified: def _stamp(self, started: datetime, ended: datetime) -> ""NodeResult"":"	out-of-scope	ticket_plan.yaml:648-658	none mapped	undeclared	out_of_scope_lexical_inventory		INFERRED exact-path scope; source not read
602	specs/.history/modular-fuzzing-epic/ticket-006-MF-013/results/specWorkflow-report-post-promotion/cleanup-failure-probe-test-graph/sdk/python/src/testgraphsdk/result.py:173	lexical hit not semantically classified: def iso(d: datetime | None) -> str | None:	out-of-scope	ticket_plan.yaml:648-658	none mapped	undeclared	out_of_scope_lexical_inventory		INFERRED exact-path scope; source not read
603	specs/.history/modular-fuzzing-epic/ticket-006-MF-013/results/specWorkflow-report-post-promotion/cleanup-failure-probe-test-graph/sdk/python/src/testgraphsdk/runner.py:22	lexical hit not semantically classified: from datetime import datetime, timezone	out-of-scope	ticket_plan.yaml:648-658	none mapped	undeclared	out_of_scope_lexical_inventory		INFERRED exact-path scope; source not read
604	specs/.history/modular-fuzzing-epic/ticket-006-MF-013/results/specWorkflow-report-post-promotion/cleanup-failure-probe-test-graph/sdk/python/src/testgraphsdk/runner.py:47	lexical hit not semantically classified: started = datetime.now(timezone.utc)	out-of-scope	ticket_plan.yaml:648-658	none mapped	undeclared	out_of_scope_lexical_inventory		INFERRED exact-path scope; source not read
605	specs/.history/modular-fuzzing-epic/ticket-006-MF-013/results/specWorkflow-report-post-promotion/cleanup-failure-probe-test-graph/sdk/python/src/testgraphsdk/runner.py:52	lexical hit not semantically classified: ended = datetime.now(timezone.utc)	out-of-scope	ticket_plan.yaml:648-658	none mapped	undeclared	out_of_scope_lexical_inventory		INFERRED exact-path scope; source not read
606	specs/.history/modular-fuzzing-epic/ticket-006-MF-013/results/specWorkflow-report/cleanup-failure-probe-test-graph/build-logic/src/main/kotlin/com/hayden/testgraphsdk/MiniJson.kt:6	lexical hit not semantically classified: * Keeps the plugin dependency-free now that we no longer need snakeyaml.	out-of-scope	ticket_plan.yaml:648-658	none mapped	undeclared	out_of_scope_lexical_inventory		INFERRED exact-path scope; source not read
607	specs/.history/modular-fuzzing-epic/ticket-006-MF-013/results/specWorkflow-report/cleanup-failure-probe-test-graph/build-logic/src/main/kotlin/com/hayden/testgraphsdk/TestGraphSpec.kt:8	lexical hit not semantically classified: * Every setter returns `this`; at plan-build time the overlay is merged	out-of-scope	ticket_plan.yaml:648-658	none mapped	undeclared	out_of_scope_lexical_inventory		INFERRED exact-path scope; source not read
608	specs/.history/modular-fuzzing-epic/ticket-006-MF-013/results/specWorkflow-report/cleanup-failure-probe-test-graph/build-logic/src/main/kotlin/com/hayden/testgraphsdk/TestGraphSpec.kt:55	lexical hit not semantically classified: * at execution time.	out-of-scope	ticket_plan.yaml:648-658	none mapped	undeclared	out_of_scope_lexical_inventory		INFERRED exact-path scope; source not read
609	specs/.history/modular-fuzzing-epic/ticket-006-MF-013/results/specWorkflow-report/cleanup-failure-probe-test-graph/build-logic/src/main/kotlin/com/hayden/testgraphsdk/ValidationGraphPlugin.kt:74	lexical hit not semantically classified: // serialized in declaration order. Configure-time `dependsOn` is	out-of-scope	ticket_plan.yaml:648-658	none mapped	undeclared	out_of_scope_lexical_inventory		INFERRED exact-path scope; source not read
610	specs/.history/modular-fuzzing-epic/ticket-006-MF-013/results/specWorkflow-report/cleanup-failure-probe-test-graph/build-logic/src/main/kotlin/com/hayden/testgraphsdk/exec/Executors.kt:89	lexical hit not semantically classified: * Wait for [process] up to [timeoutMillis]; if it doesn't return in time,	out-of-scope	ticket_plan.yaml:648-658	none mapped	undeclared	out_of_scope_lexical_inventory		INFERRED exact-path scope; source not read
611	specs/.history/modular-fuzzing-epic/ticket-006-MF-013/results/specWorkflow-report/cleanup-failure-probe-test-graph/build-logic/src/main/kotlin/com/hayden/testgraphsdk/exec/Executors.kt:96	lexical hit not semantically classified: * `waitFor()`; the spec parser doesn't emit those today, but the helper	out-of-scope	ticket_plan.yaml:648-658	none mapped	undeclared	out_of_scope_lexical_inventory		INFERRED exact-path scope; source not read
612	specs/.history/modular-fuzzing-epic/ticket-006-MF-013/results/specWorkflow-report/cleanup-failure-probe-test-graph/build-logic/src/main/kotlin/com/hayden/testgraphsdk/exec/JBangExecutor.kt:12	lexical hit not semantically classified: * crash, OOM at fork time, etc.). PlanExecutor stamps the path onto	out-of-scope	ticket_plan.yaml:648-658	none mapped	undeclared	out_of_scope_lexical_inventory		INFERRED exact-path scope; source not read
613	specs/.history/modular-fuzzing-epic/ticket-006-MF-013/results/specWorkflow-report/cleanup-failure-probe-test-graph/build-logic/src/main/kotlin/com/hayden/testgraphsdk/exec/PlanExecutor.kt:8	lexical hit not semantically classified: import java.time.Instant	out-of-scope	ticket_plan.yaml:648-658	none mapped	undeclared	out_of_scope_lexical_inventory		INFERRED exact-path scope; source not read
614	specs/.history/modular-fuzzing-epic/ticket-006-MF-013/results/specWorkflow-report/cleanup-failure-probe-test-graph/build-logic/src/main/kotlin/com/hayden/testgraphsdk/exec/PlanExecutor.kt:138	lexical hit not semantically classified: var startedAt = Instant.now()	out-of-scope	ticket_plan.yaml:648-658	none mapped	undeclared	out_of_scope_lexical_inventory		INFERRED exact-path scope; source not read
615	specs/.history/modular-fuzzing-epic/ticket-006-MF-013/results/specWorkflow-report/cleanup-failure-probe-test-graph/build-logic/src/main/kotlin/com/hayden/testgraphsdk/exec/PlanExecutor.kt:164	lexical hit not semantically classified: startedAt = Instant.now()	out-of-scope	ticket_plan.yaml:648-658	none mapped	undeclared	out_of_scope_lexical_inventory		INFERRED exact-path scope; source not read
616	specs/.history/modular-fuzzing-epic/ticket-006-MF-013/results/specWorkflow-report/cleanup-failure-probe-test-graph/build-logic/src/main/kotlin/com/hayden/testgraphsdk/exec/PlanExecutor.kt:166	lexical hit not semantically classified: endedAt = Instant.now()	out-of-scope	ticket_plan.yaml:648-658	none mapped	undeclared	out_of_scope_lexical_inventory		INFERRED exact-path scope; source not read
617	specs/.history/modular-fuzzing-epic/ticket-006-MF-013/results/specWorkflow-report/cleanup-failure-probe-test-graph/build-logic/src/main/kotlin/com/hayden/testgraphsdk/exec/PlanExecutor.kt:209	lexical hit not semantically classified: val now = Instant.now()	out-of-scope	ticket_plan.yaml:648-658	none mapped	undeclared	out_of_scope_lexical_inventory		INFERRED exact-path scope; source not read
618	specs/.history/modular-fuzzing-epic/ticket-006-MF-013/results/specWorkflow-report/cleanup-failure-probe-test-graph/build-logic/src/main/kotlin/com/hayden/testgraphsdk/exec/PlanExecutor.kt:222	lexical hit not semantically classified: startedAt = now,	out-of-scope	ticket_plan.yaml:648-658	none mapped	undeclared	out_of_scope_lexical_inventory		INFERRED exact-path scope; source not read
619	specs/.history/modular-fuzzing-epic/ticket-006-MF-013/results/specWorkflow-report/cleanup-failure-probe-test-graph/build-logic/src/main/kotlin/com/hayden/testgraphsdk/exec/PlanExecutor.kt:223	lexical hit not semantically classified: endedAt = now,	out-of-scope	ticket_plan.yaml:648-658	none mapped	undeclared	out_of_scope_lexical_inventory		INFERRED exact-path scope; source not read
620	specs/.history/modular-fuzzing-epic/ticket-006-MF-013/results/specWorkflow-report/cleanup-failure-probe-test-graph/build-logic/src/main/kotlin/com/hayden/testgraphsdk/exec/TimeoutParser.kt:6	lexical hit not semantically classified: * Accepts the suffix forms NodeSpec specs in the wild use today —	out-of-scope	ticket_plan.yaml:648-658	none mapped	undeclared	out_of_scope_lexical_inventory		INFERRED exact-path scope; source not read
621	specs/.history/modular-fuzzing-epic/ticket-006-MF-013/results/specWorkflow-report/cleanup-failure-probe-test-graph/build-logic/src/main/kotlin/com/hayden/testgraphsdk/exec/TimeoutParser.kt:10	lexical hit not semantically classified: * configuration time.	out-of-scope	ticket_plan.yaml:648-658	none mapped	undeclared	out_of_scope_lexical_inventory		INFERRED exact-path scope; source not read
622	specs/.history/modular-fuzzing-epic/ticket-006-MF-013/results/specWorkflow-report/cleanup-failure-probe-test-graph/build-logic/src/main/kotlin/com/hayden/testgraphsdk/tasks/RunReportWriter.kt:25	lexical hit not semantically classified: * The renderer now lives here as a plain object so {@link	out-of-scope	ticket_plan.yaml:648-658	none mapped	undeclared	out_of_scope_lexical_inventory		INFERRED exact-path scope; source not read
623	specs/.history/modular-fuzzing-epic/ticket-006-MF-013/results/specWorkflow-report/cleanup-failure-probe-test-graph/build-logic/src/main/kotlin/com/hayden/testgraphsdk/tasks/RunReportWriter.kt:300	lexical hit not semantically classified: java.time.Instant.parse(endIso).toEpochMilli() -	out-of-scope	ticket_plan.yaml:648-658	none mapped	undeclared	out_of_scope_lexical_inventory		INFERRED exact-path scope; source not read
624	specs/.history/modular-fuzzing-epic/ticket-006-MF-013/results/specWorkflow-report/cleanup-failure-probe-test-graph/build-logic/src/main/kotlin/com/hayden/testgraphsdk/tasks/RunReportWriter.kt:301	lexical hit not semantically classified: java.time.Instant.parse(startIso).toEpochMilli()	out-of-scope	ticket_plan.yaml:648-658	none mapped	undeclared	out_of_scope_lexical_inventory		INFERRED exact-path scope; source not read
625	specs/.history/modular-fuzzing-epic/ticket-006-MF-013/results/specWorkflow-report/cleanup-failure-probe-test-graph/build-logic/src/main/kotlin/com/hayden/testgraphsdk/tasks/RunTestGraphTask.kt:14	lexical hit not semantically classified: import java.time.Instant	out-of-scope	ticket_plan.yaml:648-658	none mapped	undeclared	out_of_scope_lexical_inventory		INFERRED exact-path scope; source not read
626	specs/.history/modular-fuzzing-epic/ticket-006-MF-013/results/specWorkflow-report/cleanup-failure-probe-test-graph/build-logic/src/main/kotlin/com/hayden/testgraphsdk/tasks/RunTestGraphTask.kt:15	lexical hit not semantically classified: import java.time.ZoneOffset	out-of-scope	ticket_plan.yaml:648-658	none mapped	undeclared	out_of_scope_lexical_inventory		INFERRED exact-path scope; source not read
627	specs/.history/modular-fuzzing-epic/ticket-006-MF-013/results/specWorkflow-report/cleanup-failure-probe-test-graph/build-logic/src/main/kotlin/com/hayden/testgraphsdk/tasks/RunTestGraphTask.kt:16	lexical hit not semantically classified: import java.time.format.DateTimeFormatter	out-of-scope	ticket_plan.yaml:648-658	none mapped	undeclared	out_of_scope_lexical_inventory		INFERRED exact-path scope; source not read
628	specs/.history/modular-fuzzing-epic/ticket-006-MF-013/results/specWorkflow-report/cleanup-failure-probe-test-graph/build-logic/src/main/kotlin/com/hayden/testgraphsdk/tasks/RunTestGraphTask.kt:23	"lexical hit not semantically classified: return ""${safeGraphName}-${fmt.format(Instant.now())}-${UUID.randomUUID().toString().take(8)}"""	out-of-scope	ticket_plan.yaml:648-658	none mapped	undeclared	out_of_scope_lexical_inventory		INFERRED exact-path scope; source not read
629	specs/.history/modular-fuzzing-epic/ticket-006-MF-013/results/specWorkflow-report/cleanup-failure-probe-test-graph/build-logic/src/main/kotlin/com/hayden/testgraphsdk/tasks/RunTestGraphTask.kt:31	lexical hit not semantically classified: * Non-Property internal fields are set at configuration time by the	out-of-scope	ticket_plan.yaml:648-658	none mapped	undeclared	out_of_scope_lexical_inventory		INFERRED exact-path scope; source not read
630	specs/.history/modular-fuzzing-epic/ticket-006-MF-013/results/specWorkflow-report/cleanup-failure-probe-test-graph/sdk/java/src/main/java/com/hayden/testgraphsdk/sdk/Node.java:5	lexical hit not semantically classified: import java.time.Instant;	out-of-scope	ticket_plan.yaml:648-658	none mapped	undeclared	out_of_scope_lexical_inventory		INFERRED exact-path scope; source not read
631	specs/.history/modular-fuzzing-epic/ticket-006-MF-013/results/specWorkflow-report/cleanup-failure-probe-test-graph/sdk/java/src/main/java/com/hayden/testgraphsdk/sdk/Node.java:50	lexical hit not semantically classified: Instant startedAt = Instant.now();	out-of-scope	ticket_plan.yaml:648-658	none mapped	undeclared	out_of_scope_lexical_inventory		INFERRED exact-path scope; source not read
632	specs/.history/modular-fuzzing-epic/ticket-006-MF-013/results/specWorkflow-report/cleanup-failure-probe-test-graph/sdk/java/src/main/java/com/hayden/testgraphsdk/sdk/Node.java:53	lexical hit not semantically classified: result = body.apply(ctx).startedAt(startedAt).endedAt(Instant.now());	out-of-scope	ticket_plan.yaml:648-658	none mapped	undeclared	out_of_scope_lexical_inventory		INFERRED exact-path scope; source not read
633	specs/.history/modular-fuzzing-epic/ticket-006-MF-013/results/specWorkflow-report/cleanup-failure-probe-test-graph/sdk/java/src/main/java/com/hayden/testgraphsdk/sdk/Node.java:57	lexical hit not semantically classified: .endedAt(Instant.now());	out-of-scope	ticket_plan.yaml:648-658	none mapped	undeclared	out_of_scope_lexical_inventory		INFERRED exact-path scope; source not read
634	specs/.history/modular-fuzzing-epic/ticket-006-MF-013/results/specWorkflow-report/cleanup-failure-probe-test-graph/sdk/java/src/main/java/com/hayden/testgraphsdk/sdk/NodeResult.java:5	lexical hit not semantically classified: import java.time.Instant;	out-of-scope	ticket_plan.yaml:648-658	none mapped	undeclared	out_of_scope_lexical_inventory		INFERRED exact-path scope; source not read
635	specs/.history/modular-fuzzing-epic/ticket-006-MF-013/results/specWorkflow-report/cleanup-failure-probe-test-graph/sdk/java/src/main/java/com/hayden/testgraphsdk/sdk/ProcessRecord.java:3	lexical hit not semantically classified: import java.time.Instant;	out-of-scope	ticket_plan.yaml:648-658	none mapped	undeclared	out_of_scope_lexical_inventory		INFERRED exact-path scope; source not read
636	specs/.history/modular-fuzzing-epic/ticket-006-MF-013/results/specWorkflow-report/cleanup-failure-probe-test-graph/sdk/java/src/main/java/com/hayden/testgraphsdk/sdk/ProcessRecord.java:69	lexical hit not semantically classified: /** Wall-clock duration in milliseconds, or -1 if either timestamp is missing. */	out-of-scope	ticket_plan.yaml:648-658	none mapped	undeclared	out_of_scope_lexical_inventory		INFERRED exact-path scope; source not read
637	specs/.history/modular-fuzzing-epic/ticket-006-MF-013/results/specWorkflow-report/cleanup-failure-probe-test-graph/sdk/java/src/main/java/com/hayden/testgraphsdk/sdk/Procs.java:6	lexical hit not semantically classified: import java.time.Instant;	out-of-scope	ticket_plan.yaml:648-658	none mapped	undeclared	out_of_scope_lexical_inventory		INFERRED exact-path scope; source not read
638	specs/.history/modular-fuzzing-epic/ticket-006-MF-013/results/specWorkflow-report/cleanup-failure-probe-test-graph/sdk/java/src/main/java/com/hayden/testgraphsdk/sdk/Procs.java:14	lexical hit not semantically classified: * dir), and any spawn-time error. Attach it to the result with	out-of-scope	ticket_plan.yaml:648-658	none mapped	undeclared	out_of_scope_lexical_inventory		INFERRED exact-path scope; source not read
639	specs/.history/modular-fuzzing-epic/ticket-006-MF-013/results/specWorkflow-report/cleanup-failure-probe-test-graph/sdk/java/src/main/java/com/hayden/testgraphsdk/sdk/Procs.java:72	lexical hit not semantically classified: Instant startedAt = Instant.now();	out-of-scope	ticket_plan.yaml:648-658	none mapped	undeclared	out_of_scope_lexical_inventory		INFERRED exact-path scope; source not read
640	specs/.history/modular-fuzzing-epic/ticket-006-MF-013/results/specWorkflow-report/cleanup-failure-probe-test-graph/sdk/java/src/main/java/com/hayden/testgraphsdk/sdk/Procs.java:78	lexical hit not semantically classified: return new ProcessRecord(label, command, startedAt, Instant.now(),	out-of-scope	ticket_plan.yaml:648-658	none mapped	undeclared	out_of_scope_lexical_inventory		INFERRED exact-path scope; source not read
641	specs/.history/modular-fuzzing-epic/ticket-006-MF-013/results/specWorkflow-report/cleanup-failure-probe-test-graph/sdk/java/src/main/java/com/hayden/testgraphsdk/sdk/Procs.java:88	lexical hit not semantically classified: return new ProcessRecord(label, command, startedAt, Instant.now(),	out-of-scope	ticket_plan.yaml:648-658	none mapped	undeclared	out_of_scope_lexical_inventory		INFERRED exact-path scope; source not read
642	specs/.history/modular-fuzzing-epic/ticket-006-MF-013/results/specWorkflow-report/cleanup-failure-probe-test-graph/sdk/java/src/main/java/com/hayden/testgraphsdk/sdk/Procs.java:92	lexical hit not semantically classified: label, command, startedAt, Instant.now(),	out-of-scope	ticket_plan.yaml:648-658	none mapped	undeclared	out_of_scope_lexical_inventory		INFERRED exact-path scope; source not read
643	specs/.history/modular-fuzzing-epic/ticket-006-MF-013/results/specWorkflow-report/cleanup-failure-probe-test-graph/sdk/python/src/testgraphsdk/procs.py:19	lexical hit not semantically classified: from datetime import datetime, timezone	out-of-scope	ticket_plan.yaml:648-658	none mapped	undeclared	out_of_scope_lexical_inventory		INFERRED exact-path scope; source not read
644	specs/.history/modular-fuzzing-epic/ticket-006-MF-013/results/specWorkflow-report/cleanup-failure-probe-test-graph/sdk/python/src/testgraphsdk/procs.py:65	lexical hit not semantically classified: started = datetime.now(timezone.utc)	out-of-scope	ticket_plan.yaml:648-658	none mapped	undeclared	out_of_scope_lexical_inventory		INFERRED exact-path scope; source not read
645	specs/.history/modular-fuzzing-epic/ticket-006-MF-013/results/specWorkflow-report/cleanup-failure-probe-test-graph/sdk/python/src/testgraphsdk/procs.py:86	lexical hit not semantically classified: ended_at=datetime.now(timezone.utc),	out-of-scope	ticket_plan.yaml:648-658	none mapped	undeclared	out_of_scope_lexical_inventory		INFERRED exact-path scope; source not read
646	specs/.history/modular-fuzzing-epic/ticket-006-MF-013/results/specWorkflow-report/cleanup-failure-probe-test-graph/sdk/python/src/testgraphsdk/procs.py:97	lexical hit not semantically classified: ended_at=datetime.now(timezone.utc),	out-of-scope	ticket_plan.yaml:648-658	none mapped	undeclared	out_of_scope_lexical_inventory		INFERRED exact-path scope; source not read
647	specs/.history/modular-fuzzing-epic/ticket-006-MF-013/results/specWorkflow-report/cleanup-failure-probe-test-graph/sdk/python/src/testgraphsdk/procs.py:108	lexical hit not semantically classified: ended_at=datetime.now(timezone.utc),	out-of-scope	ticket_plan.yaml:648-658	none mapped	undeclared	out_of_scope_lexical_inventory		INFERRED exact-path scope; source not read
648	specs/.history/modular-fuzzing-epic/ticket-006-MF-013/results/specWorkflow-report/cleanup-failure-probe-test-graph/sdk/python/src/testgraphsdk/result.py:5	lexical hit not semantically classified: from datetime import datetime, timezone	out-of-scope	ticket_plan.yaml:648-658	none mapped	undeclared	out_of_scope_lexical_inventory		INFERRED exact-path scope; source not read
649	specs/.history/modular-fuzzing-epic/ticket-006-MF-013/results/specWorkflow-report/cleanup-failure-probe-test-graph/sdk/python/src/testgraphsdk/result.py:52	lexical hit not semantically classified: started_at: datetime | None = None	out-of-scope	ticket_plan.yaml:648-658	none mapped	undeclared	out_of_scope_lexical_inventory		INFERRED exact-path scope; source not read
650	specs/.history/modular-fuzzing-epic/ticket-006-MF-013/results/specWorkflow-report/cleanup-failure-probe-test-graph/sdk/python/src/testgraphsdk/result.py:53	lexical hit not semantically classified: ended_at: datetime | None = None	out-of-scope	ticket_plan.yaml:648-658	none mapped	undeclared	out_of_scope_lexical_inventory		INFERRED exact-path scope; source not read
651	specs/.history/modular-fuzzing-epic/ticket-006-MF-013/results/specWorkflow-report/cleanup-failure-probe-test-graph/sdk/python/src/testgraphsdk/result.py:65	lexical hit not semantically classified: def iso(d: datetime | None) -> str | None:	out-of-scope	ticket_plan.yaml:648-658	none mapped	undeclared	out_of_scope_lexical_inventory		INFERRED exact-path scope; source not read
652	specs/.history/modular-fuzzing-epic/ticket-006-MF-013/results/specWorkflow-report/cleanup-failure-probe-test-graph/sdk/python/src/testgraphsdk/result.py:98	lexical hit not semantically classified: started_at: datetime | None = None	out-of-scope	ticket_plan.yaml:648-658	none mapped	undeclared	out_of_scope_lexical_inventory		INFERRED exact-path scope; source not read
653	specs/.history/modular-fuzzing-epic/ticket-006-MF-013/results/specWorkflow-report/cleanup-failure-probe-test-graph/sdk/python/src/testgraphsdk/result.py:99	lexical hit not semantically classified: ended_at: datetime | None = None	out-of-scope	ticket_plan.yaml:648-658	none mapped	undeclared	out_of_scope_lexical_inventory		INFERRED exact-path scope; source not read
654	specs/.history/modular-fuzzing-epic/ticket-006-MF-013/results/specWorkflow-report/cleanup-failure-probe-test-graph/sdk/python/src/testgraphsdk/result.py:164	"lexical hit not semantically classified: def _stamp(self, started: datetime, ended: datetime) -> ""NodeResult"":"	out-of-scope	ticket_plan.yaml:648-658	none mapped	undeclared	out_of_scope_lexical_inventory		INFERRED exact-path scope; source not read
655	specs/.history/modular-fuzzing-epic/ticket-006-MF-013/results/specWorkflow-report/cleanup-failure-probe-test-graph/sdk/python/src/testgraphsdk/result.py:173	lexical hit not semantically classified: def iso(d: datetime | None) -> str | None:	out-of-scope	ticket_plan.yaml:648-658	none mapped	undeclared	out_of_scope_lexical_inventory		INFERRED exact-path scope; source not read
656	specs/.history/modular-fuzzing-epic/ticket-006-MF-013/results/specWorkflow-report/cleanup-failure-probe-test-graph/sdk/python/src/testgraphsdk/runner.py:22	lexical hit not semantically classified: from datetime import datetime, timezone	out-of-scope	ticket_plan.yaml:648-658	none mapped	undeclared	out_of_scope_lexical_inventory		INFERRED exact-path scope; source not read
657	specs/.history/modular-fuzzing-epic/ticket-006-MF-013/results/specWorkflow-report/cleanup-failure-probe-test-graph/sdk/python/src/testgraphsdk/runner.py:47	lexical hit not semantically classified: started = datetime.now(timezone.utc)	out-of-scope	ticket_plan.yaml:648-658	none mapped	undeclared	out_of_scope_lexical_inventory		INFERRED exact-path scope; source not read
658	specs/.history/modular-fuzzing-epic/ticket-006-MF-013/results/specWorkflow-report/cleanup-failure-probe-test-graph/sdk/python/src/testgraphsdk/runner.py:52	lexical hit not semantically classified: ended = datetime.now(timezone.utc)	out-of-scope	ticket_plan.yaml:648-658	none mapped	undeclared	out_of_scope_lexical_inventory		INFERRED exact-path scope; source not read
659	specs/.history/modular-fuzzing-epic/ticket-006-MF-013/ticket/results/specWorkflow-report/cleanup-failure-probe-test-graph/build-logic/src/main/kotlin/com/hayden/testgraphsdk/MiniJson.kt:6	lexical hit not semantically classified: * Keeps the plugin dependency-free now that we no longer need snakeyaml.	out-of-scope	ticket_plan.yaml:648-658	none mapped	undeclared	out_of_scope_lexical_inventory		INFERRED exact-path scope; source not read
660	specs/.history/modular-fuzzing-epic/ticket-006-MF-013/ticket/results/specWorkflow-report/cleanup-failure-probe-test-graph/build-logic/src/main/kotlin/com/hayden/testgraphsdk/TestGraphSpec.kt:8	lexical hit not semantically classified: * Every setter returns `this`; at plan-build time the overlay is merged	out-of-scope	ticket_plan.yaml:648-658	none mapped	undeclared	out_of_scope_lexical_inventory		INFERRED exact-path scope; source not read
661	specs/.history/modular-fuzzing-epic/ticket-006-MF-013/ticket/results/specWorkflow-report/cleanup-failure-probe-test-graph/build-logic/src/main/kotlin/com/hayden/testgraphsdk/TestGraphSpec.kt:55	lexical hit not semantically classified: * at execution time.	out-of-scope	ticket_plan.yaml:648-658	none mapped	undeclared	out_of_scope_lexical_inventory		INFERRED exact-path scope; source not read
662	specs/.history/modular-fuzzing-epic/ticket-006-MF-013/ticket/results/specWorkflow-report/cleanup-failure-probe-test-graph/build-logic/src/main/kotlin/com/hayden/testgraphsdk/ValidationGraphPlugin.kt:74	lexical hit not semantically classified: // serialized in declaration order. Configure-time `dependsOn` is	out-of-scope	ticket_plan.yaml:648-658	none mapped	undeclared	out_of_scope_lexical_inventory		INFERRED exact-path scope; source not read
663	specs/.history/modular-fuzzing-epic/ticket-006-MF-013/ticket/results/specWorkflow-report/cleanup-failure-probe-test-graph/build-logic/src/main/kotlin/com/hayden/testgraphsdk/exec/Executors.kt:89	lexical hit not semantically classified: * Wait for [process] up to [timeoutMillis]; if it doesn't return in time,	out-of-scope	ticket_plan.yaml:648-658	none mapped	undeclared	out_of_scope_lexical_inventory		INFERRED exact-path scope; source not read
664	specs/.history/modular-fuzzing-epic/ticket-006-MF-013/ticket/results/specWorkflow-report/cleanup-failure-probe-test-graph/build-logic/src/main/kotlin/com/hayden/testgraphsdk/exec/Executors.kt:96	lexical hit not semantically classified: * `waitFor()`; the spec parser doesn't emit those today, but the helper	out-of-scope	ticket_plan.yaml:648-658	none mapped	undeclared	out_of_scope_lexical_inventory		INFERRED exact-path scope; source not read
665	specs/.history/modular-fuzzing-epic/ticket-006-MF-013/ticket/results/specWorkflow-report/cleanup-failure-probe-test-graph/build-logic/src/main/kotlin/com/hayden/testgraphsdk/exec/JBangExecutor.kt:12	lexical hit not semantically classified: * crash, OOM at fork time, etc.). PlanExecutor stamps the path onto	out-of-scope	ticket_plan.yaml:648-658	none mapped	undeclared	out_of_scope_lexical_inventory		INFERRED exact-path scope; source not read
666	specs/.history/modular-fuzzing-epic/ticket-006-MF-013/ticket/results/specWorkflow-report/cleanup-failure-probe-test-graph/build-logic/src/main/kotlin/com/hayden/testgraphsdk/exec/PlanExecutor.kt:8	lexical hit not semantically classified: import java.time.Instant	out-of-scope	ticket_plan.yaml:648-658	none mapped	undeclared	out_of_scope_lexical_inventory		INFERRED exact-path scope; source not read
667	specs/.history/modular-fuzzing-epic/ticket-006-MF-013/ticket/results/specWorkflow-report/cleanup-failure-probe-test-graph/build-logic/src/main/kotlin/com/hayden/testgraphsdk/exec/PlanExecutor.kt:138	lexical hit not semantically classified: var startedAt = Instant.now()	out-of-scope	ticket_plan.yaml:648-658	none mapped	undeclared	out_of_scope_lexical_inventory		INFERRED exact-path scope; source not read
668	specs/.history/modular-fuzzing-epic/ticket-006-MF-013/ticket/results/specWorkflow-report/cleanup-failure-probe-test-graph/build-logic/src/main/kotlin/com/hayden/testgraphsdk/exec/PlanExecutor.kt:164	lexical hit not semantically classified: startedAt = Instant.now()	out-of-scope	ticket_plan.yaml:648-658	none mapped	undeclared	out_of_scope_lexical_inventory		INFERRED exact-path scope; source not read
669	specs/.history/modular-fuzzing-epic/ticket-006-MF-013/ticket/results/specWorkflow-report/cleanup-failure-probe-test-graph/build-logic/src/main/kotlin/com/hayden/testgraphsdk/exec/PlanExecutor.kt:166	lexical hit not semantically classified: endedAt = Instant.now()	out-of-scope	ticket_plan.yaml:648-658	none mapped	undeclared	out_of_scope_lexical_inventory		INFERRED exact-path scope; source not read
670	specs/.history/modular-fuzzing-epic/ticket-006-MF-013/ticket/results/specWorkflow-report/cleanup-failure-probe-test-graph/build-logic/src/main/kotlin/com/hayden/testgraphsdk/exec/PlanExecutor.kt:209	lexical hit not semantically classified: val now = Instant.now()	out-of-scope	ticket_plan.yaml:648-658	none mapped	undeclared	out_of_scope_lexical_inventory		INFERRED exact-path scope; source not read
671	specs/.history/modular-fuzzing-epic/ticket-006-MF-013/ticket/results/specWorkflow-report/cleanup-failure-probe-test-graph/build-logic/src/main/kotlin/com/hayden/testgraphsdk/exec/PlanExecutor.kt:222	lexical hit not semantically classified: startedAt = now,	out-of-scope	ticket_plan.yaml:648-658	none mapped	undeclared	out_of_scope_lexical_inventory		INFERRED exact-path scope; source not read
672	specs/.history/modular-fuzzing-epic/ticket-006-MF-013/ticket/results/specWorkflow-report/cleanup-failure-probe-test-graph/build-logic/src/main/kotlin/com/hayden/testgraphsdk/exec/PlanExecutor.kt:223	lexical hit not semantically classified: endedAt = now,	out-of-scope	ticket_plan.yaml:648-658	none mapped	undeclared	out_of_scope_lexical_inventory		INFERRED exact-path scope; source not read
673	specs/.history/modular-fuzzing-epic/ticket-006-MF-013/ticket/results/specWorkflow-report/cleanup-failure-probe-test-graph/build-logic/src/main/kotlin/com/hayden/testgraphsdk/exec/TimeoutParser.kt:6	lexical hit not semantically classified: * Accepts the suffix forms NodeSpec specs in the wild use today —	out-of-scope	ticket_plan.yaml:648-658	none mapped	undeclared	out_of_scope_lexical_inventory		INFERRED exact-path scope; source not read
674	specs/.history/modular-fuzzing-epic/ticket-006-MF-013/ticket/results/specWorkflow-report/cleanup-failure-probe-test-graph/build-logic/src/main/kotlin/com/hayden/testgraphsdk/exec/TimeoutParser.kt:10	lexical hit not semantically classified: * configuration time.	out-of-scope	ticket_plan.yaml:648-658	none mapped	undeclared	out_of_scope_lexical_inventory		INFERRED exact-path scope; source not read
675	specs/.history/modular-fuzzing-epic/ticket-006-MF-013/ticket/results/specWorkflow-report/cleanup-failure-probe-test-graph/build-logic/src/main/kotlin/com/hayden/testgraphsdk/tasks/RunReportWriter.kt:25	lexical hit not semantically classified: * The renderer now lives here as a plain object so {@link	out-of-scope	ticket_plan.yaml:648-658	none mapped	undeclared	out_of_scope_lexical_inventory		INFERRED exact-path scope; source not read
676	specs/.history/modular-fuzzing-epic/ticket-006-MF-013/ticket/results/specWorkflow-report/cleanup-failure-probe-test-graph/build-logic/src/main/kotlin/com/hayden/testgraphsdk/tasks/RunReportWriter.kt:300	lexical hit not semantically classified: java.time.Instant.parse(endIso).toEpochMilli() -	out-of-scope	ticket_plan.yaml:648-658	none mapped	undeclared	out_of_scope_lexical_inventory		INFERRED exact-path scope; source not read
677	specs/.history/modular-fuzzing-epic/ticket-006-MF-013/ticket/results/specWorkflow-report/cleanup-failure-probe-test-graph/build-logic/src/main/kotlin/com/hayden/testgraphsdk/tasks/RunReportWriter.kt:301	lexical hit not semantically classified: java.time.Instant.parse(startIso).toEpochMilli()	out-of-scope	ticket_plan.yaml:648-658	none mapped	undeclared	out_of_scope_lexical_inventory		INFERRED exact-path scope; source not read
678	specs/.history/modular-fuzzing-epic/ticket-006-MF-013/ticket/results/specWorkflow-report/cleanup-failure-probe-test-graph/build-logic/src/main/kotlin/com/hayden/testgraphsdk/tasks/RunTestGraphTask.kt:14	lexical hit not semantically classified: import java.time.Instant	out-of-scope	ticket_plan.yaml:648-658	none mapped	undeclared	out_of_scope_lexical_inventory		INFERRED exact-path scope; source not read
679	specs/.history/modular-fuzzing-epic/ticket-006-MF-013/ticket/results/specWorkflow-report/cleanup-failure-probe-test-graph/build-logic/src/main/kotlin/com/hayden/testgraphsdk/tasks/RunTestGraphTask.kt:15	lexical hit not semantically classified: import java.time.ZoneOffset	out-of-scope	ticket_plan.yaml:648-658	none mapped	undeclared	out_of_scope_lexical_inventory		INFERRED exact-path scope; source not read
680	specs/.history/modular-fuzzing-epic/ticket-006-MF-013/ticket/results/specWorkflow-report/cleanup-failure-probe-test-graph/build-logic/src/main/kotlin/com/hayden/testgraphsdk/tasks/RunTestGraphTask.kt:16	lexical hit not semantically classified: import java.time.format.DateTimeFormatter	out-of-scope	ticket_plan.yaml:648-658	none mapped	undeclared	out_of_scope_lexical_inventory		INFERRED exact-path scope; source not read
681	specs/.history/modular-fuzzing-epic/ticket-006-MF-013/ticket/results/specWorkflow-report/cleanup-failure-probe-test-graph/build-logic/src/main/kotlin/com/hayden/testgraphsdk/tasks/RunTestGraphTask.kt:23	"lexical hit not semantically classified: return ""${safeGraphName}-${fmt.format(Instant.now())}-${UUID.randomUUID().toString().take(8)}"""	out-of-scope	ticket_plan.yaml:648-658	none mapped	undeclared	out_of_scope_lexical_inventory		INFERRED exact-path scope; source not read
682	specs/.history/modular-fuzzing-epic/ticket-006-MF-013/ticket/results/specWorkflow-report/cleanup-failure-probe-test-graph/build-logic/src/main/kotlin/com/hayden/testgraphsdk/tasks/RunTestGraphTask.kt:31	lexical hit not semantically classified: * Non-Property internal fields are set at configuration time by the	out-of-scope	ticket_plan.yaml:648-658	none mapped	undeclared	out_of_scope_lexical_inventory		INFERRED exact-path scope; source not read
683	specs/.history/modular-fuzzing-epic/ticket-006-MF-013/ticket/results/specWorkflow-report/cleanup-failure-probe-test-graph/sdk/java/src/main/java/com/hayden/testgraphsdk/sdk/Node.java:5	lexical hit not semantically classified: import java.time.Instant;	out-of-scope	ticket_plan.yaml:648-658	none mapped	undeclared	out_of_scope_lexical_inventory		INFERRED exact-path scope; source not read
684	specs/.history/modular-fuzzing-epic/ticket-006-MF-013/ticket/results/specWorkflow-report/cleanup-failure-probe-test-graph/sdk/java/src/main/java/com/hayden/testgraphsdk/sdk/Node.java:50	lexical hit not semantically classified: Instant startedAt = Instant.now();	out-of-scope	ticket_plan.yaml:648-658	none mapped	undeclared	out_of_scope_lexical_inventory		INFERRED exact-path scope; source not read
685	specs/.history/modular-fuzzing-epic/ticket-006-MF-013/ticket/results/specWorkflow-report/cleanup-failure-probe-test-graph/sdk/java/src/main/java/com/hayden/testgraphsdk/sdk/Node.java:53	lexical hit not semantically classified: result = body.apply(ctx).startedAt(startedAt).endedAt(Instant.now());	out-of-scope	ticket_plan.yaml:648-658	none mapped	undeclared	out_of_scope_lexical_inventory		INFERRED exact-path scope; source not read
686	specs/.history/modular-fuzzing-epic/ticket-006-MF-013/ticket/results/specWorkflow-report/cleanup-failure-probe-test-graph/sdk/java/src/main/java/com/hayden/testgraphsdk/sdk/Node.java:57	lexical hit not semantically classified: .endedAt(Instant.now());	out-of-scope	ticket_plan.yaml:648-658	none mapped	undeclared	out_of_scope_lexical_inventory		INFERRED exact-path scope; source not read
687	specs/.history/modular-fuzzing-epic/ticket-006-MF-013/ticket/results/specWorkflow-report/cleanup-failure-probe-test-graph/sdk/java/src/main/java/com/hayden/testgraphsdk/sdk/NodeResult.java:5	lexical hit not semantically classified: import java.time.Instant;	out-of-scope	ticket_plan.yaml:648-658	none mapped	undeclared	out_of_scope_lexical_inventory		INFERRED exact-path scope; source not read
688	specs/.history/modular-fuzzing-epic/ticket-006-MF-013/ticket/results/specWorkflow-report/cleanup-failure-probe-test-graph/sdk/java/src/main/java/com/hayden/testgraphsdk/sdk/ProcessRecord.java:3	lexical hit not semantically classified: import java.time.Instant;	out-of-scope	ticket_plan.yaml:648-658	none mapped	undeclared	out_of_scope_lexical_inventory		INFERRED exact-path scope; source not read
689	specs/.history/modular-fuzzing-epic/ticket-006-MF-013/ticket/results/specWorkflow-report/cleanup-failure-probe-test-graph/sdk/java/src/main/java/com/hayden/testgraphsdk/sdk/ProcessRecord.java:69	lexical hit not semantically classified: /** Wall-clock duration in milliseconds, or -1 if either timestamp is missing. */	out-of-scope	ticket_plan.yaml:648-658	none mapped	undeclared	out_of_scope_lexical_inventory		INFERRED exact-path scope; source not read
690	specs/.history/modular-fuzzing-epic/ticket-006-MF-013/ticket/results/specWorkflow-report/cleanup-failure-probe-test-graph/sdk/java/src/main/java/com/hayden/testgraphsdk/sdk/Procs.java:6	lexical hit not semantically classified: import java.time.Instant;	out-of-scope	ticket_plan.yaml:648-658	none mapped	undeclared	out_of_scope_lexical_inventory		INFERRED exact-path scope; source not read
691	specs/.history/modular-fuzzing-epic/ticket-006-MF-013/ticket/results/specWorkflow-report/cleanup-failure-probe-test-graph/sdk/java/src/main/java/com/hayden/testgraphsdk/sdk/Procs.java:14	lexical hit not semantically classified: * dir), and any spawn-time error. Attach it to the result with	out-of-scope	ticket_plan.yaml:648-658	none mapped	undeclared	out_of_scope_lexical_inventory		INFERRED exact-path scope; source not read
692	specs/.history/modular-fuzzing-epic/ticket-006-MF-013/ticket/results/specWorkflow-report/cleanup-failure-probe-test-graph/sdk/java/src/main/java/com/hayden/testgraphsdk/sdk/Procs.java:72	lexical hit not semantically classified: Instant startedAt = Instant.now();	out-of-scope	ticket_plan.yaml:648-658	none mapped	undeclared	out_of_scope_lexical_inventory		INFERRED exact-path scope; source not read
693	specs/.history/modular-fuzzing-epic/ticket-006-MF-013/ticket/results/specWorkflow-report/cleanup-failure-probe-test-graph/sdk/java/src/main/java/com/hayden/testgraphsdk/sdk/Procs.java:78	lexical hit not semantically classified: return new ProcessRecord(label, command, startedAt, Instant.now(),	out-of-scope	ticket_plan.yaml:648-658	none mapped	undeclared	out_of_scope_lexical_inventory		INFERRED exact-path scope; source not read
694	specs/.history/modular-fuzzing-epic/ticket-006-MF-013/ticket/results/specWorkflow-report/cleanup-failure-probe-test-graph/sdk/java/src/main/java/com/hayden/testgraphsdk/sdk/Procs.java:88	lexical hit not semantically classified: return new ProcessRecord(label, command, startedAt, Instant.now(),	out-of-scope	ticket_plan.yaml:648-658	none mapped	undeclared	out_of_scope_lexical_inventory		INFERRED exact-path scope; source not read
695	specs/.history/modular-fuzzing-epic/ticket-006-MF-013/ticket/results/specWorkflow-report/cleanup-failure-probe-test-graph/sdk/java/src/main/java/com/hayden/testgraphsdk/sdk/Procs.java:92	lexical hit not semantically classified: label, command, startedAt, Instant.now(),	out-of-scope	ticket_plan.yaml:648-658	none mapped	undeclared	out_of_scope_lexical_inventory		INFERRED exact-path scope; source not read
696	specs/.history/modular-fuzzing-epic/ticket-006-MF-013/ticket/results/specWorkflow-report/cleanup-failure-probe-test-graph/sdk/python/src/testgraphsdk/procs.py:19	lexical hit not semantically classified: from datetime import datetime, timezone	out-of-scope	ticket_plan.yaml:648-658	none mapped	undeclared	out_of_scope_lexical_inventory		INFERRED exact-path scope; source not read
697	specs/.history/modular-fuzzing-epic/ticket-006-MF-013/ticket/results/specWorkflow-report/cleanup-failure-probe-test-graph/sdk/python/src/testgraphsdk/procs.py:65	lexical hit not semantically classified: started = datetime.now(timezone.utc)	out-of-scope	ticket_plan.yaml:648-658	none mapped	undeclared	out_of_scope_lexical_inventory		INFERRED exact-path scope; source not read
698	specs/.history/modular-fuzzing-epic/ticket-006-MF-013/ticket/results/specWorkflow-report/cleanup-failure-probe-test-graph/sdk/python/src/testgraphsdk/procs.py:86	lexical hit not semantically classified: ended_at=datetime.now(timezone.utc),	out-of-scope	ticket_plan.yaml:648-658	none mapped	undeclared	out_of_scope_lexical_inventory		INFERRED exact-path scope; source not read
699	specs/.history/modular-fuzzing-epic/ticket-006-MF-013/ticket/results/specWorkflow-report/cleanup-failure-probe-test-graph/sdk/python/src/testgraphsdk/procs.py:97	lexical hit not semantically classified: ended_at=datetime.now(timezone.utc),	out-of-scope	ticket_plan.yaml:648-658	none mapped	undeclared	out_of_scope_lexical_inventory		INFERRED exact-path scope; source not read
700	specs/.history/modular-fuzzing-epic/ticket-006-MF-013/ticket/results/specWorkflow-report/cleanup-failure-probe-test-graph/sdk/python/src/testgraphsdk/procs.py:108	lexical hit not semantically classified: ended_at=datetime.now(timezone.utc),	out-of-scope	ticket_plan.yaml:648-658	none mapped	undeclared	out_of_scope_lexical_inventory		INFERRED exact-path scope; source not read
701	specs/.history/modular-fuzzing-epic/ticket-006-MF-013/ticket/results/specWorkflow-report/cleanup-failure-probe-test-graph/sdk/python/src/testgraphsdk/result.py:5	lexical hit not semantically classified: from datetime import datetime, timezone	out-of-scope	ticket_plan.yaml:648-658	none mapped	undeclared	out_of_scope_lexical_inventory		INFERRED exact-path scope; source not read
702	specs/.history/modular-fuzzing-epic/ticket-006-MF-013/ticket/results/specWorkflow-report/cleanup-failure-probe-test-graph/sdk/python/src/testgraphsdk/result.py:52	lexical hit not semantically classified: started_at: datetime | None = None	out-of-scope	ticket_plan.yaml:648-658	none mapped	undeclared	out_of_scope_lexical_inventory		INFERRED exact-path scope; source not read
703	specs/.history/modular-fuzzing-epic/ticket-006-MF-013/ticket/results/specWorkflow-report/cleanup-failure-probe-test-graph/sdk/python/src/testgraphsdk/result.py:53	lexical hit not semantically classified: ended_at: datetime | None = None	out-of-scope	ticket_plan.yaml:648-658	none mapped	undeclared	out_of_scope_lexical_inventory		INFERRED exact-path scope; source not read
704	specs/.history/modular-fuzzing-epic/ticket-006-MF-013/ticket/results/specWorkflow-report/cleanup-failure-probe-test-graph/sdk/python/src/testgraphsdk/result.py:65	lexical hit not semantically classified: def iso(d: datetime | None) -> str | None:	out-of-scope	ticket_plan.yaml:648-658	none mapped	undeclared	out_of_scope_lexical_inventory		INFERRED exact-path scope; source not read
705	specs/.history/modular-fuzzing-epic/ticket-006-MF-013/ticket/results/specWorkflow-report/cleanup-failure-probe-test-graph/sdk/python/src/testgraphsdk/result.py:98	lexical hit not semantically classified: started_at: datetime | None = None	out-of-scope	ticket_plan.yaml:648-658	none mapped	undeclared	out_of_scope_lexical_inventory		INFERRED exact-path scope; source not read
706	specs/.history/modular-fuzzing-epic/ticket-006-MF-013/ticket/results/specWorkflow-report/cleanup-failure-probe-test-graph/sdk/python/src/testgraphsdk/result.py:99	lexical hit not semantically classified: ended_at: datetime | None = None	out-of-scope	ticket_plan.yaml:648-658	none mapped	undeclared	out_of_scope_lexical_inventory		INFERRED exact-path scope; source not read
707	specs/.history/modular-fuzzing-epic/ticket-006-MF-013/ticket/results/specWorkflow-report/cleanup-failure-probe-test-graph/sdk/python/src/testgraphsdk/result.py:164	"lexical hit not semantically classified: def _stamp(self, started: datetime, ended: datetime) -> ""NodeResult"":"	out-of-scope	ticket_plan.yaml:648-658	none mapped	undeclared	out_of_scope_lexical_inventory		INFERRED exact-path scope; source not read
708	specs/.history/modular-fuzzing-epic/ticket-006-MF-013/ticket/results/specWorkflow-report/cleanup-failure-probe-test-graph/sdk/python/src/testgraphsdk/result.py:173	lexical hit not semantically classified: def iso(d: datetime | None) -> str | None:	out-of-scope	ticket_plan.yaml:648-658	none mapped	undeclared	out_of_scope_lexical_inventory		INFERRED exact-path scope; source not read
709	specs/.history/modular-fuzzing-epic/ticket-006-MF-013/ticket/results/specWorkflow-report/cleanup-failure-probe-test-graph/sdk/python/src/testgraphsdk/runner.py:22	lexical hit not semantically classified: from datetime import datetime, timezone	out-of-scope	ticket_plan.yaml:648-658	none mapped	undeclared	out_of_scope_lexical_inventory		INFERRED exact-path scope; source not read
710	specs/.history/modular-fuzzing-epic/ticket-006-MF-013/ticket/results/specWorkflow-report/cleanup-failure-probe-test-graph/sdk/python/src/testgraphsdk/runner.py:47	lexical hit not semantically classified: started = datetime.now(timezone.utc)	out-of-scope	ticket_plan.yaml:648-658	none mapped	undeclared	out_of_scope_lexical_inventory		INFERRED exact-path scope; source not read
711	specs/.history/modular-fuzzing-epic/ticket-006-MF-013/ticket/results/specWorkflow-report/cleanup-failure-probe-test-graph/sdk/python/src/testgraphsdk/runner.py:52	lexical hit not semantically classified: ended = datetime.now(timezone.utc)	out-of-scope	ticket_plan.yaml:648-658	none mapped	undeclared	out_of_scope_lexical_inventory		INFERRED exact-path scope; source not read
712	specs/.history/modular-fuzzing-epic/ticket-007-MF-025/results/testgraph-specWorkflow/cleanup-failure-probe-test-graph/build-logic/src/main/kotlin/com/hayden/testgraphsdk/MiniJson.kt:6	lexical hit not semantically classified: * Keeps the plugin dependency-free now that we no longer need snakeyaml.	out-of-scope	ticket_plan.yaml:648-658	none mapped	undeclared	out_of_scope_lexical_inventory		INFERRED exact-path scope; source not read
713	specs/.history/modular-fuzzing-epic/ticket-007-MF-025/results/testgraph-specWorkflow/cleanup-failure-probe-test-graph/build-logic/src/main/kotlin/com/hayden/testgraphsdk/TestGraphSpec.kt:8	lexical hit not semantically classified: * Every setter returns `this`; at plan-build time the overlay is merged	out-of-scope	ticket_plan.yaml:648-658	none mapped	undeclared	out_of_scope_lexical_inventory		INFERRED exact-path scope; source not read
714	specs/.history/modular-fuzzing-epic/ticket-007-MF-025/results/testgraph-specWorkflow/cleanup-failure-probe-test-graph/build-logic/src/main/kotlin/com/hayden/testgraphsdk/TestGraphSpec.kt:55	lexical hit not semantically classified: * at execution time.	out-of-scope	ticket_plan.yaml:648-658	none mapped	undeclared	out_of_scope_lexical_inventory		INFERRED exact-path scope; source not read
715	specs/.history/modular-fuzzing-epic/ticket-007-MF-025/results/testgraph-specWorkflow/cleanup-failure-probe-test-graph/build-logic/src/main/kotlin/com/hayden/testgraphsdk/ValidationGraphPlugin.kt:74	lexical hit not semantically classified: // serialized in declaration order. Configure-time `dependsOn` is	out-of-scope	ticket_plan.yaml:648-658	none mapped	undeclared	out_of_scope_lexical_inventory		INFERRED exact-path scope; source not read
716	specs/.history/modular-fuzzing-epic/ticket-007-MF-025/results/testgraph-specWorkflow/cleanup-failure-probe-test-graph/build-logic/src/main/kotlin/com/hayden/testgraphsdk/exec/Executors.kt:89	lexical hit not semantically classified: * Wait for [process] up to [timeoutMillis]; if it doesn't return in time,	out-of-scope	ticket_plan.yaml:648-658	none mapped	undeclared	out_of_scope_lexical_inventory		INFERRED exact-path scope; source not read
717	specs/.history/modular-fuzzing-epic/ticket-007-MF-025/results/testgraph-specWorkflow/cleanup-failure-probe-test-graph/build-logic/src/main/kotlin/com/hayden/testgraphsdk/exec/Executors.kt:96	lexical hit not semantically classified: * `waitFor()`; the spec parser doesn't emit those today, but the helper	out-of-scope	ticket_plan.yaml:648-658	none mapped	undeclared	out_of_scope_lexical_inventory		INFERRED exact-path scope; source not read
718	specs/.history/modular-fuzzing-epic/ticket-007-MF-025/results/testgraph-specWorkflow/cleanup-failure-probe-test-graph/build-logic/src/main/kotlin/com/hayden/testgraphsdk/exec/JBangExecutor.kt:12	lexical hit not semantically classified: * crash, OOM at fork time, etc.). PlanExecutor stamps the path onto	out-of-scope	ticket_plan.yaml:648-658	none mapped	undeclared	out_of_scope_lexical_inventory		INFERRED exact-path scope; source not read
719	specs/.history/modular-fuzzing-epic/ticket-007-MF-025/results/testgraph-specWorkflow/cleanup-failure-probe-test-graph/build-logic/src/main/kotlin/com/hayden/testgraphsdk/exec/PlanExecutor.kt:8	lexical hit not semantically classified: import java.time.Instant	out-of-scope	ticket_plan.yaml:648-658	none mapped	undeclared	out_of_scope_lexical_inventory		INFERRED exact-path scope; source not read
720	specs/.history/modular-fuzzing-epic/ticket-007-MF-025/results/testgraph-specWorkflow/cleanup-failure-probe-test-graph/build-logic/src/main/kotlin/com/hayden/testgraphsdk/exec/PlanExecutor.kt:138	lexical hit not semantically classified: var startedAt = Instant.now()	out-of-scope	ticket_plan.yaml:648-658	none mapped	undeclared	out_of_scope_lexical_inventory		INFERRED exact-path scope; source not read
721	specs/.history/modular-fuzzing-epic/ticket-007-MF-025/results/testgraph-specWorkflow/cleanup-failure-probe-test-graph/build-logic/src/main/kotlin/com/hayden/testgraphsdk/exec/PlanExecutor.kt:164	lexical hit not semantically classified: startedAt = Instant.now()	out-of-scope	ticket_plan.yaml:648-658	none mapped	undeclared	out_of_scope_lexical_inventory		INFERRED exact-path scope; source not read
722	specs/.history/modular-fuzzing-epic/ticket-007-MF-025/results/testgraph-specWorkflow/cleanup-failure-probe-test-graph/build-logic/src/main/kotlin/com/hayden/testgraphsdk/exec/PlanExecutor.kt:166	lexical hit not semantically classified: endedAt = Instant.now()	out-of-scope	ticket_plan.yaml:648-658	none mapped	undeclared	out_of_scope_lexical_inventory		INFERRED exact-path scope; source not read
723	specs/.history/modular-fuzzing-epic/ticket-007-MF-025/results/testgraph-specWorkflow/cleanup-failure-probe-test-graph/build-logic/src/main/kotlin/com/hayden/testgraphsdk/exec/PlanExecutor.kt:209	lexical hit not semantically classified: val now = Instant.now()	out-of-scope	ticket_plan.yaml:648-658	none mapped	undeclared	out_of_scope_lexical_inventory		INFERRED exact-path scope; source not read
724	specs/.history/modular-fuzzing-epic/ticket-007-MF-025/results/testgraph-specWorkflow/cleanup-failure-probe-test-graph/build-logic/src/main/kotlin/com/hayden/testgraphsdk/exec/PlanExecutor.kt:222	lexical hit not semantically classified: startedAt = now,	out-of-scope	ticket_plan.yaml:648-658	none mapped	undeclared	out_of_scope_lexical_inventory		INFERRED exact-path scope; source not read
725	specs/.history/modular-fuzzing-epic/ticket-007-MF-025/results/testgraph-specWorkflow/cleanup-failure-probe-test-graph/build-logic/src/main/kotlin/com/hayden/testgraphsdk/exec/PlanExecutor.kt:223	lexical hit not semantically classified: endedAt = now,	out-of-scope	ticket_plan.yaml:648-658	none mapped	undeclared	out_of_scope_lexical_inventory		INFERRED exact-path scope; source not read
726	specs/.history/modular-fuzzing-epic/ticket-007-MF-025/results/testgraph-specWorkflow/cleanup-failure-probe-test-graph/build-logic/src/main/kotlin/com/hayden/testgraphsdk/exec/TimeoutParser.kt:6	lexical hit not semantically classified: * Accepts the suffix forms NodeSpec specs in the wild use today —	out-of-scope	ticket_plan.yaml:648-658	none mapped	undeclared	out_of_scope_lexical_inventory		INFERRED exact-path scope; source not read
727	specs/.history/modular-fuzzing-epic/ticket-007-MF-025/results/testgraph-specWorkflow/cleanup-failure-probe-test-graph/build-logic/src/main/kotlin/com/hayden/testgraphsdk/exec/TimeoutParser.kt:10	lexical hit not semantically classified: * configuration time.	out-of-scope	ticket_plan.yaml:648-658	none mapped	undeclared	out_of_scope_lexical_inventory		INFERRED exact-path scope; source not read
728	specs/.history/modular-fuzzing-epic/ticket-007-MF-025/results/testgraph-specWorkflow/cleanup-failure-probe-test-graph/build-logic/src/main/kotlin/com/hayden/testgraphsdk/tasks/RunReportWriter.kt:25	lexical hit not semantically classified: * The renderer now lives here as a plain object so {@link	out-of-scope	ticket_plan.yaml:648-658	none mapped	undeclared	out_of_scope_lexical_inventory		INFERRED exact-path scope; source not read
729	specs/.history/modular-fuzzing-epic/ticket-007-MF-025/results/testgraph-specWorkflow/cleanup-failure-probe-test-graph/build-logic/src/main/kotlin/com/hayden/testgraphsdk/tasks/RunReportWriter.kt:300	lexical hit not semantically classified: java.time.Instant.parse(endIso).toEpochMilli() -	out-of-scope	ticket_plan.yaml:648-658	none mapped	undeclared	out_of_scope_lexical_inventory		INFERRED exact-path scope; source not read
730	specs/.history/modular-fuzzing-epic/ticket-007-MF-025/results/testgraph-specWorkflow/cleanup-failure-probe-test-graph/build-logic/src/main/kotlin/com/hayden/testgraphsdk/tasks/RunReportWriter.kt:301	lexical hit not semantically classified: java.time.Instant.parse(startIso).toEpochMilli()	out-of-scope	ticket_plan.yaml:648-658	none mapped	undeclared	out_of_scope_lexical_inventory		INFERRED exact-path scope; source not read
731	specs/.history/modular-fuzzing-epic/ticket-007-MF-025/results/testgraph-specWorkflow/cleanup-failure-probe-test-graph/build-logic/src/main/kotlin/com/hayden/testgraphsdk/tasks/RunTestGraphTask.kt:14	lexical hit not semantically classified: import java.time.Instant	out-of-scope	ticket_plan.yaml:648-658	none mapped	undeclared	out_of_scope_lexical_inventory		INFERRED exact-path scope; source not read
732	specs/.history/modular-fuzzing-epic/ticket-007-MF-025/results/testgraph-specWorkflow/cleanup-failure-probe-test-graph/build-logic/src/main/kotlin/com/hayden/testgraphsdk/tasks/RunTestGraphTask.kt:15	lexical hit not semantically classified: import java.time.ZoneOffset	out-of-scope	ticket_plan.yaml:648-658	none mapped	undeclared	out_of_scope_lexical_inventory		INFERRED exact-path scope; source not read
733	specs/.history/modular-fuzzing-epic/ticket-007-MF-025/results/testgraph-specWorkflow/cleanup-failure-probe-test-graph/build-logic/src/main/kotlin/com/hayden/testgraphsdk/tasks/RunTestGraphTask.kt:16	lexical hit not semantically classified: import java.time.format.DateTimeFormatter	out-of-scope	ticket_plan.yaml:648-658	none mapped	undeclared	out_of_scope_lexical_inventory		INFERRED exact-path scope; source not read
734	specs/.history/modular-fuzzing-epic/ticket-007-MF-025/results/testgraph-specWorkflow/cleanup-failure-probe-test-graph/build-logic/src/main/kotlin/com/hayden/testgraphsdk/tasks/RunTestGraphTask.kt:23	"lexical hit not semantically classified: return ""${safeGraphName}-${fmt.format(Instant.now())}-${UUID.randomUUID().toString().take(8)}"""	out-of-scope	ticket_plan.yaml:648-658	none mapped	undeclared	out_of_scope_lexical_inventory		INFERRED exact-path scope; source not read
735	specs/.history/modular-fuzzing-epic/ticket-007-MF-025/results/testgraph-specWorkflow/cleanup-failure-probe-test-graph/build-logic/src/main/kotlin/com/hayden/testgraphsdk/tasks/RunTestGraphTask.kt:31	lexical hit not semantically classified: * Non-Property internal fields are set at configuration time by the	out-of-scope	ticket_plan.yaml:648-658	none mapped	undeclared	out_of_scope_lexical_inventory		INFERRED exact-path scope; source not read
736	specs/.history/modular-fuzzing-epic/ticket-007-MF-025/results/testgraph-specWorkflow/cleanup-failure-probe-test-graph/sdk/java/src/main/java/com/hayden/testgraphsdk/sdk/Node.java:5	lexical hit not semantically classified: import java.time.Instant;	out-of-scope	ticket_plan.yaml:648-658	none mapped	undeclared	out_of_scope_lexical_inventory		INFERRED exact-path scope; source not read
737	specs/.history/modular-fuzzing-epic/ticket-007-MF-025/results/testgraph-specWorkflow/cleanup-failure-probe-test-graph/sdk/java/src/main/java/com/hayden/testgraphsdk/sdk/Node.java:50	lexical hit not semantically classified: Instant startedAt = Instant.now();	out-of-scope	ticket_plan.yaml:648-658	none mapped	undeclared	out_of_scope_lexical_inventory		INFERRED exact-path scope; source not read
738	specs/.history/modular-fuzzing-epic/ticket-007-MF-025/results/testgraph-specWorkflow/cleanup-failure-probe-test-graph/sdk/java/src/main/java/com/hayden/testgraphsdk/sdk/Node.java:53	lexical hit not semantically classified: result = body.apply(ctx).startedAt(startedAt).endedAt(Instant.now());	out-of-scope	ticket_plan.yaml:648-658	none mapped	undeclared	out_of_scope_lexical_inventory		INFERRED exact-path scope; source not read
739	specs/.history/modular-fuzzing-epic/ticket-007-MF-025/results/testgraph-specWorkflow/cleanup-failure-probe-test-graph/sdk/java/src/main/java/com/hayden/testgraphsdk/sdk/Node.java:57	lexical hit not semantically classified: .endedAt(Instant.now());	out-of-scope	ticket_plan.yaml:648-658	none mapped	undeclared	out_of_scope_lexical_inventory		INFERRED exact-path scope; source not read
740	specs/.history/modular-fuzzing-epic/ticket-007-MF-025/results/testgraph-specWorkflow/cleanup-failure-probe-test-graph/sdk/java/src/main/java/com/hayden/testgraphsdk/sdk/NodeResult.java:5	lexical hit not semantically classified: import java.time.Instant;	out-of-scope	ticket_plan.yaml:648-658	none mapped	undeclared	out_of_scope_lexical_inventory		INFERRED exact-path scope; source not read
741	specs/.history/modular-fuzzing-epic/ticket-007-MF-025/results/testgraph-specWorkflow/cleanup-failure-probe-test-graph/sdk/java/src/main/java/com/hayden/testgraphsdk/sdk/ProcessRecord.java:3	lexical hit not semantically classified: import java.time.Instant;	out-of-scope	ticket_plan.yaml:648-658	none mapped	undeclared	out_of_scope_lexical_inventory		INFERRED exact-path scope; source not read
742	specs/.history/modular-fuzzing-epic/ticket-007-MF-025/results/testgraph-specWorkflow/cleanup-failure-probe-test-graph/sdk/java/src/main/java/com/hayden/testgraphsdk/sdk/ProcessRecord.java:69	lexical hit not semantically classified: /** Wall-clock duration in milliseconds, or -1 if either timestamp is missing. */	out-of-scope	ticket_plan.yaml:648-658	none mapped	undeclared	out_of_scope_lexical_inventory		INFERRED exact-path scope; source not read
743	specs/.history/modular-fuzzing-epic/ticket-007-MF-025/results/testgraph-specWorkflow/cleanup-failure-probe-test-graph/sdk/java/src/main/java/com/hayden/testgraphsdk/sdk/Procs.java:6	lexical hit not semantically classified: import java.time.Instant;	out-of-scope	ticket_plan.yaml:648-658	none mapped	undeclared	out_of_scope_lexical_inventory		INFERRED exact-path scope; source not read
744	specs/.history/modular-fuzzing-epic/ticket-007-MF-025/results/testgraph-specWorkflow/cleanup-failure-probe-test-graph/sdk/java/src/main/java/com/hayden/testgraphsdk/sdk/Procs.java:14	lexical hit not semantically classified: * dir), and any spawn-time error. Attach it to the result with	out-of-scope	ticket_plan.yaml:648-658	none mapped	undeclared	out_of_scope_lexical_inventory		INFERRED exact-path scope; source not read
745	specs/.history/modular-fuzzing-epic/ticket-007-MF-025/results/testgraph-specWorkflow/cleanup-failure-probe-test-graph/sdk/java/src/main/java/com/hayden/testgraphsdk/sdk/Procs.java:72	lexical hit not semantically classified: Instant startedAt = Instant.now();	out-of-scope	ticket_plan.yaml:648-658	none mapped	undeclared	out_of_scope_lexical_inventory		INFERRED exact-path scope; source not read
746	specs/.history/modular-fuzzing-epic/ticket-007-MF-025/results/testgraph-specWorkflow/cleanup-failure-probe-test-graph/sdk/java/src/main/java/com/hayden/testgraphsdk/sdk/Procs.java:78	lexical hit not semantically classified: return new ProcessRecord(label, command, startedAt, Instant.now(),	out-of-scope	ticket_plan.yaml:648-658	none mapped	undeclared	out_of_scope_lexical_inventory		INFERRED exact-path scope; source not read
747	specs/.history/modular-fuzzing-epic/ticket-007-MF-025/results/testgraph-specWorkflow/cleanup-failure-probe-test-graph/sdk/java/src/main/java/com/hayden/testgraphsdk/sdk/Procs.java:88	lexical hit not semantically classified: return new ProcessRecord(label, command, startedAt, Instant.now(),	out-of-scope	ticket_plan.yaml:648-658	none mapped	undeclared	out_of_scope_lexical_inventory		INFERRED exact-path scope; source not read
748	specs/.history/modular-fuzzing-epic/ticket-007-MF-025/results/testgraph-specWorkflow/cleanup-failure-probe-test-graph/sdk/java/src/main/java/com/hayden/testgraphsdk/sdk/Procs.java:92	lexical hit not semantically classified: label, command, startedAt, Instant.now(),	out-of-scope	ticket_plan.yaml:648-658	none mapped	undeclared	out_of_scope_lexical_inventory		INFERRED exact-path scope; source not read
749	specs/.history/modular-fuzzing-epic/ticket-007-MF-025/results/testgraph-specWorkflow/cleanup-failure-probe-test-graph/sdk/python/src/testgraphsdk/procs.py:19	lexical hit not semantically classified: from datetime import datetime, timezone	out-of-scope	ticket_plan.yaml:648-658	none mapped	undeclared	out_of_scope_lexical_inventory		INFERRED exact-path scope; source not read
750	specs/.history/modular-fuzzing-epic/ticket-007-MF-025/results/testgraph-specWorkflow/cleanup-failure-probe-test-graph/sdk/python/src/testgraphsdk/procs.py:65	lexical hit not semantically classified: started = datetime.now(timezone.utc)	out-of-scope	ticket_plan.yaml:648-658	none mapped	undeclared	out_of_scope_lexical_inventory		INFERRED exact-path scope; source not read
751	specs/.history/modular-fuzzing-epic/ticket-007-MF-025/results/testgraph-specWorkflow/cleanup-failure-probe-test-graph/sdk/python/src/testgraphsdk/procs.py:86	lexical hit not semantically classified: ended_at=datetime.now(timezone.utc),	out-of-scope	ticket_plan.yaml:648-658	none mapped	undeclared	out_of_scope_lexical_inventory		INFERRED exact-path scope; source not read
752	specs/.history/modular-fuzzing-epic/ticket-007-MF-025/results/testgraph-specWorkflow/cleanup-failure-probe-test-graph/sdk/python/src/testgraphsdk/procs.py:97	lexical hit not semantically classified: ended_at=datetime.now(timezone.utc),	out-of-scope	ticket_plan.yaml:648-658	none mapped	undeclared	out_of_scope_lexical_inventory		INFERRED exact-path scope; source not read
753	specs/.history/modular-fuzzing-epic/ticket-007-MF-025/results/testgraph-specWorkflow/cleanup-failure-probe-test-graph/sdk/python/src/testgraphsdk/procs.py:108	lexical hit not semantically classified: ended_at=datetime.now(timezone.utc),	out-of-scope	ticket_plan.yaml:648-658	none mapped	undeclared	out_of_scope_lexical_inventory		INFERRED exact-path scope; source not read
754	specs/.history/modular-fuzzing-epic/ticket-007-MF-025/results/testgraph-specWorkflow/cleanup-failure-probe-test-graph/sdk/python/src/testgraphsdk/result.py:5	lexical hit not semantically classified: from datetime import datetime, timezone	out-of-scope	ticket_plan.yaml:648-658	none mapped	undeclared	out_of_scope_lexical_inventory		INFERRED exact-path scope; source not read
755	specs/.history/modular-fuzzing-epic/ticket-007-MF-025/results/testgraph-specWorkflow/cleanup-failure-probe-test-graph/sdk/python/src/testgraphsdk/result.py:52	lexical hit not semantically classified: started_at: datetime | None = None	out-of-scope	ticket_plan.yaml:648-658	none mapped	undeclared	out_of_scope_lexical_inventory		INFERRED exact-path scope; source not read
756	specs/.history/modular-fuzzing-epic/ticket-007-MF-025/results/testgraph-specWorkflow/cleanup-failure-probe-test-graph/sdk/python/src/testgraphsdk/result.py:53	lexical hit not semantically classified: ended_at: datetime | None = None	out-of-scope	ticket_plan.yaml:648-658	none mapped	undeclared	out_of_scope_lexical_inventory		INFERRED exact-path scope; source not read
757	specs/.history/modular-fuzzing-epic/ticket-007-MF-025/results/testgraph-specWorkflow/cleanup-failure-probe-test-graph/sdk/python/src/testgraphsdk/result.py:65	lexical hit not semantically classified: def iso(d: datetime | None) -> str | None:	out-of-scope	ticket_plan.yaml:648-658	none mapped	undeclared	out_of_scope_lexical_inventory		INFERRED exact-path scope; source not read
758	specs/.history/modular-fuzzing-epic/ticket-007-MF-025/results/testgraph-specWorkflow/cleanup-failure-probe-test-graph/sdk/python/src/testgraphsdk/result.py:98	lexical hit not semantically classified: started_at: datetime | None = None	out-of-scope	ticket_plan.yaml:648-658	none mapped	undeclared	out_of_scope_lexical_inventory		INFERRED exact-path scope; source not read
759	specs/.history/modular-fuzzing-epic/ticket-007-MF-025/results/testgraph-specWorkflow/cleanup-failure-probe-test-graph/sdk/python/src/testgraphsdk/result.py:99	lexical hit not semantically classified: ended_at: datetime | None = None	out-of-scope	ticket_plan.yaml:648-658	none mapped	undeclared	out_of_scope_lexical_inventory		INFERRED exact-path scope; source not read
760	specs/.history/modular-fuzzing-epic/ticket-007-MF-025/results/testgraph-specWorkflow/cleanup-failure-probe-test-graph/sdk/python/src/testgraphsdk/result.py:164	"lexical hit not semantically classified: def _stamp(self, started: datetime, ended: datetime) -> ""NodeResult"":"	out-of-scope	ticket_plan.yaml:648-658	none mapped	undeclared	out_of_scope_lexical_inventory		INFERRED exact-path scope; source not read
761	specs/.history/modular-fuzzing-epic/ticket-007-MF-025/results/testgraph-specWorkflow/cleanup-failure-probe-test-graph/sdk/python/src/testgraphsdk/result.py:173	lexical hit not semantically classified: def iso(d: datetime | None) -> str | None:	out-of-scope	ticket_plan.yaml:648-658	none mapped	undeclared	out_of_scope_lexical_inventory		INFERRED exact-path scope; source not read
762	specs/.history/modular-fuzzing-epic/ticket-007-MF-025/results/testgraph-specWorkflow/cleanup-failure-probe-test-graph/sdk/python/src/testgraphsdk/runner.py:22	lexical hit not semantically classified: from datetime import datetime, timezone	out-of-scope	ticket_plan.yaml:648-658	none mapped	undeclared	out_of_scope_lexical_inventory		INFERRED exact-path scope; source not read
763	specs/.history/modular-fuzzing-epic/ticket-007-MF-025/results/testgraph-specWorkflow/cleanup-failure-probe-test-graph/sdk/python/src/testgraphsdk/runner.py:47	lexical hit not semantically classified: started = datetime.now(timezone.utc)	out-of-scope	ticket_plan.yaml:648-658	none mapped	undeclared	out_of_scope_lexical_inventory		INFERRED exact-path scope; source not read
764	specs/.history/modular-fuzzing-epic/ticket-007-MF-025/results/testgraph-specWorkflow/cleanup-failure-probe-test-graph/sdk/python/src/testgraphsdk/runner.py:52	lexical hit not semantically classified: ended = datetime.now(timezone.utc)	out-of-scope	ticket_plan.yaml:648-658	none mapped	undeclared	out_of_scope_lexical_inventory		INFERRED exact-path scope; source not read
765	specs/.history/modular-fuzzing-epic/ticket-007-MF-025/ticket/results/testgraph-specWorkflow/cleanup-failure-probe-test-graph/build-logic/src/main/kotlin/com/hayden/testgraphsdk/MiniJson.kt:6	lexical hit not semantically classified: * Keeps the plugin dependency-free now that we no longer need snakeyaml.	out-of-scope	ticket_plan.yaml:648-658	none mapped	undeclared	out_of_scope_lexical_inventory		INFERRED exact-path scope; source not read
766	specs/.history/modular-fuzzing-epic/ticket-007-MF-025/ticket/results/testgraph-specWorkflow/cleanup-failure-probe-test-graph/build-logic/src/main/kotlin/com/hayden/testgraphsdk/TestGraphSpec.kt:8	lexical hit not semantically classified: * Every setter returns `this`; at plan-build time the overlay is merged	out-of-scope	ticket_plan.yaml:648-658	none mapped	undeclared	out_of_scope_lexical_inventory		INFERRED exact-path scope; source not read
767	specs/.history/modular-fuzzing-epic/ticket-007-MF-025/ticket/results/testgraph-specWorkflow/cleanup-failure-probe-test-graph/build-logic/src/main/kotlin/com/hayden/testgraphsdk/TestGraphSpec.kt:55	lexical hit not semantically classified: * at execution time.	out-of-scope	ticket_plan.yaml:648-658	none mapped	undeclared	out_of_scope_lexical_inventory		INFERRED exact-path scope; source not read
768	specs/.history/modular-fuzzing-epic/ticket-007-MF-025/ticket/results/testgraph-specWorkflow/cleanup-failure-probe-test-graph/build-logic/src/main/kotlin/com/hayden/testgraphsdk/ValidationGraphPlugin.kt:74	lexical hit not semantically classified: // serialized in declaration order. Configure-time `dependsOn` is	out-of-scope	ticket_plan.yaml:648-658	none mapped	undeclared	out_of_scope_lexical_inventory		INFERRED exact-path scope; source not read
769	specs/.history/modular-fuzzing-epic/ticket-007-MF-025/ticket/results/testgraph-specWorkflow/cleanup-failure-probe-test-graph/build-logic/src/main/kotlin/com/hayden/testgraphsdk/exec/Executors.kt:89	lexical hit not semantically classified: * Wait for [process] up to [timeoutMillis]; if it doesn't return in time,	out-of-scope	ticket_plan.yaml:648-658	none mapped	undeclared	out_of_scope_lexical_inventory		INFERRED exact-path scope; source not read
770	specs/.history/modular-fuzzing-epic/ticket-007-MF-025/ticket/results/testgraph-specWorkflow/cleanup-failure-probe-test-graph/build-logic/src/main/kotlin/com/hayden/testgraphsdk/exec/Executors.kt:96	lexical hit not semantically classified: * `waitFor()`; the spec parser doesn't emit those today, but the helper	out-of-scope	ticket_plan.yaml:648-658	none mapped	undeclared	out_of_scope_lexical_inventory		INFERRED exact-path scope; source not read
771	specs/.history/modular-fuzzing-epic/ticket-007-MF-025/ticket/results/testgraph-specWorkflow/cleanup-failure-probe-test-graph/build-logic/src/main/kotlin/com/hayden/testgraphsdk/exec/JBangExecutor.kt:12	lexical hit not semantically classified: * crash, OOM at fork time, etc.). PlanExecutor stamps the path onto	out-of-scope	ticket_plan.yaml:648-658	none mapped	undeclared	out_of_scope_lexical_inventory		INFERRED exact-path scope; source not read
772	specs/.history/modular-fuzzing-epic/ticket-007-MF-025/ticket/results/testgraph-specWorkflow/cleanup-failure-probe-test-graph/build-logic/src/main/kotlin/com/hayden/testgraphsdk/exec/PlanExecutor.kt:8	lexical hit not semantically classified: import java.time.Instant	out-of-scope	ticket_plan.yaml:648-658	none mapped	undeclared	out_of_scope_lexical_inventory		INFERRED exact-path scope; source not read
773	specs/.history/modular-fuzzing-epic/ticket-007-MF-025/ticket/results/testgraph-specWorkflow/cleanup-failure-probe-test-graph/build-logic/src/main/kotlin/com/hayden/testgraphsdk/exec/PlanExecutor.kt:138	lexical hit not semantically classified: var startedAt = Instant.now()	out-of-scope	ticket_plan.yaml:648-658	none mapped	undeclared	out_of_scope_lexical_inventory		INFERRED exact-path scope; source not read
774	specs/.history/modular-fuzzing-epic/ticket-007-MF-025/ticket/results/testgraph-specWorkflow/cleanup-failure-probe-test-graph/build-logic/src/main/kotlin/com/hayden/testgraphsdk/exec/PlanExecutor.kt:164	lexical hit not semantically classified: startedAt = Instant.now()	out-of-scope	ticket_plan.yaml:648-658	none mapped	undeclared	out_of_scope_lexical_inventory		INFERRED exact-path scope; source not read
775	specs/.history/modular-fuzzing-epic/ticket-007-MF-025/ticket/results/testgraph-specWorkflow/cleanup-failure-probe-test-graph/build-logic/src/main/kotlin/com/hayden/testgraphsdk/exec/PlanExecutor.kt:166	lexical hit not semantically classified: endedAt = Instant.now()	out-of-scope	ticket_plan.yaml:648-658	none mapped	undeclared	out_of_scope_lexical_inventory		INFERRED exact-path scope; source not read
776	specs/.history/modular-fuzzing-epic/ticket-007-MF-025/ticket/results/testgraph-specWorkflow/cleanup-failure-probe-test-graph/build-logic/src/main/kotlin/com/hayden/testgraphsdk/exec/PlanExecutor.kt:209	lexical hit not semantically classified: val now = Instant.now()	out-of-scope	ticket_plan.yaml:648-658	none mapped	undeclared	out_of_scope_lexical_inventory		INFERRED exact-path scope; source not read
777	specs/.history/modular-fuzzing-epic/ticket-007-MF-025/ticket/results/testgraph-specWorkflow/cleanup-failure-probe-test-graph/build-logic/src/main/kotlin/com/hayden/testgraphsdk/exec/PlanExecutor.kt:222	lexical hit not semantically classified: startedAt = now,	out-of-scope	ticket_plan.yaml:648-658	none mapped	undeclared	out_of_scope_lexical_inventory		INFERRED exact-path scope; source not read
778	specs/.history/modular-fuzzing-epic/ticket-007-MF-025/ticket/results/testgraph-specWorkflow/cleanup-failure-probe-test-graph/build-logic/src/main/kotlin/com/hayden/testgraphsdk/exec/PlanExecutor.kt:223	lexical hit not semantically classified: endedAt = now,	out-of-scope	ticket_plan.yaml:648-658	none mapped	undeclared	out_of_scope_lexical_inventory		INFERRED exact-path scope; source not read
779	specs/.history/modular-fuzzing-epic/ticket-007-MF-025/ticket/results/testgraph-specWorkflow/cleanup-failure-probe-test-graph/build-logic/src/main/kotlin/com/hayden/testgraphsdk/exec/TimeoutParser.kt:6	lexical hit not semantically classified: * Accepts the suffix forms NodeSpec specs in the wild use today —	out-of-scope	ticket_plan.yaml:648-658	none mapped	undeclared	out_of_scope_lexical_inventory		INFERRED exact-path scope; source not read
780	specs/.history/modular-fuzzing-epic/ticket-007-MF-025/ticket/results/testgraph-specWorkflow/cleanup-failure-probe-test-graph/build-logic/src/main/kotlin/com/hayden/testgraphsdk/exec/TimeoutParser.kt:10	lexical hit not semantically classified: * configuration time.	out-of-scope	ticket_plan.yaml:648-658	none mapped	undeclared	out_of_scope_lexical_inventory		INFERRED exact-path scope; source not read
781	specs/.history/modular-fuzzing-epic/ticket-007-MF-025/ticket/results/testgraph-specWorkflow/cleanup-failure-probe-test-graph/build-logic/src/main/kotlin/com/hayden/testgraphsdk/tasks/RunReportWriter.kt:25	lexical hit not semantically classified: * The renderer now lives here as a plain object so {@link	out-of-scope	ticket_plan.yaml:648-658	none mapped	undeclared	out_of_scope_lexical_inventory		INFERRED exact-path scope; source not read
782	specs/.history/modular-fuzzing-epic/ticket-007-MF-025/ticket/results/testgraph-specWorkflow/cleanup-failure-probe-test-graph/build-logic/src/main/kotlin/com/hayden/testgraphsdk/tasks/RunReportWriter.kt:300	lexical hit not semantically classified: java.time.Instant.parse(endIso).toEpochMilli() -	out-of-scope	ticket_plan.yaml:648-658	none mapped	undeclared	out_of_scope_lexical_inventory		INFERRED exact-path scope; source not read
783	specs/.history/modular-fuzzing-epic/ticket-007-MF-025/ticket/results/testgraph-specWorkflow/cleanup-failure-probe-test-graph/build-logic/src/main/kotlin/com/hayden/testgraphsdk/tasks/RunReportWriter.kt:301	lexical hit not semantically classified: java.time.Instant.parse(startIso).toEpochMilli()	out-of-scope	ticket_plan.yaml:648-658	none mapped	undeclared	out_of_scope_lexical_inventory		INFERRED exact-path scope; source not read
784	specs/.history/modular-fuzzing-epic/ticket-007-MF-025/ticket/results/testgraph-specWorkflow/cleanup-failure-probe-test-graph/build-logic/src/main/kotlin/com/hayden/testgraphsdk/tasks/RunTestGraphTask.kt:14	lexical hit not semantically classified: import java.time.Instant	out-of-scope	ticket_plan.yaml:648-658	none mapped	undeclared	out_of_scope_lexical_inventory		INFERRED exact-path scope; source not read
785	specs/.history/modular-fuzzing-epic/ticket-007-MF-025/ticket/results/testgraph-specWorkflow/cleanup-failure-probe-test-graph/build-logic/src/main/kotlin/com/hayden/testgraphsdk/tasks/RunTestGraphTask.kt:15	lexical hit not semantically classified: import java.time.ZoneOffset	out-of-scope	ticket_plan.yaml:648-658	none mapped	undeclared	out_of_scope_lexical_inventory		INFERRED exact-path scope; source not read
786	specs/.history/modular-fuzzing-epic/ticket-007-MF-025/ticket/results/testgraph-specWorkflow/cleanup-failure-probe-test-graph/build-logic/src/main/kotlin/com/hayden/testgraphsdk/tasks/RunTestGraphTask.kt:16	lexical hit not semantically classified: import java.time.format.DateTimeFormatter	out-of-scope	ticket_plan.yaml:648-658	none mapped	undeclared	out_of_scope_lexical_inventory		INFERRED exact-path scope; source not read
787	specs/.history/modular-fuzzing-epic/ticket-007-MF-025/ticket/results/testgraph-specWorkflow/cleanup-failure-probe-test-graph/build-logic/src/main/kotlin/com/hayden/testgraphsdk/tasks/RunTestGraphTask.kt:23	"lexical hit not semantically classified: return ""${safeGraphName}-${fmt.format(Instant.now())}-${UUID.randomUUID().toString().take(8)}"""	out-of-scope	ticket_plan.yaml:648-658	none mapped	undeclared	out_of_scope_lexical_inventory		INFERRED exact-path scope; source not read
788	specs/.history/modular-fuzzing-epic/ticket-007-MF-025/ticket/results/testgraph-specWorkflow/cleanup-failure-probe-test-graph/build-logic/src/main/kotlin/com/hayden/testgraphsdk/tasks/RunTestGraphTask.kt:31	lexical hit not semantically classified: * Non-Property internal fields are set at configuration time by the	out-of-scope	ticket_plan.yaml:648-658	none mapped	undeclared	out_of_scope_lexical_inventory		INFERRED exact-path scope; source not read
789	specs/.history/modular-fuzzing-epic/ticket-007-MF-025/ticket/results/testgraph-specWorkflow/cleanup-failure-probe-test-graph/sdk/java/src/main/java/com/hayden/testgraphsdk/sdk/Node.java:5	lexical hit not semantically classified: import java.time.Instant;	out-of-scope	ticket_plan.yaml:648-658	none mapped	undeclared	out_of_scope_lexical_inventory		INFERRED exact-path scope; source not read
790	specs/.history/modular-fuzzing-epic/ticket-007-MF-025/ticket/results/testgraph-specWorkflow/cleanup-failure-probe-test-graph/sdk/java/src/main/java/com/hayden/testgraphsdk/sdk/Node.java:50	lexical hit not semantically classified: Instant startedAt = Instant.now();	out-of-scope	ticket_plan.yaml:648-658	none mapped	undeclared	out_of_scope_lexical_inventory		INFERRED exact-path scope; source not read
791	specs/.history/modular-fuzzing-epic/ticket-007-MF-025/ticket/results/testgraph-specWorkflow/cleanup-failure-probe-test-graph/sdk/java/src/main/java/com/hayden/testgraphsdk/sdk/Node.java:53	lexical hit not semantically classified: result = body.apply(ctx).startedAt(startedAt).endedAt(Instant.now());	out-of-scope	ticket_plan.yaml:648-658	none mapped	undeclared	out_of_scope_lexical_inventory		INFERRED exact-path scope; source not read
792	specs/.history/modular-fuzzing-epic/ticket-007-MF-025/ticket/results/testgraph-specWorkflow/cleanup-failure-probe-test-graph/sdk/java/src/main/java/com/hayden/testgraphsdk/sdk/Node.java:57	lexical hit not semantically classified: .endedAt(Instant.now());	out-of-scope	ticket_plan.yaml:648-658	none mapped	undeclared	out_of_scope_lexical_inventory		INFERRED exact-path scope; source not read
793	specs/.history/modular-fuzzing-epic/ticket-007-MF-025/ticket/results/testgraph-specWorkflow/cleanup-failure-probe-test-graph/sdk/java/src/main/java/com/hayden/testgraphsdk/sdk/NodeResult.java:5	lexical hit not semantically classified: import java.time.Instant;	out-of-scope	ticket_plan.yaml:648-658	none mapped	undeclared	out_of_scope_lexical_inventory		INFERRED exact-path scope; source not read
794	specs/.history/modular-fuzzing-epic/ticket-007-MF-025/ticket/results/testgraph-specWorkflow/cleanup-failure-probe-test-graph/sdk/java/src/main/java/com/hayden/testgraphsdk/sdk/ProcessRecord.java:3	lexical hit not semantically classified: import java.time.Instant;	out-of-scope	ticket_plan.yaml:648-658	none mapped	undeclared	out_of_scope_lexical_inventory		INFERRED exact-path scope; source not read
795	specs/.history/modular-fuzzing-epic/ticket-007-MF-025/ticket/results/testgraph-specWorkflow/cleanup-failure-probe-test-graph/sdk/java/src/main/java/com/hayden/testgraphsdk/sdk/ProcessRecord.java:69	lexical hit not semantically classified: /** Wall-clock duration in milliseconds, or -1 if either timestamp is missing. */	out-of-scope	ticket_plan.yaml:648-658	none mapped	undeclared	out_of_scope_lexical_inventory		INFERRED exact-path scope; source not read
796	specs/.history/modular-fuzzing-epic/ticket-007-MF-025/ticket/results/testgraph-specWorkflow/cleanup-failure-probe-test-graph/sdk/java/src/main/java/com/hayden/testgraphsdk/sdk/Procs.java:6	lexical hit not semantically classified: import java.time.Instant;	out-of-scope	ticket_plan.yaml:648-658	none mapped	undeclared	out_of_scope_lexical_inventory		INFERRED exact-path scope; source not read
797	specs/.history/modular-fuzzing-epic/ticket-007-MF-025/ticket/results/testgraph-specWorkflow/cleanup-failure-probe-test-graph/sdk/java/src/main/java/com/hayden/testgraphsdk/sdk/Procs.java:14	lexical hit not semantically classified: * dir), and any spawn-time error. Attach it to the result with	out-of-scope	ticket_plan.yaml:648-658	none mapped	undeclared	out_of_scope_lexical_inventory		INFERRED exact-path scope; source not read
798	specs/.history/modular-fuzzing-epic/ticket-007-MF-025/ticket/results/testgraph-specWorkflow/cleanup-failure-probe-test-graph/sdk/java/src/main/java/com/hayden/testgraphsdk/sdk/Procs.java:72	lexical hit not semantically classified: Instant startedAt = Instant.now();	out-of-scope	ticket_plan.yaml:648-658	none mapped	undeclared	out_of_scope_lexical_inventory		INFERRED exact-path scope; source not read
799	specs/.history/modular-fuzzing-epic/ticket-007-MF-025/ticket/results/testgraph-specWorkflow/cleanup-failure-probe-test-graph/sdk/java/src/main/java/com/hayden/testgraphsdk/sdk/Procs.java:78	lexical hit not semantically classified: return new ProcessRecord(label, command, startedAt, Instant.now(),	out-of-scope	ticket_plan.yaml:648-658	none mapped	undeclared	out_of_scope_lexical_inventory		INFERRED exact-path scope; source not read
800	specs/.history/modular-fuzzing-epic/ticket-007-MF-025/ticket/results/testgraph-specWorkflow/cleanup-failure-probe-test-graph/sdk/java/src/main/java/com/hayden/testgraphsdk/sdk/Procs.java:88	lexical hit not semantically classified: return new ProcessRecord(label, command, startedAt, Instant.now(),	out-of-scope	ticket_plan.yaml:648-658	none mapped	undeclared	out_of_scope_lexical_inventory		INFERRED exact-path scope; source not read
801	specs/.history/modular-fuzzing-epic/ticket-007-MF-025/ticket/results/testgraph-specWorkflow/cleanup-failure-probe-test-graph/sdk/java/src/main/java/com/hayden/testgraphsdk/sdk/Procs.java:92	lexical hit not semantically classified: label, command, startedAt, Instant.now(),	out-of-scope	ticket_plan.yaml:648-658	none mapped	undeclared	out_of_scope_lexical_inventory		INFERRED exact-path scope; source not read
802	specs/.history/modular-fuzzing-epic/ticket-007-MF-025/ticket/results/testgraph-specWorkflow/cleanup-failure-probe-test-graph/sdk/python/src/testgraphsdk/procs.py:19	lexical hit not semantically classified: from datetime import datetime, timezone	out-of-scope	ticket_plan.yaml:648-658	none mapped	undeclared	out_of_scope_lexical_inventory		INFERRED exact-path scope; source not read
803	specs/.history/modular-fuzzing-epic/ticket-007-MF-025/ticket/results/testgraph-specWorkflow/cleanup-failure-probe-test-graph/sdk/python/src/testgraphsdk/procs.py:65	lexical hit not semantically classified: started = datetime.now(timezone.utc)	out-of-scope	ticket_plan.yaml:648-658	none mapped	undeclared	out_of_scope_lexical_inventory		INFERRED exact-path scope; source not read
804	specs/.history/modular-fuzzing-epic/ticket-007-MF-025/ticket/results/testgraph-specWorkflow/cleanup-failure-probe-test-graph/sdk/python/src/testgraphsdk/procs.py:86	lexical hit not semantically classified: ended_at=datetime.now(timezone.utc),	out-of-scope	ticket_plan.yaml:648-658	none mapped	undeclared	out_of_scope_lexical_inventory		INFERRED exact-path scope; source not read
805	specs/.history/modular-fuzzing-epic/ticket-007-MF-025/ticket/results/testgraph-specWorkflow/cleanup-failure-probe-test-graph/sdk/python/src/testgraphsdk/procs.py:97	lexical hit not semantically classified: ended_at=datetime.now(timezone.utc),	out-of-scope	ticket_plan.yaml:648-658	none mapped	undeclared	out_of_scope_lexical_inventory		INFERRED exact-path scope; source not read
806	specs/.history/modular-fuzzing-epic/ticket-007-MF-025/ticket/results/testgraph-specWorkflow/cleanup-failure-probe-test-graph/sdk/python/src/testgraphsdk/procs.py:108	lexical hit not semantically classified: ended_at=datetime.now(timezone.utc),	out-of-scope	ticket_plan.yaml:648-658	none mapped	undeclared	out_of_scope_lexical_inventory		INFERRED exact-path scope; source not read
807	specs/.history/modular-fuzzing-epic/ticket-007-MF-025/ticket/results/testgraph-specWorkflow/cleanup-failure-probe-test-graph/sdk/python/src/testgraphsdk/result.py:5	lexical hit not semantically classified: from datetime import datetime, timezone	out-of-scope	ticket_plan.yaml:648-658	none mapped	undeclared	out_of_scope_lexical_inventory		INFERRED exact-path scope; source not read
808	specs/.history/modular-fuzzing-epic/ticket-007-MF-025/ticket/results/testgraph-specWorkflow/cleanup-failure-probe-test-graph/sdk/python/src/testgraphsdk/result.py:52	lexical hit not semantically classified: started_at: datetime | None = None	out-of-scope	ticket_plan.yaml:648-658	none mapped	undeclared	out_of_scope_lexical_inventory		INFERRED exact-path scope; source not read
809	specs/.history/modular-fuzzing-epic/ticket-007-MF-025/ticket/results/testgraph-specWorkflow/cleanup-failure-probe-test-graph/sdk/python/src/testgraphsdk/result.py:53	lexical hit not semantically classified: ended_at: datetime | None = None	out-of-scope	ticket_plan.yaml:648-658	none mapped	undeclared	out_of_scope_lexical_inventory		INFERRED exact-path scope; source not read
810	specs/.history/modular-fuzzing-epic/ticket-007-MF-025/ticket/results/testgraph-specWorkflow/cleanup-failure-probe-test-graph/sdk/python/src/testgraphsdk/result.py:65	lexical hit not semantically classified: def iso(d: datetime | None) -> str | None:	out-of-scope	ticket_plan.yaml:648-658	none mapped	undeclared	out_of_scope_lexical_inventory		INFERRED exact-path scope; source not read
811	specs/.history/modular-fuzzing-epic/ticket-007-MF-025/ticket/results/testgraph-specWorkflow/cleanup-failure-probe-test-graph/sdk/python/src/testgraphsdk/result.py:98	lexical hit not semantically classified: started_at: datetime | None = None	out-of-scope	ticket_plan.yaml:648-658	none mapped	undeclared	out_of_scope_lexical_inventory		INFERRED exact-path scope; source not read
812	specs/.history/modular-fuzzing-epic/ticket-007-MF-025/ticket/results/testgraph-specWorkflow/cleanup-failure-probe-test-graph/sdk/python/src/testgraphsdk/result.py:99	lexical hit not semantically classified: ended_at: datetime | None = None	out-of-scope	ticket_plan.yaml:648-658	none mapped	undeclared	out_of_scope_lexical_inventory		INFERRED exact-path scope; source not read
813	specs/.history/modular-fuzzing-epic/ticket-007-MF-025/ticket/results/testgraph-specWorkflow/cleanup-failure-probe-test-graph/sdk/python/src/testgraphsdk/result.py:164	"lexical hit not semantically classified: def _stamp(self, started: datetime, ended: datetime) -> ""NodeResult"":"	out-of-scope	ticket_plan.yaml:648-658	none mapped	undeclared	out_of_scope_lexical_inventory		INFERRED exact-path scope; source not read
814	specs/.history/modular-fuzzing-epic/ticket-007-MF-025/ticket/results/testgraph-specWorkflow/cleanup-failure-probe-test-graph/sdk/python/src/testgraphsdk/result.py:173	lexical hit not semantically classified: def iso(d: datetime | None) -> str | None:	out-of-scope	ticket_plan.yaml:648-658	none mapped	undeclared	out_of_scope_lexical_inventory		INFERRED exact-path scope; source not read
815	specs/.history/modular-fuzzing-epic/ticket-007-MF-025/ticket/results/testgraph-specWorkflow/cleanup-failure-probe-test-graph/sdk/python/src/testgraphsdk/runner.py:22	lexical hit not semantically classified: from datetime import datetime, timezone	out-of-scope	ticket_plan.yaml:648-658	none mapped	undeclared	out_of_scope_lexical_inventory		INFERRED exact-path scope; source not read
816	specs/.history/modular-fuzzing-epic/ticket-007-MF-025/ticket/results/testgraph-specWorkflow/cleanup-failure-probe-test-graph/sdk/python/src/testgraphsdk/runner.py:47	lexical hit not semantically classified: started = datetime.now(timezone.utc)	out-of-scope	ticket_plan.yaml:648-658	none mapped	undeclared	out_of_scope_lexical_inventory		INFERRED exact-path scope; source not read
817	specs/.history/modular-fuzzing-epic/ticket-007-MF-025/ticket/results/testgraph-specWorkflow/cleanup-failure-probe-test-graph/sdk/python/src/testgraphsdk/runner.py:52	lexical hit not semantically classified: ended = datetime.now(timezone.utc)	out-of-scope	ticket_plan.yaml:648-658	none mapped	undeclared	out_of_scope_lexical_inventory		INFERRED exact-path scope; source not read
818	specs/.history/modular-fuzzing-epic/ticket-008-MF-015/results/testgraph-specWorkflow/cleanup-failure-probe-test-graph/build-logic/src/main/kotlin/com/hayden/testgraphsdk/MiniJson.kt:6	lexical hit not semantically classified: * Keeps the plugin dependency-free now that we no longer need snakeyaml.	out-of-scope	ticket_plan.yaml:648-658	none mapped	undeclared	out_of_scope_lexical_inventory		INFERRED exact-path scope; source not read
819	specs/.history/modular-fuzzing-epic/ticket-008-MF-015/results/testgraph-specWorkflow/cleanup-failure-probe-test-graph/build-logic/src/main/kotlin/com/hayden/testgraphsdk/TestGraphSpec.kt:8	lexical hit not semantically classified: * Every setter returns `this`; at plan-build time the overlay is merged	out-of-scope	ticket_plan.yaml:648-658	none mapped	undeclared	out_of_scope_lexical_inventory		INFERRED exact-path scope; source not read
820	specs/.history/modular-fuzzing-epic/ticket-008-MF-015/results/testgraph-specWorkflow/cleanup-failure-probe-test-graph/build-logic/src/main/kotlin/com/hayden/testgraphsdk/TestGraphSpec.kt:55	lexical hit not semantically classified: * at execution time.	out-of-scope	ticket_plan.yaml:648-658	none mapped	undeclared	out_of_scope_lexical_inventory		INFERRED exact-path scope; source not read
821	specs/.history/modular-fuzzing-epic/ticket-008-MF-015/results/testgraph-specWorkflow/cleanup-failure-probe-test-graph/build-logic/src/main/kotlin/com/hayden/testgraphsdk/ValidationGraphPlugin.kt:74	lexical hit not semantically classified: // serialized in declaration order. Configure-time `dependsOn` is	out-of-scope	ticket_plan.yaml:648-658	none mapped	undeclared	out_of_scope_lexical_inventory		INFERRED exact-path scope; source not read
822	specs/.history/modular-fuzzing-epic/ticket-008-MF-015/results/testgraph-specWorkflow/cleanup-failure-probe-test-graph/build-logic/src/main/kotlin/com/hayden/testgraphsdk/exec/Executors.kt:89	lexical hit not semantically classified: * Wait for [process] up to [timeoutMillis]; if it doesn't return in time,	out-of-scope	ticket_plan.yaml:648-658	none mapped	undeclared	out_of_scope_lexical_inventory		INFERRED exact-path scope; source not read
823	specs/.history/modular-fuzzing-epic/ticket-008-MF-015/results/testgraph-specWorkflow/cleanup-failure-probe-test-graph/build-logic/src/main/kotlin/com/hayden/testgraphsdk/exec/Executors.kt:96	lexical hit not semantically classified: * `waitFor()`; the spec parser doesn't emit those today, but the helper	out-of-scope	ticket_plan.yaml:648-658	none mapped	undeclared	out_of_scope_lexical_inventory		INFERRED exact-path scope; source not read
824	specs/.history/modular-fuzzing-epic/ticket-008-MF-015/results/testgraph-specWorkflow/cleanup-failure-probe-test-graph/build-logic/src/main/kotlin/com/hayden/testgraphsdk/exec/JBangExecutor.kt:12	lexical hit not semantically classified: * crash, OOM at fork time, etc.). PlanExecutor stamps the path onto	out-of-scope	ticket_plan.yaml:648-658	none mapped	undeclared	out_of_scope_lexical_inventory		INFERRED exact-path scope; source not read
825	specs/.history/modular-fuzzing-epic/ticket-008-MF-015/results/testgraph-specWorkflow/cleanup-failure-probe-test-graph/build-logic/src/main/kotlin/com/hayden/testgraphsdk/exec/PlanExecutor.kt:8	lexical hit not semantically classified: import java.time.Instant	out-of-scope	ticket_plan.yaml:648-658	none mapped	undeclared	out_of_scope_lexical_inventory		INFERRED exact-path scope; source not read
826	specs/.history/modular-fuzzing-epic/ticket-008-MF-015/results/testgraph-specWorkflow/cleanup-failure-probe-test-graph/build-logic/src/main/kotlin/com/hayden/testgraphsdk/exec/PlanExecutor.kt:138	lexical hit not semantically classified: var startedAt = Instant.now()	out-of-scope	ticket_plan.yaml:648-658	none mapped	undeclared	out_of_scope_lexical_inventory		INFERRED exact-path scope; source not read
827	specs/.history/modular-fuzzing-epic/ticket-008-MF-015/results/testgraph-specWorkflow/cleanup-failure-probe-test-graph/build-logic/src/main/kotlin/com/hayden/testgraphsdk/exec/PlanExecutor.kt:164	lexical hit not semantically classified: startedAt = Instant.now()	out-of-scope	ticket_plan.yaml:648-658	none mapped	undeclared	out_of_scope_lexical_inventory		INFERRED exact-path scope; source not read
828	specs/.history/modular-fuzzing-epic/ticket-008-MF-015/results/testgraph-specWorkflow/cleanup-failure-probe-test-graph/build-logic/src/main/kotlin/com/hayden/testgraphsdk/exec/PlanExecutor.kt:166	lexical hit not semantically classified: endedAt = Instant.now()	out-of-scope	ticket_plan.yaml:648-658	none mapped	undeclared	out_of_scope_lexical_inventory		INFERRED exact-path scope; source not read
829	specs/.history/modular-fuzzing-epic/ticket-008-MF-015/results/testgraph-specWorkflow/cleanup-failure-probe-test-graph/build-logic/src/main/kotlin/com/hayden/testgraphsdk/exec/PlanExecutor.kt:209	lexical hit not semantically classified: val now = Instant.now()	out-of-scope	ticket_plan.yaml:648-658	none mapped	undeclared	out_of_scope_lexical_inventory		INFERRED exact-path scope; source not read
830	specs/.history/modular-fuzzing-epic/ticket-008-MF-015/results/testgraph-specWorkflow/cleanup-failure-probe-test-graph/build-logic/src/main/kotlin/com/hayden/testgraphsdk/exec/PlanExecutor.kt:222	lexical hit not semantically classified: startedAt = now,	out-of-scope	ticket_plan.yaml:648-658	none mapped	undeclared	out_of_scope_lexical_inventory		INFERRED exact-path scope; source not read
831	specs/.history/modular-fuzzing-epic/ticket-008-MF-015/results/testgraph-specWorkflow/cleanup-failure-probe-test-graph/build-logic/src/main/kotlin/com/hayden/testgraphsdk/exec/PlanExecutor.kt:223	lexical hit not semantically classified: endedAt = now,	out-of-scope	ticket_plan.yaml:648-658	none mapped	undeclared	out_of_scope_lexical_inventory		INFERRED exact-path scope; source not read
832	specs/.history/modular-fuzzing-epic/ticket-008-MF-015/results/testgraph-specWorkflow/cleanup-failure-probe-test-graph/build-logic/src/main/kotlin/com/hayden/testgraphsdk/exec/TimeoutParser.kt:6	lexical hit not semantically classified: * Accepts the suffix forms NodeSpec specs in the wild use today —	out-of-scope	ticket_plan.yaml:648-658	none mapped	undeclared	out_of_scope_lexical_inventory		INFERRED exact-path scope; source not read
833	specs/.history/modular-fuzzing-epic/ticket-008-MF-015/results/testgraph-specWorkflow/cleanup-failure-probe-test-graph/build-logic/src/main/kotlin/com/hayden/testgraphsdk/exec/TimeoutParser.kt:10	lexical hit not semantically classified: * configuration time.	out-of-scope	ticket_plan.yaml:648-658	none mapped	undeclared	out_of_scope_lexical_inventory		INFERRED exact-path scope; source not read
834	specs/.history/modular-fuzzing-epic/ticket-008-MF-015/results/testgraph-specWorkflow/cleanup-failure-probe-test-graph/build-logic/src/main/kotlin/com/hayden/testgraphsdk/tasks/RunReportWriter.kt:25	lexical hit not semantically classified: * The renderer now lives here as a plain object so {@link	out-of-scope	ticket_plan.yaml:648-658	none mapped	undeclared	out_of_scope_lexical_inventory		INFERRED exact-path scope; source not read
835	specs/.history/modular-fuzzing-epic/ticket-008-MF-015/results/testgraph-specWorkflow/cleanup-failure-probe-test-graph/build-logic/src/main/kotlin/com/hayden/testgraphsdk/tasks/RunReportWriter.kt:300	lexical hit not semantically classified: java.time.Instant.parse(endIso).toEpochMilli() -	out-of-scope	ticket_plan.yaml:648-658	none mapped	undeclared	out_of_scope_lexical_inventory		INFERRED exact-path scope; source not read
836	specs/.history/modular-fuzzing-epic/ticket-008-MF-015/results/testgraph-specWorkflow/cleanup-failure-probe-test-graph/build-logic/src/main/kotlin/com/hayden/testgraphsdk/tasks/RunReportWriter.kt:301	lexical hit not semantically classified: java.time.Instant.parse(startIso).toEpochMilli()	out-of-scope	ticket_plan.yaml:648-658	none mapped	undeclared	out_of_scope_lexical_inventory		INFERRED exact-path scope; source not read
837	specs/.history/modular-fuzzing-epic/ticket-008-MF-015/results/testgraph-specWorkflow/cleanup-failure-probe-test-graph/build-logic/src/main/kotlin/com/hayden/testgraphsdk/tasks/RunTestGraphTask.kt:14	lexical hit not semantically classified: import java.time.Instant	out-of-scope	ticket_plan.yaml:648-658	none mapped	undeclared	out_of_scope_lexical_inventory		INFERRED exact-path scope; source not read
838	specs/.history/modular-fuzzing-epic/ticket-008-MF-015/results/testgraph-specWorkflow/cleanup-failure-probe-test-graph/build-logic/src/main/kotlin/com/hayden/testgraphsdk/tasks/RunTestGraphTask.kt:15	lexical hit not semantically classified: import java.time.ZoneOffset	out-of-scope	ticket_plan.yaml:648-658	none mapped	undeclared	out_of_scope_lexical_inventory		INFERRED exact-path scope; source not read
839	specs/.history/modular-fuzzing-epic/ticket-008-MF-015/results/testgraph-specWorkflow/cleanup-failure-probe-test-graph/build-logic/src/main/kotlin/com/hayden/testgraphsdk/tasks/RunTestGraphTask.kt:16	lexical hit not semantically classified: import java.time.format.DateTimeFormatter	out-of-scope	ticket_plan.yaml:648-658	none mapped	undeclared	out_of_scope_lexical_inventory		INFERRED exact-path scope; source not read
840	specs/.history/modular-fuzzing-epic/ticket-008-MF-015/results/testgraph-specWorkflow/cleanup-failure-probe-test-graph/build-logic/src/main/kotlin/com/hayden/testgraphsdk/tasks/RunTestGraphTask.kt:23	"lexical hit not semantically classified: return ""${safeGraphName}-${fmt.format(Instant.now())}-${UUID.randomUUID().toString().take(8)}"""	out-of-scope	ticket_plan.yaml:648-658	none mapped	undeclared	out_of_scope_lexical_inventory		INFERRED exact-path scope; source not read
841	specs/.history/modular-fuzzing-epic/ticket-008-MF-015/results/testgraph-specWorkflow/cleanup-failure-probe-test-graph/build-logic/src/main/kotlin/com/hayden/testgraphsdk/tasks/RunTestGraphTask.kt:31	lexical hit not semantically classified: * Non-Property internal fields are set at configuration time by the	out-of-scope	ticket_plan.yaml:648-658	none mapped	undeclared	out_of_scope_lexical_inventory		INFERRED exact-path scope; source not read
842	specs/.history/modular-fuzzing-epic/ticket-008-MF-015/results/testgraph-specWorkflow/cleanup-failure-probe-test-graph/sdk/java/src/main/java/com/hayden/testgraphsdk/sdk/Node.java:5	lexical hit not semantically classified: import java.time.Instant;	out-of-scope	ticket_plan.yaml:648-658	none mapped	undeclared	out_of_scope_lexical_inventory		INFERRED exact-path scope; source not read
843	specs/.history/modular-fuzzing-epic/ticket-008-MF-015/results/testgraph-specWorkflow/cleanup-failure-probe-test-graph/sdk/java/src/main/java/com/hayden/testgraphsdk/sdk/Node.java:50	lexical hit not semantically classified: Instant startedAt = Instant.now();	out-of-scope	ticket_plan.yaml:648-658	none mapped	undeclared	out_of_scope_lexical_inventory		INFERRED exact-path scope; source not read
844	specs/.history/modular-fuzzing-epic/ticket-008-MF-015/results/testgraph-specWorkflow/cleanup-failure-probe-test-graph/sdk/java/src/main/java/com/hayden/testgraphsdk/sdk/Node.java:53	lexical hit not semantically classified: result = body.apply(ctx).startedAt(startedAt).endedAt(Instant.now());	out-of-scope	ticket_plan.yaml:648-658	none mapped	undeclared	out_of_scope_lexical_inventory		INFERRED exact-path scope; source not read
845	specs/.history/modular-fuzzing-epic/ticket-008-MF-015/results/testgraph-specWorkflow/cleanup-failure-probe-test-graph/sdk/java/src/main/java/com/hayden/testgraphsdk/sdk/Node.java:57	lexical hit not semantically classified: .endedAt(Instant.now());	out-of-scope	ticket_plan.yaml:648-658	none mapped	undeclared	out_of_scope_lexical_inventory		INFERRED exact-path scope; source not read
846	specs/.history/modular-fuzzing-epic/ticket-008-MF-015/results/testgraph-specWorkflow/cleanup-failure-probe-test-graph/sdk/java/src/main/java/com/hayden/testgraphsdk/sdk/NodeResult.java:5	lexical hit not semantically classified: import java.time.Instant;	out-of-scope	ticket_plan.yaml:648-658	none mapped	undeclared	out_of_scope_lexical_inventory		INFERRED exact-path scope; source not read
847	specs/.history/modular-fuzzing-epic/ticket-008-MF-015/results/testgraph-specWorkflow/cleanup-failure-probe-test-graph/sdk/java/src/main/java/com/hayden/testgraphsdk/sdk/ProcessRecord.java:3	lexical hit not semantically classified: import java.time.Instant;	out-of-scope	ticket_plan.yaml:648-658	none mapped	undeclared	out_of_scope_lexical_inventory		INFERRED exact-path scope; source not read
848	specs/.history/modular-fuzzing-epic/ticket-008-MF-015/results/testgraph-specWorkflow/cleanup-failure-probe-test-graph/sdk/java/src/main/java/com/hayden/testgraphsdk/sdk/ProcessRecord.java:69	lexical hit not semantically classified: /** Wall-clock duration in milliseconds, or -1 if either timestamp is missing. */	out-of-scope	ticket_plan.yaml:648-658	none mapped	undeclared	out_of_scope_lexical_inventory		INFERRED exact-path scope; source not read
849	specs/.history/modular-fuzzing-epic/ticket-008-MF-015/results/testgraph-specWorkflow/cleanup-failure-probe-test-graph/sdk/java/src/main/java/com/hayden/testgraphsdk/sdk/Procs.java:6	lexical hit not semantically classified: import java.time.Instant;	out-of-scope	ticket_plan.yaml:648-658	none mapped	undeclared	out_of_scope_lexical_inventory		INFERRED exact-path scope; source not read
850	specs/.history/modular-fuzzing-epic/ticket-008-MF-015/results/testgraph-specWorkflow/cleanup-failure-probe-test-graph/sdk/java/src/main/java/com/hayden/testgraphsdk/sdk/Procs.java:14	lexical hit not semantically classified: * dir), and any spawn-time error. Attach it to the result with	out-of-scope	ticket_plan.yaml:648-658	none mapped	undeclared	out_of_scope_lexical_inventory		INFERRED exact-path scope; source not read
851	specs/.history/modular-fuzzing-epic/ticket-008-MF-015/results/testgraph-specWorkflow/cleanup-failure-probe-test-graph/sdk/java/src/main/java/com/hayden/testgraphsdk/sdk/Procs.java:72	lexical hit not semantically classified: Instant startedAt = Instant.now();	out-of-scope	ticket_plan.yaml:648-658	none mapped	undeclared	out_of_scope_lexical_inventory		INFERRED exact-path scope; source not read
852	specs/.history/modular-fuzzing-epic/ticket-008-MF-015/results/testgraph-specWorkflow/cleanup-failure-probe-test-graph/sdk/java/src/main/java/com/hayden/testgraphsdk/sdk/Procs.java:78	lexical hit not semantically classified: return new ProcessRecord(label, command, startedAt, Instant.now(),	out-of-scope	ticket_plan.yaml:648-658	none mapped	undeclared	out_of_scope_lexical_inventory		INFERRED exact-path scope; source not read
853	specs/.history/modular-fuzzing-epic/ticket-008-MF-015/results/testgraph-specWorkflow/cleanup-failure-probe-test-graph/sdk/java/src/main/java/com/hayden/testgraphsdk/sdk/Procs.java:88	lexical hit not semantically classified: return new ProcessRecord(label, command, startedAt, Instant.now(),	out-of-scope	ticket_plan.yaml:648-658	none mapped	undeclared	out_of_scope_lexical_inventory		INFERRED exact-path scope; source not read
854	specs/.history/modular-fuzzing-epic/ticket-008-MF-015/results/testgraph-specWorkflow/cleanup-failure-probe-test-graph/sdk/java/src/main/java/com/hayden/testgraphsdk/sdk/Procs.java:92	lexical hit not semantically classified: label, command, startedAt, Instant.now(),	out-of-scope	ticket_plan.yaml:648-658	none mapped	undeclared	out_of_scope_lexical_inventory		INFERRED exact-path scope; source not read
855	specs/.history/modular-fuzzing-epic/ticket-008-MF-015/results/testgraph-specWorkflow/cleanup-failure-probe-test-graph/sdk/python/src/testgraphsdk/procs.py:19	lexical hit not semantically classified: from datetime import datetime, timezone	out-of-scope	ticket_plan.yaml:648-658	none mapped	undeclared	out_of_scope_lexical_inventory		INFERRED exact-path scope; source not read
856	specs/.history/modular-fuzzing-epic/ticket-008-MF-015/results/testgraph-specWorkflow/cleanup-failure-probe-test-graph/sdk/python/src/testgraphsdk/procs.py:65	lexical hit not semantically classified: started = datetime.now(timezone.utc)	out-of-scope	ticket_plan.yaml:648-658	none mapped	undeclared	out_of_scope_lexical_inventory		INFERRED exact-path scope; source not read
857	specs/.history/modular-fuzzing-epic/ticket-008-MF-015/results/testgraph-specWorkflow/cleanup-failure-probe-test-graph/sdk/python/src/testgraphsdk/procs.py:86	lexical hit not semantically classified: ended_at=datetime.now(timezone.utc),	out-of-scope	ticket_plan.yaml:648-658	none mapped	undeclared	out_of_scope_lexical_inventory		INFERRED exact-path scope; source not read
858	specs/.history/modular-fuzzing-epic/ticket-008-MF-015/results/testgraph-specWorkflow/cleanup-failure-probe-test-graph/sdk/python/src/testgraphsdk/procs.py:97	lexical hit not semantically classified: ended_at=datetime.now(timezone.utc),	out-of-scope	ticket_plan.yaml:648-658	none mapped	undeclared	out_of_scope_lexical_inventory		INFERRED exact-path scope; source not read
859	specs/.history/modular-fuzzing-epic/ticket-008-MF-015/results/testgraph-specWorkflow/cleanup-failure-probe-test-graph/sdk/python/src/testgraphsdk/procs.py:108	lexical hit not semantically classified: ended_at=datetime.now(timezone.utc),	out-of-scope	ticket_plan.yaml:648-658	none mapped	undeclared	out_of_scope_lexical_inventory		INFERRED exact-path scope; source not read
860	specs/.history/modular-fuzzing-epic/ticket-008-MF-015/results/testgraph-specWorkflow/cleanup-failure-probe-test-graph/sdk/python/src/testgraphsdk/result.py:5	lexical hit not semantically classified: from datetime import datetime, timezone	out-of-scope	ticket_plan.yaml:648-658	none mapped	undeclared	out_of_scope_lexical_inventory		INFERRED exact-path scope; source not read
861	specs/.history/modular-fuzzing-epic/ticket-008-MF-015/results/testgraph-specWorkflow/cleanup-failure-probe-test-graph/sdk/python/src/testgraphsdk/result.py:52	lexical hit not semantically classified: started_at: datetime | None = None	out-of-scope	ticket_plan.yaml:648-658	none mapped	undeclared	out_of_scope_lexical_inventory		INFERRED exact-path scope; source not read
862	specs/.history/modular-fuzzing-epic/ticket-008-MF-015/results/testgraph-specWorkflow/cleanup-failure-probe-test-graph/sdk/python/src/testgraphsdk/result.py:53	lexical hit not semantically classified: ended_at: datetime | None = None	out-of-scope	ticket_plan.yaml:648-658	none mapped	undeclared	out_of_scope_lexical_inventory		INFERRED exact-path scope; source not read
863	specs/.history/modular-fuzzing-epic/ticket-008-MF-015/results/testgraph-specWorkflow/cleanup-failure-probe-test-graph/sdk/python/src/testgraphsdk/result.py:65	lexical hit not semantically classified: def iso(d: datetime | None) -> str | None:	out-of-scope	ticket_plan.yaml:648-658	none mapped	undeclared	out_of_scope_lexical_inventory		INFERRED exact-path scope; source not read
864	specs/.history/modular-fuzzing-epic/ticket-008-MF-015/results/testgraph-specWorkflow/cleanup-failure-probe-test-graph/sdk/python/src/testgraphsdk/result.py:98	lexical hit not semantically classified: started_at: datetime | None = None	out-of-scope	ticket_plan.yaml:648-658	none mapped	undeclared	out_of_scope_lexical_inventory		INFERRED exact-path scope; source not read
865	specs/.history/modular-fuzzing-epic/ticket-008-MF-015/results/testgraph-specWorkflow/cleanup-failure-probe-test-graph/sdk/python/src/testgraphsdk/result.py:99	lexical hit not semantically classified: ended_at: datetime | None = None	out-of-scope	ticket_plan.yaml:648-658	none mapped	undeclared	out_of_scope_lexical_inventory		INFERRED exact-path scope; source not read
866	specs/.history/modular-fuzzing-epic/ticket-008-MF-015/results/testgraph-specWorkflow/cleanup-failure-probe-test-graph/sdk/python/src/testgraphsdk/result.py:164	"lexical hit not semantically classified: def _stamp(self, started: datetime, ended: datetime) -> ""NodeResult"":"	out-of-scope	ticket_plan.yaml:648-658	none mapped	undeclared	out_of_scope_lexical_inventory		INFERRED exact-path scope; source not read
867	specs/.history/modular-fuzzing-epic/ticket-008-MF-015/results/testgraph-specWorkflow/cleanup-failure-probe-test-graph/sdk/python/src/testgraphsdk/result.py:173	lexical hit not semantically classified: def iso(d: datetime | None) -> str | None:	out-of-scope	ticket_plan.yaml:648-658	none mapped	undeclared	out_of_scope_lexical_inventory		INFERRED exact-path scope; source not read
868	specs/.history/modular-fuzzing-epic/ticket-008-MF-015/results/testgraph-specWorkflow/cleanup-failure-probe-test-graph/sdk/python/src/testgraphsdk/runner.py:22	lexical hit not semantically classified: from datetime import datetime, timezone	out-of-scope	ticket_plan.yaml:648-658	none mapped	undeclared	out_of_scope_lexical_inventory		INFERRED exact-path scope; source not read
869	specs/.history/modular-fuzzing-epic/ticket-008-MF-015/results/testgraph-specWorkflow/cleanup-failure-probe-test-graph/sdk/python/src/testgraphsdk/runner.py:47	lexical hit not semantically classified: started = datetime.now(timezone.utc)	out-of-scope	ticket_plan.yaml:648-658	none mapped	undeclared	out_of_scope_lexical_inventory		INFERRED exact-path scope; source not read
870	specs/.history/modular-fuzzing-epic/ticket-008-MF-015/results/testgraph-specWorkflow/cleanup-failure-probe-test-graph/sdk/python/src/testgraphsdk/runner.py:52	lexical hit not semantically classified: ended = datetime.now(timezone.utc)	out-of-scope	ticket_plan.yaml:648-658	none mapped	undeclared	out_of_scope_lexical_inventory		INFERRED exact-path scope; source not read
871	specs/.history/modular-fuzzing-epic/ticket-008-MF-015/ticket/results/testgraph-specWorkflow/cleanup-failure-probe-test-graph/build-logic/src/main/kotlin/com/hayden/testgraphsdk/MiniJson.kt:6	lexical hit not semantically classified: * Keeps the plugin dependency-free now that we no longer need snakeyaml.	out-of-scope	ticket_plan.yaml:648-658	none mapped	undeclared	out_of_scope_lexical_inventory		INFERRED exact-path scope; source not read
872	specs/.history/modular-fuzzing-epic/ticket-008-MF-015/ticket/results/testgraph-specWorkflow/cleanup-failure-probe-test-graph/build-logic/src/main/kotlin/com/hayden/testgraphsdk/TestGraphSpec.kt:8	lexical hit not semantically classified: * Every setter returns `this`; at plan-build time the overlay is merged	out-of-scope	ticket_plan.yaml:648-658	none mapped	undeclared	out_of_scope_lexical_inventory		INFERRED exact-path scope; source not read
873	specs/.history/modular-fuzzing-epic/ticket-008-MF-015/ticket/results/testgraph-specWorkflow/cleanup-failure-probe-test-graph/build-logic/src/main/kotlin/com/hayden/testgraphsdk/TestGraphSpec.kt:55	lexical hit not semantically classified: * at execution time.	out-of-scope	ticket_plan.yaml:648-658	none mapped	undeclared	out_of_scope_lexical_inventory		INFERRED exact-path scope; source not read
874	specs/.history/modular-fuzzing-epic/ticket-008-MF-015/ticket/results/testgraph-specWorkflow/cleanup-failure-probe-test-graph/build-logic/src/main/kotlin/com/hayden/testgraphsdk/ValidationGraphPlugin.kt:74	lexical hit not semantically classified: // serialized in declaration order. Configure-time `dependsOn` is	out-of-scope	ticket_plan.yaml:648-658	none mapped	undeclared	out_of_scope_lexical_inventory		INFERRED exact-path scope; source not read
875	specs/.history/modular-fuzzing-epic/ticket-008-MF-015/ticket/results/testgraph-specWorkflow/cleanup-failure-probe-test-graph/build-logic/src/main/kotlin/com/hayden/testgraphsdk/exec/Executors.kt:89	lexical hit not semantically classified: * Wait for [process] up to [timeoutMillis]; if it doesn't return in time,	out-of-scope	ticket_plan.yaml:648-658	none mapped	undeclared	out_of_scope_lexical_inventory		INFERRED exact-path scope; source not read
876	specs/.history/modular-fuzzing-epic/ticket-008-MF-015/ticket/results/testgraph-specWorkflow/cleanup-failure-probe-test-graph/build-logic/src/main/kotlin/com/hayden/testgraphsdk/exec/Executors.kt:96	lexical hit not semantically classified: * `waitFor()`; the spec parser doesn't emit those today, but the helper	out-of-scope	ticket_plan.yaml:648-658	none mapped	undeclared	out_of_scope_lexical_inventory		INFERRED exact-path scope; source not read
877	specs/.history/modular-fuzzing-epic/ticket-008-MF-015/ticket/results/testgraph-specWorkflow/cleanup-failure-probe-test-graph/build-logic/src/main/kotlin/com/hayden/testgraphsdk/exec/JBangExecutor.kt:12	lexical hit not semantically classified: * crash, OOM at fork time, etc.). PlanExecutor stamps the path onto	out-of-scope	ticket_plan.yaml:648-658	none mapped	undeclared	out_of_scope_lexical_inventory		INFERRED exact-path scope; source not read
878	specs/.history/modular-fuzzing-epic/ticket-008-MF-015/ticket/results/testgraph-specWorkflow/cleanup-failure-probe-test-graph/build-logic/src/main/kotlin/com/hayden/testgraphsdk/exec/PlanExecutor.kt:8	lexical hit not semantically classified: import java.time.Instant	out-of-scope	ticket_plan.yaml:648-658	none mapped	undeclared	out_of_scope_lexical_inventory		INFERRED exact-path scope; source not read
879	specs/.history/modular-fuzzing-epic/ticket-008-MF-015/ticket/results/testgraph-specWorkflow/cleanup-failure-probe-test-graph/build-logic/src/main/kotlin/com/hayden/testgraphsdk/exec/PlanExecutor.kt:138	lexical hit not semantically classified: var startedAt = Instant.now()	out-of-scope	ticket_plan.yaml:648-658	none mapped	undeclared	out_of_scope_lexical_inventory		INFERRED exact-path scope; source not read
880	specs/.history/modular-fuzzing-epic/ticket-008-MF-015/ticket/results/testgraph-specWorkflow/cleanup-failure-probe-test-graph/build-logic/src/main/kotlin/com/hayden/testgraphsdk/exec/PlanExecutor.kt:164	lexical hit not semantically classified: startedAt = Instant.now()	out-of-scope	ticket_plan.yaml:648-658	none mapped	undeclared	out_of_scope_lexical_inventory		INFERRED exact-path scope; source not read
881	specs/.history/modular-fuzzing-epic/ticket-008-MF-015/ticket/results/testgraph-specWorkflow/cleanup-failure-probe-test-graph/build-logic/src/main/kotlin/com/hayden/testgraphsdk/exec/PlanExecutor.kt:166	lexical hit not semantically classified: endedAt = Instant.now()	out-of-scope	ticket_plan.yaml:648-658	none mapped	undeclared	out_of_scope_lexical_inventory		INFERRED exact-path scope; source not read
882	specs/.history/modular-fuzzing-epic/ticket-008-MF-015/ticket/results/testgraph-specWorkflow/cleanup-failure-probe-test-graph/build-logic/src/main/kotlin/com/hayden/testgraphsdk/exec/PlanExecutor.kt:209	lexical hit not semantically classified: val now = Instant.now()	out-of-scope	ticket_plan.yaml:648-658	none mapped	undeclared	out_of_scope_lexical_inventory		INFERRED exact-path scope; source not read
883	specs/.history/modular-fuzzing-epic/ticket-008-MF-015/ticket/results/testgraph-specWorkflow/cleanup-failure-probe-test-graph/build-logic/src/main/kotlin/com/hayden/testgraphsdk/exec/PlanExecutor.kt:222	lexical hit not semantically classified: startedAt = now,	out-of-scope	ticket_plan.yaml:648-658	none mapped	undeclared	out_of_scope_lexical_inventory		INFERRED exact-path scope; source not read
884	specs/.history/modular-fuzzing-epic/ticket-008-MF-015/ticket/results/testgraph-specWorkflow/cleanup-failure-probe-test-graph/build-logic/src/main/kotlin/com/hayden/testgraphsdk/exec/PlanExecutor.kt:223	lexical hit not semantically classified: endedAt = now,	out-of-scope	ticket_plan.yaml:648-658	none mapped	undeclared	out_of_scope_lexical_inventory		INFERRED exact-path scope; source not read
885	specs/.history/modular-fuzzing-epic/ticket-008-MF-015/ticket/results/testgraph-specWorkflow/cleanup-failure-probe-test-graph/build-logic/src/main/kotlin/com/hayden/testgraphsdk/exec/TimeoutParser.kt:6	lexical hit not semantically classified: * Accepts the suffix forms NodeSpec specs in the wild use today —	out-of-scope	ticket_plan.yaml:648-658	none mapped	undeclared	out_of_scope_lexical_inventory		INFERRED exact-path scope; source not read
886	specs/.history/modular-fuzzing-epic/ticket-008-MF-015/ticket/results/testgraph-specWorkflow/cleanup-failure-probe-test-graph/build-logic/src/main/kotlin/com/hayden/testgraphsdk/exec/TimeoutParser.kt:10	lexical hit not semantically classified: * configuration time.	out-of-scope	ticket_plan.yaml:648-658	none mapped	undeclared	out_of_scope_lexical_inventory		INFERRED exact-path scope; source not read
887	specs/.history/modular-fuzzing-epic/ticket-008-MF-015/ticket/results/testgraph-specWorkflow/cleanup-failure-probe-test-graph/build-logic/src/main/kotlin/com/hayden/testgraphsdk/tasks/RunReportWriter.kt:25	lexical hit not semantically classified: * The renderer now lives here as a plain object so {@link	out-of-scope	ticket_plan.yaml:648-658	none mapped	undeclared	out_of_scope_lexical_inventory		INFERRED exact-path scope; source not read
888	specs/.history/modular-fuzzing-epic/ticket-008-MF-015/ticket/results/testgraph-specWorkflow/cleanup-failure-probe-test-graph/build-logic/src/main/kotlin/com/hayden/testgraphsdk/tasks/RunReportWriter.kt:300	lexical hit not semantically classified: java.time.Instant.parse(endIso).toEpochMilli() -	out-of-scope	ticket_plan.yaml:648-658	none mapped	undeclared	out_of_scope_lexical_inventory		INFERRED exact-path scope; source not read
889	specs/.history/modular-fuzzing-epic/ticket-008-MF-015/ticket/results/testgraph-specWorkflow/cleanup-failure-probe-test-graph/build-logic/src/main/kotlin/com/hayden/testgraphsdk/tasks/RunReportWriter.kt:301	lexical hit not semantically classified: java.time.Instant.parse(startIso).toEpochMilli()	out-of-scope	ticket_plan.yaml:648-658	none mapped	undeclared	out_of_scope_lexical_inventory		INFERRED exact-path scope; source not read
890	specs/.history/modular-fuzzing-epic/ticket-008-MF-015/ticket/results/testgraph-specWorkflow/cleanup-failure-probe-test-graph/build-logic/src/main/kotlin/com/hayden/testgraphsdk/tasks/RunTestGraphTask.kt:14	lexical hit not semantically classified: import java.time.Instant	out-of-scope	ticket_plan.yaml:648-658	none mapped	undeclared	out_of_scope_lexical_inventory		INFERRED exact-path scope; source not read
891	specs/.history/modular-fuzzing-epic/ticket-008-MF-015/ticket/results/testgraph-specWorkflow/cleanup-failure-probe-test-graph/build-logic/src/main/kotlin/com/hayden/testgraphsdk/tasks/RunTestGraphTask.kt:15	lexical hit not semantically classified: import java.time.ZoneOffset	out-of-scope	ticket_plan.yaml:648-658	none mapped	undeclared	out_of_scope_lexical_inventory		INFERRED exact-path scope; source not read
892	specs/.history/modular-fuzzing-epic/ticket-008-MF-015/ticket/results/testgraph-specWorkflow/cleanup-failure-probe-test-graph/build-logic/src/main/kotlin/com/hayden/testgraphsdk/tasks/RunTestGraphTask.kt:16	lexical hit not semantically classified: import java.time.format.DateTimeFormatter	out-of-scope	ticket_plan.yaml:648-658	none mapped	undeclared	out_of_scope_lexical_inventory		INFERRED exact-path scope; source not read
893	specs/.history/modular-fuzzing-epic/ticket-008-MF-015/ticket/results/testgraph-specWorkflow/cleanup-failure-probe-test-graph/build-logic/src/main/kotlin/com/hayden/testgraphsdk/tasks/RunTestGraphTask.kt:23	"lexical hit not semantically classified: return ""${safeGraphName}-${fmt.format(Instant.now())}-${UUID.randomUUID().toString().take(8)}"""	out-of-scope	ticket_plan.yaml:648-658	none mapped	undeclared	out_of_scope_lexical_inventory		INFERRED exact-path scope; source not read
894	specs/.history/modular-fuzzing-epic/ticket-008-MF-015/ticket/results/testgraph-specWorkflow/cleanup-failure-probe-test-graph/build-logic/src/main/kotlin/com/hayden/testgraphsdk/tasks/RunTestGraphTask.kt:31	lexical hit not semantically classified: * Non-Property internal fields are set at configuration time by the	out-of-scope	ticket_plan.yaml:648-658	none mapped	undeclared	out_of_scope_lexical_inventory		INFERRED exact-path scope; source not read
895	specs/.history/modular-fuzzing-epic/ticket-008-MF-015/ticket/results/testgraph-specWorkflow/cleanup-failure-probe-test-graph/sdk/java/src/main/java/com/hayden/testgraphsdk/sdk/Node.java:5	lexical hit not semantically classified: import java.time.Instant;	out-of-scope	ticket_plan.yaml:648-658	none mapped	undeclared	out_of_scope_lexical_inventory		INFERRED exact-path scope; source not read
896	specs/.history/modular-fuzzing-epic/ticket-008-MF-015/ticket/results/testgraph-specWorkflow/cleanup-failure-probe-test-graph/sdk/java/src/main/java/com/hayden/testgraphsdk/sdk/Node.java:50	lexical hit not semantically classified: Instant startedAt = Instant.now();	out-of-scope	ticket_plan.yaml:648-658	none mapped	undeclared	out_of_scope_lexical_inventory		INFERRED exact-path scope; source not read
897	specs/.history/modular-fuzzing-epic/ticket-008-MF-015/ticket/results/testgraph-specWorkflow/cleanup-failure-probe-test-graph/sdk/java/src/main/java/com/hayden/testgraphsdk/sdk/Node.java:53	lexical hit not semantically classified: result = body.apply(ctx).startedAt(startedAt).endedAt(Instant.now());	out-of-scope	ticket_plan.yaml:648-658	none mapped	undeclared	out_of_scope_lexical_inventory		INFERRED exact-path scope; source not read
898	specs/.history/modular-fuzzing-epic/ticket-008-MF-015/ticket/results/testgraph-specWorkflow/cleanup-failure-probe-test-graph/sdk/java/src/main/java/com/hayden/testgraphsdk/sdk/Node.java:57	lexical hit not semantically classified: .endedAt(Instant.now());	out-of-scope	ticket_plan.yaml:648-658	none mapped	undeclared	out_of_scope_lexical_inventory		INFERRED exact-path scope; source not read
899	specs/.history/modular-fuzzing-epic/ticket-008-MF-015/ticket/results/testgraph-specWorkflow/cleanup-failure-probe-test-graph/sdk/java/src/main/java/com/hayden/testgraphsdk/sdk/NodeResult.java:5	lexical hit not semantically classified: import java.time.Instant;	out-of-scope	ticket_plan.yaml:648-658	none mapped	undeclared	out_of_scope_lexical_inventory		INFERRED exact-path scope; source not read
900	specs/.history/modular-fuzzing-epic/ticket-008-MF-015/ticket/results/testgraph-specWorkflow/cleanup-failure-probe-test-graph/sdk/java/src/main/java/com/hayden/testgraphsdk/sdk/ProcessRecord.java:3	lexical hit not semantically classified: import java.time.Instant;	out-of-scope	ticket_plan.yaml:648-658	none mapped	undeclared	out_of_scope_lexical_inventory		INFERRED exact-path scope; source not read
901	specs/.history/modular-fuzzing-epic/ticket-008-MF-015/ticket/results/testgraph-specWorkflow/cleanup-failure-probe-test-graph/sdk/java/src/main/java/com/hayden/testgraphsdk/sdk/ProcessRecord.java:69	lexical hit not semantically classified: /** Wall-clock duration in milliseconds, or -1 if either timestamp is missing. */	out-of-scope	ticket_plan.yaml:648-658	none mapped	undeclared	out_of_scope_lexical_inventory		INFERRED exact-path scope; source not read
902	specs/.history/modular-fuzzing-epic/ticket-008-MF-015/ticket/results/testgraph-specWorkflow/cleanup-failure-probe-test-graph/sdk/java/src/main/java/com/hayden/testgraphsdk/sdk/Procs.java:6	lexical hit not semantically classified: import java.time.Instant;	out-of-scope	ticket_plan.yaml:648-658	none mapped	undeclared	out_of_scope_lexical_inventory		INFERRED exact-path scope; source not read
903	specs/.history/modular-fuzzing-epic/ticket-008-MF-015/ticket/results/testgraph-specWorkflow/cleanup-failure-probe-test-graph/sdk/java/src/main/java/com/hayden/testgraphsdk/sdk/Procs.java:14	lexical hit not semantically classified: * dir), and any spawn-time error. Attach it to the result with	out-of-scope	ticket_plan.yaml:648-658	none mapped	undeclared	out_of_scope_lexical_inventory		INFERRED exact-path scope; source not read
904	specs/.history/modular-fuzzing-epic/ticket-008-MF-015/ticket/results/testgraph-specWorkflow/cleanup-failure-probe-test-graph/sdk/java/src/main/java/com/hayden/testgraphsdk/sdk/Procs.java:72	lexical hit not semantically classified: Instant startedAt = Instant.now();	out-of-scope	ticket_plan.yaml:648-658	none mapped	undeclared	out_of_scope_lexical_inventory		INFERRED exact-path scope; source not read
905	specs/.history/modular-fuzzing-epic/ticket-008-MF-015/ticket/results/testgraph-specWorkflow/cleanup-failure-probe-test-graph/sdk/java/src/main/java/com/hayden/testgraphsdk/sdk/Procs.java:78	lexical hit not semantically classified: return new ProcessRecord(label, command, startedAt, Instant.now(),	out-of-scope	ticket_plan.yaml:648-658	none mapped	undeclared	out_of_scope_lexical_inventory		INFERRED exact-path scope; source not read
906	specs/.history/modular-fuzzing-epic/ticket-008-MF-015/ticket/results/testgraph-specWorkflow/cleanup-failure-probe-test-graph/sdk/java/src/main/java/com/hayden/testgraphsdk/sdk/Procs.java:88	lexical hit not semantically classified: return new ProcessRecord(label, command, startedAt, Instant.now(),	out-of-scope	ticket_plan.yaml:648-658	none mapped	undeclared	out_of_scope_lexical_inventory		INFERRED exact-path scope; source not read
907	specs/.history/modular-fuzzing-epic/ticket-008-MF-015/ticket/results/testgraph-specWorkflow/cleanup-failure-probe-test-graph/sdk/java/src/main/java/com/hayden/testgraphsdk/sdk/Procs.java:92	lexical hit not semantically classified: label, command, startedAt, Instant.now(),	out-of-scope	ticket_plan.yaml:648-658	none mapped	undeclared	out_of_scope_lexical_inventory		INFERRED exact-path scope; source not read
908	specs/.history/modular-fuzzing-epic/ticket-008-MF-015/ticket/results/testgraph-specWorkflow/cleanup-failure-probe-test-graph/sdk/python/src/testgraphsdk/procs.py:19	lexical hit not semantically classified: from datetime import datetime, timezone	out-of-scope	ticket_plan.yaml:648-658	none mapped	undeclared	out_of_scope_lexical_inventory		INFERRED exact-path scope; source not read
909	specs/.history/modular-fuzzing-epic/ticket-008-MF-015/ticket/results/testgraph-specWorkflow/cleanup-failure-probe-test-graph/sdk/python/src/testgraphsdk/procs.py:65	lexical hit not semantically classified: started = datetime.now(timezone.utc)	out-of-scope	ticket_plan.yaml:648-658	none mapped	undeclared	out_of_scope_lexical_inventory		INFERRED exact-path scope; source not read
910	specs/.history/modular-fuzzing-epic/ticket-008-MF-015/ticket/results/testgraph-specWorkflow/cleanup-failure-probe-test-graph/sdk/python/src/testgraphsdk/procs.py:86	lexical hit not semantically classified: ended_at=datetime.now(timezone.utc),	out-of-scope	ticket_plan.yaml:648-658	none mapped	undeclared	out_of_scope_lexical_inventory		INFERRED exact-path scope; source not read
911	specs/.history/modular-fuzzing-epic/ticket-008-MF-015/ticket/results/testgraph-specWorkflow/cleanup-failure-probe-test-graph/sdk/python/src/testgraphsdk/procs.py:97	lexical hit not semantically classified: ended_at=datetime.now(timezone.utc),	out-of-scope	ticket_plan.yaml:648-658	none mapped	undeclared	out_of_scope_lexical_inventory		INFERRED exact-path scope; source not read
912	specs/.history/modular-fuzzing-epic/ticket-008-MF-015/ticket/results/testgraph-specWorkflow/cleanup-failure-probe-test-graph/sdk/python/src/testgraphsdk/procs.py:108	lexical hit not semantically classified: ended_at=datetime.now(timezone.utc),	out-of-scope	ticket_plan.yaml:648-658	none mapped	undeclared	out_of_scope_lexical_inventory		INFERRED exact-path scope; source not read
913	specs/.history/modular-fuzzing-epic/ticket-008-MF-015/ticket/results/testgraph-specWorkflow/cleanup-failure-probe-test-graph/sdk/python/src/testgraphsdk/result.py:5	lexical hit not semantically classified: from datetime import datetime, timezone	out-of-scope	ticket_plan.yaml:648-658	none mapped	undeclared	out_of_scope_lexical_inventory		INFERRED exact-path scope; source not read
914	specs/.history/modular-fuzzing-epic/ticket-008-MF-015/ticket/results/testgraph-specWorkflow/cleanup-failure-probe-test-graph/sdk/python/src/testgraphsdk/result.py:52	lexical hit not semantically classified: started_at: datetime | None = None	out-of-scope	ticket_plan.yaml:648-658	none mapped	undeclared	out_of_scope_lexical_inventory		INFERRED exact-path scope; source not read
915	specs/.history/modular-fuzzing-epic/ticket-008-MF-015/ticket/results/testgraph-specWorkflow/cleanup-failure-probe-test-graph/sdk/python/src/testgraphsdk/result.py:53	lexical hit not semantically classified: ended_at: datetime | None = None	out-of-scope	ticket_plan.yaml:648-658	none mapped	undeclared	out_of_scope_lexical_inventory		INFERRED exact-path scope; source not read
916	specs/.history/modular-fuzzing-epic/ticket-008-MF-015/ticket/results/testgraph-specWorkflow/cleanup-failure-probe-test-graph/sdk/python/src/testgraphsdk/result.py:65	lexical hit not semantically classified: def iso(d: datetime | None) -> str | None:	out-of-scope	ticket_plan.yaml:648-658	none mapped	undeclared	out_of_scope_lexical_inventory		INFERRED exact-path scope; source not read
917	specs/.history/modular-fuzzing-epic/ticket-008-MF-015/ticket/results/testgraph-specWorkflow/cleanup-failure-probe-test-graph/sdk/python/src/testgraphsdk/result.py:98	lexical hit not semantically classified: started_at: datetime | None = None	out-of-scope	ticket_plan.yaml:648-658	none mapped	undeclared	out_of_scope_lexical_inventory		INFERRED exact-path scope; source not read
918	specs/.history/modular-fuzzing-epic/ticket-008-MF-015/ticket/results/testgraph-specWorkflow/cleanup-failure-probe-test-graph/sdk/python/src/testgraphsdk/result.py:99	lexical hit not semantically classified: ended_at: datetime | None = None	out-of-scope	ticket_plan.yaml:648-658	none mapped	undeclared	out_of_scope_lexical_inventory		INFERRED exact-path scope; source not read
919	specs/.history/modular-fuzzing-epic/ticket-008-MF-015/ticket/results/testgraph-specWorkflow/cleanup-failure-probe-test-graph/sdk/python/src/testgraphsdk/result.py:164	"lexical hit not semantically classified: def _stamp(self, started: datetime, ended: datetime) -> ""NodeResult"":"	out-of-scope	ticket_plan.yaml:648-658	none mapped	undeclared	out_of_scope_lexical_inventory		INFERRED exact-path scope; source not read
920	specs/.history/modular-fuzzing-epic/ticket-008-MF-015/ticket/results/testgraph-specWorkflow/cleanup-failure-probe-test-graph/sdk/python/src/testgraphsdk/result.py:173	lexical hit not semantically classified: def iso(d: datetime | None) -> str | None:	out-of-scope	ticket_plan.yaml:648-658	none mapped	undeclared	out_of_scope_lexical_inventory		INFERRED exact-path scope; source not read
921	specs/.history/modular-fuzzing-epic/ticket-008-MF-015/ticket/results/testgraph-specWorkflow/cleanup-failure-probe-test-graph/sdk/python/src/testgraphsdk/runner.py:22	lexical hit not semantically classified: from datetime import datetime, timezone	out-of-scope	ticket_plan.yaml:648-658	none mapped	undeclared	out_of_scope_lexical_inventory		INFERRED exact-path scope; source not read
922	specs/.history/modular-fuzzing-epic/ticket-008-MF-015/ticket/results/testgraph-specWorkflow/cleanup-failure-probe-test-graph/sdk/python/src/testgraphsdk/runner.py:47	lexical hit not semantically classified: started = datetime.now(timezone.utc)	out-of-scope	ticket_plan.yaml:648-658	none mapped	undeclared	out_of_scope_lexical_inventory		INFERRED exact-path scope; source not read
923	specs/.history/modular-fuzzing-epic/ticket-008-MF-015/ticket/results/testgraph-specWorkflow/cleanup-failure-probe-test-graph/sdk/python/src/testgraphsdk/runner.py:52	lexical hit not semantically classified: ended = datetime.now(timezone.utc)	out-of-scope	ticket_plan.yaml:648-658	none mapped	undeclared	out_of_scope_lexical_inventory		INFERRED exact-path scope; source not read
924	specs/.history/modular-fuzzing-epic/ticket-009-MF-017/ticket/results/graph-reports/specWorkflow-20260718-213733-cd7fff06/cleanup-failure-probe-test-graph/build-logic/src/main/kotlin/com/hayden/testgraphsdk/MiniJson.kt:6	lexical hit not semantically classified: * Keeps the plugin dependency-free now that we no longer need snakeyaml.	out-of-scope	ticket_plan.yaml:648-658	none mapped	undeclared	out_of_scope_lexical_inventory		INFERRED exact-path scope; source not read
925	specs/.history/modular-fuzzing-epic/ticket-009-MF-017/ticket/results/graph-reports/specWorkflow-20260718-213733-cd7fff06/cleanup-failure-probe-test-graph/build-logic/src/main/kotlin/com/hayden/testgraphsdk/TestGraphSpec.kt:8	lexical hit not semantically classified: * Every setter returns `this`; at plan-build time the overlay is merged	out-of-scope	ticket_plan.yaml:648-658	none mapped	undeclared	out_of_scope_lexical_inventory		INFERRED exact-path scope; source not read
926	specs/.history/modular-fuzzing-epic/ticket-009-MF-017/ticket/results/graph-reports/specWorkflow-20260718-213733-cd7fff06/cleanup-failure-probe-test-graph/build-logic/src/main/kotlin/com/hayden/testgraphsdk/TestGraphSpec.kt:55	lexical hit not semantically classified: * at execution time.	out-of-scope	ticket_plan.yaml:648-658	none mapped	undeclared	out_of_scope_lexical_inventory		INFERRED exact-path scope; source not read
927	specs/.history/modular-fuzzing-epic/ticket-009-MF-017/ticket/results/graph-reports/specWorkflow-20260718-213733-cd7fff06/cleanup-failure-probe-test-graph/build-logic/src/main/kotlin/com/hayden/testgraphsdk/ValidationGraphPlugin.kt:74	lexical hit not semantically classified: // serialized in declaration order. Configure-time `dependsOn` is	out-of-scope	ticket_plan.yaml:648-658	none mapped	undeclared	out_of_scope_lexical_inventory		INFERRED exact-path scope; source not read
928	specs/.history/modular-fuzzing-epic/ticket-009-MF-017/ticket/results/graph-reports/specWorkflow-20260718-213733-cd7fff06/cleanup-failure-probe-test-graph/build-logic/src/main/kotlin/com/hayden/testgraphsdk/exec/Executors.kt:89	lexical hit not semantically classified: * Wait for [process] up to [timeoutMillis]; if it doesn't return in time,	out-of-scope	ticket_plan.yaml:648-658	none mapped	undeclared	out_of_scope_lexical_inventory		INFERRED exact-path scope; source not read
929	specs/.history/modular-fuzzing-epic/ticket-009-MF-017/ticket/results/graph-reports/specWorkflow-20260718-213733-cd7fff06/cleanup-failure-probe-test-graph/build-logic/src/main/kotlin/com/hayden/testgraphsdk/exec/Executors.kt:96	lexical hit not semantically classified: * `waitFor()`; the spec parser doesn't emit those today, but the helper	out-of-scope	ticket_plan.yaml:648-658	none mapped	undeclared	out_of_scope_lexical_inventory		INFERRED exact-path scope; source not read
930	specs/.history/modular-fuzzing-epic/ticket-009-MF-017/ticket/results/graph-reports/specWorkflow-20260718-213733-cd7fff06/cleanup-failure-probe-test-graph/build-logic/src/main/kotlin/com/hayden/testgraphsdk/exec/JBangExecutor.kt:12	lexical hit not semantically classified: * crash, OOM at fork time, etc.). PlanExecutor stamps the path onto	out-of-scope	ticket_plan.yaml:648-658	none mapped	undeclared	out_of_scope_lexical_inventory		INFERRED exact-path scope; source not read
931	specs/.history/modular-fuzzing-epic/ticket-009-MF-017/ticket/results/graph-reports/specWorkflow-20260718-213733-cd7fff06/cleanup-failure-probe-test-graph/build-logic/src/main/kotlin/com/hayden/testgraphsdk/exec/PlanExecutor.kt:8	lexical hit not semantically classified: import java.time.Instant	out-of-scope	ticket_plan.yaml:648-658	none mapped	undeclared	out_of_scope_lexical_inventory		INFERRED exact-path scope; source not read
932	specs/.history/modular-fuzzing-epic/ticket-009-MF-017/ticket/results/graph-reports/specWorkflow-20260718-213733-cd7fff06/cleanup-failure-probe-test-graph/build-logic/src/main/kotlin/com/hayden/testgraphsdk/exec/PlanExecutor.kt:138	lexical hit not semantically classified: var startedAt = Instant.now()	out-of-scope	ticket_plan.yaml:648-658	none mapped	undeclared	out_of_scope_lexical_inventory		INFERRED exact-path scope; source not read
933	specs/.history/modular-fuzzing-epic/ticket-009-MF-017/ticket/results/graph-reports/specWorkflow-20260718-213733-cd7fff06/cleanup-failure-probe-test-graph/build-logic/src/main/kotlin/com/hayden/testgraphsdk/exec/PlanExecutor.kt:164	lexical hit not semantically classified: startedAt = Instant.now()	out-of-scope	ticket_plan.yaml:648-658	none mapped	undeclared	out_of_scope_lexical_inventory		INFERRED exact-path scope; source not read
934	specs/.history/modular-fuzzing-epic/ticket-009-MF-017/ticket/results/graph-reports/specWorkflow-20260718-213733-cd7fff06/cleanup-failure-probe-test-graph/build-logic/src/main/kotlin/com/hayden/testgraphsdk/exec/PlanExecutor.kt:166	lexical hit not semantically classified: endedAt = Instant.now()	out-of-scope	ticket_plan.yaml:648-658	none mapped	undeclared	out_of_scope_lexical_inventory		INFERRED exact-path scope; source not read
935	specs/.history/modular-fuzzing-epic/ticket-009-MF-017/ticket/results/graph-reports/specWorkflow-20260718-213733-cd7fff06/cleanup-failure-probe-test-graph/build-logic/src/main/kotlin/com/hayden/testgraphsdk/exec/PlanExecutor.kt:209	lexical hit not semantically classified: val now = Instant.now()	out-of-scope	ticket_plan.yaml:648-658	none mapped	undeclared	out_of_scope_lexical_inventory		INFERRED exact-path scope; source not read
936	specs/.history/modular-fuzzing-epic/ticket-009-MF-017/ticket/results/graph-reports/specWorkflow-20260718-213733-cd7fff06/cleanup-failure-probe-test-graph/build-logic/src/main/kotlin/com/hayden/testgraphsdk/exec/PlanExecutor.kt:222	lexical hit not semantically classified: startedAt = now,	out-of-scope	ticket_plan.yaml:648-658	none mapped	undeclared	out_of_scope_lexical_inventory		INFERRED exact-path scope; source not read
937	specs/.history/modular-fuzzing-epic/ticket-009-MF-017/ticket/results/graph-reports/specWorkflow-20260718-213733-cd7fff06/cleanup-failure-probe-test-graph/build-logic/src/main/kotlin/com/hayden/testgraphsdk/exec/PlanExecutor.kt:223	lexical hit not semantically classified: endedAt = now,	out-of-scope	ticket_plan.yaml:648-658	none mapped	undeclared	out_of_scope_lexical_inventory		INFERRED exact-path scope; source not read
938	specs/.history/modular-fuzzing-epic/ticket-009-MF-017/ticket/results/graph-reports/specWorkflow-20260718-213733-cd7fff06/cleanup-failure-probe-test-graph/build-logic/src/main/kotlin/com/hayden/testgraphsdk/exec/TimeoutParser.kt:6	lexical hit not semantically classified: * Accepts the suffix forms NodeSpec specs in the wild use today —	out-of-scope	ticket_plan.yaml:648-658	none mapped	undeclared	out_of_scope_lexical_inventory		INFERRED exact-path scope; source not read
939	specs/.history/modular-fuzzing-epic/ticket-009-MF-017/ticket/results/graph-reports/specWorkflow-20260718-213733-cd7fff06/cleanup-failure-probe-test-graph/build-logic/src/main/kotlin/com/hayden/testgraphsdk/exec/TimeoutParser.kt:10	lexical hit not semantically classified: * configuration time.	out-of-scope	ticket_plan.yaml:648-658	none mapped	undeclared	out_of_scope_lexical_inventory		INFERRED exact-path scope; source not read
940	specs/.history/modular-fuzzing-epic/ticket-009-MF-017/ticket/results/graph-reports/specWorkflow-20260718-213733-cd7fff06/cleanup-failure-probe-test-graph/build-logic/src/main/kotlin/com/hayden/testgraphsdk/tasks/RunReportWriter.kt:25	lexical hit not semantically classified: * The renderer now lives here as a plain object so {@link	out-of-scope	ticket_plan.yaml:648-658	none mapped	undeclared	out_of_scope_lexical_inventory		INFERRED exact-path scope; source not read
941	specs/.history/modular-fuzzing-epic/ticket-009-MF-017/ticket/results/graph-reports/specWorkflow-20260718-213733-cd7fff06/cleanup-failure-probe-test-graph/build-logic/src/main/kotlin/com/hayden/testgraphsdk/tasks/RunReportWriter.kt:300	lexical hit not semantically classified: java.time.Instant.parse(endIso).toEpochMilli() -	out-of-scope	ticket_plan.yaml:648-658	none mapped	undeclared	out_of_scope_lexical_inventory		INFERRED exact-path scope; source not read
942	specs/.history/modular-fuzzing-epic/ticket-009-MF-017/ticket/results/graph-reports/specWorkflow-20260718-213733-cd7fff06/cleanup-failure-probe-test-graph/build-logic/src/main/kotlin/com/hayden/testgraphsdk/tasks/RunReportWriter.kt:301	lexical hit not semantically classified: java.time.Instant.parse(startIso).toEpochMilli()	out-of-scope	ticket_plan.yaml:648-658	none mapped	undeclared	out_of_scope_lexical_inventory		INFERRED exact-path scope; source not read
943	specs/.history/modular-fuzzing-epic/ticket-009-MF-017/ticket/results/graph-reports/specWorkflow-20260718-213733-cd7fff06/cleanup-failure-probe-test-graph/build-logic/src/main/kotlin/com/hayden/testgraphsdk/tasks/RunTestGraphTask.kt:14	lexical hit not semantically classified: import java.time.Instant	out-of-scope	ticket_plan.yaml:648-658	none mapped	undeclared	out_of_scope_lexical_inventory		INFERRED exact-path scope; source not read
944	specs/.history/modular-fuzzing-epic/ticket-009-MF-017/ticket/results/graph-reports/specWorkflow-20260718-213733-cd7fff06/cleanup-failure-probe-test-graph/build-logic/src/main/kotlin/com/hayden/testgraphsdk/tasks/RunTestGraphTask.kt:15	lexical hit not semantically classified: import java.time.ZoneOffset	out-of-scope	ticket_plan.yaml:648-658	none mapped	undeclared	out_of_scope_lexical_inventory		INFERRED exact-path scope; source not read
945	specs/.history/modular-fuzzing-epic/ticket-009-MF-017/ticket/results/graph-reports/specWorkflow-20260718-213733-cd7fff06/cleanup-failure-probe-test-graph/build-logic/src/main/kotlin/com/hayden/testgraphsdk/tasks/RunTestGraphTask.kt:16	lexical hit not semantically classified: import java.time.format.DateTimeFormatter	out-of-scope	ticket_plan.yaml:648-658	none mapped	undeclared	out_of_scope_lexical_inventory		INFERRED exact-path scope; source not read
946	specs/.history/modular-fuzzing-epic/ticket-009-MF-017/ticket/results/graph-reports/specWorkflow-20260718-213733-cd7fff06/cleanup-failure-probe-test-graph/build-logic/src/main/kotlin/com/hayden/testgraphsdk/tasks/RunTestGraphTask.kt:23	"lexical hit not semantically classified: return ""${safeGraphName}-${fmt.format(Instant.now())}-${UUID.randomUUID().toString().take(8)}"""	out-of-scope	ticket_plan.yaml:648-658	none mapped	undeclared	out_of_scope_lexical_inventory		INFERRED exact-path scope; source not read
947	specs/.history/modular-fuzzing-epic/ticket-009-MF-017/ticket/results/graph-reports/specWorkflow-20260718-213733-cd7fff06/cleanup-failure-probe-test-graph/build-logic/src/main/kotlin/com/hayden/testgraphsdk/tasks/RunTestGraphTask.kt:31	lexical hit not semantically classified: * Non-Property internal fields are set at configuration time by the	out-of-scope	ticket_plan.yaml:648-658	none mapped	undeclared	out_of_scope_lexical_inventory		INFERRED exact-path scope; source not read
948	specs/.history/modular-fuzzing-epic/ticket-009-MF-017/ticket/results/graph-reports/specWorkflow-20260718-213733-cd7fff06/cleanup-failure-probe-test-graph/sdk/java/src/main/java/com/hayden/testgraphsdk/sdk/Node.java:5	lexical hit not semantically classified: import java.time.Instant;	out-of-scope	ticket_plan.yaml:648-658	none mapped	undeclared	out_of_scope_lexical_inventory		INFERRED exact-path scope; source not read
949	specs/.history/modular-fuzzing-epic/ticket-009-MF-017/ticket/results/graph-reports/specWorkflow-20260718-213733-cd7fff06/cleanup-failure-probe-test-graph/sdk/java/src/main/java/com/hayden/testgraphsdk/sdk/Node.java:50	lexical hit not semantically classified: Instant startedAt = Instant.now();	out-of-scope	ticket_plan.yaml:648-658	none mapped	undeclared	out_of_scope_lexical_inventory		INFERRED exact-path scope; source not read
950	specs/.history/modular-fuzzing-epic/ticket-009-MF-017/ticket/results/graph-reports/specWorkflow-20260718-213733-cd7fff06/cleanup-failure-probe-test-graph/sdk/java/src/main/java/com/hayden/testgraphsdk/sdk/Node.java:53	lexical hit not semantically classified: result = body.apply(ctx).startedAt(startedAt).endedAt(Instant.now());	out-of-scope	ticket_plan.yaml:648-658	none mapped	undeclared	out_of_scope_lexical_inventory		INFERRED exact-path scope; source not read
951	specs/.history/modular-fuzzing-epic/ticket-009-MF-017/ticket/results/graph-reports/specWorkflow-20260718-213733-cd7fff06/cleanup-failure-probe-test-graph/sdk/java/src/main/java/com/hayden/testgraphsdk/sdk/Node.java:57	lexical hit not semantically classified: .endedAt(Instant.now());	out-of-scope	ticket_plan.yaml:648-658	none mapped	undeclared	out_of_scope_lexical_inventory		INFERRED exact-path scope; source not read
952	specs/.history/modular-fuzzing-epic/ticket-009-MF-017/ticket/results/graph-reports/specWorkflow-20260718-213733-cd7fff06/cleanup-failure-probe-test-graph/sdk/java/src/main/java/com/hayden/testgraphsdk/sdk/NodeResult.java:5	lexical hit not semantically classified: import java.time.Instant;	out-of-scope	ticket_plan.yaml:648-658	none mapped	undeclared	out_of_scope_lexical_inventory		INFERRED exact-path scope; source not read
953	specs/.history/modular-fuzzing-epic/ticket-009-MF-017/ticket/results/graph-reports/specWorkflow-20260718-213733-cd7fff06/cleanup-failure-probe-test-graph/sdk/java/src/main/java/com/hayden/testgraphsdk/sdk/ProcessRecord.java:3	lexical hit not semantically classified: import java.time.Instant;	out-of-scope	ticket_plan.yaml:648-658	none mapped	undeclared	out_of_scope_lexical_inventory		INFERRED exact-path scope; source not read
954	specs/.history/modular-fuzzing-epic/ticket-009-MF-017/ticket/results/graph-reports/specWorkflow-20260718-213733-cd7fff06/cleanup-failure-probe-test-graph/sdk/java/src/main/java/com/hayden/testgraphsdk/sdk/ProcessRecord.java:69	lexical hit not semantically classified: /** Wall-clock duration in milliseconds, or -1 if either timestamp is missing. */	out-of-scope	ticket_plan.yaml:648-658	none mapped	undeclared	out_of_scope_lexical_inventory		INFERRED exact-path scope; source not read
955	specs/.history/modular-fuzzing-epic/ticket-009-MF-017/ticket/results/graph-reports/specWorkflow-20260718-213733-cd7fff06/cleanup-failure-probe-test-graph/sdk/java/src/main/java/com/hayden/testgraphsdk/sdk/Procs.java:6	lexical hit not semantically classified: import java.time.Instant;	out-of-scope	ticket_plan.yaml:648-658	none mapped	undeclared	out_of_scope_lexical_inventory		INFERRED exact-path scope; source not read
956	specs/.history/modular-fuzzing-epic/ticket-009-MF-017/ticket/results/graph-reports/specWorkflow-20260718-213733-cd7fff06/cleanup-failure-probe-test-graph/sdk/java/src/main/java/com/hayden/testgraphsdk/sdk/Procs.java:14	lexical hit not semantically classified: * dir), and any spawn-time error. Attach it to the result with	out-of-scope	ticket_plan.yaml:648-658	none mapped	undeclared	out_of_scope_lexical_inventory		INFERRED exact-path scope; source not read
957	specs/.history/modular-fuzzing-epic/ticket-009-MF-017/ticket/results/graph-reports/specWorkflow-20260718-213733-cd7fff06/cleanup-failure-probe-test-graph/sdk/java/src/main/java/com/hayden/testgraphsdk/sdk/Procs.java:72	lexical hit not semantically classified: Instant startedAt = Instant.now();	out-of-scope	ticket_plan.yaml:648-658	none mapped	undeclared	out_of_scope_lexical_inventory		INFERRED exact-path scope; source not read
958	specs/.history/modular-fuzzing-epic/ticket-009-MF-017/ticket/results/graph-reports/specWorkflow-20260718-213733-cd7fff06/cleanup-failure-probe-test-graph/sdk/java/src/main/java/com/hayden/testgraphsdk/sdk/Procs.java:78	lexical hit not semantically classified: return new ProcessRecord(label, command, startedAt, Instant.now(),	out-of-scope	ticket_plan.yaml:648-658	none mapped	undeclared	out_of_scope_lexical_inventory		INFERRED exact-path scope; source not read
959	specs/.history/modular-fuzzing-epic/ticket-009-MF-017/ticket/results/graph-reports/specWorkflow-20260718-213733-cd7fff06/cleanup-failure-probe-test-graph/sdk/java/src/main/java/com/hayden/testgraphsdk/sdk/Procs.java:88	lexical hit not semantically classified: return new ProcessRecord(label, command, startedAt, Instant.now(),	out-of-scope	ticket_plan.yaml:648-658	none mapped	undeclared	out_of_scope_lexical_inventory		INFERRED exact-path scope; source not read
960	specs/.history/modular-fuzzing-epic/ticket-009-MF-017/ticket/results/graph-reports/specWorkflow-20260718-213733-cd7fff06/cleanup-failure-probe-test-graph/sdk/java/src/main/java/com/hayden/testgraphsdk/sdk/Procs.java:92	lexical hit not semantically classified: label, command, startedAt, Instant.now(),	out-of-scope	ticket_plan.yaml:648-658	none mapped	undeclared	out_of_scope_lexical_inventory		INFERRED exact-path scope; source not read
961	specs/.history/modular-fuzzing-epic/ticket-009-MF-017/ticket/results/graph-reports/specWorkflow-20260718-213733-cd7fff06/cleanup-failure-probe-test-graph/sdk/python/src/testgraphsdk/procs.py:19	lexical hit not semantically classified: from datetime import datetime, timezone	out-of-scope	ticket_plan.yaml:648-658	none mapped	undeclared	out_of_scope_lexical_inventory		INFERRED exact-path scope; source not read
962	specs/.history/modular-fuzzing-epic/ticket-009-MF-017/ticket/results/graph-reports/specWorkflow-20260718-213733-cd7fff06/cleanup-failure-probe-test-graph/sdk/python/src/testgraphsdk/procs.py:65	lexical hit not semantically classified: started = datetime.now(timezone.utc)	out-of-scope	ticket_plan.yaml:648-658	none mapped	undeclared	out_of_scope_lexical_inventory		INFERRED exact-path scope; source not read
963	specs/.history/modular-fuzzing-epic/ticket-009-MF-017/ticket/results/graph-reports/specWorkflow-20260718-213733-cd7fff06/cleanup-failure-probe-test-graph/sdk/python/src/testgraphsdk/procs.py:86	lexical hit not semantically classified: ended_at=datetime.now(timezone.utc),	out-of-scope	ticket_plan.yaml:648-658	none mapped	undeclared	out_of_scope_lexical_inventory		INFERRED exact-path scope; source not read
964	specs/.history/modular-fuzzing-epic/ticket-009-MF-017/ticket/results/graph-reports/specWorkflow-20260718-213733-cd7fff06/cleanup-failure-probe-test-graph/sdk/python/src/testgraphsdk/procs.py:97	lexical hit not semantically classified: ended_at=datetime.now(timezone.utc),	out-of-scope	ticket_plan.yaml:648-658	none mapped	undeclared	out_of_scope_lexical_inventory		INFERRED exact-path scope; source not read
965	specs/.history/modular-fuzzing-epic/ticket-009-MF-017/ticket/results/graph-reports/specWorkflow-20260718-213733-cd7fff06/cleanup-failure-probe-test-graph/sdk/python/src/testgraphsdk/procs.py:108	lexical hit not semantically classified: ended_at=datetime.now(timezone.utc),	out-of-scope	ticket_plan.yaml:648-658	none mapped	undeclared	out_of_scope_lexical_inventory		INFERRED exact-path scope; source not read
966	specs/.history/modular-fuzzing-epic/ticket-009-MF-017/ticket/results/graph-reports/specWorkflow-20260718-213733-cd7fff06/cleanup-failure-probe-test-graph/sdk/python/src/testgraphsdk/result.py:5	lexical hit not semantically classified: from datetime import datetime, timezone	out-of-scope	ticket_plan.yaml:648-658	none mapped	undeclared	out_of_scope_lexical_inventory		INFERRED exact-path scope; source not read
967	specs/.history/modular-fuzzing-epic/ticket-009-MF-017/ticket/results/graph-reports/specWorkflow-20260718-213733-cd7fff06/cleanup-failure-probe-test-graph/sdk/python/src/testgraphsdk/result.py:52	lexical hit not semantically classified: started_at: datetime | None = None	out-of-scope	ticket_plan.yaml:648-658	none mapped	undeclared	out_of_scope_lexical_inventory		INFERRED exact-path scope; source not read
968	specs/.history/modular-fuzzing-epic/ticket-009-MF-017/ticket/results/graph-reports/specWorkflow-20260718-213733-cd7fff06/cleanup-failure-probe-test-graph/sdk/python/src/testgraphsdk/result.py:53	lexical hit not semantically classified: ended_at: datetime | None = None	out-of-scope	ticket_plan.yaml:648-658	none mapped	undeclared	out_of_scope_lexical_inventory		INFERRED exact-path scope; source not read
969	specs/.history/modular-fuzzing-epic/ticket-009-MF-017/ticket/results/graph-reports/specWorkflow-20260718-213733-cd7fff06/cleanup-failure-probe-test-graph/sdk/python/src/testgraphsdk/result.py:65	lexical hit not semantically classified: def iso(d: datetime | None) -> str | None:	out-of-scope	ticket_plan.yaml:648-658	none mapped	undeclared	out_of_scope_lexical_inventory		INFERRED exact-path scope; source not read
970	specs/.history/modular-fuzzing-epic/ticket-009-MF-017/ticket/results/graph-reports/specWorkflow-20260718-213733-cd7fff06/cleanup-failure-probe-test-graph/sdk/python/src/testgraphsdk/result.py:98	lexical hit not semantically classified: started_at: datetime | None = None	out-of-scope	ticket_plan.yaml:648-658	none mapped	undeclared	out_of_scope_lexical_inventory		INFERRED exact-path scope; source not read
971	specs/.history/modular-fuzzing-epic/ticket-009-MF-017/ticket/results/graph-reports/specWorkflow-20260718-213733-cd7fff06/cleanup-failure-probe-test-graph/sdk/python/src/testgraphsdk/result.py:99	lexical hit not semantically classified: ended_at: datetime | None = None	out-of-scope	ticket_plan.yaml:648-658	none mapped	undeclared	out_of_scope_lexical_inventory		INFERRED exact-path scope; source not read
972	specs/.history/modular-fuzzing-epic/ticket-009-MF-017/ticket/results/graph-reports/specWorkflow-20260718-213733-cd7fff06/cleanup-failure-probe-test-graph/sdk/python/src/testgraphsdk/result.py:164	"lexical hit not semantically classified: def _stamp(self, started: datetime, ended: datetime) -> ""NodeResult"":"	out-of-scope	ticket_plan.yaml:648-658	none mapped	undeclared	out_of_scope_lexical_inventory		INFERRED exact-path scope; source not read
973	specs/.history/modular-fuzzing-epic/ticket-009-MF-017/ticket/results/graph-reports/specWorkflow-20260718-213733-cd7fff06/cleanup-failure-probe-test-graph/sdk/python/src/testgraphsdk/result.py:173	lexical hit not semantically classified: def iso(d: datetime | None) -> str | None:	out-of-scope	ticket_plan.yaml:648-658	none mapped	undeclared	out_of_scope_lexical_inventory		INFERRED exact-path scope; source not read
974	specs/.history/modular-fuzzing-epic/ticket-009-MF-017/ticket/results/graph-reports/specWorkflow-20260718-213733-cd7fff06/cleanup-failure-probe-test-graph/sdk/python/src/testgraphsdk/runner.py:22	lexical hit not semantically classified: from datetime import datetime, timezone	out-of-scope	ticket_plan.yaml:648-658	none mapped	undeclared	out_of_scope_lexical_inventory		INFERRED exact-path scope; source not read
975	specs/.history/modular-fuzzing-epic/ticket-009-MF-017/ticket/results/graph-reports/specWorkflow-20260718-213733-cd7fff06/cleanup-failure-probe-test-graph/sdk/python/src/testgraphsdk/runner.py:47	lexical hit not semantically classified: started = datetime.now(timezone.utc)	out-of-scope	ticket_plan.yaml:648-658	none mapped	undeclared	out_of_scope_lexical_inventory		INFERRED exact-path scope; source not read
976	specs/.history/modular-fuzzing-epic/ticket-009-MF-017/ticket/results/graph-reports/specWorkflow-20260718-213733-cd7fff06/cleanup-failure-probe-test-graph/sdk/python/src/testgraphsdk/runner.py:52	lexical hit not semantically classified: ended = datetime.now(timezone.utc)	out-of-scope	ticket_plan.yaml:648-658	none mapped	undeclared	out_of_scope_lexical_inventory		INFERRED exact-path scope; source not read
977	specs/.history/modular-fuzzing-epic/ticket-009-MF-027/ticket/results/graph-reports/specWorkflow-20260719-194428-2cebfb33/cleanup-failure-probe-test-graph/build-logic/src/main/kotlin/com/hayden/testgraphsdk/MiniJson.kt:6	lexical hit not semantically classified: * Keeps the plugin dependency-free now that we no longer need snakeyaml.	out-of-scope	ticket_plan.yaml:648-658	none mapped	undeclared	out_of_scope_lexical_inventory		INFERRED exact-path scope; source not read
978	specs/.history/modular-fuzzing-epic/ticket-009-MF-027/ticket/results/graph-reports/specWorkflow-20260719-194428-2cebfb33/cleanup-failure-probe-test-graph/build-logic/src/main/kotlin/com/hayden/testgraphsdk/TestGraphSpec.kt:8	lexical hit not semantically classified: * Every setter returns `this`; at plan-build time the overlay is merged	out-of-scope	ticket_plan.yaml:648-658	none mapped	undeclared	out_of_scope_lexical_inventory		INFERRED exact-path scope; source not read
979	specs/.history/modular-fuzzing-epic/ticket-009-MF-027/ticket/results/graph-reports/specWorkflow-20260719-194428-2cebfb33/cleanup-failure-probe-test-graph/build-logic/src/main/kotlin/com/hayden/testgraphsdk/TestGraphSpec.kt:55	lexical hit not semantically classified: * at execution time.	out-of-scope	ticket_plan.yaml:648-658	none mapped	undeclared	out_of_scope_lexical_inventory		INFERRED exact-path scope; source not read
980	specs/.history/modular-fuzzing-epic/ticket-009-MF-027/ticket/results/graph-reports/specWorkflow-20260719-194428-2cebfb33/cleanup-failure-probe-test-graph/build-logic/src/main/kotlin/com/hayden/testgraphsdk/ValidationGraphPlugin.kt:74	lexical hit not semantically classified: // serialized in declaration order. Configure-time `dependsOn` is	out-of-scope	ticket_plan.yaml:648-658	none mapped	undeclared	out_of_scope_lexical_inventory		INFERRED exact-path scope; source not read
981	specs/.history/modular-fuzzing-epic/ticket-009-MF-027/ticket/results/graph-reports/specWorkflow-20260719-194428-2cebfb33/cleanup-failure-probe-test-graph/build-logic/src/main/kotlin/com/hayden/testgraphsdk/exec/Executors.kt:89	lexical hit not semantically classified: * Wait for [process] up to [timeoutMillis]; if it doesn't return in time,	out-of-scope	ticket_plan.yaml:648-658	none mapped	undeclared	out_of_scope_lexical_inventory		INFERRED exact-path scope; source not read
982	specs/.history/modular-fuzzing-epic/ticket-009-MF-027/ticket/results/graph-reports/specWorkflow-20260719-194428-2cebfb33/cleanup-failure-probe-test-graph/build-logic/src/main/kotlin/com/hayden/testgraphsdk/exec/Executors.kt:96	lexical hit not semantically classified: * `waitFor()`; the spec parser doesn't emit those today, but the helper	out-of-scope	ticket_plan.yaml:648-658	none mapped	undeclared	out_of_scope_lexical_inventory		INFERRED exact-path scope; source not read
983	specs/.history/modular-fuzzing-epic/ticket-009-MF-027/ticket/results/graph-reports/specWorkflow-20260719-194428-2cebfb33/cleanup-failure-probe-test-graph/build-logic/src/main/kotlin/com/hayden/testgraphsdk/exec/JBangExecutor.kt:12	lexical hit not semantically classified: * crash, OOM at fork time, etc.). PlanExecutor stamps the path onto	out-of-scope	ticket_plan.yaml:648-658	none mapped	undeclared	out_of_scope_lexical_inventory		INFERRED exact-path scope; source not read
984	specs/.history/modular-fuzzing-epic/ticket-009-MF-027/ticket/results/graph-reports/specWorkflow-20260719-194428-2cebfb33/cleanup-failure-probe-test-graph/build-logic/src/main/kotlin/com/hayden/testgraphsdk/exec/PlanExecutor.kt:8	lexical hit not semantically classified: import java.time.Instant	out-of-scope	ticket_plan.yaml:648-658	none mapped	undeclared	out_of_scope_lexical_inventory		INFERRED exact-path scope; source not read
985	specs/.history/modular-fuzzing-epic/ticket-009-MF-027/ticket/results/graph-reports/specWorkflow-20260719-194428-2cebfb33/cleanup-failure-probe-test-graph/build-logic/src/main/kotlin/com/hayden/testgraphsdk/exec/PlanExecutor.kt:138	lexical hit not semantically classified: var startedAt = Instant.now()	out-of-scope	ticket_plan.yaml:648-658	none mapped	undeclared	out_of_scope_lexical_inventory		INFERRED exact-path scope; source not read
986	specs/.history/modular-fuzzing-epic/ticket-009-MF-027/ticket/results/graph-reports/specWorkflow-20260719-194428-2cebfb33/cleanup-failure-probe-test-graph/build-logic/src/main/kotlin/com/hayden/testgraphsdk/exec/PlanExecutor.kt:164	lexical hit not semantically classified: startedAt = Instant.now()	out-of-scope	ticket_plan.yaml:648-658	none mapped	undeclared	out_of_scope_lexical_inventory		INFERRED exact-path scope; source not read
987	specs/.history/modular-fuzzing-epic/ticket-009-MF-027/ticket/results/graph-reports/specWorkflow-20260719-194428-2cebfb33/cleanup-failure-probe-test-graph/build-logic/src/main/kotlin/com/hayden/testgraphsdk/exec/PlanExecutor.kt:166	lexical hit not semantically classified: endedAt = Instant.now()	out-of-scope	ticket_plan.yaml:648-658	none mapped	undeclared	out_of_scope_lexical_inventory		INFERRED exact-path scope; source not read
988	specs/.history/modular-fuzzing-epic/ticket-009-MF-027/ticket/results/graph-reports/specWorkflow-20260719-194428-2cebfb33/cleanup-failure-probe-test-graph/build-logic/src/main/kotlin/com/hayden/testgraphsdk/exec/PlanExecutor.kt:209	lexical hit not semantically classified: val now = Instant.now()	out-of-scope	ticket_plan.yaml:648-658	none mapped	undeclared	out_of_scope_lexical_inventory		INFERRED exact-path scope; source not read
989	specs/.history/modular-fuzzing-epic/ticket-009-MF-027/ticket/results/graph-reports/specWorkflow-20260719-194428-2cebfb33/cleanup-failure-probe-test-graph/build-logic/src/main/kotlin/com/hayden/testgraphsdk/exec/PlanExecutor.kt:222	lexical hit not semantically classified: startedAt = now,	out-of-scope	ticket_plan.yaml:648-658	none mapped	undeclared	out_of_scope_lexical_inventory		INFERRED exact-path scope; source not read
990	specs/.history/modular-fuzzing-epic/ticket-009-MF-027/ticket/results/graph-reports/specWorkflow-20260719-194428-2cebfb33/cleanup-failure-probe-test-graph/build-logic/src/main/kotlin/com/hayden/testgraphsdk/exec/PlanExecutor.kt:223	lexical hit not semantically classified: endedAt = now,	out-of-scope	ticket_plan.yaml:648-658	none mapped	undeclared	out_of_scope_lexical_inventory		INFERRED exact-path scope; source not read
991	specs/.history/modular-fuzzing-epic/ticket-009-MF-027/ticket/results/graph-reports/specWorkflow-20260719-194428-2cebfb33/cleanup-failure-probe-test-graph/build-logic/src/main/kotlin/com/hayden/testgraphsdk/exec/TimeoutParser.kt:6	lexical hit not semantically classified: * Accepts the suffix forms NodeSpec specs in the wild use today —	out-of-scope	ticket_plan.yaml:648-658	none mapped	undeclared	out_of_scope_lexical_inventory		INFERRED exact-path scope; source not read
992	specs/.history/modular-fuzzing-epic/ticket-009-MF-027/ticket/results/graph-reports/specWorkflow-20260719-194428-2cebfb33/cleanup-failure-probe-test-graph/build-logic/src/main/kotlin/com/hayden/testgraphsdk/exec/TimeoutParser.kt:10	lexical hit not semantically classified: * configuration time.	out-of-scope	ticket_plan.yaml:648-658	none mapped	undeclared	out_of_scope_lexical_inventory		INFERRED exact-path scope; source not read
993	specs/.history/modular-fuzzing-epic/ticket-009-MF-027/ticket/results/graph-reports/specWorkflow-20260719-194428-2cebfb33/cleanup-failure-probe-test-graph/build-logic/src/main/kotlin/com/hayden/testgraphsdk/tasks/RunReportWriter.kt:25	lexical hit not semantically classified: * The renderer now lives here as a plain object so {@link	out-of-scope	ticket_plan.yaml:648-658	none mapped	undeclared	out_of_scope_lexical_inventory		INFERRED exact-path scope; source not read
994	specs/.history/modular-fuzzing-epic/ticket-009-MF-027/ticket/results/graph-reports/specWorkflow-20260719-194428-2cebfb33/cleanup-failure-probe-test-graph/build-logic/src/main/kotlin/com/hayden/testgraphsdk/tasks/RunReportWriter.kt:300	lexical hit not semantically classified: java.time.Instant.parse(endIso).toEpochMilli() -	out-of-scope	ticket_plan.yaml:648-658	none mapped	undeclared	out_of_scope_lexical_inventory		INFERRED exact-path scope; source not read
995	specs/.history/modular-fuzzing-epic/ticket-009-MF-027/ticket/results/graph-reports/specWorkflow-20260719-194428-2cebfb33/cleanup-failure-probe-test-graph/build-logic/src/main/kotlin/com/hayden/testgraphsdk/tasks/RunReportWriter.kt:301	lexical hit not semantically classified: java.time.Instant.parse(startIso).toEpochMilli()	out-of-scope	ticket_plan.yaml:648-658	none mapped	undeclared	out_of_scope_lexical_inventory		INFERRED exact-path scope; source not read
996	specs/.history/modular-fuzzing-epic/ticket-009-MF-027/ticket/results/graph-reports/specWorkflow-20260719-194428-2cebfb33/cleanup-failure-probe-test-graph/build-logic/src/main/kotlin/com/hayden/testgraphsdk/tasks/RunTestGraphTask.kt:14	lexical hit not semantically classified: import java.time.Instant	out-of-scope	ticket_plan.yaml:648-658	none mapped	undeclared	out_of_scope_lexical_inventory		INFERRED exact-path scope; source not read
997	specs/.history/modular-fuzzing-epic/ticket-009-MF-027/ticket/results/graph-reports/specWorkflow-20260719-194428-2cebfb33/cleanup-failure-probe-test-graph/build-logic/src/main/kotlin/com/hayden/testgraphsdk/tasks/RunTestGraphTask.kt:15	lexical hit not semantically classified: import java.time.ZoneOffset	out-of-scope	ticket_plan.yaml:648-658	none mapped	undeclared	out_of_scope_lexical_inventory		INFERRED exact-path scope; source not read
998	specs/.history/modular-fuzzing-epic/ticket-009-MF-027/ticket/results/graph-reports/specWorkflow-20260719-194428-2cebfb33/cleanup-failure-probe-test-graph/build-logic/src/main/kotlin/com/hayden/testgraphsdk/tasks/RunTestGraphTask.kt:16	lexical hit not semantically classified: import java.time.format.DateTimeFormatter	out-of-scope	ticket_plan.yaml:648-658	none mapped	undeclared	out_of_scope_lexical_inventory		INFERRED exact-path scope; source not read
999	specs/.history/modular-fuzzing-epic/ticket-009-MF-027/ticket/results/graph-reports/specWorkflow-20260719-194428-2cebfb33/cleanup-failure-probe-test-graph/build-logic/src/main/kotlin/com/hayden/testgraphsdk/tasks/RunTestGraphTask.kt:23	"lexical hit not semantically classified: return ""${safeGraphName}-${fmt.format(Instant.now())}-${UUID.randomUUID().toString().take(8)}"""	out-of-scope	ticket_plan.yaml:648-658	none mapped	undeclared	out_of_scope_lexical_inventory		INFERRED exact-path scope; source not read
1000	specs/.history/modular-fuzzing-epic/ticket-009-MF-027/ticket/results/graph-reports/specWorkflow-20260719-194428-2cebfb33/cleanup-failure-probe-test-graph/build-logic/src/main/kotlin/com/hayden/testgraphsdk/tasks/RunTestGraphTask.kt:31	lexical hit not semantically classified: * Non-Property internal fields are set at configuration time by the	out-of-scope	ticket_plan.yaml:648-658	none mapped	undeclared	out_of_scope_lexical_inventory		INFERRED exact-path scope; source not read
1001	specs/.history/modular-fuzzing-epic/ticket-009-MF-027/ticket/results/graph-reports/specWorkflow-20260719-194428-2cebfb33/cleanup-failure-probe-test-graph/sdk/java/src/main/java/com/hayden/testgraphsdk/sdk/Node.java:5	lexical hit not semantically classified: import java.time.Instant;	out-of-scope	ticket_plan.yaml:648-658	none mapped	undeclared	out_of_scope_lexical_inventory		INFERRED exact-path scope; source not read
1002	specs/.history/modular-fuzzing-epic/ticket-009-MF-027/ticket/results/graph-reports/specWorkflow-20260719-194428-2cebfb33/cleanup-failure-probe-test-graph/sdk/java/src/main/java/com/hayden/testgraphsdk/sdk/Node.java:50	lexical hit not semantically classified: Instant startedAt = Instant.now();	out-of-scope	ticket_plan.yaml:648-658	none mapped	undeclared	out_of_scope_lexical_inventory		INFERRED exact-path scope; source not read
1003	specs/.history/modular-fuzzing-epic/ticket-009-MF-027/ticket/results/graph-reports/specWorkflow-20260719-194428-2cebfb33/cleanup-failure-probe-test-graph/sdk/java/src/main/java/com/hayden/testgraphsdk/sdk/Node.java:53	lexical hit not semantically classified: result = body.apply(ctx).startedAt(startedAt).endedAt(Instant.now());	out-of-scope	ticket_plan.yaml:648-658	none mapped	undeclared	out_of_scope_lexical_inventory		INFERRED exact-path scope; source not read
1004	specs/.history/modular-fuzzing-epic/ticket-009-MF-027/ticket/results/graph-reports/specWorkflow-20260719-194428-2cebfb33/cleanup-failure-probe-test-graph/sdk/java/src/main/java/com/hayden/testgraphsdk/sdk/Node.java:57	lexical hit not semantically classified: .endedAt(Instant.now());	out-of-scope	ticket_plan.yaml:648-658	none mapped	undeclared	out_of_scope_lexical_inventory		INFERRED exact-path scope; source not read
1005	specs/.history/modular-fuzzing-epic/ticket-009-MF-027/ticket/results/graph-reports/specWorkflow-20260719-194428-2cebfb33/cleanup-failure-probe-test-graph/sdk/java/src/main/java/com/hayden/testgraphsdk/sdk/NodeResult.java:5	lexical hit not semantically classified: import java.time.Instant;	out-of-scope	ticket_plan.yaml:648-658	none mapped	undeclared	out_of_scope_lexical_inventory		INFERRED exact-path scope; source not read
1006	specs/.history/modular-fuzzing-epic/ticket-009-MF-027/ticket/results/graph-reports/specWorkflow-20260719-194428-2cebfb33/cleanup-failure-probe-test-graph/sdk/java/src/main/java/com/hayden/testgraphsdk/sdk/ProcessRecord.java:3	lexical hit not semantically classified: import java.time.Instant;	out-of-scope	ticket_plan.yaml:648-658	none mapped	undeclared	out_of_scope_lexical_inventory		INFERRED exact-path scope; source not read
1007	specs/.history/modular-fuzzing-epic/ticket-009-MF-027/ticket/results/graph-reports/specWorkflow-20260719-194428-2cebfb33/cleanup-failure-probe-test-graph/sdk/java/src/main/java/com/hayden/testgraphsdk/sdk/ProcessRecord.java:69	lexical hit not semantically classified: /** Wall-clock duration in milliseconds, or -1 if either timestamp is missing. */	out-of-scope	ticket_plan.yaml:648-658	none mapped	undeclared	out_of_scope_lexical_inventory		INFERRED exact-path scope; source not read
1008	specs/.history/modular-fuzzing-epic/ticket-009-MF-027/ticket/results/graph-reports/specWorkflow-20260719-194428-2cebfb33/cleanup-failure-probe-test-graph/sdk/java/src/main/java/com/hayden/testgraphsdk/sdk/Procs.java:6	lexical hit not semantically classified: import java.time.Instant;	out-of-scope	ticket_plan.yaml:648-658	none mapped	undeclared	out_of_scope_lexical_inventory		INFERRED exact-path scope; source not read
1009	specs/.history/modular-fuzzing-epic/ticket-009-MF-027/ticket/results/graph-reports/specWorkflow-20260719-194428-2cebfb33/cleanup-failure-probe-test-graph/sdk/java/src/main/java/com/hayden/testgraphsdk/sdk/Procs.java:14	lexical hit not semantically classified: * dir), and any spawn-time error. Attach it to the result with	out-of-scope	ticket_plan.yaml:648-658	none mapped	undeclared	out_of_scope_lexical_inventory		INFERRED exact-path scope; source not read
1010	specs/.history/modular-fuzzing-epic/ticket-009-MF-027/ticket/results/graph-reports/specWorkflow-20260719-194428-2cebfb33/cleanup-failure-probe-test-graph/sdk/java/src/main/java/com/hayden/testgraphsdk/sdk/Procs.java:72	lexical hit not semantically classified: Instant startedAt = Instant.now();	out-of-scope	ticket_plan.yaml:648-658	none mapped	undeclared	out_of_scope_lexical_inventory		INFERRED exact-path scope; source not read
1011	specs/.history/modular-fuzzing-epic/ticket-009-MF-027/ticket/results/graph-reports/specWorkflow-20260719-194428-2cebfb33/cleanup-failure-probe-test-graph/sdk/java/src/main/java/com/hayden/testgraphsdk/sdk/Procs.java:78	lexical hit not semantically classified: return new ProcessRecord(label, command, startedAt, Instant.now(),	out-of-scope	ticket_plan.yaml:648-658	none mapped	undeclared	out_of_scope_lexical_inventory		INFERRED exact-path scope; source not read
1012	specs/.history/modular-fuzzing-epic/ticket-009-MF-027/ticket/results/graph-reports/specWorkflow-20260719-194428-2cebfb33/cleanup-failure-probe-test-graph/sdk/java/src/main/java/com/hayden/testgraphsdk/sdk/Procs.java:88	lexical hit not semantically classified: return new ProcessRecord(label, command, startedAt, Instant.now(),	out-of-scope	ticket_plan.yaml:648-658	none mapped	undeclared	out_of_scope_lexical_inventory		INFERRED exact-path scope; source not read
1013	specs/.history/modular-fuzzing-epic/ticket-009-MF-027/ticket/results/graph-reports/specWorkflow-20260719-194428-2cebfb33/cleanup-failure-probe-test-graph/sdk/java/src/main/java/com/hayden/testgraphsdk/sdk/Procs.java:92	lexical hit not semantically classified: label, command, startedAt, Instant.now(),	out-of-scope	ticket_plan.yaml:648-658	none mapped	undeclared	out_of_scope_lexical_inventory		INFERRED exact-path scope; source not read
1014	specs/.history/modular-fuzzing-epic/ticket-009-MF-027/ticket/results/graph-reports/specWorkflow-20260719-194428-2cebfb33/cleanup-failure-probe-test-graph/sdk/python/src/testgraphsdk/procs.py:19	lexical hit not semantically classified: from datetime import datetime, timezone	out-of-scope	ticket_plan.yaml:648-658	none mapped	undeclared	out_of_scope_lexical_inventory		INFERRED exact-path scope; source not read
1015	specs/.history/modular-fuzzing-epic/ticket-009-MF-027/ticket/results/graph-reports/specWorkflow-20260719-194428-2cebfb33/cleanup-failure-probe-test-graph/sdk/python/src/testgraphsdk/procs.py:65	lexical hit not semantically classified: started = datetime.now(timezone.utc)	out-of-scope	ticket_plan.yaml:648-658	none mapped	undeclared	out_of_scope_lexical_inventory		INFERRED exact-path scope; source not read
1016	specs/.history/modular-fuzzing-epic/ticket-009-MF-027/ticket/results/graph-reports/specWorkflow-20260719-194428-2cebfb33/cleanup-failure-probe-test-graph/sdk/python/src/testgraphsdk/procs.py:86	lexical hit not semantically classified: ended_at=datetime.now(timezone.utc),	out-of-scope	ticket_plan.yaml:648-658	none mapped	undeclared	out_of_scope_lexical_inventory		INFERRED exact-path scope; source not read
1017	specs/.history/modular-fuzzing-epic/ticket-009-MF-027/ticket/results/graph-reports/specWorkflow-20260719-194428-2cebfb33/cleanup-failure-probe-test-graph/sdk/python/src/testgraphsdk/procs.py:97	lexical hit not semantically classified: ended_at=datetime.now(timezone.utc),	out-of-scope	ticket_plan.yaml:648-658	none mapped	undeclared	out_of_scope_lexical_inventory		INFERRED exact-path scope; source not read
1018	specs/.history/modular-fuzzing-epic/ticket-009-MF-027/ticket/results/graph-reports/specWorkflow-20260719-194428-2cebfb33/cleanup-failure-probe-test-graph/sdk/python/src/testgraphsdk/procs.py:108	lexical hit not semantically classified: ended_at=datetime.now(timezone.utc),	out-of-scope	ticket_plan.yaml:648-658	none mapped	undeclared	out_of_scope_lexical_inventory		INFERRED exact-path scope; source not read
1019	specs/.history/modular-fuzzing-epic/ticket-009-MF-027/ticket/results/graph-reports/specWorkflow-20260719-194428-2cebfb33/cleanup-failure-probe-test-graph/sdk/python/src/testgraphsdk/result.py:5	lexical hit not semantically classified: from datetime import datetime, timezone	out-of-scope	ticket_plan.yaml:648-658	none mapped	undeclared	out_of_scope_lexical_inventory		INFERRED exact-path scope; source not read
1020	specs/.history/modular-fuzzing-epic/ticket-009-MF-027/ticket/results/graph-reports/specWorkflow-20260719-194428-2cebfb33/cleanup-failure-probe-test-graph/sdk/python/src/testgraphsdk/result.py:52	lexical hit not semantically classified: started_at: datetime | None = None	out-of-scope	ticket_plan.yaml:648-658	none mapped	undeclared	out_of_scope_lexical_inventory		INFERRED exact-path scope; source not read
1021	specs/.history/modular-fuzzing-epic/ticket-009-MF-027/ticket/results/graph-reports/specWorkflow-20260719-194428-2cebfb33/cleanup-failure-probe-test-graph/sdk/python/src/testgraphsdk/result.py:53	lexical hit not semantically classified: ended_at: datetime | None = None	out-of-scope	ticket_plan.yaml:648-658	none mapped	undeclared	out_of_scope_lexical_inventory		INFERRED exact-path scope; source not read
1022	specs/.history/modular-fuzzing-epic/ticket-009-MF-027/ticket/results/graph-reports/specWorkflow-20260719-194428-2cebfb33/cleanup-failure-probe-test-graph/sdk/python/src/testgraphsdk/result.py:65	lexical hit not semantically classified: def iso(d: datetime | None) -> str | None:	out-of-scope	ticket_plan.yaml:648-658	none mapped	undeclared	out_of_scope_lexical_inventory		INFERRED exact-path scope; source not read
1023	specs/.history/modular-fuzzing-epic/ticket-009-MF-027/ticket/results/graph-reports/specWorkflow-20260719-194428-2cebfb33/cleanup-failure-probe-test-graph/sdk/python/src/testgraphsdk/result.py:98	lexical hit not semantically classified: started_at: datetime | None = None	out-of-scope	ticket_plan.yaml:648-658	none mapped	undeclared	out_of_scope_lexical_inventory		INFERRED exact-path scope; source not read
1024	specs/.history/modular-fuzzing-epic/ticket-009-MF-027/ticket/results/graph-reports/specWorkflow-20260719-194428-2cebfb33/cleanup-failure-probe-test-graph/sdk/python/src/testgraphsdk/result.py:99	lexical hit not semantically classified: ended_at: datetime | None = None	out-of-scope	ticket_plan.yaml:648-658	none mapped	undeclared	out_of_scope_lexical_inventory		INFERRED exact-path scope; source not read
1025	specs/.history/modular-fuzzing-epic/ticket-009-MF-027/ticket/results/graph-reports/specWorkflow-20260719-194428-2cebfb33/cleanup-failure-probe-test-graph/sdk/python/src/testgraphsdk/result.py:164	"lexical hit not semantically classified: def _stamp(self, started: datetime, ended: datetime) -> ""NodeResult"":"	out-of-scope	ticket_plan.yaml:648-658	none mapped	undeclared	out_of_scope_lexical_inventory		INFERRED exact-path scope; source not read
1026	specs/.history/modular-fuzzing-epic/ticket-009-MF-027/ticket/results/graph-reports/specWorkflow-20260719-194428-2cebfb33/cleanup-failure-probe-test-graph/sdk/python/src/testgraphsdk/result.py:173	lexical hit not semantically classified: def iso(d: datetime | None) -> str | None:	out-of-scope	ticket_plan.yaml:648-658	none mapped	undeclared	out_of_scope_lexical_inventory		INFERRED exact-path scope; source not read
1027	specs/.history/modular-fuzzing-epic/ticket-009-MF-027/ticket/results/graph-reports/specWorkflow-20260719-194428-2cebfb33/cleanup-failure-probe-test-graph/sdk/python/src/testgraphsdk/runner.py:22	lexical hit not semantically classified: from datetime import datetime, timezone	out-of-scope	ticket_plan.yaml:648-658	none mapped	undeclared	out_of_scope_lexical_inventory		INFERRED exact-path scope; source not read
1028	specs/.history/modular-fuzzing-epic/ticket-009-MF-027/ticket/results/graph-reports/specWorkflow-20260719-194428-2cebfb33/cleanup-failure-probe-test-graph/sdk/python/src/testgraphsdk/runner.py:47	lexical hit not semantically classified: started = datetime.now(timezone.utc)	out-of-scope	ticket_plan.yaml:648-658	none mapped	undeclared	out_of_scope_lexical_inventory		INFERRED exact-path scope; source not read
1029	specs/.history/modular-fuzzing-epic/ticket-009-MF-027/ticket/results/graph-reports/specWorkflow-20260719-194428-2cebfb33/cleanup-failure-probe-test-graph/sdk/python/src/testgraphsdk/runner.py:52	lexical hit not semantically classified: ended = datetime.now(timezone.utc)	out-of-scope	ticket_plan.yaml:648-658	none mapped	undeclared	out_of_scope_lexical_inventory		INFERRED exact-path scope; source not read
1030	specs/.history/modular-fuzzing-epic/ticket-012-MF-019/snapshots/current/production_adapters.py:1352	lexical hit not semantically classified: throwaway repository, four times, and asserts the close-time behavior that	out-of-scope	ticket_plan.yaml:648-658	none mapped	undeclared	out_of_scope_lexical_inventory		INFERRED exact-path scope; source not read
1031	specs/.history/modular-fuzzing-epic/ticket-012-MF-019/ticket/current/production_adapters.py:1352	lexical hit not semantically classified: throwaway repository, four times, and asserts the close-time behavior that	out-of-scope	ticket_plan.yaml:648-658	none mapped	undeclared	out_of_scope_lexical_inventory		INFERRED exact-path scope; source not read
1032	specs/.history/modular-fuzzing-epic/ticket-012-MF-019/ticket/desired/production_adapters.py:1352	lexical hit not semantically classified: throwaway repository, four times, and asserts the close-time behavior that	out-of-scope	ticket_plan.yaml:648-658	none mapped	undeclared	out_of_scope_lexical_inventory		INFERRED exact-path scope; source not read
1033	specs/.history/modular-fuzzing-epic/ticket-013-MF-026/results/testgraph/specWorkflow/cleanup-failure-probe-test-graph/build-logic/src/main/kotlin/com/hayden/testgraphsdk/MiniJson.kt:6	lexical hit not semantically classified: * Keeps the plugin dependency-free now that we no longer need snakeyaml.	out-of-scope	ticket_plan.yaml:648-658	none mapped	undeclared	out_of_scope_lexical_inventory		INFERRED exact-path scope; source not read
1034	specs/.history/modular-fuzzing-epic/ticket-013-MF-026/results/testgraph/specWorkflow/cleanup-failure-probe-test-graph/build-logic/src/main/kotlin/com/hayden/testgraphsdk/TestGraphSpec.kt:8	lexical hit not semantically classified: * Every setter returns `this`; at plan-build time the overlay is merged	out-of-scope	ticket_plan.yaml:648-658	none mapped	undeclared	out_of_scope_lexical_inventory		INFERRED exact-path scope; source not read
1035	specs/.history/modular-fuzzing-epic/ticket-013-MF-026/results/testgraph/specWorkflow/cleanup-failure-probe-test-graph/build-logic/src/main/kotlin/com/hayden/testgraphsdk/TestGraphSpec.kt:55	lexical hit not semantically classified: * at execution time.	out-of-scope	ticket_plan.yaml:648-658	none mapped	undeclared	out_of_scope_lexical_inventory		INFERRED exact-path scope; source not read
1036	specs/.history/modular-fuzzing-epic/ticket-013-MF-026/results/testgraph/specWorkflow/cleanup-failure-probe-test-graph/build-logic/src/main/kotlin/com/hayden/testgraphsdk/ValidationGraphPlugin.kt:74	lexical hit not semantically classified: // serialized in declaration order. Configure-time `dependsOn` is	out-of-scope	ticket_plan.yaml:648-658	none mapped	undeclared	out_of_scope_lexical_inventory		INFERRED exact-path scope; source not read
1037	specs/.history/modular-fuzzing-epic/ticket-013-MF-026/results/testgraph/specWorkflow/cleanup-failure-probe-test-graph/build-logic/src/main/kotlin/com/hayden/testgraphsdk/exec/Executors.kt:89	lexical hit not semantically classified: * Wait for [process] up to [timeoutMillis]; if it doesn't return in time,	out-of-scope	ticket_plan.yaml:648-658	none mapped	undeclared	out_of_scope_lexical_inventory		INFERRED exact-path scope; source not read
1038	specs/.history/modular-fuzzing-epic/ticket-013-MF-026/results/testgraph/specWorkflow/cleanup-failure-probe-test-graph/build-logic/src/main/kotlin/com/hayden/testgraphsdk/exec/Executors.kt:96	lexical hit not semantically classified: * `waitFor()`; the spec parser doesn't emit those today, but the helper	out-of-scope	ticket_plan.yaml:648-658	none mapped	undeclared	out_of_scope_lexical_inventory		INFERRED exact-path scope; source not read
1039	specs/.history/modular-fuzzing-epic/ticket-013-MF-026/results/testgraph/specWorkflow/cleanup-failure-probe-test-graph/build-logic/src/main/kotlin/com/hayden/testgraphsdk/exec/JBangExecutor.kt:12	lexical hit not semantically classified: * crash, OOM at fork time, etc.). PlanExecutor stamps the path onto	out-of-scope	ticket_plan.yaml:648-658	none mapped	undeclared	out_of_scope_lexical_inventory		INFERRED exact-path scope; source not read
1040	specs/.history/modular-fuzzing-epic/ticket-013-MF-026/results/testgraph/specWorkflow/cleanup-failure-probe-test-graph/build-logic/src/main/kotlin/com/hayden/testgraphsdk/exec/PlanExecutor.kt:8	lexical hit not semantically classified: import java.time.Instant	out-of-scope	ticket_plan.yaml:648-658	none mapped	undeclared	out_of_scope_lexical_inventory		INFERRED exact-path scope; source not read
1041	specs/.history/modular-fuzzing-epic/ticket-013-MF-026/results/testgraph/specWorkflow/cleanup-failure-probe-test-graph/build-logic/src/main/kotlin/com/hayden/testgraphsdk/exec/PlanExecutor.kt:138	lexical hit not semantically classified: var startedAt = Instant.now()	out-of-scope	ticket_plan.yaml:648-658	none mapped	undeclared	out_of_scope_lexical_inventory		INFERRED exact-path scope; source not read
1042	specs/.history/modular-fuzzing-epic/ticket-013-MF-026/results/testgraph/specWorkflow/cleanup-failure-probe-test-graph/build-logic/src/main/kotlin/com/hayden/testgraphsdk/exec/PlanExecutor.kt:164	lexical hit not semantically classified: startedAt = Instant.now()	out-of-scope	ticket_plan.yaml:648-658	none mapped	undeclared	out_of_scope_lexical_inventory		INFERRED exact-path scope; source not read
1043	specs/.history/modular-fuzzing-epic/ticket-013-MF-026/results/testgraph/specWorkflow/cleanup-failure-probe-test-graph/build-logic/src/main/kotlin/com/hayden/testgraphsdk/exec/PlanExecutor.kt:166	lexical hit not semantically classified: endedAt = Instant.now()	out-of-scope	ticket_plan.yaml:648-658	none mapped	undeclared	out_of_scope_lexical_inventory		INFERRED exact-path scope; source not read
1044	specs/.history/modular-fuzzing-epic/ticket-013-MF-026/results/testgraph/specWorkflow/cleanup-failure-probe-test-graph/build-logic/src/main/kotlin/com/hayden/testgraphsdk/exec/PlanExecutor.kt:209	lexical hit not semantically classified: val now = Instant.now()	out-of-scope	ticket_plan.yaml:648-658	none mapped	undeclared	out_of_scope_lexical_inventory		INFERRED exact-path scope; source not read
1045	specs/.history/modular-fuzzing-epic/ticket-013-MF-026/results/testgraph/specWorkflow/cleanup-failure-probe-test-graph/build-logic/src/main/kotlin/com/hayden/testgraphsdk/exec/PlanExecutor.kt:222	lexical hit not semantically classified: startedAt = now,	out-of-scope	ticket_plan.yaml:648-658	none mapped	undeclared	out_of_scope_lexical_inventory		INFERRED exact-path scope; source not read
1046	specs/.history/modular-fuzzing-epic/ticket-013-MF-026/results/testgraph/specWorkflow/cleanup-failure-probe-test-graph/build-logic/src/main/kotlin/com/hayden/testgraphsdk/exec/PlanExecutor.kt:223	lexical hit not semantically classified: endedAt = now,	out-of-scope	ticket_plan.yaml:648-658	none mapped	undeclared	out_of_scope_lexical_inventory		INFERRED exact-path scope; source not read
1047	specs/.history/modular-fuzzing-epic/ticket-013-MF-026/results/testgraph/specWorkflow/cleanup-failure-probe-test-graph/build-logic/src/main/kotlin/com/hayden/testgraphsdk/exec/TimeoutParser.kt:6	lexical hit not semantically classified: * Accepts the suffix forms NodeSpec specs in the wild use today —	out-of-scope	ticket_plan.yaml:648-658	none mapped	undeclared	out_of_scope_lexical_inventory		INFERRED exact-path scope; source not read
1048	specs/.history/modular-fuzzing-epic/ticket-013-MF-026/results/testgraph/specWorkflow/cleanup-failure-probe-test-graph/build-logic/src/main/kotlin/com/hayden/testgraphsdk/exec/TimeoutParser.kt:10	lexical hit not semantically classified: * configuration time.	out-of-scope	ticket_plan.yaml:648-658	none mapped	undeclared	out_of_scope_lexical_inventory		INFERRED exact-path scope; source not read
1049	specs/.history/modular-fuzzing-epic/ticket-013-MF-026/results/testgraph/specWorkflow/cleanup-failure-probe-test-graph/build-logic/src/main/kotlin/com/hayden/testgraphsdk/tasks/RunReportWriter.kt:25	lexical hit not semantically classified: * The renderer now lives here as a plain object so {@link	out-of-scope	ticket_plan.yaml:648-658	none mapped	undeclared	out_of_scope_lexical_inventory		INFERRED exact-path scope; source not read
1050	specs/.history/modular-fuzzing-epic/ticket-013-MF-026/results/testgraph/specWorkflow/cleanup-failure-probe-test-graph/build-logic/src/main/kotlin/com/hayden/testgraphsdk/tasks/RunReportWriter.kt:300	lexical hit not semantically classified: java.time.Instant.parse(endIso).toEpochMilli() -	out-of-scope	ticket_plan.yaml:648-658	none mapped	undeclared	out_of_scope_lexical_inventory		INFERRED exact-path scope; source not read
1051	specs/.history/modular-fuzzing-epic/ticket-013-MF-026/results/testgraph/specWorkflow/cleanup-failure-probe-test-graph/build-logic/src/main/kotlin/com/hayden/testgraphsdk/tasks/RunReportWriter.kt:301	lexical hit not semantically classified: java.time.Instant.parse(startIso).toEpochMilli()	out-of-scope	ticket_plan.yaml:648-658	none mapped	undeclared	out_of_scope_lexical_inventory		INFERRED exact-path scope; source not read
1052	specs/.history/modular-fuzzing-epic/ticket-013-MF-026/results/testgraph/specWorkflow/cleanup-failure-probe-test-graph/build-logic/src/main/kotlin/com/hayden/testgraphsdk/tasks/RunTestGraphTask.kt:14	lexical hit not semantically classified: import java.time.Instant	out-of-scope	ticket_plan.yaml:648-658	none mapped	undeclared	out_of_scope_lexical_inventory		INFERRED exact-path scope; source not read
1053	specs/.history/modular-fuzzing-epic/ticket-013-MF-026/results/testgraph/specWorkflow/cleanup-failure-probe-test-graph/build-logic/src/main/kotlin/com/hayden/testgraphsdk/tasks/RunTestGraphTask.kt:15	lexical hit not semantically classified: import java.time.ZoneOffset	out-of-scope	ticket_plan.yaml:648-658	none mapped	undeclared	out_of_scope_lexical_inventory		INFERRED exact-path scope; source not read
1054	specs/.history/modular-fuzzing-epic/ticket-013-MF-026/results/testgraph/specWorkflow/cleanup-failure-probe-test-graph/build-logic/src/main/kotlin/com/hayden/testgraphsdk/tasks/RunTestGraphTask.kt:16	lexical hit not semantically classified: import java.time.format.DateTimeFormatter	out-of-scope	ticket_plan.yaml:648-658	none mapped	undeclared	out_of_scope_lexical_inventory		INFERRED exact-path scope; source not read
1055	specs/.history/modular-fuzzing-epic/ticket-013-MF-026/results/testgraph/specWorkflow/cleanup-failure-probe-test-graph/build-logic/src/main/kotlin/com/hayden/testgraphsdk/tasks/RunTestGraphTask.kt:23	"lexical hit not semantically classified: return ""${safeGraphName}-${fmt.format(Instant.now())}-${UUID.randomUUID().toString().take(8)}"""	out-of-scope	ticket_plan.yaml:648-658	none mapped	undeclared	out_of_scope_lexical_inventory		INFERRED exact-path scope; source not read
1056	specs/.history/modular-fuzzing-epic/ticket-013-MF-026/results/testgraph/specWorkflow/cleanup-failure-probe-test-graph/build-logic/src/main/kotlin/com/hayden/testgraphsdk/tasks/RunTestGraphTask.kt:31	lexical hit not semantically classified: * Non-Property internal fields are set at configuration time by the	out-of-scope	ticket_plan.yaml:648-658	none mapped	undeclared	out_of_scope_lexical_inventory		INFERRED exact-path scope; source not read
1057	specs/.history/modular-fuzzing-epic/ticket-013-MF-026/results/testgraph/specWorkflow/cleanup-failure-probe-test-graph/sdk/java/src/main/java/com/hayden/testgraphsdk/sdk/Node.java:5	lexical hit not semantically classified: import java.time.Instant;	out-of-scope	ticket_plan.yaml:648-658	none mapped	undeclared	out_of_scope_lexical_inventory		INFERRED exact-path scope; source not read
1058	specs/.history/modular-fuzzing-epic/ticket-013-MF-026/results/testgraph/specWorkflow/cleanup-failure-probe-test-graph/sdk/java/src/main/java/com/hayden/testgraphsdk/sdk/Node.java:50	lexical hit not semantically classified: Instant startedAt = Instant.now();	out-of-scope	ticket_plan.yaml:648-658	none mapped	undeclared	out_of_scope_lexical_inventory		INFERRED exact-path scope; source not read
1059	specs/.history/modular-fuzzing-epic/ticket-013-MF-026/results/testgraph/specWorkflow/cleanup-failure-probe-test-graph/sdk/java/src/main/java/com/hayden/testgraphsdk/sdk/Node.java:53	lexical hit not semantically classified: result = body.apply(ctx).startedAt(startedAt).endedAt(Instant.now());	out-of-scope	ticket_plan.yaml:648-658	none mapped	undeclared	out_of_scope_lexical_inventory		INFERRED exact-path scope; source not read
1060	specs/.history/modular-fuzzing-epic/ticket-013-MF-026/results/testgraph/specWorkflow/cleanup-failure-probe-test-graph/sdk/java/src/main/java/com/hayden/testgraphsdk/sdk/Node.java:57	lexical hit not semantically classified: .endedAt(Instant.now());	out-of-scope	ticket_plan.yaml:648-658	none mapped	undeclared	out_of_scope_lexical_inventory		INFERRED exact-path scope; source not read
1061	specs/.history/modular-fuzzing-epic/ticket-013-MF-026/results/testgraph/specWorkflow/cleanup-failure-probe-test-graph/sdk/java/src/main/java/com/hayden/testgraphsdk/sdk/NodeResult.java:5	lexical hit not semantically classified: import java.time.Instant;	out-of-scope	ticket_plan.yaml:648-658	none mapped	undeclared	out_of_scope_lexical_inventory		INFERRED exact-path scope; source not read
1062	specs/.history/modular-fuzzing-epic/ticket-013-MF-026/results/testgraph/specWorkflow/cleanup-failure-probe-test-graph/sdk/java/src/main/java/com/hayden/testgraphsdk/sdk/ProcessRecord.java:3	lexical hit not semantically classified: import java.time.Instant;	out-of-scope	ticket_plan.yaml:648-658	none mapped	undeclared	out_of_scope_lexical_inventory		INFERRED exact-path scope; source not read
1063	specs/.history/modular-fuzzing-epic/ticket-013-MF-026/results/testgraph/specWorkflow/cleanup-failure-probe-test-graph/sdk/java/src/main/java/com/hayden/testgraphsdk/sdk/ProcessRecord.java:69	lexical hit not semantically classified: /** Wall-clock duration in milliseconds, or -1 if either timestamp is missing. */	out-of-scope	ticket_plan.yaml:648-658	none mapped	undeclared	out_of_scope_lexical_inventory		INFERRED exact-path scope; source not read
1064	specs/.history/modular-fuzzing-epic/ticket-013-MF-026/results/testgraph/specWorkflow/cleanup-failure-probe-test-graph/sdk/java/src/main/java/com/hayden/testgraphsdk/sdk/Procs.java:6	lexical hit not semantically classified: import java.time.Instant;	out-of-scope	ticket_plan.yaml:648-658	none mapped	undeclared	out_of_scope_lexical_inventory		INFERRED exact-path scope; source not read
1065	specs/.history/modular-fuzzing-epic/ticket-013-MF-026/results/testgraph/specWorkflow/cleanup-failure-probe-test-graph/sdk/java/src/main/java/com/hayden/testgraphsdk/sdk/Procs.java:14	lexical hit not semantically classified: * dir), and any spawn-time error. Attach it to the result with	out-of-scope	ticket_plan.yaml:648-658	none mapped	undeclared	out_of_scope_lexical_inventory		INFERRED exact-path scope; source not read
1066	specs/.history/modular-fuzzing-epic/ticket-013-MF-026/results/testgraph/specWorkflow/cleanup-failure-probe-test-graph/sdk/java/src/main/java/com/hayden/testgraphsdk/sdk/Procs.java:72	lexical hit not semantically classified: Instant startedAt = Instant.now();	out-of-scope	ticket_plan.yaml:648-658	none mapped	undeclared	out_of_scope_lexical_inventory		INFERRED exact-path scope; source not read
1067	specs/.history/modular-fuzzing-epic/ticket-013-MF-026/results/testgraph/specWorkflow/cleanup-failure-probe-test-graph/sdk/java/src/main/java/com/hayden/testgraphsdk/sdk/Procs.java:78	lexical hit not semantically classified: return new ProcessRecord(label, command, startedAt, Instant.now(),	out-of-scope	ticket_plan.yaml:648-658	none mapped	undeclared	out_of_scope_lexical_inventory		INFERRED exact-path scope; source not read
1068	specs/.history/modular-fuzzing-epic/ticket-013-MF-026/results/testgraph/specWorkflow/cleanup-failure-probe-test-graph/sdk/java/src/main/java/com/hayden/testgraphsdk/sdk/Procs.java:88	lexical hit not semantically classified: return new ProcessRecord(label, command, startedAt, Instant.now(),	out-of-scope	ticket_plan.yaml:648-658	none mapped	undeclared	out_of_scope_lexical_inventory		INFERRED exact-path scope; source not read
1069	specs/.history/modular-fuzzing-epic/ticket-013-MF-026/results/testgraph/specWorkflow/cleanup-failure-probe-test-graph/sdk/java/src/main/java/com/hayden/testgraphsdk/sdk/Procs.java:92	lexical hit not semantically classified: label, command, startedAt, Instant.now(),	out-of-scope	ticket_plan.yaml:648-658	none mapped	undeclared	out_of_scope_lexical_inventory		INFERRED exact-path scope; source not read
1070	specs/.history/modular-fuzzing-epic/ticket-013-MF-026/results/testgraph/specWorkflow/cleanup-failure-probe-test-graph/sdk/python/src/testgraphsdk/procs.py:19	lexical hit not semantically classified: from datetime import datetime, timezone	out-of-scope	ticket_plan.yaml:648-658	none mapped	undeclared	out_of_scope_lexical_inventory		INFERRED exact-path scope; source not read
1071	specs/.history/modular-fuzzing-epic/ticket-013-MF-026/results/testgraph/specWorkflow/cleanup-failure-probe-test-graph/sdk/python/src/testgraphsdk/procs.py:65	lexical hit not semantically classified: started = datetime.now(timezone.utc)	out-of-scope	ticket_plan.yaml:648-658	none mapped	undeclared	out_of_scope_lexical_inventory		INFERRED exact-path scope; source not read
1072	specs/.history/modular-fuzzing-epic/ticket-013-MF-026/results/testgraph/specWorkflow/cleanup-failure-probe-test-graph/sdk/python/src/testgraphsdk/procs.py:86	lexical hit not semantically classified: ended_at=datetime.now(timezone.utc),	out-of-scope	ticket_plan.yaml:648-658	none mapped	undeclared	out_of_scope_lexical_inventory		INFERRED exact-path scope; source not read
1073	specs/.history/modular-fuzzing-epic/ticket-013-MF-026/results/testgraph/specWorkflow/cleanup-failure-probe-test-graph/sdk/python/src/testgraphsdk/procs.py:97	lexical hit not semantically classified: ended_at=datetime.now(timezone.utc),	out-of-scope	ticket_plan.yaml:648-658	none mapped	undeclared	out_of_scope_lexical_inventory		INFERRED exact-path scope; source not read
1074	specs/.history/modular-fuzzing-epic/ticket-013-MF-026/results/testgraph/specWorkflow/cleanup-failure-probe-test-graph/sdk/python/src/testgraphsdk/procs.py:108	lexical hit not semantically classified: ended_at=datetime.now(timezone.utc),	out-of-scope	ticket_plan.yaml:648-658	none mapped	undeclared	out_of_scope_lexical_inventory		INFERRED exact-path scope; source not read
1075	specs/.history/modular-fuzzing-epic/ticket-013-MF-026/results/testgraph/specWorkflow/cleanup-failure-probe-test-graph/sdk/python/src/testgraphsdk/result.py:5	lexical hit not semantically classified: from datetime import datetime, timezone	out-of-scope	ticket_plan.yaml:648-658	none mapped	undeclared	out_of_scope_lexical_inventory		INFERRED exact-path scope; source not read
1076	specs/.history/modular-fuzzing-epic/ticket-013-MF-026/results/testgraph/specWorkflow/cleanup-failure-probe-test-graph/sdk/python/src/testgraphsdk/result.py:52	lexical hit not semantically classified: started_at: datetime | None = None	out-of-scope	ticket_plan.yaml:648-658	none mapped	undeclared	out_of_scope_lexical_inventory		INFERRED exact-path scope; source not read
1077	specs/.history/modular-fuzzing-epic/ticket-013-MF-026/results/testgraph/specWorkflow/cleanup-failure-probe-test-graph/sdk/python/src/testgraphsdk/result.py:53	lexical hit not semantically classified: ended_at: datetime | None = None	out-of-scope	ticket_plan.yaml:648-658	none mapped	undeclared	out_of_scope_lexical_inventory		INFERRED exact-path scope; source not read
1078	specs/.history/modular-fuzzing-epic/ticket-013-MF-026/results/testgraph/specWorkflow/cleanup-failure-probe-test-graph/sdk/python/src/testgraphsdk/result.py:65	lexical hit not semantically classified: def iso(d: datetime | None) -> str | None:	out-of-scope	ticket_plan.yaml:648-658	none mapped	undeclared	out_of_scope_lexical_inventory		INFERRED exact-path scope; source not read
1079	specs/.history/modular-fuzzing-epic/ticket-013-MF-026/results/testgraph/specWorkflow/cleanup-failure-probe-test-graph/sdk/python/src/testgraphsdk/result.py:98	lexical hit not semantically classified: started_at: datetime | None = None	out-of-scope	ticket_plan.yaml:648-658	none mapped	undeclared	out_of_scope_lexical_inventory		INFERRED exact-path scope; source not read
1080	specs/.history/modular-fuzzing-epic/ticket-013-MF-026/results/testgraph/specWorkflow/cleanup-failure-probe-test-graph/sdk/python/src/testgraphsdk/result.py:99	lexical hit not semantically classified: ended_at: datetime | None = None	out-of-scope	ticket_plan.yaml:648-658	none mapped	undeclared	out_of_scope_lexical_inventory		INFERRED exact-path scope; source not read
1081	specs/.history/modular-fuzzing-epic/ticket-013-MF-026/results/testgraph/specWorkflow/cleanup-failure-probe-test-graph/sdk/python/src/testgraphsdk/result.py:164	"lexical hit not semantically classified: def _stamp(self, started: datetime, ended: datetime) -> ""NodeResult"":"	out-of-scope	ticket_plan.yaml:648-658	none mapped	undeclared	out_of_scope_lexical_inventory		INFERRED exact-path scope; source not read
1082	specs/.history/modular-fuzzing-epic/ticket-013-MF-026/results/testgraph/specWorkflow/cleanup-failure-probe-test-graph/sdk/python/src/testgraphsdk/result.py:173	lexical hit not semantically classified: def iso(d: datetime | None) -> str | None:	out-of-scope	ticket_plan.yaml:648-658	none mapped	undeclared	out_of_scope_lexical_inventory		INFERRED exact-path scope; source not read
1083	specs/.history/modular-fuzzing-epic/ticket-013-MF-026/results/testgraph/specWorkflow/cleanup-failure-probe-test-graph/sdk/python/src/testgraphsdk/runner.py:22	lexical hit not semantically classified: from datetime import datetime, timezone	out-of-scope	ticket_plan.yaml:648-658	none mapped	undeclared	out_of_scope_lexical_inventory		INFERRED exact-path scope; source not read
1084	specs/.history/modular-fuzzing-epic/ticket-013-MF-026/results/testgraph/specWorkflow/cleanup-failure-probe-test-graph/sdk/python/src/testgraphsdk/runner.py:47	lexical hit not semantically classified: started = datetime.now(timezone.utc)	out-of-scope	ticket_plan.yaml:648-658	none mapped	undeclared	out_of_scope_lexical_inventory		INFERRED exact-path scope; source not read
1085	specs/.history/modular-fuzzing-epic/ticket-013-MF-026/results/testgraph/specWorkflow/cleanup-failure-probe-test-graph/sdk/python/src/testgraphsdk/runner.py:52	lexical hit not semantically classified: ended = datetime.now(timezone.utc)	out-of-scope	ticket_plan.yaml:648-658	none mapped	undeclared	out_of_scope_lexical_inventory		INFERRED exact-path scope; source not read
1086	specs/.history/modular-fuzzing-epic/ticket-013-MF-026/snapshots/current/production_adapters.py:1352	lexical hit not semantically classified: throwaway repository, four times, and asserts the close-time behavior that	out-of-scope	ticket_plan.yaml:648-658	none mapped	undeclared	out_of_scope_lexical_inventory		INFERRED exact-path scope; source not read
1087	specs/.history/modular-fuzzing-epic/ticket-013-MF-026/ticket/current/production_adapters.py:1352	lexical hit not semantically classified: throwaway repository, four times, and asserts the close-time behavior that	out-of-scope	ticket_plan.yaml:648-658	none mapped	undeclared	out_of_scope_lexical_inventory		INFERRED exact-path scope; source not read
1088	specs/.history/modular-fuzzing-epic/ticket-013-MF-026/ticket/desired/production_adapters.py:1352	lexical hit not semantically classified: throwaway repository, four times, and asserts the close-time behavior that	out-of-scope	ticket_plan.yaml:648-658	none mapped	undeclared	out_of_scope_lexical_inventory		INFERRED exact-path scope; source not read
1089	specs/.history/modular-fuzzing-epic/ticket-013-MF-026/ticket/results/testgraph/specWorkflow/cleanup-failure-probe-test-graph/build-logic/src/main/kotlin/com/hayden/testgraphsdk/MiniJson.kt:6	lexical hit not semantically classified: * Keeps the plugin dependency-free now that we no longer need snakeyaml.	out-of-scope	ticket_plan.yaml:648-658	none mapped	undeclared	out_of_scope_lexical_inventory		INFERRED exact-path scope; source not read
1090	specs/.history/modular-fuzzing-epic/ticket-013-MF-026/ticket/results/testgraph/specWorkflow/cleanup-failure-probe-test-graph/build-logic/src/main/kotlin/com/hayden/testgraphsdk/TestGraphSpec.kt:8	lexical hit not semantically classified: * Every setter returns `this`; at plan-build time the overlay is merged	out-of-scope	ticket_plan.yaml:648-658	none mapped	undeclared	out_of_scope_lexical_inventory		INFERRED exact-path scope; source not read
1091	specs/.history/modular-fuzzing-epic/ticket-013-MF-026/ticket/results/testgraph/specWorkflow/cleanup-failure-probe-test-graph/build-logic/src/main/kotlin/com/hayden/testgraphsdk/TestGraphSpec.kt:55	lexical hit not semantically classified: * at execution time.	out-of-scope	ticket_plan.yaml:648-658	none mapped	undeclared	out_of_scope_lexical_inventory		INFERRED exact-path scope; source not read
1092	specs/.history/modular-fuzzing-epic/ticket-013-MF-026/ticket/results/testgraph/specWorkflow/cleanup-failure-probe-test-graph/build-logic/src/main/kotlin/com/hayden/testgraphsdk/ValidationGraphPlugin.kt:74	lexical hit not semantically classified: // serialized in declaration order. Configure-time `dependsOn` is	out-of-scope	ticket_plan.yaml:648-658	none mapped	undeclared	out_of_scope_lexical_inventory		INFERRED exact-path scope; source not read
1093	specs/.history/modular-fuzzing-epic/ticket-013-MF-026/ticket/results/testgraph/specWorkflow/cleanup-failure-probe-test-graph/build-logic/src/main/kotlin/com/hayden/testgraphsdk/exec/Executors.kt:89	lexical hit not semantically classified: * Wait for [process] up to [timeoutMillis]; if it doesn't return in time,	out-of-scope	ticket_plan.yaml:648-658	none mapped	undeclared	out_of_scope_lexical_inventory		INFERRED exact-path scope; source not read
1094	specs/.history/modular-fuzzing-epic/ticket-013-MF-026/ticket/results/testgraph/specWorkflow/cleanup-failure-probe-test-graph/build-logic/src/main/kotlin/com/hayden/testgraphsdk/exec/Executors.kt:96	lexical hit not semantically classified: * `waitFor()`; the spec parser doesn't emit those today, but the helper	out-of-scope	ticket_plan.yaml:648-658	none mapped	undeclared	out_of_scope_lexical_inventory		INFERRED exact-path scope; source not read
1095	specs/.history/modular-fuzzing-epic/ticket-013-MF-026/ticket/results/testgraph/specWorkflow/cleanup-failure-probe-test-graph/build-logic/src/main/kotlin/com/hayden/testgraphsdk/exec/JBangExecutor.kt:12	lexical hit not semantically classified: * crash, OOM at fork time, etc.). PlanExecutor stamps the path onto	out-of-scope	ticket_plan.yaml:648-658	none mapped	undeclared	out_of_scope_lexical_inventory		INFERRED exact-path scope; source not read
1096	specs/.history/modular-fuzzing-epic/ticket-013-MF-026/ticket/results/testgraph/specWorkflow/cleanup-failure-probe-test-graph/build-logic/src/main/kotlin/com/hayden/testgraphsdk/exec/PlanExecutor.kt:8	lexical hit not semantically classified: import java.time.Instant	out-of-scope	ticket_plan.yaml:648-658	none mapped	undeclared	out_of_scope_lexical_inventory		INFERRED exact-path scope; source not read
1097	specs/.history/modular-fuzzing-epic/ticket-013-MF-026/ticket/results/testgraph/specWorkflow/cleanup-failure-probe-test-graph/build-logic/src/main/kotlin/com/hayden/testgraphsdk/exec/PlanExecutor.kt:138	lexical hit not semantically classified: var startedAt = Instant.now()	out-of-scope	ticket_plan.yaml:648-658	none mapped	undeclared	out_of_scope_lexical_inventory		INFERRED exact-path scope; source not read
1098	specs/.history/modular-fuzzing-epic/ticket-013-MF-026/ticket/results/testgraph/specWorkflow/cleanup-failure-probe-test-graph/build-logic/src/main/kotlin/com/hayden/testgraphsdk/exec/PlanExecutor.kt:164	lexical hit not semantically classified: startedAt = Instant.now()	out-of-scope	ticket_plan.yaml:648-658	none mapped	undeclared	out_of_scope_lexical_inventory		INFERRED exact-path scope; source not read
1099	specs/.history/modular-fuzzing-epic/ticket-013-MF-026/ticket/results/testgraph/specWorkflow/cleanup-failure-probe-test-graph/build-logic/src/main/kotlin/com/hayden/testgraphsdk/exec/PlanExecutor.kt:166	lexical hit not semantically classified: endedAt = Instant.now()	out-of-scope	ticket_plan.yaml:648-658	none mapped	undeclared	out_of_scope_lexical_inventory		INFERRED exact-path scope; source not read
1100	specs/.history/modular-fuzzing-epic/ticket-013-MF-026/ticket/results/testgraph/specWorkflow/cleanup-failure-probe-test-graph/build-logic/src/main/kotlin/com/hayden/testgraphsdk/exec/PlanExecutor.kt:209	lexical hit not semantically classified: val now = Instant.now()	out-of-scope	ticket_plan.yaml:648-658	none mapped	undeclared	out_of_scope_lexical_inventory		INFERRED exact-path scope; source not read
1101	specs/.history/modular-fuzzing-epic/ticket-013-MF-026/ticket/results/testgraph/specWorkflow/cleanup-failure-probe-test-graph/build-logic/src/main/kotlin/com/hayden/testgraphsdk/exec/PlanExecutor.kt:222	lexical hit not semantically classified: startedAt = now,	out-of-scope	ticket_plan.yaml:648-658	none mapped	undeclared	out_of_scope_lexical_inventory		INFERRED exact-path scope; source not read
1102	specs/.history/modular-fuzzing-epic/ticket-013-MF-026/ticket/results/testgraph/specWorkflow/cleanup-failure-probe-test-graph/build-logic/src/main/kotlin/com/hayden/testgraphsdk/exec/PlanExecutor.kt:223	lexical hit not semantically classified: endedAt = now,	out-of-scope	ticket_plan.yaml:648-658	none mapped	undeclared	out_of_scope_lexical_inventory		INFERRED exact-path scope; source not read
1103	specs/.history/modular-fuzzing-epic/ticket-013-MF-026/ticket/results/testgraph/specWorkflow/cleanup-failure-probe-test-graph/build-logic/src/main/kotlin/com/hayden/testgraphsdk/exec/TimeoutParser.kt:6	lexical hit not semantically classified: * Accepts the suffix forms NodeSpec specs in the wild use today —	out-of-scope	ticket_plan.yaml:648-658	none mapped	undeclared	out_of_scope_lexical_inventory		INFERRED exact-path scope; source not read
1104	specs/.history/modular-fuzzing-epic/ticket-013-MF-026/ticket/results/testgraph/specWorkflow/cleanup-failure-probe-test-graph/build-logic/src/main/kotlin/com/hayden/testgraphsdk/exec/TimeoutParser.kt:10	lexical hit not semantically classified: * configuration time.	out-of-scope	ticket_plan.yaml:648-658	none mapped	undeclared	out_of_scope_lexical_inventory		INFERRED exact-path scope; source not read
1105	specs/.history/modular-fuzzing-epic/ticket-013-MF-026/ticket/results/testgraph/specWorkflow/cleanup-failure-probe-test-graph/build-logic/src/main/kotlin/com/hayden/testgraphsdk/tasks/RunReportWriter.kt:25	lexical hit not semantically classified: * The renderer now lives here as a plain object so {@link	out-of-scope	ticket_plan.yaml:648-658	none mapped	undeclared	out_of_scope_lexical_inventory		INFERRED exact-path scope; source not read
1106	specs/.history/modular-fuzzing-epic/ticket-013-MF-026/ticket/results/testgraph/specWorkflow/cleanup-failure-probe-test-graph/build-logic/src/main/kotlin/com/hayden/testgraphsdk/tasks/RunReportWriter.kt:300	lexical hit not semantically classified: java.time.Instant.parse(endIso).toEpochMilli() -	out-of-scope	ticket_plan.yaml:648-658	none mapped	undeclared	out_of_scope_lexical_inventory		INFERRED exact-path scope; source not read
1107	specs/.history/modular-fuzzing-epic/ticket-013-MF-026/ticket/results/testgraph/specWorkflow/cleanup-failure-probe-test-graph/build-logic/src/main/kotlin/com/hayden/testgraphsdk/tasks/RunReportWriter.kt:301	lexical hit not semantically classified: java.time.Instant.parse(startIso).toEpochMilli()	out-of-scope	ticket_plan.yaml:648-658	none mapped	undeclared	out_of_scope_lexical_inventory		INFERRED exact-path scope; source not read
1108	specs/.history/modular-fuzzing-epic/ticket-013-MF-026/ticket/results/testgraph/specWorkflow/cleanup-failure-probe-test-graph/build-logic/src/main/kotlin/com/hayden/testgraphsdk/tasks/RunTestGraphTask.kt:14	lexical hit not semantically classified: import java.time.Instant	out-of-scope	ticket_plan.yaml:648-658	none mapped	undeclared	out_of_scope_lexical_inventory		INFERRED exact-path scope; source not read
1109	specs/.history/modular-fuzzing-epic/ticket-013-MF-026/ticket/results/testgraph/specWorkflow/cleanup-failure-probe-test-graph/build-logic/src/main/kotlin/com/hayden/testgraphsdk/tasks/RunTestGraphTask.kt:15	lexical hit not semantically classified: import java.time.ZoneOffset	out-of-scope	ticket_plan.yaml:648-658	none mapped	undeclared	out_of_scope_lexical_inventory		INFERRED exact-path scope; source not read
1110	specs/.history/modular-fuzzing-epic/ticket-013-MF-026/ticket/results/testgraph/specWorkflow/cleanup-failure-probe-test-graph/build-logic/src/main/kotlin/com/hayden/testgraphsdk/tasks/RunTestGraphTask.kt:16	lexical hit not semantically classified: import java.time.format.DateTimeFormatter	out-of-scope	ticket_plan.yaml:648-658	none mapped	undeclared	out_of_scope_lexical_inventory		INFERRED exact-path scope; source not read
1111	specs/.history/modular-fuzzing-epic/ticket-013-MF-026/ticket/results/testgraph/specWorkflow/cleanup-failure-probe-test-graph/build-logic/src/main/kotlin/com/hayden/testgraphsdk/tasks/RunTestGraphTask.kt:23	"lexical hit not semantically classified: return ""${safeGraphName}-${fmt.format(Instant.now())}-${UUID.randomUUID().toString().take(8)}"""	out-of-scope	ticket_plan.yaml:648-658	none mapped	undeclared	out_of_scope_lexical_inventory		INFERRED exact-path scope; source not read
1112	specs/.history/modular-fuzzing-epic/ticket-013-MF-026/ticket/results/testgraph/specWorkflow/cleanup-failure-probe-test-graph/build-logic/src/main/kotlin/com/hayden/testgraphsdk/tasks/RunTestGraphTask.kt:31	lexical hit not semantically classified: * Non-Property internal fields are set at configuration time by the	out-of-scope	ticket_plan.yaml:648-658	none mapped	undeclared	out_of_scope_lexical_inventory		INFERRED exact-path scope; source not read
1113	specs/.history/modular-fuzzing-epic/ticket-013-MF-026/ticket/results/testgraph/specWorkflow/cleanup-failure-probe-test-graph/sdk/java/src/main/java/com/hayden/testgraphsdk/sdk/Node.java:5	lexical hit not semantically classified: import java.time.Instant;	out-of-scope	ticket_plan.yaml:648-658	none mapped	undeclared	out_of_scope_lexical_inventory		INFERRED exact-path scope; source not read
1114	specs/.history/modular-fuzzing-epic/ticket-013-MF-026/ticket/results/testgraph/specWorkflow/cleanup-failure-probe-test-graph/sdk/java/src/main/java/com/hayden/testgraphsdk/sdk/Node.java:50	lexical hit not semantically classified: Instant startedAt = Instant.now();	out-of-scope	ticket_plan.yaml:648-658	none mapped	undeclared	out_of_scope_lexical_inventory		INFERRED exact-path scope; source not read
1115	specs/.history/modular-fuzzing-epic/ticket-013-MF-026/ticket/results/testgraph/specWorkflow/cleanup-failure-probe-test-graph/sdk/java/src/main/java/com/hayden/testgraphsdk/sdk/Node.java:53	lexical hit not semantically classified: result = body.apply(ctx).startedAt(startedAt).endedAt(Instant.now());	out-of-scope	ticket_plan.yaml:648-658	none mapped	undeclared	out_of_scope_lexical_inventory		INFERRED exact-path scope; source not read
1116	specs/.history/modular-fuzzing-epic/ticket-013-MF-026/ticket/results/testgraph/specWorkflow/cleanup-failure-probe-test-graph/sdk/java/src/main/java/com/hayden/testgraphsdk/sdk/Node.java:57	lexical hit not semantically classified: .endedAt(Instant.now());	out-of-scope	ticket_plan.yaml:648-658	none mapped	undeclared	out_of_scope_lexical_inventory		INFERRED exact-path scope; source not read
1117	specs/.history/modular-fuzzing-epic/ticket-013-MF-026/ticket/results/testgraph/specWorkflow/cleanup-failure-probe-test-graph/sdk/java/src/main/java/com/hayden/testgraphsdk/sdk/NodeResult.java:5	lexical hit not semantically classified: import java.time.Instant;	out-of-scope	ticket_plan.yaml:648-658	none mapped	undeclared	out_of_scope_lexical_inventory		INFERRED exact-path scope; source not read
1118	specs/.history/modular-fuzzing-epic/ticket-013-MF-026/ticket/results/testgraph/specWorkflow/cleanup-failure-probe-test-graph/sdk/java/src/main/java/com/hayden/testgraphsdk/sdk/ProcessRecord.java:3	lexical hit not semantically classified: import java.time.Instant;	out-of-scope	ticket_plan.yaml:648-658	none mapped	undeclared	out_of_scope_lexical_inventory		INFERRED exact-path scope; source not read
1119	specs/.history/modular-fuzzing-epic/ticket-013-MF-026/ticket/results/testgraph/specWorkflow/cleanup-failure-probe-test-graph/sdk/java/src/main/java/com/hayden/testgraphsdk/sdk/ProcessRecord.java:69	lexical hit not semantically classified: /** Wall-clock duration in milliseconds, or -1 if either timestamp is missing. */	out-of-scope	ticket_plan.yaml:648-658	none mapped	undeclared	out_of_scope_lexical_inventory		INFERRED exact-path scope; source not read
1120	specs/.history/modular-fuzzing-epic/ticket-013-MF-026/ticket/results/testgraph/specWorkflow/cleanup-failure-probe-test-graph/sdk/java/src/main/java/com/hayden/testgraphsdk/sdk/Procs.java:6	lexical hit not semantically classified: import java.time.Instant;	out-of-scope	ticket_plan.yaml:648-658	none mapped	undeclared	out_of_scope_lexical_inventory		INFERRED exact-path scope; source not read
1121	specs/.history/modular-fuzzing-epic/ticket-013-MF-026/ticket/results/testgraph/specWorkflow/cleanup-failure-probe-test-graph/sdk/java/src/main/java/com/hayden/testgraphsdk/sdk/Procs.java:14	lexical hit not semantically classified: * dir), and any spawn-time error. Attach it to the result with	out-of-scope	ticket_plan.yaml:648-658	none mapped	undeclared	out_of_scope_lexical_inventory		INFERRED exact-path scope; source not read
1122	specs/.history/modular-fuzzing-epic/ticket-013-MF-026/ticket/results/testgraph/specWorkflow/cleanup-failure-probe-test-graph/sdk/java/src/main/java/com/hayden/testgraphsdk/sdk/Procs.java:72	lexical hit not semantically classified: Instant startedAt = Instant.now();	out-of-scope	ticket_plan.yaml:648-658	none mapped	undeclared	out_of_scope_lexical_inventory		INFERRED exact-path scope; source not read
1123	specs/.history/modular-fuzzing-epic/ticket-013-MF-026/ticket/results/testgraph/specWorkflow/cleanup-failure-probe-test-graph/sdk/java/src/main/java/com/hayden/testgraphsdk/sdk/Procs.java:78	lexical hit not semantically classified: return new ProcessRecord(label, command, startedAt, Instant.now(),	out-of-scope	ticket_plan.yaml:648-658	none mapped	undeclared	out_of_scope_lexical_inventory		INFERRED exact-path scope; source not read
1124	specs/.history/modular-fuzzing-epic/ticket-013-MF-026/ticket/results/testgraph/specWorkflow/cleanup-failure-probe-test-graph/sdk/java/src/main/java/com/hayden/testgraphsdk/sdk/Procs.java:88	lexical hit not semantically classified: return new ProcessRecord(label, command, startedAt, Instant.now(),	out-of-scope	ticket_plan.yaml:648-658	none mapped	undeclared	out_of_scope_lexical_inventory		INFERRED exact-path scope; source not read
1125	specs/.history/modular-fuzzing-epic/ticket-013-MF-026/ticket/results/testgraph/specWorkflow/cleanup-failure-probe-test-graph/sdk/java/src/main/java/com/hayden/testgraphsdk/sdk/Procs.java:92	lexical hit not semantically classified: label, command, startedAt, Instant.now(),	out-of-scope	ticket_plan.yaml:648-658	none mapped	undeclared	out_of_scope_lexical_inventory		INFERRED exact-path scope; source not read
1126	specs/.history/modular-fuzzing-epic/ticket-013-MF-026/ticket/results/testgraph/specWorkflow/cleanup-failure-probe-test-graph/sdk/python/src/testgraphsdk/procs.py:19	lexical hit not semantically classified: from datetime import datetime, timezone	out-of-scope	ticket_plan.yaml:648-658	none mapped	undeclared	out_of_scope_lexical_inventory		INFERRED exact-path scope; source not read
1127	specs/.history/modular-fuzzing-epic/ticket-013-MF-026/ticket/results/testgraph/specWorkflow/cleanup-failure-probe-test-graph/sdk/python/src/testgraphsdk/procs.py:65	lexical hit not semantically classified: started = datetime.now(timezone.utc)	out-of-scope	ticket_plan.yaml:648-658	none mapped	undeclared	out_of_scope_lexical_inventory		INFERRED exact-path scope; source not read
1128	specs/.history/modular-fuzzing-epic/ticket-013-MF-026/ticket/results/testgraph/specWorkflow/cleanup-failure-probe-test-graph/sdk/python/src/testgraphsdk/procs.py:86	lexical hit not semantically classified: ended_at=datetime.now(timezone.utc),	out-of-scope	ticket_plan.yaml:648-658	none mapped	undeclared	out_of_scope_lexical_inventory		INFERRED exact-path scope; source not read
1129	specs/.history/modular-fuzzing-epic/ticket-013-MF-026/ticket/results/testgraph/specWorkflow/cleanup-failure-probe-test-graph/sdk/python/src/testgraphsdk/procs.py:97	lexical hit not semantically classified: ended_at=datetime.now(timezone.utc),	out-of-scope	ticket_plan.yaml:648-658	none mapped	undeclared	out_of_scope_lexical_inventory		INFERRED exact-path scope; source not read
1130	specs/.history/modular-fuzzing-epic/ticket-013-MF-026/ticket/results/testgraph/specWorkflow/cleanup-failure-probe-test-graph/sdk/python/src/testgraphsdk/procs.py:108	lexical hit not semantically classified: ended_at=datetime.now(timezone.utc),	out-of-scope	ticket_plan.yaml:648-658	none mapped	undeclared	out_of_scope_lexical_inventory		INFERRED exact-path scope; source not read
1131	specs/.history/modular-fuzzing-epic/ticket-013-MF-026/ticket/results/testgraph/specWorkflow/cleanup-failure-probe-test-graph/sdk/python/src/testgraphsdk/result.py:5	lexical hit not semantically classified: from datetime import datetime, timezone	out-of-scope	ticket_plan.yaml:648-658	none mapped	undeclared	out_of_scope_lexical_inventory		INFERRED exact-path scope; source not read
1132	specs/.history/modular-fuzzing-epic/ticket-013-MF-026/ticket/results/testgraph/specWorkflow/cleanup-failure-probe-test-graph/sdk/python/src/testgraphsdk/result.py:52	lexical hit not semantically classified: started_at: datetime | None = None	out-of-scope	ticket_plan.yaml:648-658	none mapped	undeclared	out_of_scope_lexical_inventory		INFERRED exact-path scope; source not read
1133	specs/.history/modular-fuzzing-epic/ticket-013-MF-026/ticket/results/testgraph/specWorkflow/cleanup-failure-probe-test-graph/sdk/python/src/testgraphsdk/result.py:53	lexical hit not semantically classified: ended_at: datetime | None = None	out-of-scope	ticket_plan.yaml:648-658	none mapped	undeclared	out_of_scope_lexical_inventory		INFERRED exact-path scope; source not read
1134	specs/.history/modular-fuzzing-epic/ticket-013-MF-026/ticket/results/testgraph/specWorkflow/cleanup-failure-probe-test-graph/sdk/python/src/testgraphsdk/result.py:65	lexical hit not semantically classified: def iso(d: datetime | None) -> str | None:	out-of-scope	ticket_plan.yaml:648-658	none mapped	undeclared	out_of_scope_lexical_inventory		INFERRED exact-path scope; source not read
1135	specs/.history/modular-fuzzing-epic/ticket-013-MF-026/ticket/results/testgraph/specWorkflow/cleanup-failure-probe-test-graph/sdk/python/src/testgraphsdk/result.py:98	lexical hit not semantically classified: started_at: datetime | None = None	out-of-scope	ticket_plan.yaml:648-658	none mapped	undeclared	out_of_scope_lexical_inventory		INFERRED exact-path scope; source not read
1136	specs/.history/modular-fuzzing-epic/ticket-013-MF-026/ticket/results/testgraph/specWorkflow/cleanup-failure-probe-test-graph/sdk/python/src/testgraphsdk/result.py:99	lexical hit not semantically classified: ended_at: datetime | None = None	out-of-scope	ticket_plan.yaml:648-658	none mapped	undeclared	out_of_scope_lexical_inventory		INFERRED exact-path scope; source not read
1137	specs/.history/modular-fuzzing-epic/ticket-013-MF-026/ticket/results/testgraph/specWorkflow/cleanup-failure-probe-test-graph/sdk/python/src/testgraphsdk/result.py:164	"lexical hit not semantically classified: def _stamp(self, started: datetime, ended: datetime) -> ""NodeResult"":"	out-of-scope	ticket_plan.yaml:648-658	none mapped	undeclared	out_of_scope_lexical_inventory		INFERRED exact-path scope; source not read
1138	specs/.history/modular-fuzzing-epic/ticket-013-MF-026/ticket/results/testgraph/specWorkflow/cleanup-failure-probe-test-graph/sdk/python/src/testgraphsdk/result.py:173	lexical hit not semantically classified: def iso(d: datetime | None) -> str | None:	out-of-scope	ticket_plan.yaml:648-658	none mapped	undeclared	out_of_scope_lexical_inventory		INFERRED exact-path scope; source not read
1139	specs/.history/modular-fuzzing-epic/ticket-013-MF-026/ticket/results/testgraph/specWorkflow/cleanup-failure-probe-test-graph/sdk/python/src/testgraphsdk/runner.py:22	lexical hit not semantically classified: from datetime import datetime, timezone	out-of-scope	ticket_plan.yaml:648-658	none mapped	undeclared	out_of_scope_lexical_inventory		INFERRED exact-path scope; source not read
1140	specs/.history/modular-fuzzing-epic/ticket-013-MF-026/ticket/results/testgraph/specWorkflow/cleanup-failure-probe-test-graph/sdk/python/src/testgraphsdk/runner.py:47	lexical hit not semantically classified: started = datetime.now(timezone.utc)	out-of-scope	ticket_plan.yaml:648-658	none mapped	undeclared	out_of_scope_lexical_inventory		INFERRED exact-path scope; source not read
1141	specs/.history/modular-fuzzing-epic/ticket-013-MF-026/ticket/results/testgraph/specWorkflow/cleanup-failure-probe-test-graph/sdk/python/src/testgraphsdk/runner.py:52	lexical hit not semantically classified: ended = datetime.now(timezone.utc)	out-of-scope	ticket_plan.yaml:648-658	none mapped	undeclared	out_of_scope_lexical_inventory		INFERRED exact-path scope; source not read
1142	specs/.history/modular-fuzzing-epic/ticket-014-MF-028/snapshots/current/production_adapters.py:1796	lexical hit not semantically classified: throwaway repository, four times, and asserts the close-time behavior that	out-of-scope	ticket_plan.yaml:648-658	none mapped	undeclared	out_of_scope_lexical_inventory		INFERRED exact-path scope; source not read
1143	specs/.history/modular-fuzzing-epic/ticket-014-MF-028/ticket/current/production_adapters.py:1796	lexical hit not semantically classified: throwaway repository, four times, and asserts the close-time behavior that	out-of-scope	ticket_plan.yaml:648-658	none mapped	undeclared	out_of_scope_lexical_inventory		INFERRED exact-path scope; source not read
1144	specs/.history/modular-fuzzing-epic/ticket-014-MF-028/ticket/desired/production_adapters.py:1796	lexical hit not semantically classified: throwaway repository, four times, and asserts the close-time behavior that	out-of-scope	ticket_plan.yaml:648-658	none mapped	undeclared	out_of_scope_lexical_inventory		INFERRED exact-path scope; source not read
1145	specs/.history/modular-fuzzing-epic/ticket-015-MF-029/snapshots/current/production_adapters.py:1796	lexical hit not semantically classified: throwaway repository, four times, and asserts the close-time behavior that	out-of-scope	ticket_plan.yaml:648-658	none mapped	undeclared	out_of_scope_lexical_inventory		INFERRED exact-path scope; source not read
1146	specs/.history/modular-fuzzing-epic/ticket-015-MF-029/ticket/current/production_adapters.py:1796	lexical hit not semantically classified: throwaway repository, four times, and asserts the close-time behavior that	out-of-scope	ticket_plan.yaml:648-658	none mapped	undeclared	out_of_scope_lexical_inventory		INFERRED exact-path scope; source not read
1147	specs/.history/modular-fuzzing-epic/ticket-015-MF-029/ticket/desired/production_adapters.py:1796	lexical hit not semantically classified: throwaway repository, four times, and asserts the close-time behavior that	out-of-scope	ticket_plan.yaml:648-658	none mapped	undeclared	out_of_scope_lexical_inventory		INFERRED exact-path scope; source not read
1148	specs/.history/modular-fuzzing-epic/ticket-016-MF-030/snapshots/current/production_adapters.py:1796	lexical hit not semantically classified: throwaway repository, four times, and asserts the close-time behavior that	out-of-scope	ticket_plan.yaml:648-658	none mapped	undeclared	out_of_scope_lexical_inventory		INFERRED exact-path scope; source not read
1149	specs/.history/modular-fuzzing-epic/ticket-016-MF-030/ticket/current/production_adapters.py:1796	lexical hit not semantically classified: throwaway repository, four times, and asserts the close-time behavior that	out-of-scope	ticket_plan.yaml:648-658	none mapped	undeclared	out_of_scope_lexical_inventory		INFERRED exact-path scope; source not read
1150	specs/.history/modular-fuzzing-epic/ticket-016-MF-030/ticket/desired/production_adapters.py:1796	lexical hit not semantically classified: throwaway repository, four times, and asserts the close-time behavior that	out-of-scope	ticket_plan.yaml:648-658	none mapped	undeclared	out_of_scope_lexical_inventory		INFERRED exact-path scope; source not read
1151	specs/.history/modular-fuzzing-epic/ticket-017-MF-031/snapshots/current/production_adapters.py:2092	lexical hit not semantically classified: throwaway repository, four times, and asserts the close-time behavior that	out-of-scope	ticket_plan.yaml:648-658	none mapped	undeclared	out_of_scope_lexical_inventory		INFERRED exact-path scope; source not read
1152	specs/.history/modular-fuzzing-epic/ticket-017-MF-031/ticket/current/production_adapters.py:2092	lexical hit not semantically classified: throwaway repository, four times, and asserts the close-time behavior that	out-of-scope	ticket_plan.yaml:648-658	none mapped	undeclared	out_of_scope_lexical_inventory		INFERRED exact-path scope; source not read
1153	specs/.history/modular-fuzzing-epic/ticket-017-MF-031/ticket/desired/production_adapters.py:2092	lexical hit not semantically classified: throwaway repository, four times, and asserts the close-time behavior that	out-of-scope	ticket_plan.yaml:648-658	none mapped	undeclared	out_of_scope_lexical_inventory		INFERRED exact-path scope; source not read
1154	specs/.history/modular-fuzzing-epic/ticket-018-MF-032/snapshots/current/adapter_case_runtime.py:328	lexical hit not semantically classified: remaining adapters, and it is now fixed centrally.	out-of-scope	ticket_plan.yaml:648-658	none mapped	undeclared	out_of_scope_lexical_inventory		INFERRED exact-path scope; source not read
1155	specs/.history/modular-fuzzing-epic/ticket-018-MF-032/snapshots/current/production_adapters.py:505	lexical hit not semantically classified: # setup_phase is read back from the real tree: current/ + desired/ now	out-of-scope	ticket_plan.yaml:648-658	none mapped	undeclared	out_of_scope_lexical_inventory		INFERRED exact-path scope; source not read
1156	specs/.history/modular-fuzzing-epic/ticket-018-MF-032/snapshots/current/production_adapters.py:1872	lexical hit not semantically classified: throwaway repository, four times, and asserts the close-time behavior that	out-of-scope	ticket_plan.yaml:648-658	none mapped	undeclared	out_of_scope_lexical_inventory		INFERRED exact-path scope; source not read
1157	specs/.history/modular-fuzzing-epic/ticket-018-MF-032/ticket/current/adapter_case_runtime.py:328	lexical hit not semantically classified: remaining adapters, and it is now fixed centrally.	out-of-scope	ticket_plan.yaml:648-658	none mapped	undeclared	out_of_scope_lexical_inventory		INFERRED exact-path scope; source not read
1158	specs/.history/modular-fuzzing-epic/ticket-018-MF-032/ticket/current/production_adapters.py:505	lexical hit not semantically classified: # setup_phase is read back from the real tree: current/ + desired/ now	out-of-scope	ticket_plan.yaml:648-658	none mapped	undeclared	out_of_scope_lexical_inventory		INFERRED exact-path scope; source not read
1159	specs/.history/modular-fuzzing-epic/ticket-018-MF-032/ticket/current/production_adapters.py:1872	lexical hit not semantically classified: throwaway repository, four times, and asserts the close-time behavior that	out-of-scope	ticket_plan.yaml:648-658	none mapped	undeclared	out_of_scope_lexical_inventory		INFERRED exact-path scope; source not read
1160	specs/.history/modular-fuzzing-epic/ticket-018-MF-032/ticket/desired/adapter_case_runtime.py:328	lexical hit not semantically classified: remaining adapters, and it is now fixed centrally.	out-of-scope	ticket_plan.yaml:648-658	none mapped	undeclared	out_of_scope_lexical_inventory		INFERRED exact-path scope; source not read
1161	specs/.history/modular-fuzzing-epic/ticket-018-MF-032/ticket/desired/production_adapters.py:505	lexical hit not semantically classified: # setup_phase is read back from the real tree: current/ + desired/ now	out-of-scope	ticket_plan.yaml:648-658	none mapped	undeclared	out_of_scope_lexical_inventory		INFERRED exact-path scope; source not read
1162	specs/.history/modular-fuzzing-epic/ticket-018-MF-032/ticket/desired/production_adapters.py:1872	lexical hit not semantically classified: throwaway repository, four times, and asserts the close-time behavior that	out-of-scope	ticket_plan.yaml:648-658	none mapped	undeclared	out_of_scope_lexical_inventory		INFERRED exact-path scope; source not read
1163	specs/.history/modular-fuzzing-epic/ticket-019-MF-033/snapshots/current/adapter_case_runtime.py:328	lexical hit not semantically classified: remaining adapters, and it is now fixed centrally.	out-of-scope	ticket_plan.yaml:648-658	none mapped	undeclared	out_of_scope_lexical_inventory		INFERRED exact-path scope; source not read
1164	specs/.history/modular-fuzzing-epic/ticket-019-MF-033/snapshots/current/production_adapters.py:505	lexical hit not semantically classified: # setup_phase is read back from the real tree: current/ + desired/ now	out-of-scope	ticket_plan.yaml:648-658	none mapped	undeclared	out_of_scope_lexical_inventory		INFERRED exact-path scope; source not read
1165	specs/.history/modular-fuzzing-epic/ticket-019-MF-033/snapshots/current/production_adapters.py:1872	lexical hit not semantically classified: throwaway repository, four times, and asserts the close-time behavior that	out-of-scope	ticket_plan.yaml:648-658	none mapped	undeclared	out_of_scope_lexical_inventory		INFERRED exact-path scope; source not read
1166	specs/.history/modular-fuzzing-epic/ticket-019-MF-033/ticket/current/adapter_case_runtime.py:328	lexical hit not semantically classified: remaining adapters, and it is now fixed centrally.	out-of-scope	ticket_plan.yaml:648-658	none mapped	undeclared	out_of_scope_lexical_inventory		INFERRED exact-path scope; source not read
1167	specs/.history/modular-fuzzing-epic/ticket-019-MF-033/ticket/current/production_adapters.py:505	lexical hit not semantically classified: # setup_phase is read back from the real tree: current/ + desired/ now	out-of-scope	ticket_plan.yaml:648-658	none mapped	undeclared	out_of_scope_lexical_inventory		INFERRED exact-path scope; source not read
1168	specs/.history/modular-fuzzing-epic/ticket-019-MF-033/ticket/current/production_adapters.py:1872	lexical hit not semantically classified: throwaway repository, four times, and asserts the close-time behavior that	out-of-scope	ticket_plan.yaml:648-658	none mapped	undeclared	out_of_scope_lexical_inventory		INFERRED exact-path scope; source not read
1169	specs/.history/modular-fuzzing-epic/ticket-019-MF-033/ticket/desired/adapter_case_runtime.py:328	lexical hit not semantically classified: remaining adapters, and it is now fixed centrally.	out-of-scope	ticket_plan.yaml:648-658	none mapped	undeclared	out_of_scope_lexical_inventory		INFERRED exact-path scope; source not read
1170	specs/.history/modular-fuzzing-epic/ticket-019-MF-033/ticket/desired/production_adapters.py:505	lexical hit not semantically classified: # setup_phase is read back from the real tree: current/ + desired/ now	out-of-scope	ticket_plan.yaml:648-658	none mapped	undeclared	out_of_scope_lexical_inventory		INFERRED exact-path scope; source not read
1171	specs/.history/modular-fuzzing-epic/ticket-019-MF-033/ticket/desired/production_adapters.py:1872	lexical hit not semantically classified: throwaway repository, four times, and asserts the close-time behavior that	out-of-scope	ticket_plan.yaml:648-658	none mapped	undeclared	out_of_scope_lexical_inventory		INFERRED exact-path scope; source not read
1172	specs/.history/modular-fuzzing-epic/ticket-020-MF-038/snapshots/current/adapter_case_runtime.py:328	lexical hit not semantically classified: remaining adapters, and it is now fixed centrally.	out-of-scope	ticket_plan.yaml:648-658	none mapped	undeclared	out_of_scope_lexical_inventory		INFERRED exact-path scope; source not read
1173	specs/.history/modular-fuzzing-epic/ticket-020-MF-038/snapshots/current/production_adapters.py:505	lexical hit not semantically classified: # setup_phase is read back from the real tree: current/ + desired/ now	out-of-scope	ticket_plan.yaml:648-658	none mapped	undeclared	out_of_scope_lexical_inventory		INFERRED exact-path scope; source not read
1174	specs/.history/modular-fuzzing-epic/ticket-020-MF-038/snapshots/current/production_adapters.py:1872	lexical hit not semantically classified: throwaway repository, four times, and asserts the close-time behavior that	out-of-scope	ticket_plan.yaml:648-658	none mapped	undeclared	out_of_scope_lexical_inventory		INFERRED exact-path scope; source not read
1175	specs/.history/modular-fuzzing-epic/ticket-020-MF-038/ticket/current/adapter_case_runtime.py:328	lexical hit not semantically classified: remaining adapters, and it is now fixed centrally.	out-of-scope	ticket_plan.yaml:648-658	none mapped	undeclared	out_of_scope_lexical_inventory		INFERRED exact-path scope; source not read
1176	specs/.history/modular-fuzzing-epic/ticket-020-MF-038/ticket/current/production_adapters.py:505	lexical hit not semantically classified: # setup_phase is read back from the real tree: current/ + desired/ now	out-of-scope	ticket_plan.yaml:648-658	none mapped	undeclared	out_of_scope_lexical_inventory		INFERRED exact-path scope; source not read
1177	specs/.history/modular-fuzzing-epic/ticket-020-MF-038/ticket/current/production_adapters.py:1872	lexical hit not semantically classified: throwaway repository, four times, and asserts the close-time behavior that	out-of-scope	ticket_plan.yaml:648-658	none mapped	undeclared	out_of_scope_lexical_inventory		INFERRED exact-path scope; source not read
1178	specs/.history/modular-fuzzing-epic/ticket-020-MF-038/ticket/desired/adapter_case_runtime.py:328	lexical hit not semantically classified: remaining adapters, and it is now fixed centrally.	out-of-scope	ticket_plan.yaml:648-658	none mapped	undeclared	out_of_scope_lexical_inventory		INFERRED exact-path scope; source not read
1179	specs/.history/modular-fuzzing-epic/ticket-020-MF-038/ticket/desired/production_adapters.py:505	lexical hit not semantically classified: # setup_phase is read back from the real tree: current/ + desired/ now	out-of-scope	ticket_plan.yaml:648-658	none mapped	undeclared	out_of_scope_lexical_inventory		INFERRED exact-path scope; source not read
1180	specs/.history/modular-fuzzing-epic/ticket-020-MF-038/ticket/desired/production_adapters.py:1872	lexical hit not semantically classified: throwaway repository, four times, and asserts the close-time behavior that	out-of-scope	ticket_plan.yaml:648-658	none mapped	undeclared	out_of_scope_lexical_inventory		INFERRED exact-path scope; source not read
1181	specs/.history/modular-fuzzing-epic/ticket-022-MF-036/snapshots/current/production_adapters.py:1801	lexical hit not semantically classified: throwaway repository, four times, and asserts the close-time behavior that	out-of-scope	ticket_plan.yaml:648-658	none mapped	undeclared	out_of_scope_lexical_inventory		INFERRED exact-path scope; source not read
1182	specs/.history/modular-fuzzing-epic/ticket-022-MF-036/ticket/current/production_adapters.py:1801	lexical hit not semantically classified: throwaway repository, four times, and asserts the close-time behavior that	out-of-scope	ticket_plan.yaml:648-658	none mapped	undeclared	out_of_scope_lexical_inventory		INFERRED exact-path scope; source not read
1183	specs/.history/modular-fuzzing-epic/ticket-022-MF-036/ticket/desired/production_adapters.py:1801	lexical hit not semantically classified: throwaway repository, four times, and asserts the close-time behavior that	out-of-scope	ticket_plan.yaml:648-658	none mapped	undeclared	out_of_scope_lexical_inventory		INFERRED exact-path scope; source not read
1184	specs/.history/modular-fuzzing-epic/ticket-024-MF-023/snapshots/current/adapter_case_runtime.py:328	lexical hit not semantically classified: remaining adapters, and it is now fixed centrally.	out-of-scope	ticket_plan.yaml:648-658	none mapped	undeclared	out_of_scope_lexical_inventory		INFERRED exact-path scope; source not read
1185	specs/.history/modular-fuzzing-epic/ticket-024-MF-023/snapshots/current/production_adapters.py:505	lexical hit not semantically classified: # setup_phase is read back from the real tree: current/ + desired/ now	out-of-scope	ticket_plan.yaml:648-658	none mapped	undeclared	out_of_scope_lexical_inventory		INFERRED exact-path scope; source not read
1186	specs/.history/modular-fuzzing-epic/ticket-024-MF-023/snapshots/current/production_adapters.py:1872	lexical hit not semantically classified: throwaway repository, four times, and asserts the close-time behavior that	out-of-scope	ticket_plan.yaml:648-658	none mapped	undeclared	out_of_scope_lexical_inventory		INFERRED exact-path scope; source not read
1187	specs/.history/modular-fuzzing-epic/ticket-024-MF-023/ticket/current/adapter_case_runtime.py:328	lexical hit not semantically classified: remaining adapters, and it is now fixed centrally.	out-of-scope	ticket_plan.yaml:648-658	none mapped	undeclared	out_of_scope_lexical_inventory		INFERRED exact-path scope; source not read
1188	specs/.history/modular-fuzzing-epic/ticket-024-MF-023/ticket/current/production_adapters.py:505	lexical hit not semantically classified: # setup_phase is read back from the real tree: current/ + desired/ now	out-of-scope	ticket_plan.yaml:648-658	none mapped	undeclared	out_of_scope_lexical_inventory		INFERRED exact-path scope; source not read
1189	specs/.history/modular-fuzzing-epic/ticket-024-MF-023/ticket/current/production_adapters.py:1872	lexical hit not semantically classified: throwaway repository, four times, and asserts the close-time behavior that	out-of-scope	ticket_plan.yaml:648-658	none mapped	undeclared	out_of_scope_lexical_inventory		INFERRED exact-path scope; source not read
1190	specs/.history/modular-fuzzing-epic/ticket-024-MF-023/ticket/desired/adapter_case_runtime.py:328	lexical hit not semantically classified: remaining adapters, and it is now fixed centrally.	out-of-scope	ticket_plan.yaml:648-658	none mapped	undeclared	out_of_scope_lexical_inventory		INFERRED exact-path scope; source not read
1191	specs/.history/modular-fuzzing-epic/ticket-024-MF-023/ticket/desired/production_adapters.py:505	lexical hit not semantically classified: # setup_phase is read back from the real tree: current/ + desired/ now	out-of-scope	ticket_plan.yaml:648-658	none mapped	undeclared	out_of_scope_lexical_inventory		INFERRED exact-path scope; source not read
1192	specs/.history/modular-fuzzing-epic/ticket-024-MF-023/ticket/desired/production_adapters.py:1872	lexical hit not semantically classified: throwaway repository, four times, and asserts the close-time behavior that	out-of-scope	ticket_plan.yaml:648-658	none mapped	undeclared	out_of_scope_lexical_inventory		INFERRED exact-path scope; source not read
1193	specs/current/adapter_case_runtime.py:328	lexical hit not semantically classified: remaining adapters, and it is now fixed centrally.	out-of-scope	ticket_plan.yaml:648-658	none mapped	undeclared	out_of_scope_lexical_inventory		INFERRED exact-path scope; source not read
1194	specs/current/production_adapters.py:505	lexical hit not semantically classified: # setup_phase is read back from the real tree: current/ + desired/ now	out-of-scope	ticket_plan.yaml:648-658	none mapped	undeclared	out_of_scope_lexical_inventory		INFERRED exact-path scope; source not read
1195	specs/current/production_adapters.py:1872	lexical hit not semantically classified: throwaway repository, four times, and asserts the close-time behavior that	out-of-scope	ticket_plan.yaml:648-658	none mapped	undeclared	out_of_scope_lexical_inventory		INFERRED exact-path scope; source not read
1196	specs/tickets/MF-027/results/graph-reports/specWorkflow-20260719-194428-2cebfb33/cleanup-failure-probe-test-graph/build-logic/src/main/kotlin/com/hayden/testgraphsdk/MiniJson.kt:6	lexical hit not semantically classified: * Keeps the plugin dependency-free now that we no longer need snakeyaml.	out-of-scope	ticket_plan.yaml:648-658	none mapped	undeclared	out_of_scope_lexical_inventory		INFERRED exact-path scope; source not read
1197	specs/tickets/MF-027/results/graph-reports/specWorkflow-20260719-194428-2cebfb33/cleanup-failure-probe-test-graph/build-logic/src/main/kotlin/com/hayden/testgraphsdk/TestGraphSpec.kt:8	lexical hit not semantically classified: * Every setter returns `this`; at plan-build time the overlay is merged	out-of-scope	ticket_plan.yaml:648-658	none mapped	undeclared	out_of_scope_lexical_inventory		INFERRED exact-path scope; source not read
1198	specs/tickets/MF-027/results/graph-reports/specWorkflow-20260719-194428-2cebfb33/cleanup-failure-probe-test-graph/build-logic/src/main/kotlin/com/hayden/testgraphsdk/TestGraphSpec.kt:55	lexical hit not semantically classified: * at execution time.	out-of-scope	ticket_plan.yaml:648-658	none mapped	undeclared	out_of_scope_lexical_inventory		INFERRED exact-path scope; source not read
1199	specs/tickets/MF-027/results/graph-reports/specWorkflow-20260719-194428-2cebfb33/cleanup-failure-probe-test-graph/build-logic/src/main/kotlin/com/hayden/testgraphsdk/ValidationGraphPlugin.kt:74	lexical hit not semantically classified: // serialized in declaration order. Configure-time `dependsOn` is	out-of-scope	ticket_plan.yaml:648-658	none mapped	undeclared	out_of_scope_lexical_inventory		INFERRED exact-path scope; source not read
1200	specs/tickets/MF-027/results/graph-reports/specWorkflow-20260719-194428-2cebfb33/cleanup-failure-probe-test-graph/build-logic/src/main/kotlin/com/hayden/testgraphsdk/exec/Executors.kt:89	lexical hit not semantically classified: * Wait for [process] up to [timeoutMillis]; if it doesn't return in time,	out-of-scope	ticket_plan.yaml:648-658	none mapped	undeclared	out_of_scope_lexical_inventory		INFERRED exact-path scope; source not read
1201	specs/tickets/MF-027/results/graph-reports/specWorkflow-20260719-194428-2cebfb33/cleanup-failure-probe-test-graph/build-logic/src/main/kotlin/com/hayden/testgraphsdk/exec/Executors.kt:96	lexical hit not semantically classified: * `waitFor()`; the spec parser doesn't emit those today, but the helper	out-of-scope	ticket_plan.yaml:648-658	none mapped	undeclared	out_of_scope_lexical_inventory		INFERRED exact-path scope; source not read
1202	specs/tickets/MF-027/results/graph-reports/specWorkflow-20260719-194428-2cebfb33/cleanup-failure-probe-test-graph/build-logic/src/main/kotlin/com/hayden/testgraphsdk/exec/JBangExecutor.kt:12	lexical hit not semantically classified: * crash, OOM at fork time, etc.). PlanExecutor stamps the path onto	out-of-scope	ticket_plan.yaml:648-658	none mapped	undeclared	out_of_scope_lexical_inventory		INFERRED exact-path scope; source not read
1203	specs/tickets/MF-027/results/graph-reports/specWorkflow-20260719-194428-2cebfb33/cleanup-failure-probe-test-graph/build-logic/src/main/kotlin/com/hayden/testgraphsdk/exec/PlanExecutor.kt:8	lexical hit not semantically classified: import java.time.Instant	out-of-scope	ticket_plan.yaml:648-658	none mapped	undeclared	out_of_scope_lexical_inventory		INFERRED exact-path scope; source not read
1204	specs/tickets/MF-027/results/graph-reports/specWorkflow-20260719-194428-2cebfb33/cleanup-failure-probe-test-graph/build-logic/src/main/kotlin/com/hayden/testgraphsdk/exec/PlanExecutor.kt:138	lexical hit not semantically classified: var startedAt = Instant.now()	out-of-scope	ticket_plan.yaml:648-658	none mapped	undeclared	out_of_scope_lexical_inventory		INFERRED exact-path scope; source not read
1205	specs/tickets/MF-027/results/graph-reports/specWorkflow-20260719-194428-2cebfb33/cleanup-failure-probe-test-graph/build-logic/src/main/kotlin/com/hayden/testgraphsdk/exec/PlanExecutor.kt:164	lexical hit not semantically classified: startedAt = Instant.now()	out-of-scope	ticket_plan.yaml:648-658	none mapped	undeclared	out_of_scope_lexical_inventory		INFERRED exact-path scope; source not read
1206	specs/tickets/MF-027/results/graph-reports/specWorkflow-20260719-194428-2cebfb33/cleanup-failure-probe-test-graph/build-logic/src/main/kotlin/com/hayden/testgraphsdk/exec/PlanExecutor.kt:166	lexical hit not semantically classified: endedAt = Instant.now()	out-of-scope	ticket_plan.yaml:648-658	none mapped	undeclared	out_of_scope_lexical_inventory		INFERRED exact-path scope; source not read
1207	specs/tickets/MF-027/results/graph-reports/specWorkflow-20260719-194428-2cebfb33/cleanup-failure-probe-test-graph/build-logic/src/main/kotlin/com/hayden/testgraphsdk/exec/PlanExecutor.kt:209	lexical hit not semantically classified: val now = Instant.now()	out-of-scope	ticket_plan.yaml:648-658	none mapped	undeclared	out_of_scope_lexical_inventory		INFERRED exact-path scope; source not read
1208	specs/tickets/MF-027/results/graph-reports/specWorkflow-20260719-194428-2cebfb33/cleanup-failure-probe-test-graph/build-logic/src/main/kotlin/com/hayden/testgraphsdk/exec/PlanExecutor.kt:222	lexical hit not semantically classified: startedAt = now,	out-of-scope	ticket_plan.yaml:648-658	none mapped	undeclared	out_of_scope_lexical_inventory		INFERRED exact-path scope; source not read
1209	specs/tickets/MF-027/results/graph-reports/specWorkflow-20260719-194428-2cebfb33/cleanup-failure-probe-test-graph/build-logic/src/main/kotlin/com/hayden/testgraphsdk/exec/PlanExecutor.kt:223	lexical hit not semantically classified: endedAt = now,	out-of-scope	ticket_plan.yaml:648-658	none mapped	undeclared	out_of_scope_lexical_inventory		INFERRED exact-path scope; source not read
1210	specs/tickets/MF-027/results/graph-reports/specWorkflow-20260719-194428-2cebfb33/cleanup-failure-probe-test-graph/build-logic/src/main/kotlin/com/hayden/testgraphsdk/exec/TimeoutParser.kt:6	lexical hit not semantically classified: * Accepts the suffix forms NodeSpec specs in the wild use today —	out-of-scope	ticket_plan.yaml:648-658	none mapped	undeclared	out_of_scope_lexical_inventory		INFERRED exact-path scope; source not read
1211	specs/tickets/MF-027/results/graph-reports/specWorkflow-20260719-194428-2cebfb33/cleanup-failure-probe-test-graph/build-logic/src/main/kotlin/com/hayden/testgraphsdk/exec/TimeoutParser.kt:10	lexical hit not semantically classified: * configuration time.	out-of-scope	ticket_plan.yaml:648-658	none mapped	undeclared	out_of_scope_lexical_inventory		INFERRED exact-path scope; source not read
1212	specs/tickets/MF-027/results/graph-reports/specWorkflow-20260719-194428-2cebfb33/cleanup-failure-probe-test-graph/build-logic/src/main/kotlin/com/hayden/testgraphsdk/tasks/RunReportWriter.kt:25	lexical hit not semantically classified: * The renderer now lives here as a plain object so {@link	out-of-scope	ticket_plan.yaml:648-658	none mapped	undeclared	out_of_scope_lexical_inventory		INFERRED exact-path scope; source not read
1213	specs/tickets/MF-027/results/graph-reports/specWorkflow-20260719-194428-2cebfb33/cleanup-failure-probe-test-graph/build-logic/src/main/kotlin/com/hayden/testgraphsdk/tasks/RunReportWriter.kt:300	lexical hit not semantically classified: java.time.Instant.parse(endIso).toEpochMilli() -	out-of-scope	ticket_plan.yaml:648-658	none mapped	undeclared	out_of_scope_lexical_inventory		INFERRED exact-path scope; source not read
1214	specs/tickets/MF-027/results/graph-reports/specWorkflow-20260719-194428-2cebfb33/cleanup-failure-probe-test-graph/build-logic/src/main/kotlin/com/hayden/testgraphsdk/tasks/RunReportWriter.kt:301	lexical hit not semantically classified: java.time.Instant.parse(startIso).toEpochMilli()	out-of-scope	ticket_plan.yaml:648-658	none mapped	undeclared	out_of_scope_lexical_inventory		INFERRED exact-path scope; source not read
1215	specs/tickets/MF-027/results/graph-reports/specWorkflow-20260719-194428-2cebfb33/cleanup-failure-probe-test-graph/build-logic/src/main/kotlin/com/hayden/testgraphsdk/tasks/RunTestGraphTask.kt:14	lexical hit not semantically classified: import java.time.Instant	out-of-scope	ticket_plan.yaml:648-658	none mapped	undeclared	out_of_scope_lexical_inventory		INFERRED exact-path scope; source not read
1216	specs/tickets/MF-027/results/graph-reports/specWorkflow-20260719-194428-2cebfb33/cleanup-failure-probe-test-graph/build-logic/src/main/kotlin/com/hayden/testgraphsdk/tasks/RunTestGraphTask.kt:15	lexical hit not semantically classified: import java.time.ZoneOffset	out-of-scope	ticket_plan.yaml:648-658	none mapped	undeclared	out_of_scope_lexical_inventory		INFERRED exact-path scope; source not read
1217	specs/tickets/MF-027/results/graph-reports/specWorkflow-20260719-194428-2cebfb33/cleanup-failure-probe-test-graph/build-logic/src/main/kotlin/com/hayden/testgraphsdk/tasks/RunTestGraphTask.kt:16	lexical hit not semantically classified: import java.time.format.DateTimeFormatter	out-of-scope	ticket_plan.yaml:648-658	none mapped	undeclared	out_of_scope_lexical_inventory		INFERRED exact-path scope; source not read
1218	specs/tickets/MF-027/results/graph-reports/specWorkflow-20260719-194428-2cebfb33/cleanup-failure-probe-test-graph/build-logic/src/main/kotlin/com/hayden/testgraphsdk/tasks/RunTestGraphTask.kt:23	"lexical hit not semantically classified: return ""${safeGraphName}-${fmt.format(Instant.now())}-${UUID.randomUUID().toString().take(8)}"""	out-of-scope	ticket_plan.yaml:648-658	none mapped	undeclared	out_of_scope_lexical_inventory		INFERRED exact-path scope; source not read
1219	specs/tickets/MF-027/results/graph-reports/specWorkflow-20260719-194428-2cebfb33/cleanup-failure-probe-test-graph/build-logic/src/main/kotlin/com/hayden/testgraphsdk/tasks/RunTestGraphTask.kt:31	lexical hit not semantically classified: * Non-Property internal fields are set at configuration time by the	out-of-scope	ticket_plan.yaml:648-658	none mapped	undeclared	out_of_scope_lexical_inventory		INFERRED exact-path scope; source not read
1220	specs/tickets/MF-027/results/graph-reports/specWorkflow-20260719-194428-2cebfb33/cleanup-failure-probe-test-graph/sdk/java/src/main/java/com/hayden/testgraphsdk/sdk/Node.java:5	lexical hit not semantically classified: import java.time.Instant;	out-of-scope	ticket_plan.yaml:648-658	none mapped	undeclared	out_of_scope_lexical_inventory		INFERRED exact-path scope; source not read
1221	specs/tickets/MF-027/results/graph-reports/specWorkflow-20260719-194428-2cebfb33/cleanup-failure-probe-test-graph/sdk/java/src/main/java/com/hayden/testgraphsdk/sdk/Node.java:50	lexical hit not semantically classified: Instant startedAt = Instant.now();	out-of-scope	ticket_plan.yaml:648-658	none mapped	undeclared	out_of_scope_lexical_inventory		INFERRED exact-path scope; source not read
1222	specs/tickets/MF-027/results/graph-reports/specWorkflow-20260719-194428-2cebfb33/cleanup-failure-probe-test-graph/sdk/java/src/main/java/com/hayden/testgraphsdk/sdk/Node.java:53	lexical hit not semantically classified: result = body.apply(ctx).startedAt(startedAt).endedAt(Instant.now());	out-of-scope	ticket_plan.yaml:648-658	none mapped	undeclared	out_of_scope_lexical_inventory		INFERRED exact-path scope; source not read
1223	specs/tickets/MF-027/results/graph-reports/specWorkflow-20260719-194428-2cebfb33/cleanup-failure-probe-test-graph/sdk/java/src/main/java/com/hayden/testgraphsdk/sdk/Node.java:57	lexical hit not semantically classified: .endedAt(Instant.now());	out-of-scope	ticket_plan.yaml:648-658	none mapped	undeclared	out_of_scope_lexical_inventory		INFERRED exact-path scope; source not read
1224	specs/tickets/MF-027/results/graph-reports/specWorkflow-20260719-194428-2cebfb33/cleanup-failure-probe-test-graph/sdk/java/src/main/java/com/hayden/testgraphsdk/sdk/NodeResult.java:5	lexical hit not semantically classified: import java.time.Instant;	out-of-scope	ticket_plan.yaml:648-658	none mapped	undeclared	out_of_scope_lexical_inventory		INFERRED exact-path scope; source not read
1225	specs/tickets/MF-027/results/graph-reports/specWorkflow-20260719-194428-2cebfb33/cleanup-failure-probe-test-graph/sdk/java/src/main/java/com/hayden/testgraphsdk/sdk/ProcessRecord.java:3	lexical hit not semantically classified: import java.time.Instant;	out-of-scope	ticket_plan.yaml:648-658	none mapped	undeclared	out_of_scope_lexical_inventory		INFERRED exact-path scope; source not read
1226	specs/tickets/MF-027/results/graph-reports/specWorkflow-20260719-194428-2cebfb33/cleanup-failure-probe-test-graph/sdk/java/src/main/java/com/hayden/testgraphsdk/sdk/ProcessRecord.java:69	lexical hit not semantically classified: /** Wall-clock duration in milliseconds, or -1 if either timestamp is missing. */	out-of-scope	ticket_plan.yaml:648-658	none mapped	undeclared	out_of_scope_lexical_inventory		INFERRED exact-path scope; source not read
1227	specs/tickets/MF-027/results/graph-reports/specWorkflow-20260719-194428-2cebfb33/cleanup-failure-probe-test-graph/sdk/java/src/main/java/com/hayden/testgraphsdk/sdk/Procs.java:6	lexical hit not semantically classified: import java.time.Instant;	out-of-scope	ticket_plan.yaml:648-658	none mapped	undeclared	out_of_scope_lexical_inventory		INFERRED exact-path scope; source not read
1228	specs/tickets/MF-027/results/graph-reports/specWorkflow-20260719-194428-2cebfb33/cleanup-failure-probe-test-graph/sdk/java/src/main/java/com/hayden/testgraphsdk/sdk/Procs.java:14	lexical hit not semantically classified: * dir), and any spawn-time error. Attach it to the result with	out-of-scope	ticket_plan.yaml:648-658	none mapped	undeclared	out_of_scope_lexical_inventory		INFERRED exact-path scope; source not read
1229	specs/tickets/MF-027/results/graph-reports/specWorkflow-20260719-194428-2cebfb33/cleanup-failure-probe-test-graph/sdk/java/src/main/java/com/hayden/testgraphsdk/sdk/Procs.java:72	lexical hit not semantically classified: Instant startedAt = Instant.now();	out-of-scope	ticket_plan.yaml:648-658	none mapped	undeclared	out_of_scope_lexical_inventory		INFERRED exact-path scope; source not read
1230	specs/tickets/MF-027/results/graph-reports/specWorkflow-20260719-194428-2cebfb33/cleanup-failure-probe-test-graph/sdk/java/src/main/java/com/hayden/testgraphsdk/sdk/Procs.java:78	lexical hit not semantically classified: return new ProcessRecord(label, command, startedAt, Instant.now(),	out-of-scope	ticket_plan.yaml:648-658	none mapped	undeclared	out_of_scope_lexical_inventory		INFERRED exact-path scope; source not read
1231	specs/tickets/MF-027/results/graph-reports/specWorkflow-20260719-194428-2cebfb33/cleanup-failure-probe-test-graph/sdk/java/src/main/java/com/hayden/testgraphsdk/sdk/Procs.java:88	lexical hit not semantically classified: return new ProcessRecord(label, command, startedAt, Instant.now(),	out-of-scope	ticket_plan.yaml:648-658	none mapped	undeclared	out_of_scope_lexical_inventory		INFERRED exact-path scope; source not read
1232	specs/tickets/MF-027/results/graph-reports/specWorkflow-20260719-194428-2cebfb33/cleanup-failure-probe-test-graph/sdk/java/src/main/java/com/hayden/testgraphsdk/sdk/Procs.java:92	lexical hit not semantically classified: label, command, startedAt, Instant.now(),	out-of-scope	ticket_plan.yaml:648-658	none mapped	undeclared	out_of_scope_lexical_inventory		INFERRED exact-path scope; source not read
1233	specs/tickets/MF-027/results/graph-reports/specWorkflow-20260719-194428-2cebfb33/cleanup-failure-probe-test-graph/sdk/python/src/testgraphsdk/procs.py:19	lexical hit not semantically classified: from datetime import datetime, timezone	out-of-scope	ticket_plan.yaml:648-658	none mapped	undeclared	out_of_scope_lexical_inventory		INFERRED exact-path scope; source not read
1234	specs/tickets/MF-027/results/graph-reports/specWorkflow-20260719-194428-2cebfb33/cleanup-failure-probe-test-graph/sdk/python/src/testgraphsdk/procs.py:65	lexical hit not semantically classified: started = datetime.now(timezone.utc)	out-of-scope	ticket_plan.yaml:648-658	none mapped	undeclared	out_of_scope_lexical_inventory		INFERRED exact-path scope; source not read
1235	specs/tickets/MF-027/results/graph-reports/specWorkflow-20260719-194428-2cebfb33/cleanup-failure-probe-test-graph/sdk/python/src/testgraphsdk/procs.py:86	lexical hit not semantically classified: ended_at=datetime.now(timezone.utc),	out-of-scope	ticket_plan.yaml:648-658	none mapped	undeclared	out_of_scope_lexical_inventory		INFERRED exact-path scope; source not read
1236	specs/tickets/MF-027/results/graph-reports/specWorkflow-20260719-194428-2cebfb33/cleanup-failure-probe-test-graph/sdk/python/src/testgraphsdk/procs.py:97	lexical hit not semantically classified: ended_at=datetime.now(timezone.utc),	out-of-scope	ticket_plan.yaml:648-658	none mapped	undeclared	out_of_scope_lexical_inventory		INFERRED exact-path scope; source not read
1237	specs/tickets/MF-027/results/graph-reports/specWorkflow-20260719-194428-2cebfb33/cleanup-failure-probe-test-graph/sdk/python/src/testgraphsdk/procs.py:108	lexical hit not semantically classified: ended_at=datetime.now(timezone.utc),	out-of-scope	ticket_plan.yaml:648-658	none mapped	undeclared	out_of_scope_lexical_inventory		INFERRED exact-path scope; source not read
1238	specs/tickets/MF-027/results/graph-reports/specWorkflow-20260719-194428-2cebfb33/cleanup-failure-probe-test-graph/sdk/python/src/testgraphsdk/result.py:5	lexical hit not semantically classified: from datetime import datetime, timezone	out-of-scope	ticket_plan.yaml:648-658	none mapped	undeclared	out_of_scope_lexical_inventory		INFERRED exact-path scope; source not read
1239	specs/tickets/MF-027/results/graph-reports/specWorkflow-20260719-194428-2cebfb33/cleanup-failure-probe-test-graph/sdk/python/src/testgraphsdk/result.py:52	lexical hit not semantically classified: started_at: datetime | None = None	out-of-scope	ticket_plan.yaml:648-658	none mapped	undeclared	out_of_scope_lexical_inventory		INFERRED exact-path scope; source not read
1240	specs/tickets/MF-027/results/graph-reports/specWorkflow-20260719-194428-2cebfb33/cleanup-failure-probe-test-graph/sdk/python/src/testgraphsdk/result.py:53	lexical hit not semantically classified: ended_at: datetime | None = None	out-of-scope	ticket_plan.yaml:648-658	none mapped	undeclared	out_of_scope_lexical_inventory		INFERRED exact-path scope; source not read
1241	specs/tickets/MF-027/results/graph-reports/specWorkflow-20260719-194428-2cebfb33/cleanup-failure-probe-test-graph/sdk/python/src/testgraphsdk/result.py:65	lexical hit not semantically classified: def iso(d: datetime | None) -> str | None:	out-of-scope	ticket_plan.yaml:648-658	none mapped	undeclared	out_of_scope_lexical_inventory		INFERRED exact-path scope; source not read
1242	specs/tickets/MF-027/results/graph-reports/specWorkflow-20260719-194428-2cebfb33/cleanup-failure-probe-test-graph/sdk/python/src/testgraphsdk/result.py:98	lexical hit not semantically classified: started_at: datetime | None = None	out-of-scope	ticket_plan.yaml:648-658	none mapped	undeclared	out_of_scope_lexical_inventory		INFERRED exact-path scope; source not read
1243	specs/tickets/MF-027/results/graph-reports/specWorkflow-20260719-194428-2cebfb33/cleanup-failure-probe-test-graph/sdk/python/src/testgraphsdk/result.py:99	lexical hit not semantically classified: ended_at: datetime | None = None	out-of-scope	ticket_plan.yaml:648-658	none mapped	undeclared	out_of_scope_lexical_inventory		INFERRED exact-path scope; source not read
1244	specs/tickets/MF-027/results/graph-reports/specWorkflow-20260719-194428-2cebfb33/cleanup-failure-probe-test-graph/sdk/python/src/testgraphsdk/result.py:164	"lexical hit not semantically classified: def _stamp(self, started: datetime, ended: datetime) -> ""NodeResult"":"	out-of-scope	ticket_plan.yaml:648-658	none mapped	undeclared	out_of_scope_lexical_inventory		INFERRED exact-path scope; source not read
1245	specs/tickets/MF-027/results/graph-reports/specWorkflow-20260719-194428-2cebfb33/cleanup-failure-probe-test-graph/sdk/python/src/testgraphsdk/result.py:173	lexical hit not semantically classified: def iso(d: datetime | None) -> str | None:	out-of-scope	ticket_plan.yaml:648-658	none mapped	undeclared	out_of_scope_lexical_inventory		INFERRED exact-path scope; source not read
1246	specs/tickets/MF-027/results/graph-reports/specWorkflow-20260719-194428-2cebfb33/cleanup-failure-probe-test-graph/sdk/python/src/testgraphsdk/runner.py:22	lexical hit not semantically classified: from datetime import datetime, timezone	out-of-scope	ticket_plan.yaml:648-658	none mapped	undeclared	out_of_scope_lexical_inventory		INFERRED exact-path scope; source not read
1247	specs/tickets/MF-027/results/graph-reports/specWorkflow-20260719-194428-2cebfb33/cleanup-failure-probe-test-graph/sdk/python/src/testgraphsdk/runner.py:47	lexical hit not semantically classified: started = datetime.now(timezone.utc)	out-of-scope	ticket_plan.yaml:648-658	none mapped	undeclared	out_of_scope_lexical_inventory		INFERRED exact-path scope; source not read
1248	specs/tickets/MF-027/results/graph-reports/specWorkflow-20260719-194428-2cebfb33/cleanup-failure-probe-test-graph/sdk/python/src/testgraphsdk/runner.py:52	lexical hit not semantically classified: ended = datetime.now(timezone.utc)	out-of-scope	ticket_plan.yaml:648-658	none mapped	undeclared	out_of_scope_lexical_inventory		INFERRED exact-path scope; source not read
1249	specs/tickets/MF-027/results/graph-reports/specWorkflow-20260719-195414-d28e3b52/cleanup-failure-probe-test-graph/build-logic/src/main/kotlin/com/hayden/testgraphsdk/MiniJson.kt:6	lexical hit not semantically classified: * Keeps the plugin dependency-free now that we no longer need snakeyaml.	out-of-scope	ticket_plan.yaml:648-658	none mapped	undeclared	out_of_scope_lexical_inventory		INFERRED exact-path scope; source not read
1250	specs/tickets/MF-027/results/graph-reports/specWorkflow-20260719-195414-d28e3b52/cleanup-failure-probe-test-graph/build-logic/src/main/kotlin/com/hayden/testgraphsdk/TestGraphSpec.kt:8	lexical hit not semantically classified: * Every setter returns `this`; at plan-build time the overlay is merged	out-of-scope	ticket_plan.yaml:648-658	none mapped	undeclared	out_of_scope_lexical_inventory		INFERRED exact-path scope; source not read
1251	specs/tickets/MF-027/results/graph-reports/specWorkflow-20260719-195414-d28e3b52/cleanup-failure-probe-test-graph/build-logic/src/main/kotlin/com/hayden/testgraphsdk/TestGraphSpec.kt:55	lexical hit not semantically classified: * at execution time.	out-of-scope	ticket_plan.yaml:648-658	none mapped	undeclared	out_of_scope_lexical_inventory		INFERRED exact-path scope; source not read
1252	specs/tickets/MF-027/results/graph-reports/specWorkflow-20260719-195414-d28e3b52/cleanup-failure-probe-test-graph/build-logic/src/main/kotlin/com/hayden/testgraphsdk/ValidationGraphPlugin.kt:74	lexical hit not semantically classified: // serialized in declaration order. Configure-time `dependsOn` is	out-of-scope	ticket_plan.yaml:648-658	none mapped	undeclared	out_of_scope_lexical_inventory		INFERRED exact-path scope; source not read
1253	specs/tickets/MF-027/results/graph-reports/specWorkflow-20260719-195414-d28e3b52/cleanup-failure-probe-test-graph/build-logic/src/main/kotlin/com/hayden/testgraphsdk/exec/Executors.kt:89	lexical hit not semantically classified: * Wait for [process] up to [timeoutMillis]; if it doesn't return in time,	out-of-scope	ticket_plan.yaml:648-658	none mapped	undeclared	out_of_scope_lexical_inventory		INFERRED exact-path scope; source not read
1254	specs/tickets/MF-027/results/graph-reports/specWorkflow-20260719-195414-d28e3b52/cleanup-failure-probe-test-graph/build-logic/src/main/kotlin/com/hayden/testgraphsdk/exec/Executors.kt:96	lexical hit not semantically classified: * `waitFor()`; the spec parser doesn't emit those today, but the helper	out-of-scope	ticket_plan.yaml:648-658	none mapped	undeclared	out_of_scope_lexical_inventory		INFERRED exact-path scope; source not read
1255	specs/tickets/MF-027/results/graph-reports/specWorkflow-20260719-195414-d28e3b52/cleanup-failure-probe-test-graph/build-logic/src/main/kotlin/com/hayden/testgraphsdk/exec/JBangExecutor.kt:12	lexical hit not semantically classified: * crash, OOM at fork time, etc.). PlanExecutor stamps the path onto	out-of-scope	ticket_plan.yaml:648-658	none mapped	undeclared	out_of_scope_lexical_inventory		INFERRED exact-path scope; source not read
1256	specs/tickets/MF-027/results/graph-reports/specWorkflow-20260719-195414-d28e3b52/cleanup-failure-probe-test-graph/build-logic/src/main/kotlin/com/hayden/testgraphsdk/exec/PlanExecutor.kt:8	lexical hit not semantically classified: import java.time.Instant	out-of-scope	ticket_plan.yaml:648-658	none mapped	undeclared	out_of_scope_lexical_inventory		INFERRED exact-path scope; source not read
1257	specs/tickets/MF-027/results/graph-reports/specWorkflow-20260719-195414-d28e3b52/cleanup-failure-probe-test-graph/build-logic/src/main/kotlin/com/hayden/testgraphsdk/exec/PlanExecutor.kt:138	lexical hit not semantically classified: var startedAt = Instant.now()	out-of-scope	ticket_plan.yaml:648-658	none mapped	undeclared	out_of_scope_lexical_inventory		INFERRED exact-path scope; source not read
1258	specs/tickets/MF-027/results/graph-reports/specWorkflow-20260719-195414-d28e3b52/cleanup-failure-probe-test-graph/build-logic/src/main/kotlin/com/hayden/testgraphsdk/exec/PlanExecutor.kt:164	lexical hit not semantically classified: startedAt = Instant.now()	out-of-scope	ticket_plan.yaml:648-658	none mapped	undeclared	out_of_scope_lexical_inventory		INFERRED exact-path scope; source not read
1259	specs/tickets/MF-027/results/graph-reports/specWorkflow-20260719-195414-d28e3b52/cleanup-failure-probe-test-graph/build-logic/src/main/kotlin/com/hayden/testgraphsdk/exec/PlanExecutor.kt:166	lexical hit not semantically classified: endedAt = Instant.now()	out-of-scope	ticket_plan.yaml:648-658	none mapped	undeclared	out_of_scope_lexical_inventory		INFERRED exact-path scope; source not read
1260	specs/tickets/MF-027/results/graph-reports/specWorkflow-20260719-195414-d28e3b52/cleanup-failure-probe-test-graph/build-logic/src/main/kotlin/com/hayden/testgraphsdk/exec/PlanExecutor.kt:209	lexical hit not semantically classified: val now = Instant.now()	out-of-scope	ticket_plan.yaml:648-658	none mapped	undeclared	out_of_scope_lexical_inventory		INFERRED exact-path scope; source not read
1261	specs/tickets/MF-027/results/graph-reports/specWorkflow-20260719-195414-d28e3b52/cleanup-failure-probe-test-graph/build-logic/src/main/kotlin/com/hayden/testgraphsdk/exec/PlanExecutor.kt:222	lexical hit not semantically classified: startedAt = now,	out-of-scope	ticket_plan.yaml:648-658	none mapped	undeclared	out_of_scope_lexical_inventory		INFERRED exact-path scope; source not read
1262	specs/tickets/MF-027/results/graph-reports/specWorkflow-20260719-195414-d28e3b52/cleanup-failure-probe-test-graph/build-logic/src/main/kotlin/com/hayden/testgraphsdk/exec/PlanExecutor.kt:223	lexical hit not semantically classified: endedAt = now,	out-of-scope	ticket_plan.yaml:648-658	none mapped	undeclared	out_of_scope_lexical_inventory		INFERRED exact-path scope; source not read
1263	specs/tickets/MF-027/results/graph-reports/specWorkflow-20260719-195414-d28e3b52/cleanup-failure-probe-test-graph/build-logic/src/main/kotlin/com/hayden/testgraphsdk/exec/TimeoutParser.kt:6	lexical hit not semantically classified: * Accepts the suffix forms NodeSpec specs in the wild use today —	out-of-scope	ticket_plan.yaml:648-658	none mapped	undeclared	out_of_scope_lexical_inventory		INFERRED exact-path scope; source not read
1264	specs/tickets/MF-027/results/graph-reports/specWorkflow-20260719-195414-d28e3b52/cleanup-failure-probe-test-graph/build-logic/src/main/kotlin/com/hayden/testgraphsdk/exec/TimeoutParser.kt:10	lexical hit not semantically classified: * configuration time.	out-of-scope	ticket_plan.yaml:648-658	none mapped	undeclared	out_of_scope_lexical_inventory		INFERRED exact-path scope; source not read
1265	specs/tickets/MF-027/results/graph-reports/specWorkflow-20260719-195414-d28e3b52/cleanup-failure-probe-test-graph/build-logic/src/main/kotlin/com/hayden/testgraphsdk/tasks/RunReportWriter.kt:25	lexical hit not semantically classified: * The renderer now lives here as a plain object so {@link	out-of-scope	ticket_plan.yaml:648-658	none mapped	undeclared	out_of_scope_lexical_inventory		INFERRED exact-path scope; source not read
1266	specs/tickets/MF-027/results/graph-reports/specWorkflow-20260719-195414-d28e3b52/cleanup-failure-probe-test-graph/build-logic/src/main/kotlin/com/hayden/testgraphsdk/tasks/RunReportWriter.kt:300	lexical hit not semantically classified: java.time.Instant.parse(endIso).toEpochMilli() -	out-of-scope	ticket_plan.yaml:648-658	none mapped	undeclared	out_of_scope_lexical_inventory		INFERRED exact-path scope; source not read
1267	specs/tickets/MF-027/results/graph-reports/specWorkflow-20260719-195414-d28e3b52/cleanup-failure-probe-test-graph/build-logic/src/main/kotlin/com/hayden/testgraphsdk/tasks/RunReportWriter.kt:301	lexical hit not semantically classified: java.time.Instant.parse(startIso).toEpochMilli()	out-of-scope	ticket_plan.yaml:648-658	none mapped	undeclared	out_of_scope_lexical_inventory		INFERRED exact-path scope; source not read
1268	specs/tickets/MF-027/results/graph-reports/specWorkflow-20260719-195414-d28e3b52/cleanup-failure-probe-test-graph/build-logic/src/main/kotlin/com/hayden/testgraphsdk/tasks/RunTestGraphTask.kt:14	lexical hit not semantically classified: import java.time.Instant	out-of-scope	ticket_plan.yaml:648-658	none mapped	undeclared	out_of_scope_lexical_inventory		INFERRED exact-path scope; source not read
1269	specs/tickets/MF-027/results/graph-reports/specWorkflow-20260719-195414-d28e3b52/cleanup-failure-probe-test-graph/build-logic/src/main/kotlin/com/hayden/testgraphsdk/tasks/RunTestGraphTask.kt:15	lexical hit not semantically classified: import java.time.ZoneOffset	out-of-scope	ticket_plan.yaml:648-658	none mapped	undeclared	out_of_scope_lexical_inventory		INFERRED exact-path scope; source not read
1270	specs/tickets/MF-027/results/graph-reports/specWorkflow-20260719-195414-d28e3b52/cleanup-failure-probe-test-graph/build-logic/src/main/kotlin/com/hayden/testgraphsdk/tasks/RunTestGraphTask.kt:16	lexical hit not semantically classified: import java.time.format.DateTimeFormatter	out-of-scope	ticket_plan.yaml:648-658	none mapped	undeclared	out_of_scope_lexical_inventory		INFERRED exact-path scope; source not read
1271	specs/tickets/MF-027/results/graph-reports/specWorkflow-20260719-195414-d28e3b52/cleanup-failure-probe-test-graph/build-logic/src/main/kotlin/com/hayden/testgraphsdk/tasks/RunTestGraphTask.kt:23	"lexical hit not semantically classified: return ""${safeGraphName}-${fmt.format(Instant.now())}-${UUID.randomUUID().toString().take(8)}"""	out-of-scope	ticket_plan.yaml:648-658	none mapped	undeclared	out_of_scope_lexical_inventory		INFERRED exact-path scope; source not read
1272	specs/tickets/MF-027/results/graph-reports/specWorkflow-20260719-195414-d28e3b52/cleanup-failure-probe-test-graph/build-logic/src/main/kotlin/com/hayden/testgraphsdk/tasks/RunTestGraphTask.kt:31	lexical hit not semantically classified: * Non-Property internal fields are set at configuration time by the	out-of-scope	ticket_plan.yaml:648-658	none mapped	undeclared	out_of_scope_lexical_inventory		INFERRED exact-path scope; source not read
1273	specs/tickets/MF-027/results/graph-reports/specWorkflow-20260719-195414-d28e3b52/cleanup-failure-probe-test-graph/sdk/java/src/main/java/com/hayden/testgraphsdk/sdk/Node.java:5	lexical hit not semantically classified: import java.time.Instant;	out-of-scope	ticket_plan.yaml:648-658	none mapped	undeclared	out_of_scope_lexical_inventory		INFERRED exact-path scope; source not read
1274	specs/tickets/MF-027/results/graph-reports/specWorkflow-20260719-195414-d28e3b52/cleanup-failure-probe-test-graph/sdk/java/src/main/java/com/hayden/testgraphsdk/sdk/Node.java:50	lexical hit not semantically classified: Instant startedAt = Instant.now();	out-of-scope	ticket_plan.yaml:648-658	none mapped	undeclared	out_of_scope_lexical_inventory		INFERRED exact-path scope; source not read
1275	specs/tickets/MF-027/results/graph-reports/specWorkflow-20260719-195414-d28e3b52/cleanup-failure-probe-test-graph/sdk/java/src/main/java/com/hayden/testgraphsdk/sdk/Node.java:53	lexical hit not semantically classified: result = body.apply(ctx).startedAt(startedAt).endedAt(Instant.now());	out-of-scope	ticket_plan.yaml:648-658	none mapped	undeclared	out_of_scope_lexical_inventory		INFERRED exact-path scope; source not read
1276	specs/tickets/MF-027/results/graph-reports/specWorkflow-20260719-195414-d28e3b52/cleanup-failure-probe-test-graph/sdk/java/src/main/java/com/hayden/testgraphsdk/sdk/Node.java:57	lexical hit not semantically classified: .endedAt(Instant.now());	out-of-scope	ticket_plan.yaml:648-658	none mapped	undeclared	out_of_scope_lexical_inventory		INFERRED exact-path scope; source not read
1277	specs/tickets/MF-027/results/graph-reports/specWorkflow-20260719-195414-d28e3b52/cleanup-failure-probe-test-graph/sdk/java/src/main/java/com/hayden/testgraphsdk/sdk/NodeResult.java:5	lexical hit not semantically classified: import java.time.Instant;	out-of-scope	ticket_plan.yaml:648-658	none mapped	undeclared	out_of_scope_lexical_inventory		INFERRED exact-path scope; source not read
1278	specs/tickets/MF-027/results/graph-reports/specWorkflow-20260719-195414-d28e3b52/cleanup-failure-probe-test-graph/sdk/java/src/main/java/com/hayden/testgraphsdk/sdk/ProcessRecord.java:3	lexical hit not semantically classified: import java.time.Instant;	out-of-scope	ticket_plan.yaml:648-658	none mapped	undeclared	out_of_scope_lexical_inventory		INFERRED exact-path scope; source not read
1279	specs/tickets/MF-027/results/graph-reports/specWorkflow-20260719-195414-d28e3b52/cleanup-failure-probe-test-graph/sdk/java/src/main/java/com/hayden/testgraphsdk/sdk/ProcessRecord.java:69	lexical hit not semantically classified: /** Wall-clock duration in milliseconds, or -1 if either timestamp is missing. */	out-of-scope	ticket_plan.yaml:648-658	none mapped	undeclared	out_of_scope_lexical_inventory		INFERRED exact-path scope; source not read
1280	specs/tickets/MF-027/results/graph-reports/specWorkflow-20260719-195414-d28e3b52/cleanup-failure-probe-test-graph/sdk/java/src/main/java/com/hayden/testgraphsdk/sdk/Procs.java:6	lexical hit not semantically classified: import java.time.Instant;	out-of-scope	ticket_plan.yaml:648-658	none mapped	undeclared	out_of_scope_lexical_inventory		INFERRED exact-path scope; source not read
1281	specs/tickets/MF-027/results/graph-reports/specWorkflow-20260719-195414-d28e3b52/cleanup-failure-probe-test-graph/sdk/java/src/main/java/com/hayden/testgraphsdk/sdk/Procs.java:14	lexical hit not semantically classified: * dir), and any spawn-time error. Attach it to the result with	out-of-scope	ticket_plan.yaml:648-658	none mapped	undeclared	out_of_scope_lexical_inventory		INFERRED exact-path scope; source not read
1282	specs/tickets/MF-027/results/graph-reports/specWorkflow-20260719-195414-d28e3b52/cleanup-failure-probe-test-graph/sdk/java/src/main/java/com/hayden/testgraphsdk/sdk/Procs.java:72	lexical hit not semantically classified: Instant startedAt = Instant.now();	out-of-scope	ticket_plan.yaml:648-658	none mapped	undeclared	out_of_scope_lexical_inventory		INFERRED exact-path scope; source not read
1283	specs/tickets/MF-027/results/graph-reports/specWorkflow-20260719-195414-d28e3b52/cleanup-failure-probe-test-graph/sdk/java/src/main/java/com/hayden/testgraphsdk/sdk/Procs.java:78	lexical hit not semantically classified: return new ProcessRecord(label, command, startedAt, Instant.now(),	out-of-scope	ticket_plan.yaml:648-658	none mapped	undeclared	out_of_scope_lexical_inventory		INFERRED exact-path scope; source not read
1284	specs/tickets/MF-027/results/graph-reports/specWorkflow-20260719-195414-d28e3b52/cleanup-failure-probe-test-graph/sdk/java/src/main/java/com/hayden/testgraphsdk/sdk/Procs.java:88	lexical hit not semantically classified: return new ProcessRecord(label, command, startedAt, Instant.now(),	out-of-scope	ticket_plan.yaml:648-658	none mapped	undeclared	out_of_scope_lexical_inventory		INFERRED exact-path scope; source not read
1285	specs/tickets/MF-027/results/graph-reports/specWorkflow-20260719-195414-d28e3b52/cleanup-failure-probe-test-graph/sdk/java/src/main/java/com/hayden/testgraphsdk/sdk/Procs.java:92	lexical hit not semantically classified: label, command, startedAt, Instant.now(),	out-of-scope	ticket_plan.yaml:648-658	none mapped	undeclared	out_of_scope_lexical_inventory		INFERRED exact-path scope; source not read
1286	specs/tickets/MF-027/results/graph-reports/specWorkflow-20260719-195414-d28e3b52/cleanup-failure-probe-test-graph/sdk/python/src/testgraphsdk/procs.py:19	lexical hit not semantically classified: from datetime import datetime, timezone	out-of-scope	ticket_plan.yaml:648-658	none mapped	undeclared	out_of_scope_lexical_inventory		INFERRED exact-path scope; source not read
1287	specs/tickets/MF-027/results/graph-reports/specWorkflow-20260719-195414-d28e3b52/cleanup-failure-probe-test-graph/sdk/python/src/testgraphsdk/procs.py:65	lexical hit not semantically classified: started = datetime.now(timezone.utc)	out-of-scope	ticket_plan.yaml:648-658	none mapped	undeclared	out_of_scope_lexical_inventory		INFERRED exact-path scope; source not read
1288	specs/tickets/MF-027/results/graph-reports/specWorkflow-20260719-195414-d28e3b52/cleanup-failure-probe-test-graph/sdk/python/src/testgraphsdk/procs.py:86	lexical hit not semantically classified: ended_at=datetime.now(timezone.utc),	out-of-scope	ticket_plan.yaml:648-658	none mapped	undeclared	out_of_scope_lexical_inventory		INFERRED exact-path scope; source not read
1289	specs/tickets/MF-027/results/graph-reports/specWorkflow-20260719-195414-d28e3b52/cleanup-failure-probe-test-graph/sdk/python/src/testgraphsdk/procs.py:97	lexical hit not semantically classified: ended_at=datetime.now(timezone.utc),	out-of-scope	ticket_plan.yaml:648-658	none mapped	undeclared	out_of_scope_lexical_inventory		INFERRED exact-path scope; source not read
1290	specs/tickets/MF-027/results/graph-reports/specWorkflow-20260719-195414-d28e3b52/cleanup-failure-probe-test-graph/sdk/python/src/testgraphsdk/procs.py:108	lexical hit not semantically classified: ended_at=datetime.now(timezone.utc),	out-of-scope	ticket_plan.yaml:648-658	none mapped	undeclared	out_of_scope_lexical_inventory		INFERRED exact-path scope; source not read
1291	specs/tickets/MF-027/results/graph-reports/specWorkflow-20260719-195414-d28e3b52/cleanup-failure-probe-test-graph/sdk/python/src/testgraphsdk/result.py:5	lexical hit not semantically classified: from datetime import datetime, timezone	out-of-scope	ticket_plan.yaml:648-658	none mapped	undeclared	out_of_scope_lexical_inventory		INFERRED exact-path scope; source not read
1292	specs/tickets/MF-027/results/graph-reports/specWorkflow-20260719-195414-d28e3b52/cleanup-failure-probe-test-graph/sdk/python/src/testgraphsdk/result.py:52	lexical hit not semantically classified: started_at: datetime | None = None	out-of-scope	ticket_plan.yaml:648-658	none mapped	undeclared	out_of_scope_lexical_inventory		INFERRED exact-path scope; source not read
1293	specs/tickets/MF-027/results/graph-reports/specWorkflow-20260719-195414-d28e3b52/cleanup-failure-probe-test-graph/sdk/python/src/testgraphsdk/result.py:53	lexical hit not semantically classified: ended_at: datetime | None = None	out-of-scope	ticket_plan.yaml:648-658	none mapped	undeclared	out_of_scope_lexical_inventory		INFERRED exact-path scope; source not read
1294	specs/tickets/MF-027/results/graph-reports/specWorkflow-20260719-195414-d28e3b52/cleanup-failure-probe-test-graph/sdk/python/src/testgraphsdk/result.py:65	lexical hit not semantically classified: def iso(d: datetime | None) -> str | None:	out-of-scope	ticket_plan.yaml:648-658	none mapped	undeclared	out_of_scope_lexical_inventory		INFERRED exact-path scope; source not read
1295	specs/tickets/MF-027/results/graph-reports/specWorkflow-20260719-195414-d28e3b52/cleanup-failure-probe-test-graph/sdk/python/src/testgraphsdk/result.py:98	lexical hit not semantically classified: started_at: datetime | None = None	out-of-scope	ticket_plan.yaml:648-658	none mapped	undeclared	out_of_scope_lexical_inventory		INFERRED exact-path scope; source not read
1296	specs/tickets/MF-027/results/graph-reports/specWorkflow-20260719-195414-d28e3b52/cleanup-failure-probe-test-graph/sdk/python/src/testgraphsdk/result.py:99	lexical hit not semantically classified: ended_at: datetime | None = None	out-of-scope	ticket_plan.yaml:648-658	none mapped	undeclared	out_of_scope_lexical_inventory		INFERRED exact-path scope; source not read
1297	specs/tickets/MF-027/results/graph-reports/specWorkflow-20260719-195414-d28e3b52/cleanup-failure-probe-test-graph/sdk/python/src/testgraphsdk/result.py:164	"lexical hit not semantically classified: def _stamp(self, started: datetime, ended: datetime) -> ""NodeResult"":"	out-of-scope	ticket_plan.yaml:648-658	none mapped	undeclared	out_of_scope_lexical_inventory		INFERRED exact-path scope; source not read
1298	specs/tickets/MF-027/results/graph-reports/specWorkflow-20260719-195414-d28e3b52/cleanup-failure-probe-test-graph/sdk/python/src/testgraphsdk/result.py:173	lexical hit not semantically classified: def iso(d: datetime | None) -> str | None:	out-of-scope	ticket_plan.yaml:648-658	none mapped	undeclared	out_of_scope_lexical_inventory		INFERRED exact-path scope; source not read
1299	specs/tickets/MF-027/results/graph-reports/specWorkflow-20260719-195414-d28e3b52/cleanup-failure-probe-test-graph/sdk/python/src/testgraphsdk/runner.py:22	lexical hit not semantically classified: from datetime import datetime, timezone	out-of-scope	ticket_plan.yaml:648-658	none mapped	undeclared	out_of_scope_lexical_inventory		INFERRED exact-path scope; source not read
1300	specs/tickets/MF-027/results/graph-reports/specWorkflow-20260719-195414-d28e3b52/cleanup-failure-probe-test-graph/sdk/python/src/testgraphsdk/runner.py:47	lexical hit not semantically classified: started = datetime.now(timezone.utc)	out-of-scope	ticket_plan.yaml:648-658	none mapped	undeclared	out_of_scope_lexical_inventory		INFERRED exact-path scope; source not read
1301	specs/tickets/MF-027/results/graph-reports/specWorkflow-20260719-195414-d28e3b52/cleanup-failure-probe-test-graph/sdk/python/src/testgraphsdk/runner.py:52	lexical hit not semantically classified: ended = datetime.now(timezone.utc)	out-of-scope	ticket_plan.yaml:648-658	none mapped	undeclared	out_of_scope_lexical_inventory		INFERRED exact-path scope; source not read
1302	test_graph/build-logic/src/main/kotlin/com/hayden/testgraphsdk/MiniJson.kt:6	lexical hit not semantically classified: * Keeps the plugin dependency-free now that we no longer need snakeyaml.	out-of-scope	ticket_plan.yaml:648-658	none mapped	undeclared	out_of_scope_lexical_inventory		INFERRED exact-path scope; source not read
1303	test_graph/build-logic/src/main/kotlin/com/hayden/testgraphsdk/TestGraphSpec.kt:8	lexical hit not semantically classified: * Every setter returns `this`; at plan-build time the overlay is merged	out-of-scope	ticket_plan.yaml:648-658	none mapped	undeclared	out_of_scope_lexical_inventory		INFERRED exact-path scope; source not read
1304	test_graph/build-logic/src/main/kotlin/com/hayden/testgraphsdk/TestGraphSpec.kt:55	lexical hit not semantically classified: * at execution time.	out-of-scope	ticket_plan.yaml:648-658	none mapped	undeclared	out_of_scope_lexical_inventory		INFERRED exact-path scope; source not read
1305	test_graph/build-logic/src/main/kotlin/com/hayden/testgraphsdk/ValidationGraphPlugin.kt:74	lexical hit not semantically classified: // serialized in declaration order. Configure-time `dependsOn` is	out-of-scope	ticket_plan.yaml:648-658	none mapped	undeclared	out_of_scope_lexical_inventory		INFERRED exact-path scope; source not read
1306	test_graph/build-logic/src/main/kotlin/com/hayden/testgraphsdk/exec/Executors.kt:89	lexical hit not semantically classified: * Wait for [process] up to [timeoutMillis]; if it doesn't return in time,	out-of-scope	ticket_plan.yaml:648-658	none mapped	undeclared	out_of_scope_lexical_inventory		INFERRED exact-path scope; source not read
1307	test_graph/build-logic/src/main/kotlin/com/hayden/testgraphsdk/exec/Executors.kt:96	lexical hit not semantically classified: * `waitFor()`; the spec parser doesn't emit those today, but the helper	out-of-scope	ticket_plan.yaml:648-658	none mapped	undeclared	out_of_scope_lexical_inventory		INFERRED exact-path scope; source not read
1308	test_graph/build-logic/src/main/kotlin/com/hayden/testgraphsdk/exec/JBangExecutor.kt:12	lexical hit not semantically classified: * crash, OOM at fork time, etc.). PlanExecutor stamps the path onto	out-of-scope	ticket_plan.yaml:648-658	none mapped	undeclared	out_of_scope_lexical_inventory		INFERRED exact-path scope; source not read
1309	test_graph/build-logic/src/main/kotlin/com/hayden/testgraphsdk/exec/PlanExecutor.kt:8	lexical hit not semantically classified: import java.time.Instant	out-of-scope	ticket_plan.yaml:648-658	none mapped	undeclared	out_of_scope_lexical_inventory		INFERRED exact-path scope; source not read
1310	test_graph/build-logic/src/main/kotlin/com/hayden/testgraphsdk/exec/PlanExecutor.kt:138	lexical hit not semantically classified: var startedAt = Instant.now()	out-of-scope	ticket_plan.yaml:648-658	none mapped	undeclared	out_of_scope_lexical_inventory		INFERRED exact-path scope; source not read
1311	test_graph/build-logic/src/main/kotlin/com/hayden/testgraphsdk/exec/PlanExecutor.kt:164	lexical hit not semantically classified: startedAt = Instant.now()	out-of-scope	ticket_plan.yaml:648-658	none mapped	undeclared	out_of_scope_lexical_inventory		INFERRED exact-path scope; source not read
1312	test_graph/build-logic/src/main/kotlin/com/hayden/testgraphsdk/exec/PlanExecutor.kt:166	lexical hit not semantically classified: endedAt = Instant.now()	out-of-scope	ticket_plan.yaml:648-658	none mapped	undeclared	out_of_scope_lexical_inventory		INFERRED exact-path scope; source not read
1313	test_graph/build-logic/src/main/kotlin/com/hayden/testgraphsdk/exec/PlanExecutor.kt:209	lexical hit not semantically classified: val now = Instant.now()	out-of-scope	ticket_plan.yaml:648-658	none mapped	undeclared	out_of_scope_lexical_inventory		INFERRED exact-path scope; source not read
1314	test_graph/build-logic/src/main/kotlin/com/hayden/testgraphsdk/exec/PlanExecutor.kt:222	lexical hit not semantically classified: startedAt = now,	out-of-scope	ticket_plan.yaml:648-658	none mapped	undeclared	out_of_scope_lexical_inventory		INFERRED exact-path scope; source not read
1315	test_graph/build-logic/src/main/kotlin/com/hayden/testgraphsdk/exec/PlanExecutor.kt:223	lexical hit not semantically classified: endedAt = now,	out-of-scope	ticket_plan.yaml:648-658	none mapped	undeclared	out_of_scope_lexical_inventory		INFERRED exact-path scope; source not read
1316	test_graph/build-logic/src/main/kotlin/com/hayden/testgraphsdk/exec/TimeoutParser.kt:6	lexical hit not semantically classified: * Accepts the suffix forms NodeSpec specs in the wild use today —	out-of-scope	ticket_plan.yaml:648-658	none mapped	undeclared	out_of_scope_lexical_inventory		INFERRED exact-path scope; source not read
1317	test_graph/build-logic/src/main/kotlin/com/hayden/testgraphsdk/exec/TimeoutParser.kt:10	lexical hit not semantically classified: * configuration time.	out-of-scope	ticket_plan.yaml:648-658	none mapped	undeclared	out_of_scope_lexical_inventory		INFERRED exact-path scope; source not read
1318	test_graph/build-logic/src/main/kotlin/com/hayden/testgraphsdk/tasks/RunReportWriter.kt:25	lexical hit not semantically classified: * The renderer now lives here as a plain object so {@link	out-of-scope	ticket_plan.yaml:648-658	none mapped	undeclared	out_of_scope_lexical_inventory		INFERRED exact-path scope; source not read
1319	test_graph/build-logic/src/main/kotlin/com/hayden/testgraphsdk/tasks/RunReportWriter.kt:300	lexical hit not semantically classified: java.time.Instant.parse(endIso).toEpochMilli() -	out-of-scope	ticket_plan.yaml:648-658	none mapped	undeclared	out_of_scope_lexical_inventory		INFERRED exact-path scope; source not read
1320	test_graph/build-logic/src/main/kotlin/com/hayden/testgraphsdk/tasks/RunReportWriter.kt:301	lexical hit not semantically classified: java.time.Instant.parse(startIso).toEpochMilli()	out-of-scope	ticket_plan.yaml:648-658	none mapped	undeclared	out_of_scope_lexical_inventory		INFERRED exact-path scope; source not read
1321	test_graph/build-logic/src/main/kotlin/com/hayden/testgraphsdk/tasks/RunTestGraphTask.kt:14	lexical hit not semantically classified: import java.time.Instant	out-of-scope	ticket_plan.yaml:648-658	none mapped	undeclared	out_of_scope_lexical_inventory		INFERRED exact-path scope; source not read
1322	test_graph/build-logic/src/main/kotlin/com/hayden/testgraphsdk/tasks/RunTestGraphTask.kt:15	lexical hit not semantically classified: import java.time.ZoneOffset	out-of-scope	ticket_plan.yaml:648-658	none mapped	undeclared	out_of_scope_lexical_inventory		INFERRED exact-path scope; source not read
1323	test_graph/build-logic/src/main/kotlin/com/hayden/testgraphsdk/tasks/RunTestGraphTask.kt:16	lexical hit not semantically classified: import java.time.format.DateTimeFormatter	out-of-scope	ticket_plan.yaml:648-658	none mapped	undeclared	out_of_scope_lexical_inventory		INFERRED exact-path scope; source not read
1324	test_graph/build-logic/src/main/kotlin/com/hayden/testgraphsdk/tasks/RunTestGraphTask.kt:23	"lexical hit not semantically classified: return ""${safeGraphName}-${fmt.format(Instant.now())}-${UUID.randomUUID().toString().take(8)}"""	out-of-scope	ticket_plan.yaml:648-658	none mapped	undeclared	out_of_scope_lexical_inventory		INFERRED exact-path scope; source not read
1325	test_graph/build-logic/src/main/kotlin/com/hayden/testgraphsdk/tasks/RunTestGraphTask.kt:31	lexical hit not semantically classified: * Non-Property internal fields are set at configuration time by the	out-of-scope	ticket_plan.yaml:648-658	none mapped	undeclared	out_of_scope_lexical_inventory		INFERRED exact-path scope; source not read
1326	test_graph/sdk/java/src/main/java/com/hayden/testgraphsdk/sdk/Node.java:5	lexical hit not semantically classified: import java.time.Instant;	out-of-scope	ticket_plan.yaml:648-658	none mapped	undeclared	out_of_scope_lexical_inventory		INFERRED exact-path scope; source not read
1327	test_graph/sdk/java/src/main/java/com/hayden/testgraphsdk/sdk/Node.java:50	lexical hit not semantically classified: Instant startedAt = Instant.now();	out-of-scope	ticket_plan.yaml:648-658	none mapped	undeclared	out_of_scope_lexical_inventory		INFERRED exact-path scope; source not read
1328	test_graph/sdk/java/src/main/java/com/hayden/testgraphsdk/sdk/Node.java:53	lexical hit not semantically classified: result = body.apply(ctx).startedAt(startedAt).endedAt(Instant.now());	out-of-scope	ticket_plan.yaml:648-658	none mapped	undeclared	out_of_scope_lexical_inventory		INFERRED exact-path scope; source not read
1329	test_graph/sdk/java/src/main/java/com/hayden/testgraphsdk/sdk/Node.java:57	lexical hit not semantically classified: .endedAt(Instant.now());	out-of-scope	ticket_plan.yaml:648-658	none mapped	undeclared	out_of_scope_lexical_inventory		INFERRED exact-path scope; source not read
1330	test_graph/sdk/java/src/main/java/com/hayden/testgraphsdk/sdk/NodeResult.java:5	lexical hit not semantically classified: import java.time.Instant;	out-of-scope	ticket_plan.yaml:648-658	none mapped	undeclared	out_of_scope_lexical_inventory		INFERRED exact-path scope; source not read
1331	test_graph/sdk/java/src/main/java/com/hayden/testgraphsdk/sdk/ProcessRecord.java:3	lexical hit not semantically classified: import java.time.Instant;	out-of-scope	ticket_plan.yaml:648-658	none mapped	undeclared	out_of_scope_lexical_inventory		INFERRED exact-path scope; source not read
1332	test_graph/sdk/java/src/main/java/com/hayden/testgraphsdk/sdk/ProcessRecord.java:69	lexical hit not semantically classified: /** Wall-clock duration in milliseconds, or -1 if either timestamp is missing. */	out-of-scope	ticket_plan.yaml:648-658	none mapped	undeclared	out_of_scope_lexical_inventory		INFERRED exact-path scope; source not read
1333	test_graph/sdk/java/src/main/java/com/hayden/testgraphsdk/sdk/Procs.java:6	lexical hit not semantically classified: import java.time.Instant;	out-of-scope	ticket_plan.yaml:648-658	none mapped	undeclared	out_of_scope_lexical_inventory		INFERRED exact-path scope; source not read
1334	test_graph/sdk/java/src/main/java/com/hayden/testgraphsdk/sdk/Procs.java:14	lexical hit not semantically classified: * dir), and any spawn-time error. Attach it to the result with	out-of-scope	ticket_plan.yaml:648-658	none mapped	undeclared	out_of_scope_lexical_inventory		INFERRED exact-path scope; source not read
1335	test_graph/sdk/java/src/main/java/com/hayden/testgraphsdk/sdk/Procs.java:72	lexical hit not semantically classified: Instant startedAt = Instant.now();	out-of-scope	ticket_plan.yaml:648-658	none mapped	undeclared	out_of_scope_lexical_inventory		INFERRED exact-path scope; source not read
1336	test_graph/sdk/java/src/main/java/com/hayden/testgraphsdk/sdk/Procs.java:78	lexical hit not semantically classified: return new ProcessRecord(label, command, startedAt, Instant.now(),	out-of-scope	ticket_plan.yaml:648-658	none mapped	undeclared	out_of_scope_lexical_inventory		INFERRED exact-path scope; source not read
1337	test_graph/sdk/java/src/main/java/com/hayden/testgraphsdk/sdk/Procs.java:88	lexical hit not semantically classified: return new ProcessRecord(label, command, startedAt, Instant.now(),	out-of-scope	ticket_plan.yaml:648-658	none mapped	undeclared	out_of_scope_lexical_inventory		INFERRED exact-path scope; source not read
1338	test_graph/sdk/java/src/main/java/com/hayden/testgraphsdk/sdk/Procs.java:92	lexical hit not semantically classified: label, command, startedAt, Instant.now(),	out-of-scope	ticket_plan.yaml:648-658	none mapped	undeclared	out_of_scope_lexical_inventory		INFERRED exact-path scope; source not read
1339	test_graph/sdk/python/src/testgraphsdk/procs.py:19	lexical hit not semantically classified: from datetime import datetime, timezone	out-of-scope	ticket_plan.yaml:648-658	none mapped	undeclared	out_of_scope_lexical_inventory		INFERRED exact-path scope; source not read
1340	test_graph/sdk/python/src/testgraphsdk/procs.py:65	lexical hit not semantically classified: started = datetime.now(timezone.utc)	out-of-scope	ticket_plan.yaml:648-658	none mapped	undeclared	out_of_scope_lexical_inventory		INFERRED exact-path scope; source not read
1341	test_graph/sdk/python/src/testgraphsdk/procs.py:86	lexical hit not semantically classified: ended_at=datetime.now(timezone.utc),	out-of-scope	ticket_plan.yaml:648-658	none mapped	undeclared	out_of_scope_lexical_inventory		INFERRED exact-path scope; source not read
1342	test_graph/sdk/python/src/testgraphsdk/procs.py:97	lexical hit not semantically classified: ended_at=datetime.now(timezone.utc),	out-of-scope	ticket_plan.yaml:648-658	none mapped	undeclared	out_of_scope_lexical_inventory		INFERRED exact-path scope; source not read
1343	test_graph/sdk/python/src/testgraphsdk/procs.py:108	lexical hit not semantically classified: ended_at=datetime.now(timezone.utc),	out-of-scope	ticket_plan.yaml:648-658	none mapped	undeclared	out_of_scope_lexical_inventory		INFERRED exact-path scope; source not read
1344	test_graph/sdk/python/src/testgraphsdk/result.py:5	lexical hit not semantically classified: from datetime import datetime, timezone	out-of-scope	ticket_plan.yaml:648-658	none mapped	undeclared	out_of_scope_lexical_inventory		INFERRED exact-path scope; source not read
1345	test_graph/sdk/python/src/testgraphsdk/result.py:52	lexical hit not semantically classified: started_at: datetime | None = None	out-of-scope	ticket_plan.yaml:648-658	none mapped	undeclared	out_of_scope_lexical_inventory		INFERRED exact-path scope; source not read
1346	test_graph/sdk/python/src/testgraphsdk/result.py:53	lexical hit not semantically classified: ended_at: datetime | None = None	out-of-scope	ticket_plan.yaml:648-658	none mapped	undeclared	out_of_scope_lexical_inventory		INFERRED exact-path scope; source not read
1347	test_graph/sdk/python/src/testgraphsdk/result.py:65	lexical hit not semantically classified: def iso(d: datetime | None) -> str | None:	out-of-scope	ticket_plan.yaml:648-658	none mapped	undeclared	out_of_scope_lexical_inventory		INFERRED exact-path scope; source not read
1348	test_graph/sdk/python/src/testgraphsdk/result.py:98	lexical hit not semantically classified: started_at: datetime | None = None	out-of-scope	ticket_plan.yaml:648-658	none mapped	undeclared	out_of_scope_lexical_inventory		INFERRED exact-path scope; source not read
1349	test_graph/sdk/python/src/testgraphsdk/result.py:99	lexical hit not semantically classified: ended_at: datetime | None = None	out-of-scope	ticket_plan.yaml:648-658	none mapped	undeclared	out_of_scope_lexical_inventory		INFERRED exact-path scope; source not read
1350	test_graph/sdk/python/src/testgraphsdk/result.py:164	"lexical hit not semantically classified: def _stamp(self, started: datetime, ended: datetime) -> ""NodeResult"":"	out-of-scope	ticket_plan.yaml:648-658	none mapped	undeclared	out_of_scope_lexical_inventory		INFERRED exact-path scope; source not read
1351	test_graph/sdk/python/src/testgraphsdk/result.py:173	lexical hit not semantically classified: def iso(d: datetime | None) -> str | None:	out-of-scope	ticket_plan.yaml:648-658	none mapped	undeclared	out_of_scope_lexical_inventory		INFERRED exact-path scope; source not read
1352	test_graph/sdk/python/src/testgraphsdk/runner.py:22	lexical hit not semantically classified: from datetime import datetime, timezone	out-of-scope	ticket_plan.yaml:648-658	none mapped	undeclared	out_of_scope_lexical_inventory		INFERRED exact-path scope; source not read
1353	test_graph/sdk/python/src/testgraphsdk/runner.py:47	lexical hit not semantically classified: started = datetime.now(timezone.utc)	out-of-scope	ticket_plan.yaml:648-658	none mapped	undeclared	out_of_scope_lexical_inventory		INFERRED exact-path scope; source not read
1354	test_graph/sdk/python/src/testgraphsdk/runner.py:52	lexical hit not semantically classified: ended = datetime.now(timezone.utc)	out-of-scope	ticket_plan.yaml:648-658	none mapped	undeclared	out_of_scope_lexical_inventory		INFERRED exact-path scope; source not read
1355	tests/corpus_fixtures.py:7	lexical hit not semantically classified: 4 and 2 cases. That corpus is regenerated under a validation report at run time	out-of-scope	ticket_plan.yaml:648-658	none mapped	undeclared	out_of_scope_lexical_inventory		INFERRED exact-path scope; source not read
1356	tests/corpus_fixtures.py:123	lexical hit not semantically classified: differs each time. That is the abstraction fingerprint.	out-of-scope	ticket_plan.yaml:648-658	none mapped	undeclared	out_of_scope_lexical_inventory		INFERRED exact-path scope; source not read
1357	tests/test_analyze_complexity.py:400	lexical hit not semantically classified: now guards the landed state: the ordinal is present, no five-member	out-of-scope	ticket_plan.yaml:648-658	none mapped	undeclared	out_of_scope_lexical_inventory		INFERRED exact-path scope; source not read
1358	tests/test_analyze_complexity.py:423	lexical hit not semantically classified: # MF-025: the per-ticket lifecycle is one ordinal now.	out-of-scope	ticket_plan.yaml:648-658	none mapped	undeclared	out_of_scope_lexical_inventory		INFERRED exact-path scope; source not read
1359	tests/test_analyze_complexity.py:582	lexical hit not semantically classified: # It must NOT tell the caller to refuse -- generation always proceeds now.	out-of-scope	ticket_plan.yaml:648-658	none mapped	undeclared	out_of_scope_lexical_inventory		INFERRED exact-path scope; source not read
1360	tests/test_effect_conformance.py:785	lexical hit not semantically classified: # These tests pin two things at once: (a) the child's filesystem effects are now	out-of-scope	ticket_plan.yaml:648-658	none mapped	undeclared	out_of_scope_lexical_inventory		INFERRED exact-path scope; source not read
1361	tests/test_effect_conformance.py:796	"lexical hit not semantically classified: """"""The exact blindness MF-028 recorded, now seen."	out-of-scope	ticket_plan.yaml:648-658	none mapped	undeclared	out_of_scope_lexical_inventory		INFERRED exact-path scope; source not read
1362	tests/test_effect_conformance.py:858	lexical hit not semantically classified: its ports dead: the child's writes are now real observations.	out-of-scope	ticket_plan.yaml:648-658	none mapped	undeclared	out_of_scope_lexical_inventory		INFERRED exact-path scope; source not read
1363	tests/test_spec_yaml_valid.py:21	lexical hit not semantically classified: is append-only, records what was actually committed at the time, and therefore	out-of-scope	ticket_plan.yaml:648-658	none mapped	undeclared	out_of_scope_lexical_inventory		INFERRED exact-path scope; source not read
