#	Module	In/Out	Plan line	Spec action(s)	Verdict	Disposition gap IDs	Evidence
1	examples/distributed_history/deploy/Dockerfile	out-of-scope	ticket_plan.yaml:648-658	none (outside the three project indexes)	unrepresented		Exact-path exclusion; semantic code was not read
2	examples/distributed_history/ecommerce_backend/__init__.py	out-of-scope	ticket_plan.yaml:648-658	none (outside the three project indexes)	unrepresented		Exact-path exclusion; semantic code was not read
3	examples/distributed_history/ecommerce_backend/domain.py	out-of-scope	ticket_plan.yaml:648-658	none (outside the three project indexes)	unrepresented		Exact-path exclusion; semantic code was not read
4	examples/distributed_history/ecommerce_backend/service.py	out-of-scope	ticket_plan.yaml:648-658	none (outside the three project indexes)	unrepresented		Exact-path exclusion; semantic code was not read
5	examples/distributed_history/scripts/k3d-up.sh	out-of-scope	ticket_plan.yaml:648-658	none (outside the three project indexes)	unrepresented		Exact-path exclusion; semantic code was not read
6	examples/distributed_history/scripts/k8s-deploy.sh	out-of-scope	ticket_plan.yaml:648-658	none (outside the three project indexes)	unrepresented		Exact-path exclusion; semantic code was not read
7	examples/distributed_history/scripts/regenerate_tlc_cases.py	out-of-scope	ticket_plan.yaml:648-658	none (outside the three project indexes)	unrepresented		Exact-path exclusion; semantic code was not read
8	examples/distributed_history/specs/__init__.py	out-of-scope	ticket_plan.yaml:648-658	none (outside the three project indexes)	unrepresented		Exact-path exclusion; semantic code was not read
9	examples/distributed_history/specs/generated/spec_unit/ecommerce_internal_cases/__init__.py	out-of-scope	ticket_plan.yaml:648-658	none (outside the three project indexes)	unrepresented		Exact-path exclusion; semantic code was not read
10	examples/distributed_history/specs/generated/spec_unit/ecommerce_internal_cases/cases.py	out-of-scope	ticket_plan.yaml:648-658	none (outside the three project indexes)	unrepresented		Exact-path exclusion; semantic code was not read
11	examples/distributed_history/specs/generated/spec_unit/ecommerce_internal_cases/types.py	out-of-scope	ticket_plan.yaml:648-658	none (outside the three project indexes)	unrepresented		Exact-path exclusion; semantic code was not read
12	examples/distributed_history/specs/generated/spec_unit/ecommerce_internal_cases/validators.py	out-of-scope	ticket_plan.yaml:648-658	none (outside the three project indexes)	unrepresented		Exact-path exclusion; semantic code was not read
13	examples/distributed_history/specs/generated/testgraph/ecommerce_external_cases/__init__.py	out-of-scope	ticket_plan.yaml:648-658	none (outside the three project indexes)	unrepresented		Exact-path exclusion; semantic code was not read
14	examples/distributed_history/specs/generated/testgraph/ecommerce_external_cases/cases.py	out-of-scope	ticket_plan.yaml:648-658	none (outside the three project indexes)	unrepresented		Exact-path exclusion; semantic code was not read
15	examples/distributed_history/specs/generated/testgraph/ecommerce_external_cases/types.py	out-of-scope	ticket_plan.yaml:648-658	none (outside the three project indexes)	unrepresented		Exact-path exclusion; semantic code was not read
16	examples/distributed_history/specs/generated/testgraph/ecommerce_external_cases/validators.py	out-of-scope	ticket_plan.yaml:648-658	none (outside the three project indexes)	unrepresented		Exact-path exclusion; semantic code was not read
17	examples/distributed_history/specs/program_model/__init__.py	out-of-scope	ticket_plan.yaml:648-658	none (outside the three project indexes)	unrepresented		Exact-path exclusion; semantic code was not read
18	examples/distributed_history/specs/program_model/adapters.py	out-of-scope	ticket_plan.yaml:648-658	none (outside the three project indexes)	unrepresented		Exact-path exclusion; semantic code was not read
19	examples/distributed_history/specs/program_model/tests/test_ecommerce_adapters.py	out-of-scope	ticket_plan.yaml:648-658	none (outside the three project indexes)	unrepresented		Exact-path exclusion; semantic code was not read
20	examples/distributed_history/specs/program_model/tlc_projection.py	out-of-scope	ticket_plan.yaml:648-658	none (outside the three project indexes)	unrepresented		Exact-path exclusion; semantic code was not read
21	examples/distributed_history/test_graph/build-logic/build.gradle.kts	out-of-scope	ticket_plan.yaml:648-658	none (outside the three project indexes)	unrepresented		Exact-path exclusion; semantic code was not read
22	examples/distributed_history/test_graph/build-logic/settings.gradle.kts	out-of-scope	ticket_plan.yaml:648-658	none (outside the three project indexes)	unrepresented		Exact-path exclusion; semantic code was not read
23	examples/distributed_history/test_graph/build-logic/src/main/kotlin/com/hayden/testgraphsdk/GraphAssembler.kt	out-of-scope	ticket_plan.yaml:648-658	none (outside the three project indexes)	unrepresented		Exact-path exclusion; semantic code was not read
24	examples/distributed_history/test_graph/build-logic/src/main/kotlin/com/hayden/testgraphsdk/GraphModel.kt	out-of-scope	ticket_plan.yaml:648-658	none (outside the three project indexes)	unrepresented		Exact-path exclusion; semantic code was not read
25	examples/distributed_history/test_graph/build-logic/src/main/kotlin/com/hayden/testgraphsdk/MiniJson.kt	out-of-scope	ticket_plan.yaml:648-658	none (outside the three project indexes)	unrepresented		Exact-path exclusion; semantic code was not read
26	examples/distributed_history/test_graph/build-logic/src/main/kotlin/com/hayden/testgraphsdk/NodeDescribeLoader.kt	out-of-scope	ticket_plan.yaml:648-658	none (outside the three project indexes)	unrepresented		Exact-path exclusion; semantic code was not read
27	examples/distributed_history/test_graph/build-logic/src/main/kotlin/com/hayden/testgraphsdk/TestGraphSpec.kt	out-of-scope	ticket_plan.yaml:648-658	none (outside the three project indexes)	unrepresented		Exact-path exclusion; semantic code was not read
28	examples/distributed_history/test_graph/build-logic/src/main/kotlin/com/hayden/testgraphsdk/Toolchain.kt	out-of-scope	ticket_plan.yaml:648-658	none (outside the three project indexes)	unrepresented		Exact-path exclusion; semantic code was not read
29	examples/distributed_history/test_graph/build-logic/src/main/kotlin/com/hayden/testgraphsdk/ValidationGraphExtension.kt	out-of-scope	ticket_plan.yaml:648-658	none (outside the three project indexes)	unrepresented		Exact-path exclusion; semantic code was not read
30	examples/distributed_history/test_graph/build-logic/src/main/kotlin/com/hayden/testgraphsdk/ValidationGraphPlugin.kt	out-of-scope	ticket_plan.yaml:648-658	none (outside the three project indexes)	unrepresented		Exact-path exclusion; semantic code was not read
31	examples/distributed_history/test_graph/build-logic/src/main/kotlin/com/hayden/testgraphsdk/ValidationNodeSpec.kt	out-of-scope	ticket_plan.yaml:648-658	none (outside the three project indexes)	unrepresented		Exact-path exclusion; semantic code was not read
32	examples/distributed_history/test_graph/build-logic/src/main/kotlin/com/hayden/testgraphsdk/ValidationRuntime.kt	out-of-scope	ticket_plan.yaml:648-658	none (outside the three project indexes)	unrepresented		Exact-path exclusion; semantic code was not read
33	examples/distributed_history/test_graph/build-logic/src/main/kotlin/com/hayden/testgraphsdk/exec/Context.kt	out-of-scope	ticket_plan.yaml:648-658	none (outside the three project indexes)	unrepresented		Exact-path exclusion; semantic code was not read
34	examples/distributed_history/test_graph/build-logic/src/main/kotlin/com/hayden/testgraphsdk/exec/Executors.kt	out-of-scope	ticket_plan.yaml:648-658	none (outside the three project indexes)	unrepresented		Exact-path exclusion; semantic code was not read
35	examples/distributed_history/test_graph/build-logic/src/main/kotlin/com/hayden/testgraphsdk/exec/JBangExecutor.kt	out-of-scope	ticket_plan.yaml:648-658	none (outside the three project indexes)	unrepresented		Exact-path exclusion; semantic code was not read
36	examples/distributed_history/test_graph/build-logic/src/main/kotlin/com/hayden/testgraphsdk/exec/PlanExecutor.kt	out-of-scope	ticket_plan.yaml:648-658	none (outside the three project indexes)	unrepresented		Exact-path exclusion; semantic code was not read
37	examples/distributed_history/test_graph/build-logic/src/main/kotlin/com/hayden/testgraphsdk/exec/TimeoutParser.kt	out-of-scope	ticket_plan.yaml:648-658	none (outside the three project indexes)	unrepresented		Exact-path exclusion; semantic code was not read
38	examples/distributed_history/test_graph/build-logic/src/main/kotlin/com/hayden/testgraphsdk/exec/UvExecutor.kt	out-of-scope	ticket_plan.yaml:648-658	none (outside the three project indexes)	unrepresented		Exact-path exclusion; semantic code was not read
39	examples/distributed_history/test_graph/build-logic/src/main/kotlin/com/hayden/testgraphsdk/tasks/InspectionTasks.kt	out-of-scope	ticket_plan.yaml:648-658	none (outside the three project indexes)	unrepresented		Exact-path exclusion; semantic code was not read
40	examples/distributed_history/test_graph/build-logic/src/main/kotlin/com/hayden/testgraphsdk/tasks/RunReportWriter.kt	out-of-scope	ticket_plan.yaml:648-658	none (outside the three project indexes)	unrepresented		Exact-path exclusion; semantic code was not read
41	examples/distributed_history/test_graph/build-logic/src/main/kotlin/com/hayden/testgraphsdk/tasks/RunTestGraphTask.kt	out-of-scope	ticket_plan.yaml:648-658	none (outside the three project indexes)	unrepresented		Exact-path exclusion; semantic code was not read
42	examples/distributed_history/test_graph/build-logic/src/main/kotlin/com/hayden/testgraphsdk/tasks/ValidationReportTask.kt	out-of-scope	ticket_plan.yaml:648-658	none (outside the three project indexes)	unrepresented		Exact-path exclusion; semantic code was not read
43	examples/distributed_history/test_graph/build-logic/src/test/kotlin/com/hayden/testgraphsdk/exec/PlanExecutorResumeHarnessTest.kt	out-of-scope	ticket_plan.yaml:648-658	none (outside the three project indexes)	unrepresented		Exact-path exclusion; semantic code was not read
44	examples/distributed_history/test_graph/build.gradle.kts	out-of-scope	ticket_plan.yaml:648-658	none (outside the three project indexes)	unrepresented		Exact-path exclusion; semantic code was not read
45	examples/distributed_history/test_graph/gradlew	out-of-scope	ticket_plan.yaml:648-658	none (outside the three project indexes)	unrepresented		Exact-path exclusion; semantic code was not read
46	examples/distributed_history/test_graph/sdk/java/build.gradle.kts	out-of-scope	ticket_plan.yaml:648-658	none (outside the three project indexes)	unrepresented		Exact-path exclusion; semantic code was not read
47	examples/distributed_history/test_graph/sdk/java/src/main/java/com/hayden/testgraphsdk/sdk/ContextItem.java	out-of-scope	ticket_plan.yaml:648-658	none (outside the three project indexes)	unrepresented		Exact-path exclusion; semantic code was not read
48	examples/distributed_history/test_graph/sdk/java/src/main/java/com/hayden/testgraphsdk/sdk/ContextSerde.java	out-of-scope	ticket_plan.yaml:648-658	none (outside the three project indexes)	unrepresented		Exact-path exclusion; semantic code was not read
49	examples/distributed_history/test_graph/sdk/java/src/main/java/com/hayden/testgraphsdk/sdk/Json.java	out-of-scope	ticket_plan.yaml:648-658	none (outside the three project indexes)	unrepresented		Exact-path exclusion; semantic code was not read
50	examples/distributed_history/test_graph/sdk/java/src/main/java/com/hayden/testgraphsdk/sdk/JsonMapper.java	out-of-scope	ticket_plan.yaml:648-658	none (outside the three project indexes)	unrepresented		Exact-path exclusion; semantic code was not read
51	examples/distributed_history/test_graph/sdk/java/src/main/java/com/hayden/testgraphsdk/sdk/Node.java	out-of-scope	ticket_plan.yaml:648-658	none (outside the three project indexes)	unrepresented		Exact-path exclusion; semantic code was not read
52	examples/distributed_history/test_graph/sdk/java/src/main/java/com/hayden/testgraphsdk/sdk/NodeBody.java	out-of-scope	ticket_plan.yaml:648-658	none (outside the three project indexes)	unrepresented		Exact-path exclusion; semantic code was not read
53	examples/distributed_history/test_graph/sdk/java/src/main/java/com/hayden/testgraphsdk/sdk/NodeContext.java	out-of-scope	ticket_plan.yaml:648-658	none (outside the three project indexes)	unrepresented		Exact-path exclusion; semantic code was not read
54	examples/distributed_history/test_graph/sdk/java/src/main/java/com/hayden/testgraphsdk/sdk/NodeResult.java	out-of-scope	ticket_plan.yaml:648-658	none (outside the three project indexes)	unrepresented		Exact-path exclusion; semantic code was not read
55	examples/distributed_history/test_graph/sdk/java/src/main/java/com/hayden/testgraphsdk/sdk/NodeSpec.java	out-of-scope	ticket_plan.yaml:648-658	none (outside the three project indexes)	unrepresented		Exact-path exclusion; semantic code was not read
56	examples/distributed_history/test_graph/sdk/java/src/main/java/com/hayden/testgraphsdk/sdk/NodeStatus.java	out-of-scope	ticket_plan.yaml:648-658	none (outside the three project indexes)	unrepresented		Exact-path exclusion; semantic code was not read
57	examples/distributed_history/test_graph/sdk/java/src/main/java/com/hayden/testgraphsdk/sdk/ProcessRecord.java	out-of-scope	ticket_plan.yaml:648-658	none (outside the three project indexes)	unrepresented		Exact-path exclusion; semantic code was not read
58	examples/distributed_history/test_graph/sdk/java/src/main/java/com/hayden/testgraphsdk/sdk/Procs.java	out-of-scope	ticket_plan.yaml:648-658	none (outside the three project indexes)	unrepresented		Exact-path exclusion; semantic code was not read
59	examples/distributed_history/test_graph/sdk/python/src/testgraphsdk/__init__.py	out-of-scope	ticket_plan.yaml:648-658	none (outside the three project indexes)	unrepresented		Exact-path exclusion; semantic code was not read
60	examples/distributed_history/test_graph/sdk/python/src/testgraphsdk/context.py	out-of-scope	ticket_plan.yaml:648-658	none (outside the three project indexes)	unrepresented		Exact-path exclusion; semantic code was not read
61	examples/distributed_history/test_graph/sdk/python/src/testgraphsdk/context_item.py	out-of-scope	ticket_plan.yaml:648-658	none (outside the three project indexes)	unrepresented		Exact-path exclusion; semantic code was not read
62	examples/distributed_history/test_graph/sdk/python/src/testgraphsdk/node_spec.py	out-of-scope	ticket_plan.yaml:648-658	none (outside the three project indexes)	unrepresented		Exact-path exclusion; semantic code was not read
63	examples/distributed_history/test_graph/sdk/python/src/testgraphsdk/procs.py	out-of-scope	ticket_plan.yaml:648-658	none (outside the three project indexes)	unrepresented		Exact-path exclusion; semantic code was not read
64	examples/distributed_history/test_graph/sdk/python/src/testgraphsdk/result.py	out-of-scope	ticket_plan.yaml:648-658	none (outside the three project indexes)	unrepresented		Exact-path exclusion; semantic code was not read
65	examples/distributed_history/test_graph/sdk/python/src/testgraphsdk/runner.py	out-of-scope	ticket_plan.yaml:648-658	none (outside the three project indexes)	unrepresented		Exact-path exclusion; semantic code was not read
66	examples/distributed_history/test_graph/settings.gradle.kts	out-of-scope	ticket_plan.yaml:648-658	none (outside the three project indexes)	unrepresented		Exact-path exclusion; semantic code was not read
67	examples/distributed_history/test_graph/sources/cleanup_ecommerce.py	out-of-scope	ticket_plan.yaml:648-658	none (outside the three project indexes)	unrepresented		Exact-path exclusion; semantic code was not read
68	examples/distributed_history/test_graph/sources/collect_evidence.py	out-of-scope	ticket_plan.yaml:648-658	none (outside the three project indexes)	unrepresented		Exact-path exclusion; semantic code was not read
69	examples/distributed_history/test_graph/sources/deploy_ecommerce.py	out-of-scope	ticket_plan.yaml:648-658	none (outside the three project indexes)	unrepresented		Exact-path exclusion; semantic code was not read
70	examples/distributed_history/test_graph/sources/run_external_cases.py	out-of-scope	ticket_plan.yaml:648-658	none (outside the three project indexes)	unrepresented		Exact-path exclusion; semantic code was not read
71	examples/distributed_history/tests/test_ecommerce_backend.py	out-of-scope	ticket_plan.yaml:648-658	none (outside the three project indexes)	unrepresented		Exact-path exclusion; semantic code was not read
72	examples/effect_providers/atomic_publisher/__init__.py	out-of-scope	ticket_plan.yaml:648-658	none (outside the three project indexes)	unrepresented		Exact-path exclusion; semantic code was not read
73	examples/effect_providers/atomic_publisher/adapters.py	out-of-scope	ticket_plan.yaml:648-658	none (outside the three project indexes)	unrepresented		Exact-path exclusion; semantic code was not read
74	examples/effect_providers/atomic_publisher/application.py	in-scope	ticket_plan.yaml:566-573	CreateSuccess; ValidUpdate; IdempotentRetry; StaleRevision; ReadFailure; StagedWriteFailure; ReplaceFailure	partial	CA-01,CA-02,CA-04	examples/effect_providers/atomic_publisher/specs/program_model/Internal.tla:25-31 covers seven terminal outcomes, but not serialization, request/prestate guards, malformed records, ignored false results, or cleanup failures
75	examples/effect_providers/atomic_publisher/atomic_cli.py	in-scope	ticket_plan.yaml:566-573	InvokeCreateSuccess; InvokeValidUpdate; InvokeIdempotentRetry; InvokeStaleRevision; InvokeReadFailure; InvokeStagedWriteFailure; InvokeReplaceFailure	partial	CA-03	examples/effect_providers/atomic_publisher/specs/program_model/External.tla:15-21 wraps terminal scenarios, but not argv, result-file/stage-existence I/O, serialization, or exit behavior
76	examples/effect_providers/atomic_publisher/conformance.py	out-of-scope	ticket_plan.yaml:648-658	none (outside the three project indexes)	unrepresented		Exact-path exclusion; semantic code was not read
77	examples/effect_providers/atomic_publisher/external_adapter.py	out-of-scope	ticket_plan.yaml:648-658	none (outside the three project indexes)	unrepresented		Exact-path exclusion; semantic code was not read
78	examples/effect_providers/atomic_publisher/providers.py	out-of-scope	ticket_plan.yaml:648-658	none (outside the three project indexes)	unrepresented		Exact-path exclusion; semantic code was not read
79	examples/effect_providers/atomic_publisher/regenerate.py	out-of-scope	ticket_plan.yaml:648-658	none (outside the three project indexes)	unrepresented		Exact-path exclusion; semantic code was not read
80	examples/effect_providers/atomic_publisher/run_experiment.py	out-of-scope	ticket_plan.yaml:648-658	none (outside the three project indexes)	unrepresented		Exact-path exclusion; semantic code was not read
81	examples/effect_providers/atomic_publisher/specs/__init__.py	out-of-scope	ticket_plan.yaml:648-658	none (outside the three project indexes)	unrepresented		Exact-path exclusion; semantic code was not read
82	examples/effect_providers/atomic_publisher/specs/program_model/__init__.py	out-of-scope	ticket_plan.yaml:648-658	none (outside the three project indexes)	unrepresented		Exact-path exclusion; semantic code was not read
83	examples/effect_providers/atomic_publisher/specs/program_model/generated/atomic_publisher_contract/__init__.py	out-of-scope	ticket_plan.yaml:648-658	none (outside the three project indexes)	unrepresented		Exact-path exclusion; semantic code was not read
84	examples/effect_providers/atomic_publisher/specs/program_model/generated/atomic_publisher_contract/contract_tests.py	out-of-scope	ticket_plan.yaml:648-658	none (outside the three project indexes)	unrepresented		Exact-path exclusion; semantic code was not read
85	examples/effect_providers/atomic_publisher/specs/program_model/generated/atomic_publisher_contract/fake.py	out-of-scope	ticket_plan.yaml:648-658	none (outside the three project indexes)	unrepresented		Exact-path exclusion; semantic code was not read
86	examples/effect_providers/atomic_publisher/specs/program_model/generated/atomic_publisher_contract/ports.py	out-of-scope	ticket_plan.yaml:648-658	none (outside the three project indexes)	unrepresented		Exact-path exclusion; semantic code was not read
87	examples/effect_providers/atomic_publisher/specs/program_model/generated/atomic_publisher_contract/strategies.py	out-of-scope	ticket_plan.yaml:648-658	none (outside the three project indexes)	unrepresented		Exact-path exclusion; semantic code was not read
88	examples/effect_providers/atomic_publisher/specs/program_model/generated/atomic_publisher_contract/traces.py	out-of-scope	ticket_plan.yaml:648-658	none (outside the three project indexes)	unrepresented		Exact-path exclusion; semantic code was not read
89	examples/effect_providers/atomic_publisher/specs/program_model/generated/atomic_publisher_contract/types.py	out-of-scope	ticket_plan.yaml:648-658	none (outside the three project indexes)	unrepresented		Exact-path exclusion; semantic code was not read
90	examples/effect_providers/atomic_publisher/specs/program_model/generated/atomic_publisher_contract/validators.py	out-of-scope	ticket_plan.yaml:648-658	none (outside the three project indexes)	unrepresented		Exact-path exclusion; semantic code was not read
91	examples/effect_providers/atomic_publisher/specs/program_model/generated/cases/spec-unit/atomic_internal_cases/__init__.py	out-of-scope	ticket_plan.yaml:648-658	none (outside the three project indexes)	unrepresented		Exact-path exclusion; semantic code was not read
92	examples/effect_providers/atomic_publisher/specs/program_model/generated/cases/spec-unit/atomic_internal_cases/cases.py	out-of-scope	ticket_plan.yaml:648-658	none (outside the three project indexes)	unrepresented		Exact-path exclusion; semantic code was not read
93	examples/effect_providers/atomic_publisher/specs/program_model/generated/cases/spec-unit/atomic_internal_cases/doubles.py	out-of-scope	ticket_plan.yaml:648-658	none (outside the three project indexes)	unrepresented		Exact-path exclusion; semantic code was not read
94	examples/effect_providers/atomic_publisher/specs/program_model/generated/cases/spec-unit/atomic_internal_cases/types.py	out-of-scope	ticket_plan.yaml:648-658	none (outside the three project indexes)	unrepresented		Exact-path exclusion; semantic code was not read
95	examples/effect_providers/atomic_publisher/specs/program_model/generated/cases/spec-unit/atomic_internal_cases/validators.py	out-of-scope	ticket_plan.yaml:648-658	none (outside the three project indexes)	unrepresented		Exact-path exclusion; semantic code was not read
96	examples/effect_providers/atomic_publisher/specs/program_model/generated/cases/testgraph/atomic_external_cases/__init__.py	out-of-scope	ticket_plan.yaml:648-658	none (outside the three project indexes)	unrepresented		Exact-path exclusion; semantic code was not read
97	examples/effect_providers/atomic_publisher/specs/program_model/generated/cases/testgraph/atomic_external_cases/cases.py	out-of-scope	ticket_plan.yaml:648-658	none (outside the three project indexes)	unrepresented		Exact-path exclusion; semantic code was not read
98	examples/effect_providers/atomic_publisher/specs/program_model/generated/cases/testgraph/atomic_external_cases/doubles.py	out-of-scope	ticket_plan.yaml:648-658	none (outside the three project indexes)	unrepresented		Exact-path exclusion; semantic code was not read
99	examples/effect_providers/atomic_publisher/specs/program_model/generated/cases/testgraph/atomic_external_cases/types.py	out-of-scope	ticket_plan.yaml:648-658	none (outside the three project indexes)	unrepresented		Exact-path exclusion; semantic code was not read
100	examples/effect_providers/atomic_publisher/specs/program_model/generated/cases/testgraph/atomic_external_cases/validators.py	out-of-scope	ticket_plan.yaml:648-658	none (outside the three project indexes)	unrepresented		Exact-path exclusion; semantic code was not read
101	examples/effect_providers/atomic_publisher/specs/program_model/tlc_projection.py	out-of-scope	ticket_plan.yaml:648-658	none (outside the three project indexes)	unrepresented		Exact-path exclusion; semantic code was not read
102	examples/effect_providers/atomic_publisher/test_atomic_publisher.py	out-of-scope	ticket_plan.yaml:648-658	none (outside the three project indexes)	unrepresented		Exact-path exclusion; semantic code was not read
103	examples/effect_providers/legacy_payment_http/generated/spec-unit/payment_http_internal_cases/__init__.py	out-of-scope	ticket_plan.yaml:648-658	none (outside the three project indexes)	unrepresented		Exact-path exclusion; semantic code was not read
104	examples/effect_providers/legacy_payment_http/generated/spec-unit/payment_http_internal_cases/cases.py	out-of-scope	ticket_plan.yaml:648-658	none (outside the three project indexes)	unrepresented		Exact-path exclusion; semantic code was not read
105	examples/effect_providers/legacy_payment_http/generated/spec-unit/payment_http_internal_cases/doubles.py	out-of-scope	ticket_plan.yaml:648-658	none (outside the three project indexes)	unrepresented		Exact-path exclusion; semantic code was not read
106	examples/effect_providers/legacy_payment_http/generated/spec-unit/payment_http_internal_cases/types.py	out-of-scope	ticket_plan.yaml:648-658	none (outside the three project indexes)	unrepresented		Exact-path exclusion; semantic code was not read
107	examples/effect_providers/legacy_payment_http/generated/spec-unit/payment_http_internal_cases/validators.py	out-of-scope	ticket_plan.yaml:648-658	none (outside the three project indexes)	unrepresented		Exact-path exclusion; semantic code was not read
108	examples/effect_providers/legacy_payment_http/generated/testgraph/payment_http_external_cases/__init__.py	out-of-scope	ticket_plan.yaml:648-658	none (outside the three project indexes)	unrepresented		Exact-path exclusion; semantic code was not read
109	examples/effect_providers/legacy_payment_http/generated/testgraph/payment_http_external_cases/cases.py	out-of-scope	ticket_plan.yaml:648-658	none (outside the three project indexes)	unrepresented		Exact-path exclusion; semantic code was not read
110	examples/effect_providers/legacy_payment_http/generated/testgraph/payment_http_external_cases/doubles.py	out-of-scope	ticket_plan.yaml:648-658	none (outside the three project indexes)	unrepresented		Exact-path exclusion; semantic code was not read
111	examples/effect_providers/legacy_payment_http/generated/testgraph/payment_http_external_cases/types.py	out-of-scope	ticket_plan.yaml:648-658	none (outside the three project indexes)	unrepresented		Exact-path exclusion; semantic code was not read
112	examples/effect_providers/legacy_payment_http/generated/testgraph/payment_http_external_cases/validators.py	out-of-scope	ticket_plan.yaml:648-658	none (outside the three project indexes)	unrepresented		Exact-path exclusion; semantic code was not read
113	examples/effect_providers/legacy_payment_http/legacy_payment_http_app/__init__.py	in-scope	ticket_plan.yaml:566-573	none	unrepresented	CH-01	No action or state names the public re-export/__all__ surface
114	examples/effect_providers/legacy_payment_http/legacy_payment_http_app/__main__.py	in-scope	ticket_plan.yaml:566-573	SubmitApproved; SubmitDeclined; SubmitBadRequest; SubmitTransientThenApproved; SubmitTimeoutThenDuplicateApproved; SubmitExhaustedUnavailable; SubmitMalformedResponse	partial	CH-01	examples/effect_providers/legacy_payment_http/specs/program_model/External.tla:21-51 covers terminal submissions, but not CLI parsing, base URL, stdout JSON, or process exit
115	examples/effect_providers/legacy_payment_http/legacy_payment_http_app/application.py	in-scope	ticket_plan.yaml:566-573	AuthorizeApproved; AuthorizeDeclined; AuthorizeBadRequest; AuthorizeTransientThenApproved; AuthorizeTimeoutThenDuplicateApproved; AuthorizeExhaustedUnavailable; AuthorizeMalformedResponse	partial	CH-02,CH-03,CH-04	examples/effect_providers/legacy_payment_http/specs/program_model/Internal.tla:23-136 covers seven terminal classes and attempts, but not request/response mapping, retry steps, arbitrary max_attempts, or exceptional exits
116	examples/effect_providers/legacy_payment_http/payment_effects/__init__.py	out-of-scope	ticket_plan.yaml:648-658	none (outside the three project indexes)	unrepresented		Exact-path exclusion; semantic code was not read
117	examples/effect_providers/legacy_payment_http/payment_effects/adapters.py	out-of-scope	ticket_plan.yaml:648-658	none (outside the three project indexes)	unrepresented		Exact-path exclusion; semantic code was not read
118	examples/effect_providers/legacy_payment_http/payment_effects/baseline.py	out-of-scope	ticket_plan.yaml:648-658	none (outside the three project indexes)	unrepresented		Exact-path exclusion; semantic code was not read
119	examples/effect_providers/legacy_payment_http/payment_effects/external.py	out-of-scope	ticket_plan.yaml:648-658	none (outside the three project indexes)	unrepresented		Exact-path exclusion; semantic code was not read
120	examples/effect_providers/legacy_payment_http/payment_effects/probes.py	out-of-scope	ticket_plan.yaml:648-658	none (outside the three project indexes)	unrepresented		Exact-path exclusion; semantic code was not read
121	examples/effect_providers/legacy_payment_http/payment_effects/provider.py	out-of-scope	ticket_plan.yaml:648-658	none (outside the three project indexes)	unrepresented		Exact-path exclusion; semantic code was not read
122	examples/effect_providers/legacy_payment_http/scripts/regenerate.py	out-of-scope	ticket_plan.yaml:648-658	none (outside the three project indexes)	unrepresented		Exact-path exclusion; semantic code was not read
123	examples/effect_providers/legacy_payment_http/scripts/run_experiment.py	out-of-scope	ticket_plan.yaml:648-658	none (outside the three project indexes)	unrepresented		Exact-path exclusion; semantic code was not read
124	examples/effect_providers/legacy_payment_http/scripts/write_cost_evidence.py	out-of-scope	ticket_plan.yaml:648-658	none (outside the three project indexes)	unrepresented		Exact-path exclusion; semantic code was not read
125	examples/effect_providers/legacy_payment_http/specs/__init__.py	out-of-scope	ticket_plan.yaml:648-658	none (outside the three project indexes)	unrepresented		Exact-path exclusion; semantic code was not read
126	examples/effect_providers/legacy_payment_http/specs/program_model/__init__.py	out-of-scope	ticket_plan.yaml:648-658	none (outside the three project indexes)	unrepresented		Exact-path exclusion; semantic code was not read
127	examples/effect_providers/legacy_payment_http/specs/program_model/generated/payment_http_contract/__init__.py	out-of-scope	ticket_plan.yaml:648-658	none (outside the three project indexes)	unrepresented		Exact-path exclusion; semantic code was not read
128	examples/effect_providers/legacy_payment_http/specs/program_model/generated/payment_http_contract/contract_tests.py	out-of-scope	ticket_plan.yaml:648-658	none (outside the three project indexes)	unrepresented		Exact-path exclusion; semantic code was not read
129	examples/effect_providers/legacy_payment_http/specs/program_model/generated/payment_http_contract/fake.py	out-of-scope	ticket_plan.yaml:648-658	none (outside the three project indexes)	unrepresented		Exact-path exclusion; semantic code was not read
130	examples/effect_providers/legacy_payment_http/specs/program_model/generated/payment_http_contract/ports.py	out-of-scope	ticket_plan.yaml:648-658	none (outside the three project indexes)	unrepresented		Exact-path exclusion; semantic code was not read
131	examples/effect_providers/legacy_payment_http/specs/program_model/generated/payment_http_contract/strategies.py	out-of-scope	ticket_plan.yaml:648-658	none (outside the three project indexes)	unrepresented		Exact-path exclusion; semantic code was not read
132	examples/effect_providers/legacy_payment_http/specs/program_model/generated/payment_http_contract/traces.py	out-of-scope	ticket_plan.yaml:648-658	none (outside the three project indexes)	unrepresented		Exact-path exclusion; semantic code was not read
133	examples/effect_providers/legacy_payment_http/specs/program_model/generated/payment_http_contract/types.py	out-of-scope	ticket_plan.yaml:648-658	none (outside the three project indexes)	unrepresented		Exact-path exclusion; semantic code was not read
134	examples/effect_providers/legacy_payment_http/specs/program_model/generated/payment_http_contract/validators.py	out-of-scope	ticket_plan.yaml:648-658	none (outside the three project indexes)	unrepresented		Exact-path exclusion; semantic code was not read
135	examples/effect_providers/legacy_payment_http/specs/program_model/tlc_projection.py	out-of-scope	ticket_plan.yaml:648-658	none (outside the three project indexes)	unrepresented		Exact-path exclusion; semantic code was not read
136	examples/effect_providers/legacy_payment_http/tests/test_project.py	out-of-scope	ticket_plan.yaml:648-658	none (outside the three project indexes)	unrepresented		Exact-path exclusion; semantic code was not read
137	examples/effect_providers/reminder_worker/__init__.py	out-of-scope	ticket_plan.yaml:648-658	none (outside the three project indexes)	unrepresented		Exact-path exclusion; semantic code was not read
138	examples/effect_providers/reminder_worker/adapter.py	out-of-scope	ticket_plan.yaml:648-658	none (outside the three project indexes)	unrepresented		Exact-path exclusion; semantic code was not read
139	examples/effect_providers/reminder_worker/app.py	in-scope	ticket_plan.yaml:566-573	ProcessEmpty; ProcessNotDue; ProcessAccepted; ProcessRetryable; ProcessPermanent; ProcessDuplicate; ProcessPendingRetry	partial	CR-01,CR-02,CR-04	examples/effect_providers/reminder_worker/specs/program_model/Internal.tla:29-104 covers terminal projections, but not effect order/cardinality, command values, due comparison, port failures, or supported initial-state/outcome cross-products
140	examples/effect_providers/reminder_worker/external_adapter.py	out-of-scope	ticket_plan.yaml:648-658	none (outside the three project indexes)	unrepresented		Exact-path exclusion; semantic code was not read
141	examples/effect_providers/reminder_worker/generated/cases/spec-unit/reminder_internal_cases/__init__.py	out-of-scope	ticket_plan.yaml:648-658	none (outside the three project indexes)	unrepresented		Exact-path exclusion; semantic code was not read
142	examples/effect_providers/reminder_worker/generated/cases/spec-unit/reminder_internal_cases/cases.py	out-of-scope	ticket_plan.yaml:648-658	none (outside the three project indexes)	unrepresented		Exact-path exclusion; semantic code was not read
143	examples/effect_providers/reminder_worker/generated/cases/spec-unit/reminder_internal_cases/doubles.py	out-of-scope	ticket_plan.yaml:648-658	none (outside the three project indexes)	unrepresented		Exact-path exclusion; semantic code was not read
144	examples/effect_providers/reminder_worker/generated/cases/spec-unit/reminder_internal_cases/types.py	out-of-scope	ticket_plan.yaml:648-658	none (outside the three project indexes)	unrepresented		Exact-path exclusion; semantic code was not read
145	examples/effect_providers/reminder_worker/generated/cases/spec-unit/reminder_internal_cases/validators.py	out-of-scope	ticket_plan.yaml:648-658	none (outside the three project indexes)	unrepresented		Exact-path exclusion; semantic code was not read
146	examples/effect_providers/reminder_worker/generated/cases/testgraph/reminder_external_cases/__init__.py	out-of-scope	ticket_plan.yaml:648-658	none (outside the three project indexes)	unrepresented		Exact-path exclusion; semantic code was not read
147	examples/effect_providers/reminder_worker/generated/cases/testgraph/reminder_external_cases/cases.py	out-of-scope	ticket_plan.yaml:648-658	none (outside the three project indexes)	unrepresented		Exact-path exclusion; semantic code was not read
148	examples/effect_providers/reminder_worker/generated/cases/testgraph/reminder_external_cases/doubles.py	out-of-scope	ticket_plan.yaml:648-658	none (outside the three project indexes)	unrepresented		Exact-path exclusion; semantic code was not read
149	examples/effect_providers/reminder_worker/generated/cases/testgraph/reminder_external_cases/types.py	out-of-scope	ticket_plan.yaml:648-658	none (outside the three project indexes)	unrepresented		Exact-path exclusion; semantic code was not read
150	examples/effect_providers/reminder_worker/generated/cases/testgraph/reminder_external_cases/validators.py	out-of-scope	ticket_plan.yaml:648-658	none (outside the three project indexes)	unrepresented		Exact-path exclusion; semantic code was not read
151	examples/effect_providers/reminder_worker/generated/reminder_contract/__init__.py	out-of-scope	ticket_plan.yaml:648-658	none (outside the three project indexes)	unrepresented		Exact-path exclusion; semantic code was not read
152	examples/effect_providers/reminder_worker/generated/reminder_contract/contract_tests.py	out-of-scope	ticket_plan.yaml:648-658	none (outside the three project indexes)	unrepresented		Exact-path exclusion; semantic code was not read
153	examples/effect_providers/reminder_worker/generated/reminder_contract/fake.py	out-of-scope	ticket_plan.yaml:648-658	none (outside the three project indexes)	unrepresented		Exact-path exclusion; semantic code was not read
154	examples/effect_providers/reminder_worker/generated/reminder_contract/ports.py	out-of-scope	ticket_plan.yaml:648-658	none (outside the three project indexes)	unrepresented		Exact-path exclusion; semantic code was not read
155	examples/effect_providers/reminder_worker/generated/reminder_contract/strategies.py	out-of-scope	ticket_plan.yaml:648-658	none (outside the three project indexes)	unrepresented		Exact-path exclusion; semantic code was not read
156	examples/effect_providers/reminder_worker/generated/reminder_contract/traces.py	out-of-scope	ticket_plan.yaml:648-658	none (outside the three project indexes)	unrepresented		Exact-path exclusion; semantic code was not read
157	examples/effect_providers/reminder_worker/generated/reminder_contract/types.py	out-of-scope	ticket_plan.yaml:648-658	none (outside the three project indexes)	unrepresented		Exact-path exclusion; semantic code was not read
158	examples/effect_providers/reminder_worker/generated/reminder_contract/validators.py	out-of-scope	ticket_plan.yaml:648-658	none (outside the three project indexes)	unrepresented		Exact-path exclusion; semantic code was not read
159	examples/effect_providers/reminder_worker/providers.py	out-of-scope	ticket_plan.yaml:648-658	none (outside the three project indexes)	unrepresented		Exact-path exclusion; semantic code was not read
160	examples/effect_providers/reminder_worker/regenerate.py	out-of-scope	ticket_plan.yaml:648-658	none (outside the three project indexes)	unrepresented		Exact-path exclusion; semantic code was not read
161	examples/effect_providers/reminder_worker/reminder_cli.py	in-scope	ticket_plan.yaml:566-573	RunEmpty; RunNotDue; RunAccepted; RunRetryable; RunPermanent; RunDuplicate; RunPendingRetry	partial	CR-03	examples/effect_providers/reminder_worker/specs/program_model/External.tla:29-104 covers terminal projections, but not CLI/persistence/journal/assertion behavior or unknown scenarios
162	examples/effect_providers/reminder_worker/run_experiment.py	out-of-scope	ticket_plan.yaml:648-658	none (outside the three project indexes)	unrepresented		Exact-path exclusion; semantic code was not read
163	examples/effect_providers/reminder_worker/specs/__init__.py	out-of-scope	ticket_plan.yaml:648-658	none (outside the three project indexes)	unrepresented		Exact-path exclusion; semantic code was not read
164	examples/effect_providers/reminder_worker/specs/program_model/__init__.py	out-of-scope	ticket_plan.yaml:648-658	none (outside the three project indexes)	unrepresented		Exact-path exclusion; semantic code was not read
165	examples/effect_providers/reminder_worker/specs/program_model/tlc_projection.py	out-of-scope	ticket_plan.yaml:648-658	none (outside the three project indexes)	unrepresented		Exact-path exclusion; semantic code was not read
166	examples/effect_providers/reminder_worker/test_reminder_worker.py	out-of-scope	ticket_plan.yaml:648-658	none (outside the three project indexes)	unrepresented		Exact-path exclusion; semantic code was not read
167	examples/run_distributed_history_validation.py	out-of-scope	ticket_plan.yaml:648-658	none (outside the three project indexes)	unrepresented		Exact-path exclusion; semantic code was not read
168	examples/validate_split_desired_workflow.py	out-of-scope	ticket_plan.yaml:648-658	none (outside the three project indexes)	unrepresented		Exact-path exclusion; semantic code was not read
169	scripts/analyze_complexity.py	out-of-scope	ticket_plan.yaml:648-658	none (outside the three project indexes)	unrepresented		Exact-path exclusion; semantic code was not read
170	scripts/budgets.py	out-of-scope	ticket_plan.yaml:648-658	none (outside the three project indexes)	unrepresented		Exact-path exclusion; semantic code was not read
171	scripts/close-spec-workflow.py	out-of-scope	ticket_plan.yaml:648-658	none (outside the three project indexes)	unrepresented		Exact-path exclusion; semantic code was not read
172	scripts/close-ticket.py	out-of-scope	ticket_plan.yaml:648-658	none (outside the three project indexes)	unrepresented		Exact-path exclusion; semantic code was not read
173	scripts/close_spec_workflow.py	out-of-scope	ticket_plan.yaml:648-658	none (outside the three project indexes)	unrepresented		Exact-path exclusion; semantic code was not read
174	scripts/close_ticket.py	out-of-scope	ticket_plan.yaml:648-658	none (outside the three project indexes)	unrepresented		Exact-path exclusion; semantic code was not read
175	scripts/close_tickets.py	out-of-scope	ticket_plan.yaml:648-658	none (outside the three project indexes)	unrepresented		Exact-path exclusion; semantic code was not read
176	scripts/complexity_ledger.py	out-of-scope	ticket_plan.yaml:648-658	none (outside the three project indexes)	unrepresented		Exact-path exclusion; semantic code was not read
177	scripts/corpus_diagnostics.py	out-of-scope	ticket_plan.yaml:648-658	none (outside the three project indexes)	unrepresented		Exact-path exclusion; semantic code was not read
178	scripts/effect_conformance.py	out-of-scope	ticket_plan.yaml:648-658	none (outside the three project indexes)	unrepresented		Exact-path exclusion; semantic code was not read
179	scripts/effect_conformance_report.py	out-of-scope	ticket_plan.yaml:648-658	none (outside the three project indexes)	unrepresented		Exact-path exclusion; semantic code was not read
180	scripts/export_testgraph_cases.py	out-of-scope	ticket_plan.yaml:648-658	none (outside the three project indexes)	unrepresented		Exact-path exclusion; semantic code was not read
181	scripts/extract_spec_manifest.py	out-of-scope	ticket_plan.yaml:648-658	none (outside the three project indexes)	unrepresented		Exact-path exclusion; semantic code was not read
182	scripts/generate_cases_from_tlc_dump.py	out-of-scope	ticket_plan.yaml:648-658	none (outside the three project indexes)	unrepresented		Exact-path exclusion; semantic code was not read
183	scripts/generate_docs.py	out-of-scope	ticket_plan.yaml:648-658	none (outside the three project indexes)	unrepresented		Exact-path exclusion; semantic code was not read
184	scripts/generate_python.py	out-of-scope	ticket_plan.yaml:648-658	none (outside the three project indexes)	unrepresented		Exact-path exclusion; semantic code was not read
185	scripts/infer_action_params.py	out-of-scope	ticket_plan.yaml:648-658	none (outside the three project indexes)	unrepresented		Exact-path exclusion; semantic code was not read
186	scripts/kill_test.py	out-of-scope	ticket_plan.yaml:648-658	none (outside the three project indexes)	unrepresented		Exact-path exclusion; semantic code was not read
187	scripts/new_ticket_workflow.py	out-of-scope	ticket_plan.yaml:648-658	none (outside the three project indexes)	unrepresented		Exact-path exclusion; semantic code was not read
188	scripts/onboard_program_model.py	out-of-scope	ticket_plan.yaml:648-658	none (outside the three project indexes)	unrepresented		Exact-path exclusion; semantic code was not read
189	scripts/run_generated_case_adapters.py	out-of-scope	ticket_plan.yaml:648-658	none (outside the three project indexes)	unrepresented		Exact-path exclusion; semantic code was not read
190	scripts/run_kill_test.py	out-of-scope	ticket_plan.yaml:648-658	none (outside the three project indexes)	unrepresented		Exact-path exclusion; semantic code was not read
191	scripts/run_tlc.sh	out-of-scope	ticket_plan.yaml:648-658	none (outside the three project indexes)	unrepresented		Exact-path exclusion; semantic code was not read
192	scripts/scaffold_spec.py	out-of-scope	ticket_plan.yaml:648-658	none (outside the three project indexes)	unrepresented		Exact-path exclusion; semantic code was not read
193	scripts/scaffold_spec_workflow.py	out-of-scope	ticket_plan.yaml:648-658	none (outside the three project indexes)	unrepresented		Exact-path exclusion; semantic code was not read
194	scripts/skill_feedback.py	out-of-scope	ticket_plan.yaml:648-658	none (outside the three project indexes)	unrepresented		Exact-path exclusion; semantic code was not read
195	scripts/spec_evolution.py	out-of-scope	ticket_plan.yaml:648-658	none (outside the three project indexes)	unrepresented		Exact-path exclusion; semantic code was not read
196	scripts/spec_paths.py	out-of-scope	ticket_plan.yaml:648-658	none (outside the three project indexes)	unrepresented		Exact-path exclusion; semantic code was not read
197	scripts/start_ticket.py	out-of-scope	ticket_plan.yaml:648-658	none (outside the three project indexes)	unrepresented		Exact-path exclusion; semantic code was not read
198	scripts/testgraph_channels.py	out-of-scope	ticket_plan.yaml:648-658	none (outside the three project indexes)	unrepresented		Exact-path exclusion; semantic code was not read
199	scripts/tla_spec_dev.py	out-of-scope	ticket_plan.yaml:648-658	none (outside the three project indexes)	unrepresented		Exact-path exclusion; semantic code was not read
200	skill-scripts/install-tla-spec-dev.sh	out-of-scope	ticket_plan.yaml:648-658	none (outside the three project indexes)	unrepresented		Exact-path exclusion; semantic code was not read
201	skill-scripts/install-tlc2.sh	out-of-scope	ticket_plan.yaml:648-658	none (outside the three project indexes)	unrepresented		Exact-path exclusion; semantic code was not read
202	spec_double_compiler/__init__.py	out-of-scope	ticket_plan.yaml:648-658	none (outside the three project indexes)	unrepresented		Exact-path exclusion; semantic code was not read
203	spec_double_compiler/effects.py	out-of-scope	ticket_plan.yaml:648-658	none (outside the three project indexes)	unrepresented		Exact-path exclusion; semantic code was not read
204	spec_double_compiler/runtime.py	out-of-scope	ticket_plan.yaml:648-658	none (outside the three project indexes)	unrepresented		Exact-path exclusion; semantic code was not read
205	specs/.history/effect-provider-epic/ticket-000-EP-01/snapshots/current/adapter_case_runtime.py	out-of-scope	ticket_plan.yaml:648-658	none (outside the three project indexes)	unrepresented		Exact-path exclusion; semantic code was not read
206	specs/.history/effect-provider-epic/ticket-000-EP-01/snapshots/current/production_adapters.py	out-of-scope	ticket_plan.yaml:648-658	none (outside the three project indexes)	unrepresented		Exact-path exclusion; semantic code was not read
207	specs/.history/effect-provider-epic/ticket-000-EP-01/snapshots/current/tests/test_current_ticket_workflow.py	out-of-scope	ticket_plan.yaml:648-658	none (outside the three project indexes)	unrepresented		Exact-path exclusion; semantic code was not read
208	specs/.history/effect-provider-epic/ticket-000-EP-01/snapshots/current/tests/test_tla_spec_dev_analyze_adapter.py	out-of-scope	ticket_plan.yaml:648-658	none (outside the three project indexes)	unrepresented		Exact-path exclusion; semantic code was not read
209	specs/.history/effect-provider-epic/ticket-000-EP-01/snapshots/current/tests/test_tla_spec_dev_budgets_adapter.py	out-of-scope	ticket_plan.yaml:648-658	none (outside the three project indexes)	unrepresented		Exact-path exclusion; semantic code was not read
210	specs/.history/effect-provider-epic/ticket-000-EP-01/snapshots/current/tests/test_tla_spec_dev_case_execution_run.py	out-of-scope	ticket_plan.yaml:648-658	none (outside the three project indexes)	unrepresented		Exact-path exclusion; semantic code was not read
211	specs/.history/effect-provider-epic/ticket-000-EP-01/snapshots/current/tests/test_tla_spec_dev_cli_adapter.py	out-of-scope	ticket_plan.yaml:648-658	none (outside the three project indexes)	unrepresented		Exact-path exclusion; semantic code was not read
212	specs/.history/effect-provider-epic/ticket-000-EP-01/snapshots/current/tests/test_tla_spec_dev_close_promotion_adapter.py	out-of-scope	ticket_plan.yaml:648-658	none (outside the three project indexes)	unrepresented		Exact-path exclusion; semantic code was not read
213	specs/.history/effect-provider-epic/ticket-000-EP-01/snapshots/current/tests/test_tla_spec_dev_complexity_ledger_adapter.py	out-of-scope	ticket_plan.yaml:648-658	none (outside the three project indexes)	unrepresented		Exact-path exclusion; semantic code was not read
214	specs/.history/effect-provider-epic/ticket-000-EP-01/snapshots/current/tests/test_tla_spec_dev_corpus_adapter.py	out-of-scope	ticket_plan.yaml:648-658	none (outside the three project indexes)	unrepresented		Exact-path exclusion; semantic code was not read
215	specs/.history/effect-provider-epic/ticket-000-EP-01/snapshots/current/tests/test_tla_spec_dev_effect_conformance_adapter.py	out-of-scope	ticket_plan.yaml:648-658	none (outside the three project indexes)	unrepresented		Exact-path exclusion; semantic code was not read
216	specs/.history/effect-provider-epic/ticket-000-EP-01/snapshots/current/tests/test_tla_spec_dev_kill_test_adapter.py	out-of-scope	ticket_plan.yaml:648-658	none (outside the three project indexes)	unrepresented		Exact-path exclusion; semantic code was not read
217	specs/.history/effect-provider-epic/ticket-000-EP-01/snapshots/current/tests/test_tla_spec_dev_run_adapter.py	out-of-scope	ticket_plan.yaml:648-658	none (outside the three project indexes)	unrepresented		Exact-path exclusion; semantic code was not read
218	specs/.history/effect-provider-epic/ticket-000-EP-01/snapshots/current/tests/test_tla_spec_dev_scaffold_adapter.py	out-of-scope	ticket_plan.yaml:648-658	none (outside the three project indexes)	unrepresented		Exact-path exclusion; semantic code was not read
219	specs/.history/effect-provider-epic/ticket-000-EP-01/snapshots/current/tests/test_tla_spec_dev_skill_feedback_adapter.py	out-of-scope	ticket_plan.yaml:648-658	none (outside the three project indexes)	unrepresented		Exact-path exclusion; semantic code was not read
220	specs/.history/effect-provider-epic/ticket-000-EP-01/snapshots/current/tests/test_tla_spec_dev_test_graph_adapter.py	out-of-scope	ticket_plan.yaml:648-658	none (outside the three project indexes)	unrepresented		Exact-path exclusion; semantic code was not read
221	specs/.history/effect-provider-epic/ticket-000-EP-01/snapshots/current/tests/test_tla_spec_dev_ticket_adapter.py	out-of-scope	ticket_plan.yaml:648-658	none (outside the three project indexes)	unrepresented		Exact-path exclusion; semantic code was not read
222	specs/.history/effect-provider-epic/ticket-000-EP-01/snapshots/current/tests/test_tla_spec_dev_update_ticket_adapter.py	out-of-scope	ticket_plan.yaml:648-658	none (outside the three project indexes)	unrepresented		Exact-path exclusion; semantic code was not read
223	specs/.history/effect-provider-epic/ticket-000-EP-01/snapshots/desired_program_model/production_adapters.py	out-of-scope	ticket_plan.yaml:648-658	none (outside the three project indexes)	unrepresented		Exact-path exclusion; semantic code was not read
224	specs/.history/effect-provider-epic/ticket-000-EP-01/snapshots/desired_program_model/tests/test_tla_spec_dev_cli_adapter.py	out-of-scope	ticket_plan.yaml:648-658	none (outside the three project indexes)	unrepresented		Exact-path exclusion; semantic code was not read
225	specs/.history/effect-provider-epic/ticket-000-EP-01/snapshots/desired_program_model/tests/test_tla_spec_dev_run_adapter.py	out-of-scope	ticket_plan.yaml:648-658	none (outside the three project indexes)	unrepresented		Exact-path exclusion; semantic code was not read
226	specs/.history/effect-provider-epic/ticket-000-EP-01/snapshots/desired_program_model/tests/test_tla_spec_dev_scaffold_adapter.py	out-of-scope	ticket_plan.yaml:648-658	none (outside the three project indexes)	unrepresented		Exact-path exclusion; semantic code was not read
227	specs/.history/effect-provider-epic/ticket-000-EP-01/snapshots/desired_program_model/tests/test_tla_spec_dev_test_graph_adapter.py	out-of-scope	ticket_plan.yaml:648-658	none (outside the three project indexes)	unrepresented		Exact-path exclusion; semantic code was not read
228	specs/.history/effect-provider-epic/ticket-000-EP-01/snapshots/desired_program_model/tests/test_tla_spec_dev_ticket_adapter.py	out-of-scope	ticket_plan.yaml:648-658	none (outside the three project indexes)	unrepresented		Exact-path exclusion; semantic code was not read
229	specs/.history/effect-provider-epic/ticket-000-EP-01/snapshots/program_model/production_adapters.py	out-of-scope	ticket_plan.yaml:648-658	none (outside the three project indexes)	unrepresented		Exact-path exclusion; semantic code was not read
230	specs/.history/effect-provider-epic/ticket-000-EP-01/snapshots/program_model/tests/test_tla_spec_dev_cli_adapter.py	out-of-scope	ticket_plan.yaml:648-658	none (outside the three project indexes)	unrepresented		Exact-path exclusion; semantic code was not read
231	specs/.history/effect-provider-epic/ticket-000-EP-01/snapshots/program_model/tests/test_tla_spec_dev_run_adapter.py	out-of-scope	ticket_plan.yaml:648-658	none (outside the three project indexes)	unrepresented		Exact-path exclusion; semantic code was not read
232	specs/.history/effect-provider-epic/ticket-000-EP-01/snapshots/program_model/tests/test_tla_spec_dev_scaffold_adapter.py	out-of-scope	ticket_plan.yaml:648-658	none (outside the three project indexes)	unrepresented		Exact-path exclusion; semantic code was not read
233	specs/.history/effect-provider-epic/ticket-000-EP-01/snapshots/program_model/tests/test_tla_spec_dev_test_graph_adapter.py	out-of-scope	ticket_plan.yaml:648-658	none (outside the three project indexes)	unrepresented		Exact-path exclusion; semantic code was not read
234	specs/.history/effect-provider-epic/ticket-000-EP-01/snapshots/program_model/tests/test_tla_spec_dev_ticket_adapter.py	out-of-scope	ticket_plan.yaml:648-658	none (outside the three project indexes)	unrepresented		Exact-path exclusion; semantic code was not read
235	specs/.history/effect-provider-epic/ticket-000-EP-01/ticket/current/adapter_case_runtime.py	out-of-scope	ticket_plan.yaml:648-658	none (outside the three project indexes)	unrepresented		Exact-path exclusion; semantic code was not read
236	specs/.history/effect-provider-epic/ticket-000-EP-01/ticket/current/production_adapters.py	out-of-scope	ticket_plan.yaml:648-658	none (outside the three project indexes)	unrepresented		Exact-path exclusion; semantic code was not read
237	specs/.history/effect-provider-epic/ticket-000-EP-01/ticket/current/tests/test_tla_spec_dev_analyze_adapter.py	out-of-scope	ticket_plan.yaml:648-658	none (outside the three project indexes)	unrepresented		Exact-path exclusion; semantic code was not read
238	specs/.history/effect-provider-epic/ticket-000-EP-01/ticket/current/tests/test_tla_spec_dev_budgets_adapter.py	out-of-scope	ticket_plan.yaml:648-658	none (outside the three project indexes)	unrepresented		Exact-path exclusion; semantic code was not read
239	specs/.history/effect-provider-epic/ticket-000-EP-01/ticket/current/tests/test_tla_spec_dev_case_execution_run.py	out-of-scope	ticket_plan.yaml:648-658	none (outside the three project indexes)	unrepresented		Exact-path exclusion; semantic code was not read
240	specs/.history/effect-provider-epic/ticket-000-EP-01/ticket/current/tests/test_tla_spec_dev_cli_adapter.py	out-of-scope	ticket_plan.yaml:648-658	none (outside the three project indexes)	unrepresented		Exact-path exclusion; semantic code was not read
241	specs/.history/effect-provider-epic/ticket-000-EP-01/ticket/current/tests/test_tla_spec_dev_close_promotion_adapter.py	out-of-scope	ticket_plan.yaml:648-658	none (outside the three project indexes)	unrepresented		Exact-path exclusion; semantic code was not read
242	specs/.history/effect-provider-epic/ticket-000-EP-01/ticket/current/tests/test_tla_spec_dev_complexity_ledger_adapter.py	out-of-scope	ticket_plan.yaml:648-658	none (outside the three project indexes)	unrepresented		Exact-path exclusion; semantic code was not read
243	specs/.history/effect-provider-epic/ticket-000-EP-01/ticket/current/tests/test_tla_spec_dev_corpus_adapter.py	out-of-scope	ticket_plan.yaml:648-658	none (outside the three project indexes)	unrepresented		Exact-path exclusion; semantic code was not read
244	specs/.history/effect-provider-epic/ticket-000-EP-01/ticket/current/tests/test_tla_spec_dev_effect_conformance_adapter.py	out-of-scope	ticket_plan.yaml:648-658	none (outside the three project indexes)	unrepresented		Exact-path exclusion; semantic code was not read
245	specs/.history/effect-provider-epic/ticket-000-EP-01/ticket/current/tests/test_tla_spec_dev_kill_test_adapter.py	out-of-scope	ticket_plan.yaml:648-658	none (outside the three project indexes)	unrepresented		Exact-path exclusion; semantic code was not read
246	specs/.history/effect-provider-epic/ticket-000-EP-01/ticket/current/tests/test_tla_spec_dev_run_adapter.py	out-of-scope	ticket_plan.yaml:648-658	none (outside the three project indexes)	unrepresented		Exact-path exclusion; semantic code was not read
247	specs/.history/effect-provider-epic/ticket-000-EP-01/ticket/current/tests/test_tla_spec_dev_scaffold_adapter.py	out-of-scope	ticket_plan.yaml:648-658	none (outside the three project indexes)	unrepresented		Exact-path exclusion; semantic code was not read
248	specs/.history/effect-provider-epic/ticket-000-EP-01/ticket/current/tests/test_tla_spec_dev_skill_feedback_adapter.py	out-of-scope	ticket_plan.yaml:648-658	none (outside the three project indexes)	unrepresented		Exact-path exclusion; semantic code was not read
249	specs/.history/effect-provider-epic/ticket-000-EP-01/ticket/current/tests/test_tla_spec_dev_test_graph_adapter.py	out-of-scope	ticket_plan.yaml:648-658	none (outside the three project indexes)	unrepresented		Exact-path exclusion; semantic code was not read
250	specs/.history/effect-provider-epic/ticket-000-EP-01/ticket/current/tests/test_tla_spec_dev_ticket_adapter.py	out-of-scope	ticket_plan.yaml:648-658	none (outside the three project indexes)	unrepresented		Exact-path exclusion; semantic code was not read
251	specs/.history/effect-provider-epic/ticket-000-EP-01/ticket/current/tests/test_tla_spec_dev_update_ticket_adapter.py	out-of-scope	ticket_plan.yaml:648-658	none (outside the three project indexes)	unrepresented		Exact-path exclusion; semantic code was not read
252	specs/.history/effect-provider-epic/ticket-000-EP-01/ticket/desired/adapter_case_runtime.py	out-of-scope	ticket_plan.yaml:648-658	none (outside the three project indexes)	unrepresented		Exact-path exclusion; semantic code was not read
253	specs/.history/effect-provider-epic/ticket-000-EP-01/ticket/desired/production_adapters.py	out-of-scope	ticket_plan.yaml:648-658	none (outside the three project indexes)	unrepresented		Exact-path exclusion; semantic code was not read
254	specs/.history/effect-provider-epic/ticket-000-EP-01/ticket/desired/tests/test_tla_spec_dev_analyze_adapter.py	out-of-scope	ticket_plan.yaml:648-658	none (outside the three project indexes)	unrepresented		Exact-path exclusion; semantic code was not read
255	specs/.history/effect-provider-epic/ticket-000-EP-01/ticket/desired/tests/test_tla_spec_dev_budgets_adapter.py	out-of-scope	ticket_plan.yaml:648-658	none (outside the three project indexes)	unrepresented		Exact-path exclusion; semantic code was not read
256	specs/.history/effect-provider-epic/ticket-000-EP-01/ticket/desired/tests/test_tla_spec_dev_case_execution_run.py	out-of-scope	ticket_plan.yaml:648-658	none (outside the three project indexes)	unrepresented		Exact-path exclusion; semantic code was not read
257	specs/.history/effect-provider-epic/ticket-000-EP-01/ticket/desired/tests/test_tla_spec_dev_cli_adapter.py	out-of-scope	ticket_plan.yaml:648-658	none (outside the three project indexes)	unrepresented		Exact-path exclusion; semantic code was not read
258	specs/.history/effect-provider-epic/ticket-000-EP-01/ticket/desired/tests/test_tla_spec_dev_close_promotion_adapter.py	out-of-scope	ticket_plan.yaml:648-658	none (outside the three project indexes)	unrepresented		Exact-path exclusion; semantic code was not read
259	specs/.history/effect-provider-epic/ticket-000-EP-01/ticket/desired/tests/test_tla_spec_dev_complexity_ledger_adapter.py	out-of-scope	ticket_plan.yaml:648-658	none (outside the three project indexes)	unrepresented		Exact-path exclusion; semantic code was not read
260	specs/.history/effect-provider-epic/ticket-000-EP-01/ticket/desired/tests/test_tla_spec_dev_corpus_adapter.py	out-of-scope	ticket_plan.yaml:648-658	none (outside the three project indexes)	unrepresented		Exact-path exclusion; semantic code was not read
261	specs/.history/effect-provider-epic/ticket-000-EP-01/ticket/desired/tests/test_tla_spec_dev_effect_conformance_adapter.py	out-of-scope	ticket_plan.yaml:648-658	none (outside the three project indexes)	unrepresented		Exact-path exclusion; semantic code was not read
262	specs/.history/effect-provider-epic/ticket-000-EP-01/ticket/desired/tests/test_tla_spec_dev_kill_test_adapter.py	out-of-scope	ticket_plan.yaml:648-658	none (outside the three project indexes)	unrepresented		Exact-path exclusion; semantic code was not read
263	specs/.history/effect-provider-epic/ticket-000-EP-01/ticket/desired/tests/test_tla_spec_dev_run_adapter.py	out-of-scope	ticket_plan.yaml:648-658	none (outside the three project indexes)	unrepresented		Exact-path exclusion; semantic code was not read
264	specs/.history/effect-provider-epic/ticket-000-EP-01/ticket/desired/tests/test_tla_spec_dev_scaffold_adapter.py	out-of-scope	ticket_plan.yaml:648-658	none (outside the three project indexes)	unrepresented		Exact-path exclusion; semantic code was not read
265	specs/.history/effect-provider-epic/ticket-000-EP-01/ticket/desired/tests/test_tla_spec_dev_skill_feedback_adapter.py	out-of-scope	ticket_plan.yaml:648-658	none (outside the three project indexes)	unrepresented		Exact-path exclusion; semantic code was not read
266	specs/.history/effect-provider-epic/ticket-000-EP-01/ticket/desired/tests/test_tla_spec_dev_test_graph_adapter.py	out-of-scope	ticket_plan.yaml:648-658	none (outside the three project indexes)	unrepresented		Exact-path exclusion; semantic code was not read
267	specs/.history/effect-provider-epic/ticket-000-EP-01/ticket/desired/tests/test_tla_spec_dev_ticket_adapter.py	out-of-scope	ticket_plan.yaml:648-658	none (outside the three project indexes)	unrepresented		Exact-path exclusion; semantic code was not read
268	specs/.history/effect-provider-epic/ticket-000-EP-01/ticket/desired/tests/test_tla_spec_dev_update_ticket_adapter.py	out-of-scope	ticket_plan.yaml:648-658	none (outside the three project indexes)	unrepresented		Exact-path exclusion; semantic code was not read
269	specs/.history/effect-provider-epic/ticket-000-EP-01/ticket/tests/test_ticket_workflow.py	out-of-scope	ticket_plan.yaml:648-658	none (outside the three project indexes)	unrepresented		Exact-path exclusion; semantic code was not read
270	specs/.history/effect-provider-epic/ticket-001-EP-02/snapshots/current/adapter_case_runtime.py	out-of-scope	ticket_plan.yaml:648-658	none (outside the three project indexes)	unrepresented		Exact-path exclusion; semantic code was not read
271	specs/.history/effect-provider-epic/ticket-001-EP-02/snapshots/current/production_adapters.py	out-of-scope	ticket_plan.yaml:648-658	none (outside the three project indexes)	unrepresented		Exact-path exclusion; semantic code was not read
272	specs/.history/effect-provider-epic/ticket-001-EP-02/snapshots/current/tests/test_current_ticket_workflow.py	out-of-scope	ticket_plan.yaml:648-658	none (outside the three project indexes)	unrepresented		Exact-path exclusion; semantic code was not read
273	specs/.history/effect-provider-epic/ticket-001-EP-02/snapshots/current/tests/test_tla_spec_dev_analyze_adapter.py	out-of-scope	ticket_plan.yaml:648-658	none (outside the three project indexes)	unrepresented		Exact-path exclusion; semantic code was not read
274	specs/.history/effect-provider-epic/ticket-001-EP-02/snapshots/current/tests/test_tla_spec_dev_budgets_adapter.py	out-of-scope	ticket_plan.yaml:648-658	none (outside the three project indexes)	unrepresented		Exact-path exclusion; semantic code was not read
275	specs/.history/effect-provider-epic/ticket-001-EP-02/snapshots/current/tests/test_tla_spec_dev_case_execution_run.py	out-of-scope	ticket_plan.yaml:648-658	none (outside the three project indexes)	unrepresented		Exact-path exclusion; semantic code was not read
276	specs/.history/effect-provider-epic/ticket-001-EP-02/snapshots/current/tests/test_tla_spec_dev_cli_adapter.py	out-of-scope	ticket_plan.yaml:648-658	none (outside the three project indexes)	unrepresented		Exact-path exclusion; semantic code was not read
277	specs/.history/effect-provider-epic/ticket-001-EP-02/snapshots/current/tests/test_tla_spec_dev_close_promotion_adapter.py	out-of-scope	ticket_plan.yaml:648-658	none (outside the three project indexes)	unrepresented		Exact-path exclusion; semantic code was not read
278	specs/.history/effect-provider-epic/ticket-001-EP-02/snapshots/current/tests/test_tla_spec_dev_complexity_ledger_adapter.py	out-of-scope	ticket_plan.yaml:648-658	none (outside the three project indexes)	unrepresented		Exact-path exclusion; semantic code was not read
279	specs/.history/effect-provider-epic/ticket-001-EP-02/snapshots/current/tests/test_tla_spec_dev_corpus_adapter.py	out-of-scope	ticket_plan.yaml:648-658	none (outside the three project indexes)	unrepresented		Exact-path exclusion; semantic code was not read
280	specs/.history/effect-provider-epic/ticket-001-EP-02/snapshots/current/tests/test_tla_spec_dev_effect_conformance_adapter.py	out-of-scope	ticket_plan.yaml:648-658	none (outside the three project indexes)	unrepresented		Exact-path exclusion; semantic code was not read
281	specs/.history/effect-provider-epic/ticket-001-EP-02/snapshots/current/tests/test_tla_spec_dev_kill_test_adapter.py	out-of-scope	ticket_plan.yaml:648-658	none (outside the three project indexes)	unrepresented		Exact-path exclusion; semantic code was not read
282	specs/.history/effect-provider-epic/ticket-001-EP-02/snapshots/current/tests/test_tla_spec_dev_run_adapter.py	out-of-scope	ticket_plan.yaml:648-658	none (outside the three project indexes)	unrepresented		Exact-path exclusion; semantic code was not read
283	specs/.history/effect-provider-epic/ticket-001-EP-02/snapshots/current/tests/test_tla_spec_dev_scaffold_adapter.py	out-of-scope	ticket_plan.yaml:648-658	none (outside the three project indexes)	unrepresented		Exact-path exclusion; semantic code was not read
284	specs/.history/effect-provider-epic/ticket-001-EP-02/snapshots/current/tests/test_tla_spec_dev_skill_feedback_adapter.py	out-of-scope	ticket_plan.yaml:648-658	none (outside the three project indexes)	unrepresented		Exact-path exclusion; semantic code was not read
285	specs/.history/effect-provider-epic/ticket-001-EP-02/snapshots/current/tests/test_tla_spec_dev_test_graph_adapter.py	out-of-scope	ticket_plan.yaml:648-658	none (outside the three project indexes)	unrepresented		Exact-path exclusion; semantic code was not read
286	specs/.history/effect-provider-epic/ticket-001-EP-02/snapshots/current/tests/test_tla_spec_dev_ticket_adapter.py	out-of-scope	ticket_plan.yaml:648-658	none (outside the three project indexes)	unrepresented		Exact-path exclusion; semantic code was not read
287	specs/.history/effect-provider-epic/ticket-001-EP-02/snapshots/current/tests/test_tla_spec_dev_update_ticket_adapter.py	out-of-scope	ticket_plan.yaml:648-658	none (outside the three project indexes)	unrepresented		Exact-path exclusion; semantic code was not read
288	specs/.history/effect-provider-epic/ticket-001-EP-02/snapshots/desired_program_model/production_adapters.py	out-of-scope	ticket_plan.yaml:648-658	none (outside the three project indexes)	unrepresented		Exact-path exclusion; semantic code was not read
289	specs/.history/effect-provider-epic/ticket-001-EP-02/snapshots/desired_program_model/tests/test_tla_spec_dev_cli_adapter.py	out-of-scope	ticket_plan.yaml:648-658	none (outside the three project indexes)	unrepresented		Exact-path exclusion; semantic code was not read
290	specs/.history/effect-provider-epic/ticket-001-EP-02/snapshots/desired_program_model/tests/test_tla_spec_dev_run_adapter.py	out-of-scope	ticket_plan.yaml:648-658	none (outside the three project indexes)	unrepresented		Exact-path exclusion; semantic code was not read
291	specs/.history/effect-provider-epic/ticket-001-EP-02/snapshots/desired_program_model/tests/test_tla_spec_dev_scaffold_adapter.py	out-of-scope	ticket_plan.yaml:648-658	none (outside the three project indexes)	unrepresented		Exact-path exclusion; semantic code was not read
292	specs/.history/effect-provider-epic/ticket-001-EP-02/snapshots/desired_program_model/tests/test_tla_spec_dev_test_graph_adapter.py	out-of-scope	ticket_plan.yaml:648-658	none (outside the three project indexes)	unrepresented		Exact-path exclusion; semantic code was not read
293	specs/.history/effect-provider-epic/ticket-001-EP-02/snapshots/desired_program_model/tests/test_tla_spec_dev_ticket_adapter.py	out-of-scope	ticket_plan.yaml:648-658	none (outside the three project indexes)	unrepresented		Exact-path exclusion; semantic code was not read
294	specs/.history/effect-provider-epic/ticket-001-EP-02/snapshots/program_model/production_adapters.py	out-of-scope	ticket_plan.yaml:648-658	none (outside the three project indexes)	unrepresented		Exact-path exclusion; semantic code was not read
295	specs/.history/effect-provider-epic/ticket-001-EP-02/snapshots/program_model/tests/test_tla_spec_dev_cli_adapter.py	out-of-scope	ticket_plan.yaml:648-658	none (outside the three project indexes)	unrepresented		Exact-path exclusion; semantic code was not read
296	specs/.history/effect-provider-epic/ticket-001-EP-02/snapshots/program_model/tests/test_tla_spec_dev_run_adapter.py	out-of-scope	ticket_plan.yaml:648-658	none (outside the three project indexes)	unrepresented		Exact-path exclusion; semantic code was not read
297	specs/.history/effect-provider-epic/ticket-001-EP-02/snapshots/program_model/tests/test_tla_spec_dev_scaffold_adapter.py	out-of-scope	ticket_plan.yaml:648-658	none (outside the three project indexes)	unrepresented		Exact-path exclusion; semantic code was not read
298	specs/.history/effect-provider-epic/ticket-001-EP-02/snapshots/program_model/tests/test_tla_spec_dev_test_graph_adapter.py	out-of-scope	ticket_plan.yaml:648-658	none (outside the three project indexes)	unrepresented		Exact-path exclusion; semantic code was not read
299	specs/.history/effect-provider-epic/ticket-001-EP-02/snapshots/program_model/tests/test_tla_spec_dev_ticket_adapter.py	out-of-scope	ticket_plan.yaml:648-658	none (outside the three project indexes)	unrepresented		Exact-path exclusion; semantic code was not read
300	specs/.history/effect-provider-epic/ticket-001-EP-02/ticket/current/adapter_case_runtime.py	out-of-scope	ticket_plan.yaml:648-658	none (outside the three project indexes)	unrepresented		Exact-path exclusion; semantic code was not read
301	specs/.history/effect-provider-epic/ticket-001-EP-02/ticket/current/production_adapters.py	out-of-scope	ticket_plan.yaml:648-658	none (outside the three project indexes)	unrepresented		Exact-path exclusion; semantic code was not read
302	specs/.history/effect-provider-epic/ticket-001-EP-02/ticket/current/tests/test_tla_spec_dev_analyze_adapter.py	out-of-scope	ticket_plan.yaml:648-658	none (outside the three project indexes)	unrepresented		Exact-path exclusion; semantic code was not read
303	specs/.history/effect-provider-epic/ticket-001-EP-02/ticket/current/tests/test_tla_spec_dev_budgets_adapter.py	out-of-scope	ticket_plan.yaml:648-658	none (outside the three project indexes)	unrepresented		Exact-path exclusion; semantic code was not read
304	specs/.history/effect-provider-epic/ticket-001-EP-02/ticket/current/tests/test_tla_spec_dev_case_execution_run.py	out-of-scope	ticket_plan.yaml:648-658	none (outside the three project indexes)	unrepresented		Exact-path exclusion; semantic code was not read
305	specs/.history/effect-provider-epic/ticket-001-EP-02/ticket/current/tests/test_tla_spec_dev_cli_adapter.py	out-of-scope	ticket_plan.yaml:648-658	none (outside the three project indexes)	unrepresented		Exact-path exclusion; semantic code was not read
306	specs/.history/effect-provider-epic/ticket-001-EP-02/ticket/current/tests/test_tla_spec_dev_close_promotion_adapter.py	out-of-scope	ticket_plan.yaml:648-658	none (outside the three project indexes)	unrepresented		Exact-path exclusion; semantic code was not read
307	specs/.history/effect-provider-epic/ticket-001-EP-02/ticket/current/tests/test_tla_spec_dev_complexity_ledger_adapter.py	out-of-scope	ticket_plan.yaml:648-658	none (outside the three project indexes)	unrepresented		Exact-path exclusion; semantic code was not read
308	specs/.history/effect-provider-epic/ticket-001-EP-02/ticket/current/tests/test_tla_spec_dev_corpus_adapter.py	out-of-scope	ticket_plan.yaml:648-658	none (outside the three project indexes)	unrepresented		Exact-path exclusion; semantic code was not read
309	specs/.history/effect-provider-epic/ticket-001-EP-02/ticket/current/tests/test_tla_spec_dev_effect_conformance_adapter.py	out-of-scope	ticket_plan.yaml:648-658	none (outside the three project indexes)	unrepresented		Exact-path exclusion; semantic code was not read
310	specs/.history/effect-provider-epic/ticket-001-EP-02/ticket/current/tests/test_tla_spec_dev_kill_test_adapter.py	out-of-scope	ticket_plan.yaml:648-658	none (outside the three project indexes)	unrepresented		Exact-path exclusion; semantic code was not read
311	specs/.history/effect-provider-epic/ticket-001-EP-02/ticket/current/tests/test_tla_spec_dev_run_adapter.py	out-of-scope	ticket_plan.yaml:648-658	none (outside the three project indexes)	unrepresented		Exact-path exclusion; semantic code was not read
312	specs/.history/effect-provider-epic/ticket-001-EP-02/ticket/current/tests/test_tla_spec_dev_scaffold_adapter.py	out-of-scope	ticket_plan.yaml:648-658	none (outside the three project indexes)	unrepresented		Exact-path exclusion; semantic code was not read
313	specs/.history/effect-provider-epic/ticket-001-EP-02/ticket/current/tests/test_tla_spec_dev_skill_feedback_adapter.py	out-of-scope	ticket_plan.yaml:648-658	none (outside the three project indexes)	unrepresented		Exact-path exclusion; semantic code was not read
314	specs/.history/effect-provider-epic/ticket-001-EP-02/ticket/current/tests/test_tla_spec_dev_test_graph_adapter.py	out-of-scope	ticket_plan.yaml:648-658	none (outside the three project indexes)	unrepresented		Exact-path exclusion; semantic code was not read
315	specs/.history/effect-provider-epic/ticket-001-EP-02/ticket/current/tests/test_tla_spec_dev_ticket_adapter.py	out-of-scope	ticket_plan.yaml:648-658	none (outside the three project indexes)	unrepresented		Exact-path exclusion; semantic code was not read
316	specs/.history/effect-provider-epic/ticket-001-EP-02/ticket/current/tests/test_tla_spec_dev_update_ticket_adapter.py	out-of-scope	ticket_plan.yaml:648-658	none (outside the three project indexes)	unrepresented		Exact-path exclusion; semantic code was not read
317	specs/.history/effect-provider-epic/ticket-001-EP-02/ticket/desired/adapter_case_runtime.py	out-of-scope	ticket_plan.yaml:648-658	none (outside the three project indexes)	unrepresented		Exact-path exclusion; semantic code was not read
318	specs/.history/effect-provider-epic/ticket-001-EP-02/ticket/desired/production_adapters.py	out-of-scope	ticket_plan.yaml:648-658	none (outside the three project indexes)	unrepresented		Exact-path exclusion; semantic code was not read
319	specs/.history/effect-provider-epic/ticket-001-EP-02/ticket/desired/tests/test_tla_spec_dev_analyze_adapter.py	out-of-scope	ticket_plan.yaml:648-658	none (outside the three project indexes)	unrepresented		Exact-path exclusion; semantic code was not read
320	specs/.history/effect-provider-epic/ticket-001-EP-02/ticket/desired/tests/test_tla_spec_dev_budgets_adapter.py	out-of-scope	ticket_plan.yaml:648-658	none (outside the three project indexes)	unrepresented		Exact-path exclusion; semantic code was not read
321	specs/.history/effect-provider-epic/ticket-001-EP-02/ticket/desired/tests/test_tla_spec_dev_case_execution_run.py	out-of-scope	ticket_plan.yaml:648-658	none (outside the three project indexes)	unrepresented		Exact-path exclusion; semantic code was not read
322	specs/.history/effect-provider-epic/ticket-001-EP-02/ticket/desired/tests/test_tla_spec_dev_cli_adapter.py	out-of-scope	ticket_plan.yaml:648-658	none (outside the three project indexes)	unrepresented		Exact-path exclusion; semantic code was not read
323	specs/.history/effect-provider-epic/ticket-001-EP-02/ticket/desired/tests/test_tla_spec_dev_close_promotion_adapter.py	out-of-scope	ticket_plan.yaml:648-658	none (outside the three project indexes)	unrepresented		Exact-path exclusion; semantic code was not read
324	specs/.history/effect-provider-epic/ticket-001-EP-02/ticket/desired/tests/test_tla_spec_dev_complexity_ledger_adapter.py	out-of-scope	ticket_plan.yaml:648-658	none (outside the three project indexes)	unrepresented		Exact-path exclusion; semantic code was not read
325	specs/.history/effect-provider-epic/ticket-001-EP-02/ticket/desired/tests/test_tla_spec_dev_corpus_adapter.py	out-of-scope	ticket_plan.yaml:648-658	none (outside the three project indexes)	unrepresented		Exact-path exclusion; semantic code was not read
326	specs/.history/effect-provider-epic/ticket-001-EP-02/ticket/desired/tests/test_tla_spec_dev_effect_conformance_adapter.py	out-of-scope	ticket_plan.yaml:648-658	none (outside the three project indexes)	unrepresented		Exact-path exclusion; semantic code was not read
327	specs/.history/effect-provider-epic/ticket-001-EP-02/ticket/desired/tests/test_tla_spec_dev_kill_test_adapter.py	out-of-scope	ticket_plan.yaml:648-658	none (outside the three project indexes)	unrepresented		Exact-path exclusion; semantic code was not read
328	specs/.history/effect-provider-epic/ticket-001-EP-02/ticket/desired/tests/test_tla_spec_dev_run_adapter.py	out-of-scope	ticket_plan.yaml:648-658	none (outside the three project indexes)	unrepresented		Exact-path exclusion; semantic code was not read
329	specs/.history/effect-provider-epic/ticket-001-EP-02/ticket/desired/tests/test_tla_spec_dev_scaffold_adapter.py	out-of-scope	ticket_plan.yaml:648-658	none (outside the three project indexes)	unrepresented		Exact-path exclusion; semantic code was not read
330	specs/.history/effect-provider-epic/ticket-001-EP-02/ticket/desired/tests/test_tla_spec_dev_skill_feedback_adapter.py	out-of-scope	ticket_plan.yaml:648-658	none (outside the three project indexes)	unrepresented		Exact-path exclusion; semantic code was not read
331	specs/.history/effect-provider-epic/ticket-001-EP-02/ticket/desired/tests/test_tla_spec_dev_test_graph_adapter.py	out-of-scope	ticket_plan.yaml:648-658	none (outside the three project indexes)	unrepresented		Exact-path exclusion; semantic code was not read
332	specs/.history/effect-provider-epic/ticket-001-EP-02/ticket/desired/tests/test_tla_spec_dev_ticket_adapter.py	out-of-scope	ticket_plan.yaml:648-658	none (outside the three project indexes)	unrepresented		Exact-path exclusion; semantic code was not read
333	specs/.history/effect-provider-epic/ticket-001-EP-02/ticket/desired/tests/test_tla_spec_dev_update_ticket_adapter.py	out-of-scope	ticket_plan.yaml:648-658	none (outside the three project indexes)	unrepresented		Exact-path exclusion; semantic code was not read
334	specs/.history/effect-provider-epic/ticket-001-EP-02/ticket/tests/test_ticket_workflow.py	out-of-scope	ticket_plan.yaml:648-658	none (outside the three project indexes)	unrepresented		Exact-path exclusion; semantic code was not read
335	specs/.history/effect-provider-epic/ticket-002-EP-03/snapshots/current/adapter_case_runtime.py	out-of-scope	ticket_plan.yaml:648-658	none (outside the three project indexes)	unrepresented		Exact-path exclusion; semantic code was not read
336	specs/.history/effect-provider-epic/ticket-002-EP-03/snapshots/current/production_adapters.py	out-of-scope	ticket_plan.yaml:648-658	none (outside the three project indexes)	unrepresented		Exact-path exclusion; semantic code was not read
337	specs/.history/effect-provider-epic/ticket-002-EP-03/snapshots/current/tests/test_current_ticket_workflow.py	out-of-scope	ticket_plan.yaml:648-658	none (outside the three project indexes)	unrepresented		Exact-path exclusion; semantic code was not read
338	specs/.history/effect-provider-epic/ticket-002-EP-03/snapshots/current/tests/test_tla_spec_dev_analyze_adapter.py	out-of-scope	ticket_plan.yaml:648-658	none (outside the three project indexes)	unrepresented		Exact-path exclusion; semantic code was not read
339	specs/.history/effect-provider-epic/ticket-002-EP-03/snapshots/current/tests/test_tla_spec_dev_budgets_adapter.py	out-of-scope	ticket_plan.yaml:648-658	none (outside the three project indexes)	unrepresented		Exact-path exclusion; semantic code was not read
340	specs/.history/effect-provider-epic/ticket-002-EP-03/snapshots/current/tests/test_tla_spec_dev_case_execution_run.py	out-of-scope	ticket_plan.yaml:648-658	none (outside the three project indexes)	unrepresented		Exact-path exclusion; semantic code was not read
341	specs/.history/effect-provider-epic/ticket-002-EP-03/snapshots/current/tests/test_tla_spec_dev_cli_adapter.py	out-of-scope	ticket_plan.yaml:648-658	none (outside the three project indexes)	unrepresented		Exact-path exclusion; semantic code was not read
342	specs/.history/effect-provider-epic/ticket-002-EP-03/snapshots/current/tests/test_tla_spec_dev_close_promotion_adapter.py	out-of-scope	ticket_plan.yaml:648-658	none (outside the three project indexes)	unrepresented		Exact-path exclusion; semantic code was not read
343	specs/.history/effect-provider-epic/ticket-002-EP-03/snapshots/current/tests/test_tla_spec_dev_complexity_ledger_adapter.py	out-of-scope	ticket_plan.yaml:648-658	none (outside the three project indexes)	unrepresented		Exact-path exclusion; semantic code was not read
344	specs/.history/effect-provider-epic/ticket-002-EP-03/snapshots/current/tests/test_tla_spec_dev_corpus_adapter.py	out-of-scope	ticket_plan.yaml:648-658	none (outside the three project indexes)	unrepresented		Exact-path exclusion; semantic code was not read
345	specs/.history/effect-provider-epic/ticket-002-EP-03/snapshots/current/tests/test_tla_spec_dev_effect_conformance_adapter.py	out-of-scope	ticket_plan.yaml:648-658	none (outside the three project indexes)	unrepresented		Exact-path exclusion; semantic code was not read
346	specs/.history/effect-provider-epic/ticket-002-EP-03/snapshots/current/tests/test_tla_spec_dev_kill_test_adapter.py	out-of-scope	ticket_plan.yaml:648-658	none (outside the three project indexes)	unrepresented		Exact-path exclusion; semantic code was not read
347	specs/.history/effect-provider-epic/ticket-002-EP-03/snapshots/current/tests/test_tla_spec_dev_run_adapter.py	out-of-scope	ticket_plan.yaml:648-658	none (outside the three project indexes)	unrepresented		Exact-path exclusion; semantic code was not read
348	specs/.history/effect-provider-epic/ticket-002-EP-03/snapshots/current/tests/test_tla_spec_dev_scaffold_adapter.py	out-of-scope	ticket_plan.yaml:648-658	none (outside the three project indexes)	unrepresented		Exact-path exclusion; semantic code was not read
349	specs/.history/effect-provider-epic/ticket-002-EP-03/snapshots/current/tests/test_tla_spec_dev_skill_feedback_adapter.py	out-of-scope	ticket_plan.yaml:648-658	none (outside the three project indexes)	unrepresented		Exact-path exclusion; semantic code was not read
350	specs/.history/effect-provider-epic/ticket-002-EP-03/snapshots/current/tests/test_tla_spec_dev_test_graph_adapter.py	out-of-scope	ticket_plan.yaml:648-658	none (outside the three project indexes)	unrepresented		Exact-path exclusion; semantic code was not read
351	specs/.history/effect-provider-epic/ticket-002-EP-03/snapshots/current/tests/test_tla_spec_dev_ticket_adapter.py	out-of-scope	ticket_plan.yaml:648-658	none (outside the three project indexes)	unrepresented		Exact-path exclusion; semantic code was not read
352	specs/.history/effect-provider-epic/ticket-002-EP-03/snapshots/current/tests/test_tla_spec_dev_update_ticket_adapter.py	out-of-scope	ticket_plan.yaml:648-658	none (outside the three project indexes)	unrepresented		Exact-path exclusion; semantic code was not read
353	specs/.history/effect-provider-epic/ticket-002-EP-03/snapshots/desired_program_model/production_adapters.py	out-of-scope	ticket_plan.yaml:648-658	none (outside the three project indexes)	unrepresented		Exact-path exclusion; semantic code was not read
354	specs/.history/effect-provider-epic/ticket-002-EP-03/snapshots/desired_program_model/tests/test_tla_spec_dev_cli_adapter.py	out-of-scope	ticket_plan.yaml:648-658	none (outside the three project indexes)	unrepresented		Exact-path exclusion; semantic code was not read
355	specs/.history/effect-provider-epic/ticket-002-EP-03/snapshots/desired_program_model/tests/test_tla_spec_dev_run_adapter.py	out-of-scope	ticket_plan.yaml:648-658	none (outside the three project indexes)	unrepresented		Exact-path exclusion; semantic code was not read
356	specs/.history/effect-provider-epic/ticket-002-EP-03/snapshots/desired_program_model/tests/test_tla_spec_dev_scaffold_adapter.py	out-of-scope	ticket_plan.yaml:648-658	none (outside the three project indexes)	unrepresented		Exact-path exclusion; semantic code was not read
357	specs/.history/effect-provider-epic/ticket-002-EP-03/snapshots/desired_program_model/tests/test_tla_spec_dev_test_graph_adapter.py	out-of-scope	ticket_plan.yaml:648-658	none (outside the three project indexes)	unrepresented		Exact-path exclusion; semantic code was not read
358	specs/.history/effect-provider-epic/ticket-002-EP-03/snapshots/desired_program_model/tests/test_tla_spec_dev_ticket_adapter.py	out-of-scope	ticket_plan.yaml:648-658	none (outside the three project indexes)	unrepresented		Exact-path exclusion; semantic code was not read
359	specs/.history/effect-provider-epic/ticket-002-EP-03/snapshots/program_model/production_adapters.py	out-of-scope	ticket_plan.yaml:648-658	none (outside the three project indexes)	unrepresented		Exact-path exclusion; semantic code was not read
360	specs/.history/effect-provider-epic/ticket-002-EP-03/snapshots/program_model/tests/test_tla_spec_dev_cli_adapter.py	out-of-scope	ticket_plan.yaml:648-658	none (outside the three project indexes)	unrepresented		Exact-path exclusion; semantic code was not read
361	specs/.history/effect-provider-epic/ticket-002-EP-03/snapshots/program_model/tests/test_tla_spec_dev_run_adapter.py	out-of-scope	ticket_plan.yaml:648-658	none (outside the three project indexes)	unrepresented		Exact-path exclusion; semantic code was not read
362	specs/.history/effect-provider-epic/ticket-002-EP-03/snapshots/program_model/tests/test_tla_spec_dev_scaffold_adapter.py	out-of-scope	ticket_plan.yaml:648-658	none (outside the three project indexes)	unrepresented		Exact-path exclusion; semantic code was not read
363	specs/.history/effect-provider-epic/ticket-002-EP-03/snapshots/program_model/tests/test_tla_spec_dev_test_graph_adapter.py	out-of-scope	ticket_plan.yaml:648-658	none (outside the three project indexes)	unrepresented		Exact-path exclusion; semantic code was not read
364	specs/.history/effect-provider-epic/ticket-002-EP-03/snapshots/program_model/tests/test_tla_spec_dev_ticket_adapter.py	out-of-scope	ticket_plan.yaml:648-658	none (outside the three project indexes)	unrepresented		Exact-path exclusion; semantic code was not read
365	specs/.history/effect-provider-epic/ticket-002-EP-03/ticket/current/adapter_case_runtime.py	out-of-scope	ticket_plan.yaml:648-658	none (outside the three project indexes)	unrepresented		Exact-path exclusion; semantic code was not read
366	specs/.history/effect-provider-epic/ticket-002-EP-03/ticket/current/production_adapters.py	out-of-scope	ticket_plan.yaml:648-658	none (outside the three project indexes)	unrepresented		Exact-path exclusion; semantic code was not read
367	specs/.history/effect-provider-epic/ticket-002-EP-03/ticket/current/tests/test_tla_spec_dev_analyze_adapter.py	out-of-scope	ticket_plan.yaml:648-658	none (outside the three project indexes)	unrepresented		Exact-path exclusion; semantic code was not read
368	specs/.history/effect-provider-epic/ticket-002-EP-03/ticket/current/tests/test_tla_spec_dev_budgets_adapter.py	out-of-scope	ticket_plan.yaml:648-658	none (outside the three project indexes)	unrepresented		Exact-path exclusion; semantic code was not read
369	specs/.history/effect-provider-epic/ticket-002-EP-03/ticket/current/tests/test_tla_spec_dev_case_execution_run.py	out-of-scope	ticket_plan.yaml:648-658	none (outside the three project indexes)	unrepresented		Exact-path exclusion; semantic code was not read
370	specs/.history/effect-provider-epic/ticket-002-EP-03/ticket/current/tests/test_tla_spec_dev_cli_adapter.py	out-of-scope	ticket_plan.yaml:648-658	none (outside the three project indexes)	unrepresented		Exact-path exclusion; semantic code was not read
371	specs/.history/effect-provider-epic/ticket-002-EP-03/ticket/current/tests/test_tla_spec_dev_close_promotion_adapter.py	out-of-scope	ticket_plan.yaml:648-658	none (outside the three project indexes)	unrepresented		Exact-path exclusion; semantic code was not read
372	specs/.history/effect-provider-epic/ticket-002-EP-03/ticket/current/tests/test_tla_spec_dev_complexity_ledger_adapter.py	out-of-scope	ticket_plan.yaml:648-658	none (outside the three project indexes)	unrepresented		Exact-path exclusion; semantic code was not read
373	specs/.history/effect-provider-epic/ticket-002-EP-03/ticket/current/tests/test_tla_spec_dev_corpus_adapter.py	out-of-scope	ticket_plan.yaml:648-658	none (outside the three project indexes)	unrepresented		Exact-path exclusion; semantic code was not read
374	specs/.history/effect-provider-epic/ticket-002-EP-03/ticket/current/tests/test_tla_spec_dev_effect_conformance_adapter.py	out-of-scope	ticket_plan.yaml:648-658	none (outside the three project indexes)	unrepresented		Exact-path exclusion; semantic code was not read
375	specs/.history/effect-provider-epic/ticket-002-EP-03/ticket/current/tests/test_tla_spec_dev_kill_test_adapter.py	out-of-scope	ticket_plan.yaml:648-658	none (outside the three project indexes)	unrepresented		Exact-path exclusion; semantic code was not read
376	specs/.history/effect-provider-epic/ticket-002-EP-03/ticket/current/tests/test_tla_spec_dev_run_adapter.py	out-of-scope	ticket_plan.yaml:648-658	none (outside the three project indexes)	unrepresented		Exact-path exclusion; semantic code was not read
377	specs/.history/effect-provider-epic/ticket-002-EP-03/ticket/current/tests/test_tla_spec_dev_scaffold_adapter.py	out-of-scope	ticket_plan.yaml:648-658	none (outside the three project indexes)	unrepresented		Exact-path exclusion; semantic code was not read
378	specs/.history/effect-provider-epic/ticket-002-EP-03/ticket/current/tests/test_tla_spec_dev_skill_feedback_adapter.py	out-of-scope	ticket_plan.yaml:648-658	none (outside the three project indexes)	unrepresented		Exact-path exclusion; semantic code was not read
379	specs/.history/effect-provider-epic/ticket-002-EP-03/ticket/current/tests/test_tla_spec_dev_test_graph_adapter.py	out-of-scope	ticket_plan.yaml:648-658	none (outside the three project indexes)	unrepresented		Exact-path exclusion; semantic code was not read
380	specs/.history/effect-provider-epic/ticket-002-EP-03/ticket/current/tests/test_tla_spec_dev_ticket_adapter.py	out-of-scope	ticket_plan.yaml:648-658	none (outside the three project indexes)	unrepresented		Exact-path exclusion; semantic code was not read
381	specs/.history/effect-provider-epic/ticket-002-EP-03/ticket/current/tests/test_tla_spec_dev_update_ticket_adapter.py	out-of-scope	ticket_plan.yaml:648-658	none (outside the three project indexes)	unrepresented		Exact-path exclusion; semantic code was not read
382	specs/.history/effect-provider-epic/ticket-002-EP-03/ticket/desired/adapter_case_runtime.py	out-of-scope	ticket_plan.yaml:648-658	none (outside the three project indexes)	unrepresented		Exact-path exclusion; semantic code was not read
383	specs/.history/effect-provider-epic/ticket-002-EP-03/ticket/desired/production_adapters.py	out-of-scope	ticket_plan.yaml:648-658	none (outside the three project indexes)	unrepresented		Exact-path exclusion; semantic code was not read
384	specs/.history/effect-provider-epic/ticket-002-EP-03/ticket/desired/tests/test_tla_spec_dev_analyze_adapter.py	out-of-scope	ticket_plan.yaml:648-658	none (outside the three project indexes)	unrepresented		Exact-path exclusion; semantic code was not read
385	specs/.history/effect-provider-epic/ticket-002-EP-03/ticket/desired/tests/test_tla_spec_dev_budgets_adapter.py	out-of-scope	ticket_plan.yaml:648-658	none (outside the three project indexes)	unrepresented		Exact-path exclusion; semantic code was not read
386	specs/.history/effect-provider-epic/ticket-002-EP-03/ticket/desired/tests/test_tla_spec_dev_case_execution_run.py	out-of-scope	ticket_plan.yaml:648-658	none (outside the three project indexes)	unrepresented		Exact-path exclusion; semantic code was not read
387	specs/.history/effect-provider-epic/ticket-002-EP-03/ticket/desired/tests/test_tla_spec_dev_cli_adapter.py	out-of-scope	ticket_plan.yaml:648-658	none (outside the three project indexes)	unrepresented		Exact-path exclusion; semantic code was not read
388	specs/.history/effect-provider-epic/ticket-002-EP-03/ticket/desired/tests/test_tla_spec_dev_close_promotion_adapter.py	out-of-scope	ticket_plan.yaml:648-658	none (outside the three project indexes)	unrepresented		Exact-path exclusion; semantic code was not read
389	specs/.history/effect-provider-epic/ticket-002-EP-03/ticket/desired/tests/test_tla_spec_dev_complexity_ledger_adapter.py	out-of-scope	ticket_plan.yaml:648-658	none (outside the three project indexes)	unrepresented		Exact-path exclusion; semantic code was not read
390	specs/.history/effect-provider-epic/ticket-002-EP-03/ticket/desired/tests/test_tla_spec_dev_corpus_adapter.py	out-of-scope	ticket_plan.yaml:648-658	none (outside the three project indexes)	unrepresented		Exact-path exclusion; semantic code was not read
391	specs/.history/effect-provider-epic/ticket-002-EP-03/ticket/desired/tests/test_tla_spec_dev_effect_conformance_adapter.py	out-of-scope	ticket_plan.yaml:648-658	none (outside the three project indexes)	unrepresented		Exact-path exclusion; semantic code was not read
392	specs/.history/effect-provider-epic/ticket-002-EP-03/ticket/desired/tests/test_tla_spec_dev_kill_test_adapter.py	out-of-scope	ticket_plan.yaml:648-658	none (outside the three project indexes)	unrepresented		Exact-path exclusion; semantic code was not read
393	specs/.history/effect-provider-epic/ticket-002-EP-03/ticket/desired/tests/test_tla_spec_dev_run_adapter.py	out-of-scope	ticket_plan.yaml:648-658	none (outside the three project indexes)	unrepresented		Exact-path exclusion; semantic code was not read
394	specs/.history/effect-provider-epic/ticket-002-EP-03/ticket/desired/tests/test_tla_spec_dev_scaffold_adapter.py	out-of-scope	ticket_plan.yaml:648-658	none (outside the three project indexes)	unrepresented		Exact-path exclusion; semantic code was not read
395	specs/.history/effect-provider-epic/ticket-002-EP-03/ticket/desired/tests/test_tla_spec_dev_skill_feedback_adapter.py	out-of-scope	ticket_plan.yaml:648-658	none (outside the three project indexes)	unrepresented		Exact-path exclusion; semantic code was not read
396	specs/.history/effect-provider-epic/ticket-002-EP-03/ticket/desired/tests/test_tla_spec_dev_test_graph_adapter.py	out-of-scope	ticket_plan.yaml:648-658	none (outside the three project indexes)	unrepresented		Exact-path exclusion; semantic code was not read
397	specs/.history/effect-provider-epic/ticket-002-EP-03/ticket/desired/tests/test_tla_spec_dev_ticket_adapter.py	out-of-scope	ticket_plan.yaml:648-658	none (outside the three project indexes)	unrepresented		Exact-path exclusion; semantic code was not read
398	specs/.history/effect-provider-epic/ticket-002-EP-03/ticket/desired/tests/test_tla_spec_dev_update_ticket_adapter.py	out-of-scope	ticket_plan.yaml:648-658	none (outside the three project indexes)	unrepresented		Exact-path exclusion; semantic code was not read
399	specs/.history/effect-provider-epic/ticket-002-EP-03/ticket/tests/test_ticket_workflow.py	out-of-scope	ticket_plan.yaml:648-658	none (outside the three project indexes)	unrepresented		Exact-path exclusion; semantic code was not read
400	specs/.history/modular-fuzzing-epic/ticket-000-MF-012/results/cliWorkflow-20260718-153934-857a0f5c/tla-spec-dev-bin/tla-spec-dev	out-of-scope	ticket_plan.yaml:648-658	none (outside the three project indexes)	unrepresented		Exact-path exclusion; semantic code was not read
401	specs/.history/modular-fuzzing-epic/ticket-000-MF-012/results/specWorkflow-20260718-153853-c3144c6b/cleanup-failure-probe-test-graph/build-logic/build.gradle.kts	out-of-scope	ticket_plan.yaml:648-658	none (outside the three project indexes)	unrepresented		Exact-path exclusion; semantic code was not read
402	specs/.history/modular-fuzzing-epic/ticket-000-MF-012/results/specWorkflow-20260718-153853-c3144c6b/cleanup-failure-probe-test-graph/build-logic/settings.gradle.kts	out-of-scope	ticket_plan.yaml:648-658	none (outside the three project indexes)	unrepresented		Exact-path exclusion; semantic code was not read
403	specs/.history/modular-fuzzing-epic/ticket-000-MF-012/results/specWorkflow-20260718-153853-c3144c6b/cleanup-failure-probe-test-graph/build-logic/src/main/kotlin/com/hayden/testgraphsdk/GraphAssembler.kt	out-of-scope	ticket_plan.yaml:648-658	none (outside the three project indexes)	unrepresented		Exact-path exclusion; semantic code was not read
404	specs/.history/modular-fuzzing-epic/ticket-000-MF-012/results/specWorkflow-20260718-153853-c3144c6b/cleanup-failure-probe-test-graph/build-logic/src/main/kotlin/com/hayden/testgraphsdk/GraphModel.kt	out-of-scope	ticket_plan.yaml:648-658	none (outside the three project indexes)	unrepresented		Exact-path exclusion; semantic code was not read
405	specs/.history/modular-fuzzing-epic/ticket-000-MF-012/results/specWorkflow-20260718-153853-c3144c6b/cleanup-failure-probe-test-graph/build-logic/src/main/kotlin/com/hayden/testgraphsdk/MiniJson.kt	out-of-scope	ticket_plan.yaml:648-658	none (outside the three project indexes)	unrepresented		Exact-path exclusion; semantic code was not read
406	specs/.history/modular-fuzzing-epic/ticket-000-MF-012/results/specWorkflow-20260718-153853-c3144c6b/cleanup-failure-probe-test-graph/build-logic/src/main/kotlin/com/hayden/testgraphsdk/NodeDescribeLoader.kt	out-of-scope	ticket_plan.yaml:648-658	none (outside the three project indexes)	unrepresented		Exact-path exclusion; semantic code was not read
407	specs/.history/modular-fuzzing-epic/ticket-000-MF-012/results/specWorkflow-20260718-153853-c3144c6b/cleanup-failure-probe-test-graph/build-logic/src/main/kotlin/com/hayden/testgraphsdk/TestGraphSpec.kt	out-of-scope	ticket_plan.yaml:648-658	none (outside the three project indexes)	unrepresented		Exact-path exclusion; semantic code was not read
408	specs/.history/modular-fuzzing-epic/ticket-000-MF-012/results/specWorkflow-20260718-153853-c3144c6b/cleanup-failure-probe-test-graph/build-logic/src/main/kotlin/com/hayden/testgraphsdk/Toolchain.kt	out-of-scope	ticket_plan.yaml:648-658	none (outside the three project indexes)	unrepresented		Exact-path exclusion; semantic code was not read
409	specs/.history/modular-fuzzing-epic/ticket-000-MF-012/results/specWorkflow-20260718-153853-c3144c6b/cleanup-failure-probe-test-graph/build-logic/src/main/kotlin/com/hayden/testgraphsdk/ValidationGraphExtension.kt	out-of-scope	ticket_plan.yaml:648-658	none (outside the three project indexes)	unrepresented		Exact-path exclusion; semantic code was not read
410	specs/.history/modular-fuzzing-epic/ticket-000-MF-012/results/specWorkflow-20260718-153853-c3144c6b/cleanup-failure-probe-test-graph/build-logic/src/main/kotlin/com/hayden/testgraphsdk/ValidationGraphPlugin.kt	out-of-scope	ticket_plan.yaml:648-658	none (outside the three project indexes)	unrepresented		Exact-path exclusion; semantic code was not read
411	specs/.history/modular-fuzzing-epic/ticket-000-MF-012/results/specWorkflow-20260718-153853-c3144c6b/cleanup-failure-probe-test-graph/build-logic/src/main/kotlin/com/hayden/testgraphsdk/ValidationNodeSpec.kt	out-of-scope	ticket_plan.yaml:648-658	none (outside the three project indexes)	unrepresented		Exact-path exclusion; semantic code was not read
412	specs/.history/modular-fuzzing-epic/ticket-000-MF-012/results/specWorkflow-20260718-153853-c3144c6b/cleanup-failure-probe-test-graph/build-logic/src/main/kotlin/com/hayden/testgraphsdk/ValidationRuntime.kt	out-of-scope	ticket_plan.yaml:648-658	none (outside the three project indexes)	unrepresented		Exact-path exclusion; semantic code was not read
413	specs/.history/modular-fuzzing-epic/ticket-000-MF-012/results/specWorkflow-20260718-153853-c3144c6b/cleanup-failure-probe-test-graph/build-logic/src/main/kotlin/com/hayden/testgraphsdk/exec/Context.kt	out-of-scope	ticket_plan.yaml:648-658	none (outside the three project indexes)	unrepresented		Exact-path exclusion; semantic code was not read
414	specs/.history/modular-fuzzing-epic/ticket-000-MF-012/results/specWorkflow-20260718-153853-c3144c6b/cleanup-failure-probe-test-graph/build-logic/src/main/kotlin/com/hayden/testgraphsdk/exec/Executors.kt	out-of-scope	ticket_plan.yaml:648-658	none (outside the three project indexes)	unrepresented		Exact-path exclusion; semantic code was not read
415	specs/.history/modular-fuzzing-epic/ticket-000-MF-012/results/specWorkflow-20260718-153853-c3144c6b/cleanup-failure-probe-test-graph/build-logic/src/main/kotlin/com/hayden/testgraphsdk/exec/JBangExecutor.kt	out-of-scope	ticket_plan.yaml:648-658	none (outside the three project indexes)	unrepresented		Exact-path exclusion; semantic code was not read
416	specs/.history/modular-fuzzing-epic/ticket-000-MF-012/results/specWorkflow-20260718-153853-c3144c6b/cleanup-failure-probe-test-graph/build-logic/src/main/kotlin/com/hayden/testgraphsdk/exec/PlanExecutor.kt	out-of-scope	ticket_plan.yaml:648-658	none (outside the three project indexes)	unrepresented		Exact-path exclusion; semantic code was not read
417	specs/.history/modular-fuzzing-epic/ticket-000-MF-012/results/specWorkflow-20260718-153853-c3144c6b/cleanup-failure-probe-test-graph/build-logic/src/main/kotlin/com/hayden/testgraphsdk/exec/TimeoutParser.kt	out-of-scope	ticket_plan.yaml:648-658	none (outside the three project indexes)	unrepresented		Exact-path exclusion; semantic code was not read
418	specs/.history/modular-fuzzing-epic/ticket-000-MF-012/results/specWorkflow-20260718-153853-c3144c6b/cleanup-failure-probe-test-graph/build-logic/src/main/kotlin/com/hayden/testgraphsdk/exec/UvExecutor.kt	out-of-scope	ticket_plan.yaml:648-658	none (outside the three project indexes)	unrepresented		Exact-path exclusion; semantic code was not read
419	specs/.history/modular-fuzzing-epic/ticket-000-MF-012/results/specWorkflow-20260718-153853-c3144c6b/cleanup-failure-probe-test-graph/build-logic/src/main/kotlin/com/hayden/testgraphsdk/tasks/InspectionTasks.kt	out-of-scope	ticket_plan.yaml:648-658	none (outside the three project indexes)	unrepresented		Exact-path exclusion; semantic code was not read
420	specs/.history/modular-fuzzing-epic/ticket-000-MF-012/results/specWorkflow-20260718-153853-c3144c6b/cleanup-failure-probe-test-graph/build-logic/src/main/kotlin/com/hayden/testgraphsdk/tasks/RunReportWriter.kt	out-of-scope	ticket_plan.yaml:648-658	none (outside the three project indexes)	unrepresented		Exact-path exclusion; semantic code was not read
421	specs/.history/modular-fuzzing-epic/ticket-000-MF-012/results/specWorkflow-20260718-153853-c3144c6b/cleanup-failure-probe-test-graph/build-logic/src/main/kotlin/com/hayden/testgraphsdk/tasks/RunTestGraphTask.kt	out-of-scope	ticket_plan.yaml:648-658	none (outside the three project indexes)	unrepresented		Exact-path exclusion; semantic code was not read
422	specs/.history/modular-fuzzing-epic/ticket-000-MF-012/results/specWorkflow-20260718-153853-c3144c6b/cleanup-failure-probe-test-graph/build-logic/src/main/kotlin/com/hayden/testgraphsdk/tasks/ValidationReportTask.kt	out-of-scope	ticket_plan.yaml:648-658	none (outside the three project indexes)	unrepresented		Exact-path exclusion; semantic code was not read
423	specs/.history/modular-fuzzing-epic/ticket-000-MF-012/results/specWorkflow-20260718-153853-c3144c6b/cleanup-failure-probe-test-graph/build-logic/src/test/kotlin/com/hayden/testgraphsdk/exec/PlanExecutorResumeHarnessTest.kt	out-of-scope	ticket_plan.yaml:648-658	none (outside the three project indexes)	unrepresented		Exact-path exclusion; semantic code was not read
424	specs/.history/modular-fuzzing-epic/ticket-000-MF-012/results/specWorkflow-20260718-153853-c3144c6b/cleanup-failure-probe-test-graph/build.gradle.kts	out-of-scope	ticket_plan.yaml:648-658	none (outside the three project indexes)	unrepresented		Exact-path exclusion; semantic code was not read
425	specs/.history/modular-fuzzing-epic/ticket-000-MF-012/results/specWorkflow-20260718-153853-c3144c6b/cleanup-failure-probe-test-graph/gradlew	out-of-scope	ticket_plan.yaml:648-658	none (outside the three project indexes)	unrepresented		Exact-path exclusion; semantic code was not read
426	specs/.history/modular-fuzzing-epic/ticket-000-MF-012/results/specWorkflow-20260718-153853-c3144c6b/cleanup-failure-probe-test-graph/sdk/java/build.gradle.kts	out-of-scope	ticket_plan.yaml:648-658	none (outside the three project indexes)	unrepresented		Exact-path exclusion; semantic code was not read
427	specs/.history/modular-fuzzing-epic/ticket-000-MF-012/results/specWorkflow-20260718-153853-c3144c6b/cleanup-failure-probe-test-graph/sdk/java/src/main/java/com/hayden/testgraphsdk/sdk/ContextItem.java	out-of-scope	ticket_plan.yaml:648-658	none (outside the three project indexes)	unrepresented		Exact-path exclusion; semantic code was not read
428	specs/.history/modular-fuzzing-epic/ticket-000-MF-012/results/specWorkflow-20260718-153853-c3144c6b/cleanup-failure-probe-test-graph/sdk/java/src/main/java/com/hayden/testgraphsdk/sdk/ContextSerde.java	out-of-scope	ticket_plan.yaml:648-658	none (outside the three project indexes)	unrepresented		Exact-path exclusion; semantic code was not read
429	specs/.history/modular-fuzzing-epic/ticket-000-MF-012/results/specWorkflow-20260718-153853-c3144c6b/cleanup-failure-probe-test-graph/sdk/java/src/main/java/com/hayden/testgraphsdk/sdk/Json.java	out-of-scope	ticket_plan.yaml:648-658	none (outside the three project indexes)	unrepresented		Exact-path exclusion; semantic code was not read
430	specs/.history/modular-fuzzing-epic/ticket-000-MF-012/results/specWorkflow-20260718-153853-c3144c6b/cleanup-failure-probe-test-graph/sdk/java/src/main/java/com/hayden/testgraphsdk/sdk/JsonMapper.java	out-of-scope	ticket_plan.yaml:648-658	none (outside the three project indexes)	unrepresented		Exact-path exclusion; semantic code was not read
431	specs/.history/modular-fuzzing-epic/ticket-000-MF-012/results/specWorkflow-20260718-153853-c3144c6b/cleanup-failure-probe-test-graph/sdk/java/src/main/java/com/hayden/testgraphsdk/sdk/Node.java	out-of-scope	ticket_plan.yaml:648-658	none (outside the three project indexes)	unrepresented		Exact-path exclusion; semantic code was not read
432	specs/.history/modular-fuzzing-epic/ticket-000-MF-012/results/specWorkflow-20260718-153853-c3144c6b/cleanup-failure-probe-test-graph/sdk/java/src/main/java/com/hayden/testgraphsdk/sdk/NodeBody.java	out-of-scope	ticket_plan.yaml:648-658	none (outside the three project indexes)	unrepresented		Exact-path exclusion; semantic code was not read
433	specs/.history/modular-fuzzing-epic/ticket-000-MF-012/results/specWorkflow-20260718-153853-c3144c6b/cleanup-failure-probe-test-graph/sdk/java/src/main/java/com/hayden/testgraphsdk/sdk/NodeContext.java	out-of-scope	ticket_plan.yaml:648-658	none (outside the three project indexes)	unrepresented		Exact-path exclusion; semantic code was not read
434	specs/.history/modular-fuzzing-epic/ticket-000-MF-012/results/specWorkflow-20260718-153853-c3144c6b/cleanup-failure-probe-test-graph/sdk/java/src/main/java/com/hayden/testgraphsdk/sdk/NodeResult.java	out-of-scope	ticket_plan.yaml:648-658	none (outside the three project indexes)	unrepresented		Exact-path exclusion; semantic code was not read
435	specs/.history/modular-fuzzing-epic/ticket-000-MF-012/results/specWorkflow-20260718-153853-c3144c6b/cleanup-failure-probe-test-graph/sdk/java/src/main/java/com/hayden/testgraphsdk/sdk/NodeSpec.java	out-of-scope	ticket_plan.yaml:648-658	none (outside the three project indexes)	unrepresented		Exact-path exclusion; semantic code was not read
436	specs/.history/modular-fuzzing-epic/ticket-000-MF-012/results/specWorkflow-20260718-153853-c3144c6b/cleanup-failure-probe-test-graph/sdk/java/src/main/java/com/hayden/testgraphsdk/sdk/NodeStatus.java	out-of-scope	ticket_plan.yaml:648-658	none (outside the three project indexes)	unrepresented		Exact-path exclusion; semantic code was not read
437	specs/.history/modular-fuzzing-epic/ticket-000-MF-012/results/specWorkflow-20260718-153853-c3144c6b/cleanup-failure-probe-test-graph/sdk/java/src/main/java/com/hayden/testgraphsdk/sdk/ProcessRecord.java	out-of-scope	ticket_plan.yaml:648-658	none (outside the three project indexes)	unrepresented		Exact-path exclusion; semantic code was not read
438	specs/.history/modular-fuzzing-epic/ticket-000-MF-012/results/specWorkflow-20260718-153853-c3144c6b/cleanup-failure-probe-test-graph/sdk/java/src/main/java/com/hayden/testgraphsdk/sdk/Procs.java	out-of-scope	ticket_plan.yaml:648-658	none (outside the three project indexes)	unrepresented		Exact-path exclusion; semantic code was not read
439	specs/.history/modular-fuzzing-epic/ticket-000-MF-012/results/specWorkflow-20260718-153853-c3144c6b/cleanup-failure-probe-test-graph/sdk/python/src/testgraphsdk/__init__.py	out-of-scope	ticket_plan.yaml:648-658	none (outside the three project indexes)	unrepresented		Exact-path exclusion; semantic code was not read
440	specs/.history/modular-fuzzing-epic/ticket-000-MF-012/results/specWorkflow-20260718-153853-c3144c6b/cleanup-failure-probe-test-graph/sdk/python/src/testgraphsdk/context.py	out-of-scope	ticket_plan.yaml:648-658	none (outside the three project indexes)	unrepresented		Exact-path exclusion; semantic code was not read
441	specs/.history/modular-fuzzing-epic/ticket-000-MF-012/results/specWorkflow-20260718-153853-c3144c6b/cleanup-failure-probe-test-graph/sdk/python/src/testgraphsdk/context_item.py	out-of-scope	ticket_plan.yaml:648-658	none (outside the three project indexes)	unrepresented		Exact-path exclusion; semantic code was not read
442	specs/.history/modular-fuzzing-epic/ticket-000-MF-012/results/specWorkflow-20260718-153853-c3144c6b/cleanup-failure-probe-test-graph/sdk/python/src/testgraphsdk/node_spec.py	out-of-scope	ticket_plan.yaml:648-658	none (outside the three project indexes)	unrepresented		Exact-path exclusion; semantic code was not read
443	specs/.history/modular-fuzzing-epic/ticket-000-MF-012/results/specWorkflow-20260718-153853-c3144c6b/cleanup-failure-probe-test-graph/sdk/python/src/testgraphsdk/procs.py	out-of-scope	ticket_plan.yaml:648-658	none (outside the three project indexes)	unrepresented		Exact-path exclusion; semantic code was not read
444	specs/.history/modular-fuzzing-epic/ticket-000-MF-012/results/specWorkflow-20260718-153853-c3144c6b/cleanup-failure-probe-test-graph/sdk/python/src/testgraphsdk/result.py	out-of-scope	ticket_plan.yaml:648-658	none (outside the three project indexes)	unrepresented		Exact-path exclusion; semantic code was not read
445	specs/.history/modular-fuzzing-epic/ticket-000-MF-012/results/specWorkflow-20260718-153853-c3144c6b/cleanup-failure-probe-test-graph/sdk/python/src/testgraphsdk/runner.py	out-of-scope	ticket_plan.yaml:648-658	none (outside the three project indexes)	unrepresented		Exact-path exclusion; semantic code was not read
446	specs/.history/modular-fuzzing-epic/ticket-000-MF-012/results/specWorkflow-20260718-153853-c3144c6b/cleanup-failure-probe-test-graph/settings.gradle.kts	out-of-scope	ticket_plan.yaml:648-658	none (outside the three project indexes)	unrepresented		Exact-path exclusion; semantic code was not read
447	specs/.history/modular-fuzzing-epic/ticket-000-MF-012/results/specWorkflow-20260718-153853-c3144c6b/cleanup-failure-probe-test-graph/sources/spec_workflow_cleanup.py	out-of-scope	ticket_plan.yaml:648-658	none (outside the three project indexes)	unrepresented		Exact-path exclusion; semantic code was not read
448	specs/.history/modular-fuzzing-epic/ticket-000-MF-012/results/specWorkflow-20260718-153853-c3144c6b/cleanup-failure-probe-test-graph/sources/spec_workflow_close_ticket.py	out-of-scope	ticket_plan.yaml:648-658	none (outside the three project indexes)	unrepresented		Exact-path exclusion; semantic code was not read
449	specs/.history/modular-fuzzing-epic/ticket-000-MF-012/results/specWorkflow-20260718-153853-c3144c6b/cleanup-failure-probe-test-graph/sources/spec_workflow_complete_ticket.py	out-of-scope	ticket_plan.yaml:648-658	none (outside the three project indexes)	unrepresented		Exact-path exclusion; semantic code was not read
450	specs/.history/modular-fuzzing-epic/ticket-000-MF-012/results/specWorkflow-20260718-153853-c3144c6b/cleanup-failure-probe-test-graph/sources/spec_workflow_create_repo.py	out-of-scope	ticket_plan.yaml:648-658	none (outside the three project indexes)	unrepresented		Exact-path exclusion; semantic code was not read
451	specs/.history/modular-fuzzing-epic/ticket-000-MF-012/results/specWorkflow-20260718-153853-c3144c6b/cleanup-failure-probe-test-graph/sources/spec_workflow_failure_cleanup_probe.py	out-of-scope	ticket_plan.yaml:648-658	none (outside the three project indexes)	unrepresented		Exact-path exclusion; semantic code was not read
452	specs/.history/modular-fuzzing-epic/ticket-000-MF-012/results/specWorkflow-20260718-153853-c3144c6b/cleanup-failure-probe-test-graph/sources/spec_workflow_force_failure.py	out-of-scope	ticket_plan.yaml:648-658	none (outside the three project indexes)	unrepresented		Exact-path exclusion; semantic code was not read
453	specs/.history/modular-fuzzing-epic/ticket-000-MF-012/results/specWorkflow-20260718-153853-c3144c6b/cleanup-failure-probe-test-graph/sources/spec_workflow_spec_units.py	out-of-scope	ticket_plan.yaml:648-658	none (outside the three project indexes)	unrepresented		Exact-path exclusion; semantic code was not read
454	specs/.history/modular-fuzzing-epic/ticket-000-MF-012/results/specWorkflow-20260718-153853-c3144c6b/cleanup-failure-probe-test-graph/sources/spec_workflow_start_ticket.py	out-of-scope	ticket_plan.yaml:648-658	none (outside the three project indexes)	unrepresented		Exact-path exclusion; semantic code was not read
455	specs/.history/modular-fuzzing-epic/ticket-000-MF-012/results/specWorkflow-20260718-153853-c3144c6b/cleanup-failure-probe-test-graph/sources/tla_spec_dev_cli_help.py	out-of-scope	ticket_plan.yaml:648-658	none (outside the three project indexes)	unrepresented		Exact-path exclusion; semantic code was not read
456	specs/.history/modular-fuzzing-epic/ticket-000-MF-012/results/specWorkflow-20260718-153853-c3144c6b/cleanup-failure-probe-test-graph/sources/tla_spec_dev_cli_install.py	out-of-scope	ticket_plan.yaml:648-658	none (outside the three project indexes)	unrepresented		Exact-path exclusion; semantic code was not read
457	specs/.history/modular-fuzzing-epic/ticket-000-MF-012/results/specWorkflow-20260718-153853-c3144c6b/tla-spec-dev-bin/tla-spec-dev	out-of-scope	ticket_plan.yaml:648-658	none (outside the three project indexes)	unrepresented		Exact-path exclusion; semantic code was not read
458	specs/.history/modular-fuzzing-epic/ticket-000-MF-012/snapshots/current/production_adapters.py	out-of-scope	ticket_plan.yaml:648-658	none (outside the three project indexes)	unrepresented		Exact-path exclusion; semantic code was not read
459	specs/.history/modular-fuzzing-epic/ticket-000-MF-012/snapshots/current/tests/test_tla_spec_dev_budgets_adapter.py	out-of-scope	ticket_plan.yaml:648-658	none (outside the three project indexes)	unrepresented		Exact-path exclusion; semantic code was not read
460	specs/.history/modular-fuzzing-epic/ticket-000-MF-012/snapshots/current/tests/test_tla_spec_dev_cli_adapter.py	out-of-scope	ticket_plan.yaml:648-658	none (outside the three project indexes)	unrepresented		Exact-path exclusion; semantic code was not read
461	specs/.history/modular-fuzzing-epic/ticket-000-MF-012/snapshots/current/tests/test_tla_spec_dev_run_adapter.py	out-of-scope	ticket_plan.yaml:648-658	none (outside the three project indexes)	unrepresented		Exact-path exclusion; semantic code was not read
462	specs/.history/modular-fuzzing-epic/ticket-000-MF-012/snapshots/current/tests/test_tla_spec_dev_scaffold_adapter.py	out-of-scope	ticket_plan.yaml:648-658	none (outside the three project indexes)	unrepresented		Exact-path exclusion; semantic code was not read
463	specs/.history/modular-fuzzing-epic/ticket-000-MF-012/snapshots/current/tests/test_tla_spec_dev_test_graph_adapter.py	out-of-scope	ticket_plan.yaml:648-658	none (outside the three project indexes)	unrepresented		Exact-path exclusion; semantic code was not read
464	specs/.history/modular-fuzzing-epic/ticket-000-MF-012/snapshots/current/tests/test_tla_spec_dev_ticket_adapter.py	out-of-scope	ticket_plan.yaml:648-658	none (outside the three project indexes)	unrepresented		Exact-path exclusion; semantic code was not read
465	specs/.history/modular-fuzzing-epic/ticket-000-MF-012/snapshots/desired_program_model/production_adapters.py	out-of-scope	ticket_plan.yaml:648-658	none (outside the three project indexes)	unrepresented		Exact-path exclusion; semantic code was not read
466	specs/.history/modular-fuzzing-epic/ticket-000-MF-012/snapshots/desired_program_model/tests/test_tla_spec_dev_cli_adapter.py	out-of-scope	ticket_plan.yaml:648-658	none (outside the three project indexes)	unrepresented		Exact-path exclusion; semantic code was not read
467	specs/.history/modular-fuzzing-epic/ticket-000-MF-012/snapshots/desired_program_model/tests/test_tla_spec_dev_run_adapter.py	out-of-scope	ticket_plan.yaml:648-658	none (outside the three project indexes)	unrepresented		Exact-path exclusion; semantic code was not read
468	specs/.history/modular-fuzzing-epic/ticket-000-MF-012/snapshots/desired_program_model/tests/test_tla_spec_dev_scaffold_adapter.py	out-of-scope	ticket_plan.yaml:648-658	none (outside the three project indexes)	unrepresented		Exact-path exclusion; semantic code was not read
469	specs/.history/modular-fuzzing-epic/ticket-000-MF-012/snapshots/desired_program_model/tests/test_tla_spec_dev_test_graph_adapter.py	out-of-scope	ticket_plan.yaml:648-658	none (outside the three project indexes)	unrepresented		Exact-path exclusion; semantic code was not read
470	specs/.history/modular-fuzzing-epic/ticket-000-MF-012/snapshots/desired_program_model/tests/test_tla_spec_dev_ticket_adapter.py	out-of-scope	ticket_plan.yaml:648-658	none (outside the three project indexes)	unrepresented		Exact-path exclusion; semantic code was not read
471	specs/.history/modular-fuzzing-epic/ticket-000-MF-012/snapshots/program_model/production_adapters.py	out-of-scope	ticket_plan.yaml:648-658	none (outside the three project indexes)	unrepresented		Exact-path exclusion; semantic code was not read
472	specs/.history/modular-fuzzing-epic/ticket-000-MF-012/snapshots/program_model/tests/test_tla_spec_dev_cli_adapter.py	out-of-scope	ticket_plan.yaml:648-658	none (outside the three project indexes)	unrepresented		Exact-path exclusion; semantic code was not read
473	specs/.history/modular-fuzzing-epic/ticket-000-MF-012/snapshots/program_model/tests/test_tla_spec_dev_run_adapter.py	out-of-scope	ticket_plan.yaml:648-658	none (outside the three project indexes)	unrepresented		Exact-path exclusion; semantic code was not read
474	specs/.history/modular-fuzzing-epic/ticket-000-MF-012/snapshots/program_model/tests/test_tla_spec_dev_scaffold_adapter.py	out-of-scope	ticket_plan.yaml:648-658	none (outside the three project indexes)	unrepresented		Exact-path exclusion; semantic code was not read
475	specs/.history/modular-fuzzing-epic/ticket-000-MF-012/snapshots/program_model/tests/test_tla_spec_dev_test_graph_adapter.py	out-of-scope	ticket_plan.yaml:648-658	none (outside the three project indexes)	unrepresented		Exact-path exclusion; semantic code was not read
476	specs/.history/modular-fuzzing-epic/ticket-000-MF-012/snapshots/program_model/tests/test_tla_spec_dev_ticket_adapter.py	out-of-scope	ticket_plan.yaml:648-658	none (outside the three project indexes)	unrepresented		Exact-path exclusion; semantic code was not read
477	specs/.history/modular-fuzzing-epic/ticket-000-MF-012/ticket/current/production_adapters.py	out-of-scope	ticket_plan.yaml:648-658	none (outside the three project indexes)	unrepresented		Exact-path exclusion; semantic code was not read
478	specs/.history/modular-fuzzing-epic/ticket-000-MF-012/ticket/current/tests/test_tla_spec_dev_budgets_adapter.py	out-of-scope	ticket_plan.yaml:648-658	none (outside the three project indexes)	unrepresented		Exact-path exclusion; semantic code was not read
479	specs/.history/modular-fuzzing-epic/ticket-000-MF-012/ticket/current/tests/test_tla_spec_dev_cli_adapter.py	out-of-scope	ticket_plan.yaml:648-658	none (outside the three project indexes)	unrepresented		Exact-path exclusion; semantic code was not read
480	specs/.history/modular-fuzzing-epic/ticket-000-MF-012/ticket/current/tests/test_tla_spec_dev_run_adapter.py	out-of-scope	ticket_plan.yaml:648-658	none (outside the three project indexes)	unrepresented		Exact-path exclusion; semantic code was not read
481	specs/.history/modular-fuzzing-epic/ticket-000-MF-012/ticket/current/tests/test_tla_spec_dev_scaffold_adapter.py	out-of-scope	ticket_plan.yaml:648-658	none (outside the three project indexes)	unrepresented		Exact-path exclusion; semantic code was not read
482	specs/.history/modular-fuzzing-epic/ticket-000-MF-012/ticket/current/tests/test_tla_spec_dev_test_graph_adapter.py	out-of-scope	ticket_plan.yaml:648-658	none (outside the three project indexes)	unrepresented		Exact-path exclusion; semantic code was not read
483	specs/.history/modular-fuzzing-epic/ticket-000-MF-012/ticket/current/tests/test_tla_spec_dev_ticket_adapter.py	out-of-scope	ticket_plan.yaml:648-658	none (outside the three project indexes)	unrepresented		Exact-path exclusion; semantic code was not read
484	specs/.history/modular-fuzzing-epic/ticket-000-MF-012/ticket/desired/production_adapters.py	out-of-scope	ticket_plan.yaml:648-658	none (outside the three project indexes)	unrepresented		Exact-path exclusion; semantic code was not read
485	specs/.history/modular-fuzzing-epic/ticket-000-MF-012/ticket/desired/tests/test_tla_spec_dev_budgets_adapter.py	out-of-scope	ticket_plan.yaml:648-658	none (outside the three project indexes)	unrepresented		Exact-path exclusion; semantic code was not read
486	specs/.history/modular-fuzzing-epic/ticket-000-MF-012/ticket/desired/tests/test_tla_spec_dev_cli_adapter.py	out-of-scope	ticket_plan.yaml:648-658	none (outside the three project indexes)	unrepresented		Exact-path exclusion; semantic code was not read
487	specs/.history/modular-fuzzing-epic/ticket-000-MF-012/ticket/desired/tests/test_tla_spec_dev_run_adapter.py	out-of-scope	ticket_plan.yaml:648-658	none (outside the three project indexes)	unrepresented		Exact-path exclusion; semantic code was not read
488	specs/.history/modular-fuzzing-epic/ticket-000-MF-012/ticket/desired/tests/test_tla_spec_dev_scaffold_adapter.py	out-of-scope	ticket_plan.yaml:648-658	none (outside the three project indexes)	unrepresented		Exact-path exclusion; semantic code was not read
489	specs/.history/modular-fuzzing-epic/ticket-000-MF-012/ticket/desired/tests/test_tla_spec_dev_test_graph_adapter.py	out-of-scope	ticket_plan.yaml:648-658	none (outside the three project indexes)	unrepresented		Exact-path exclusion; semantic code was not read
490	specs/.history/modular-fuzzing-epic/ticket-000-MF-012/ticket/desired/tests/test_tla_spec_dev_ticket_adapter.py	out-of-scope	ticket_plan.yaml:648-658	none (outside the three project indexes)	unrepresented		Exact-path exclusion; semantic code was not read
491	specs/.history/modular-fuzzing-epic/ticket-000-MF-012/ticket/results/graph-reports/cliWorkflow-20260718-153934-857a0f5c/tla-spec-dev-bin/tla-spec-dev	out-of-scope	ticket_plan.yaml:648-658	none (outside the three project indexes)	unrepresented		Exact-path exclusion; semantic code was not read
492	specs/.history/modular-fuzzing-epic/ticket-000-MF-012/ticket/results/graph-reports/specWorkflow-20260718-153853-c3144c6b/cleanup-failure-probe-test-graph/build-logic/build.gradle.kts	out-of-scope	ticket_plan.yaml:648-658	none (outside the three project indexes)	unrepresented		Exact-path exclusion; semantic code was not read
493	specs/.history/modular-fuzzing-epic/ticket-000-MF-012/ticket/results/graph-reports/specWorkflow-20260718-153853-c3144c6b/cleanup-failure-probe-test-graph/build-logic/settings.gradle.kts	out-of-scope	ticket_plan.yaml:648-658	none (outside the three project indexes)	unrepresented		Exact-path exclusion; semantic code was not read
494	specs/.history/modular-fuzzing-epic/ticket-000-MF-012/ticket/results/graph-reports/specWorkflow-20260718-153853-c3144c6b/cleanup-failure-probe-test-graph/build-logic/src/main/kotlin/com/hayden/testgraphsdk/GraphAssembler.kt	out-of-scope	ticket_plan.yaml:648-658	none (outside the three project indexes)	unrepresented		Exact-path exclusion; semantic code was not read
495	specs/.history/modular-fuzzing-epic/ticket-000-MF-012/ticket/results/graph-reports/specWorkflow-20260718-153853-c3144c6b/cleanup-failure-probe-test-graph/build-logic/src/main/kotlin/com/hayden/testgraphsdk/GraphModel.kt	out-of-scope	ticket_plan.yaml:648-658	none (outside the three project indexes)	unrepresented		Exact-path exclusion; semantic code was not read
496	specs/.history/modular-fuzzing-epic/ticket-000-MF-012/ticket/results/graph-reports/specWorkflow-20260718-153853-c3144c6b/cleanup-failure-probe-test-graph/build-logic/src/main/kotlin/com/hayden/testgraphsdk/MiniJson.kt	out-of-scope	ticket_plan.yaml:648-658	none (outside the three project indexes)	unrepresented		Exact-path exclusion; semantic code was not read
497	specs/.history/modular-fuzzing-epic/ticket-000-MF-012/ticket/results/graph-reports/specWorkflow-20260718-153853-c3144c6b/cleanup-failure-probe-test-graph/build-logic/src/main/kotlin/com/hayden/testgraphsdk/NodeDescribeLoader.kt	out-of-scope	ticket_plan.yaml:648-658	none (outside the three project indexes)	unrepresented		Exact-path exclusion; semantic code was not read
498	specs/.history/modular-fuzzing-epic/ticket-000-MF-012/ticket/results/graph-reports/specWorkflow-20260718-153853-c3144c6b/cleanup-failure-probe-test-graph/build-logic/src/main/kotlin/com/hayden/testgraphsdk/TestGraphSpec.kt	out-of-scope	ticket_plan.yaml:648-658	none (outside the three project indexes)	unrepresented		Exact-path exclusion; semantic code was not read
499	specs/.history/modular-fuzzing-epic/ticket-000-MF-012/ticket/results/graph-reports/specWorkflow-20260718-153853-c3144c6b/cleanup-failure-probe-test-graph/build-logic/src/main/kotlin/com/hayden/testgraphsdk/Toolchain.kt	out-of-scope	ticket_plan.yaml:648-658	none (outside the three project indexes)	unrepresented		Exact-path exclusion; semantic code was not read
500	specs/.history/modular-fuzzing-epic/ticket-000-MF-012/ticket/results/graph-reports/specWorkflow-20260718-153853-c3144c6b/cleanup-failure-probe-test-graph/build-logic/src/main/kotlin/com/hayden/testgraphsdk/ValidationGraphExtension.kt	out-of-scope	ticket_plan.yaml:648-658	none (outside the three project indexes)	unrepresented		Exact-path exclusion; semantic code was not read
501	specs/.history/modular-fuzzing-epic/ticket-000-MF-012/ticket/results/graph-reports/specWorkflow-20260718-153853-c3144c6b/cleanup-failure-probe-test-graph/build-logic/src/main/kotlin/com/hayden/testgraphsdk/ValidationGraphPlugin.kt	out-of-scope	ticket_plan.yaml:648-658	none (outside the three project indexes)	unrepresented		Exact-path exclusion; semantic code was not read
502	specs/.history/modular-fuzzing-epic/ticket-000-MF-012/ticket/results/graph-reports/specWorkflow-20260718-153853-c3144c6b/cleanup-failure-probe-test-graph/build-logic/src/main/kotlin/com/hayden/testgraphsdk/ValidationNodeSpec.kt	out-of-scope	ticket_plan.yaml:648-658	none (outside the three project indexes)	unrepresented		Exact-path exclusion; semantic code was not read
503	specs/.history/modular-fuzzing-epic/ticket-000-MF-012/ticket/results/graph-reports/specWorkflow-20260718-153853-c3144c6b/cleanup-failure-probe-test-graph/build-logic/src/main/kotlin/com/hayden/testgraphsdk/ValidationRuntime.kt	out-of-scope	ticket_plan.yaml:648-658	none (outside the three project indexes)	unrepresented		Exact-path exclusion; semantic code was not read
504	specs/.history/modular-fuzzing-epic/ticket-000-MF-012/ticket/results/graph-reports/specWorkflow-20260718-153853-c3144c6b/cleanup-failure-probe-test-graph/build-logic/src/main/kotlin/com/hayden/testgraphsdk/exec/Context.kt	out-of-scope	ticket_plan.yaml:648-658	none (outside the three project indexes)	unrepresented		Exact-path exclusion; semantic code was not read
505	specs/.history/modular-fuzzing-epic/ticket-000-MF-012/ticket/results/graph-reports/specWorkflow-20260718-153853-c3144c6b/cleanup-failure-probe-test-graph/build-logic/src/main/kotlin/com/hayden/testgraphsdk/exec/Executors.kt	out-of-scope	ticket_plan.yaml:648-658	none (outside the three project indexes)	unrepresented		Exact-path exclusion; semantic code was not read
506	specs/.history/modular-fuzzing-epic/ticket-000-MF-012/ticket/results/graph-reports/specWorkflow-20260718-153853-c3144c6b/cleanup-failure-probe-test-graph/build-logic/src/main/kotlin/com/hayden/testgraphsdk/exec/JBangExecutor.kt	out-of-scope	ticket_plan.yaml:648-658	none (outside the three project indexes)	unrepresented		Exact-path exclusion; semantic code was not read
507	specs/.history/modular-fuzzing-epic/ticket-000-MF-012/ticket/results/graph-reports/specWorkflow-20260718-153853-c3144c6b/cleanup-failure-probe-test-graph/build-logic/src/main/kotlin/com/hayden/testgraphsdk/exec/PlanExecutor.kt	out-of-scope	ticket_plan.yaml:648-658	none (outside the three project indexes)	unrepresented		Exact-path exclusion; semantic code was not read
508	specs/.history/modular-fuzzing-epic/ticket-000-MF-012/ticket/results/graph-reports/specWorkflow-20260718-153853-c3144c6b/cleanup-failure-probe-test-graph/build-logic/src/main/kotlin/com/hayden/testgraphsdk/exec/TimeoutParser.kt	out-of-scope	ticket_plan.yaml:648-658	none (outside the three project indexes)	unrepresented		Exact-path exclusion; semantic code was not read
509	specs/.history/modular-fuzzing-epic/ticket-000-MF-012/ticket/results/graph-reports/specWorkflow-20260718-153853-c3144c6b/cleanup-failure-probe-test-graph/build-logic/src/main/kotlin/com/hayden/testgraphsdk/exec/UvExecutor.kt	out-of-scope	ticket_plan.yaml:648-658	none (outside the three project indexes)	unrepresented		Exact-path exclusion; semantic code was not read
510	specs/.history/modular-fuzzing-epic/ticket-000-MF-012/ticket/results/graph-reports/specWorkflow-20260718-153853-c3144c6b/cleanup-failure-probe-test-graph/build-logic/src/main/kotlin/com/hayden/testgraphsdk/tasks/InspectionTasks.kt	out-of-scope	ticket_plan.yaml:648-658	none (outside the three project indexes)	unrepresented		Exact-path exclusion; semantic code was not read
511	specs/.history/modular-fuzzing-epic/ticket-000-MF-012/ticket/results/graph-reports/specWorkflow-20260718-153853-c3144c6b/cleanup-failure-probe-test-graph/build-logic/src/main/kotlin/com/hayden/testgraphsdk/tasks/RunReportWriter.kt	out-of-scope	ticket_plan.yaml:648-658	none (outside the three project indexes)	unrepresented		Exact-path exclusion; semantic code was not read
512	specs/.history/modular-fuzzing-epic/ticket-000-MF-012/ticket/results/graph-reports/specWorkflow-20260718-153853-c3144c6b/cleanup-failure-probe-test-graph/build-logic/src/main/kotlin/com/hayden/testgraphsdk/tasks/RunTestGraphTask.kt	out-of-scope	ticket_plan.yaml:648-658	none (outside the three project indexes)	unrepresented		Exact-path exclusion; semantic code was not read
513	specs/.history/modular-fuzzing-epic/ticket-000-MF-012/ticket/results/graph-reports/specWorkflow-20260718-153853-c3144c6b/cleanup-failure-probe-test-graph/build-logic/src/main/kotlin/com/hayden/testgraphsdk/tasks/ValidationReportTask.kt	out-of-scope	ticket_plan.yaml:648-658	none (outside the three project indexes)	unrepresented		Exact-path exclusion; semantic code was not read
514	specs/.history/modular-fuzzing-epic/ticket-000-MF-012/ticket/results/graph-reports/specWorkflow-20260718-153853-c3144c6b/cleanup-failure-probe-test-graph/build-logic/src/test/kotlin/com/hayden/testgraphsdk/exec/PlanExecutorResumeHarnessTest.kt	out-of-scope	ticket_plan.yaml:648-658	none (outside the three project indexes)	unrepresented		Exact-path exclusion; semantic code was not read
515	specs/.history/modular-fuzzing-epic/ticket-000-MF-012/ticket/results/graph-reports/specWorkflow-20260718-153853-c3144c6b/cleanup-failure-probe-test-graph/build.gradle.kts	out-of-scope	ticket_plan.yaml:648-658	none (outside the three project indexes)	unrepresented		Exact-path exclusion; semantic code was not read
516	specs/.history/modular-fuzzing-epic/ticket-000-MF-012/ticket/results/graph-reports/specWorkflow-20260718-153853-c3144c6b/cleanup-failure-probe-test-graph/gradlew	out-of-scope	ticket_plan.yaml:648-658	none (outside the three project indexes)	unrepresented		Exact-path exclusion; semantic code was not read
517	specs/.history/modular-fuzzing-epic/ticket-000-MF-012/ticket/results/graph-reports/specWorkflow-20260718-153853-c3144c6b/cleanup-failure-probe-test-graph/sdk/java/build.gradle.kts	out-of-scope	ticket_plan.yaml:648-658	none (outside the three project indexes)	unrepresented		Exact-path exclusion; semantic code was not read
518	specs/.history/modular-fuzzing-epic/ticket-000-MF-012/ticket/results/graph-reports/specWorkflow-20260718-153853-c3144c6b/cleanup-failure-probe-test-graph/sdk/java/src/main/java/com/hayden/testgraphsdk/sdk/ContextItem.java	out-of-scope	ticket_plan.yaml:648-658	none (outside the three project indexes)	unrepresented		Exact-path exclusion; semantic code was not read
519	specs/.history/modular-fuzzing-epic/ticket-000-MF-012/ticket/results/graph-reports/specWorkflow-20260718-153853-c3144c6b/cleanup-failure-probe-test-graph/sdk/java/src/main/java/com/hayden/testgraphsdk/sdk/ContextSerde.java	out-of-scope	ticket_plan.yaml:648-658	none (outside the three project indexes)	unrepresented		Exact-path exclusion; semantic code was not read
520	specs/.history/modular-fuzzing-epic/ticket-000-MF-012/ticket/results/graph-reports/specWorkflow-20260718-153853-c3144c6b/cleanup-failure-probe-test-graph/sdk/java/src/main/java/com/hayden/testgraphsdk/sdk/Json.java	out-of-scope	ticket_plan.yaml:648-658	none (outside the three project indexes)	unrepresented		Exact-path exclusion; semantic code was not read
521	specs/.history/modular-fuzzing-epic/ticket-000-MF-012/ticket/results/graph-reports/specWorkflow-20260718-153853-c3144c6b/cleanup-failure-probe-test-graph/sdk/java/src/main/java/com/hayden/testgraphsdk/sdk/JsonMapper.java	out-of-scope	ticket_plan.yaml:648-658	none (outside the three project indexes)	unrepresented		Exact-path exclusion; semantic code was not read
522	specs/.history/modular-fuzzing-epic/ticket-000-MF-012/ticket/results/graph-reports/specWorkflow-20260718-153853-c3144c6b/cleanup-failure-probe-test-graph/sdk/java/src/main/java/com/hayden/testgraphsdk/sdk/Node.java	out-of-scope	ticket_plan.yaml:648-658	none (outside the three project indexes)	unrepresented		Exact-path exclusion; semantic code was not read
523	specs/.history/modular-fuzzing-epic/ticket-000-MF-012/ticket/results/graph-reports/specWorkflow-20260718-153853-c3144c6b/cleanup-failure-probe-test-graph/sdk/java/src/main/java/com/hayden/testgraphsdk/sdk/NodeBody.java	out-of-scope	ticket_plan.yaml:648-658	none (outside the three project indexes)	unrepresented		Exact-path exclusion; semantic code was not read
524	specs/.history/modular-fuzzing-epic/ticket-000-MF-012/ticket/results/graph-reports/specWorkflow-20260718-153853-c3144c6b/cleanup-failure-probe-test-graph/sdk/java/src/main/java/com/hayden/testgraphsdk/sdk/NodeContext.java	out-of-scope	ticket_plan.yaml:648-658	none (outside the three project indexes)	unrepresented		Exact-path exclusion; semantic code was not read
525	specs/.history/modular-fuzzing-epic/ticket-000-MF-012/ticket/results/graph-reports/specWorkflow-20260718-153853-c3144c6b/cleanup-failure-probe-test-graph/sdk/java/src/main/java/com/hayden/testgraphsdk/sdk/NodeResult.java	out-of-scope	ticket_plan.yaml:648-658	none (outside the three project indexes)	unrepresented		Exact-path exclusion; semantic code was not read
526	specs/.history/modular-fuzzing-epic/ticket-000-MF-012/ticket/results/graph-reports/specWorkflow-20260718-153853-c3144c6b/cleanup-failure-probe-test-graph/sdk/java/src/main/java/com/hayden/testgraphsdk/sdk/NodeSpec.java	out-of-scope	ticket_plan.yaml:648-658	none (outside the three project indexes)	unrepresented		Exact-path exclusion; semantic code was not read
527	specs/.history/modular-fuzzing-epic/ticket-000-MF-012/ticket/results/graph-reports/specWorkflow-20260718-153853-c3144c6b/cleanup-failure-probe-test-graph/sdk/java/src/main/java/com/hayden/testgraphsdk/sdk/NodeStatus.java	out-of-scope	ticket_plan.yaml:648-658	none (outside the three project indexes)	unrepresented		Exact-path exclusion; semantic code was not read
528	specs/.history/modular-fuzzing-epic/ticket-000-MF-012/ticket/results/graph-reports/specWorkflow-20260718-153853-c3144c6b/cleanup-failure-probe-test-graph/sdk/java/src/main/java/com/hayden/testgraphsdk/sdk/ProcessRecord.java	out-of-scope	ticket_plan.yaml:648-658	none (outside the three project indexes)	unrepresented		Exact-path exclusion; semantic code was not read
529	specs/.history/modular-fuzzing-epic/ticket-000-MF-012/ticket/results/graph-reports/specWorkflow-20260718-153853-c3144c6b/cleanup-failure-probe-test-graph/sdk/java/src/main/java/com/hayden/testgraphsdk/sdk/Procs.java	out-of-scope	ticket_plan.yaml:648-658	none (outside the three project indexes)	unrepresented		Exact-path exclusion; semantic code was not read
530	specs/.history/modular-fuzzing-epic/ticket-000-MF-012/ticket/results/graph-reports/specWorkflow-20260718-153853-c3144c6b/cleanup-failure-probe-test-graph/sdk/python/src/testgraphsdk/__init__.py	out-of-scope	ticket_plan.yaml:648-658	none (outside the three project indexes)	unrepresented		Exact-path exclusion; semantic code was not read
531	specs/.history/modular-fuzzing-epic/ticket-000-MF-012/ticket/results/graph-reports/specWorkflow-20260718-153853-c3144c6b/cleanup-failure-probe-test-graph/sdk/python/src/testgraphsdk/context.py	out-of-scope	ticket_plan.yaml:648-658	none (outside the three project indexes)	unrepresented		Exact-path exclusion; semantic code was not read
532	specs/.history/modular-fuzzing-epic/ticket-000-MF-012/ticket/results/graph-reports/specWorkflow-20260718-153853-c3144c6b/cleanup-failure-probe-test-graph/sdk/python/src/testgraphsdk/context_item.py	out-of-scope	ticket_plan.yaml:648-658	none (outside the three project indexes)	unrepresented		Exact-path exclusion; semantic code was not read
533	specs/.history/modular-fuzzing-epic/ticket-000-MF-012/ticket/results/graph-reports/specWorkflow-20260718-153853-c3144c6b/cleanup-failure-probe-test-graph/sdk/python/src/testgraphsdk/node_spec.py	out-of-scope	ticket_plan.yaml:648-658	none (outside the three project indexes)	unrepresented		Exact-path exclusion; semantic code was not read
534	specs/.history/modular-fuzzing-epic/ticket-000-MF-012/ticket/results/graph-reports/specWorkflow-20260718-153853-c3144c6b/cleanup-failure-probe-test-graph/sdk/python/src/testgraphsdk/procs.py	out-of-scope	ticket_plan.yaml:648-658	none (outside the three project indexes)	unrepresented		Exact-path exclusion; semantic code was not read
535	specs/.history/modular-fuzzing-epic/ticket-000-MF-012/ticket/results/graph-reports/specWorkflow-20260718-153853-c3144c6b/cleanup-failure-probe-test-graph/sdk/python/src/testgraphsdk/result.py	out-of-scope	ticket_plan.yaml:648-658	none (outside the three project indexes)	unrepresented		Exact-path exclusion; semantic code was not read
536	specs/.history/modular-fuzzing-epic/ticket-000-MF-012/ticket/results/graph-reports/specWorkflow-20260718-153853-c3144c6b/cleanup-failure-probe-test-graph/sdk/python/src/testgraphsdk/runner.py	out-of-scope	ticket_plan.yaml:648-658	none (outside the three project indexes)	unrepresented		Exact-path exclusion; semantic code was not read
537	specs/.history/modular-fuzzing-epic/ticket-000-MF-012/ticket/results/graph-reports/specWorkflow-20260718-153853-c3144c6b/cleanup-failure-probe-test-graph/settings.gradle.kts	out-of-scope	ticket_plan.yaml:648-658	none (outside the three project indexes)	unrepresented		Exact-path exclusion; semantic code was not read
538	specs/.history/modular-fuzzing-epic/ticket-000-MF-012/ticket/results/graph-reports/specWorkflow-20260718-153853-c3144c6b/cleanup-failure-probe-test-graph/sources/spec_workflow_cleanup.py	out-of-scope	ticket_plan.yaml:648-658	none (outside the three project indexes)	unrepresented		Exact-path exclusion; semantic code was not read
539	specs/.history/modular-fuzzing-epic/ticket-000-MF-012/ticket/results/graph-reports/specWorkflow-20260718-153853-c3144c6b/cleanup-failure-probe-test-graph/sources/spec_workflow_close_ticket.py	out-of-scope	ticket_plan.yaml:648-658	none (outside the three project indexes)	unrepresented		Exact-path exclusion; semantic code was not read
540	specs/.history/modular-fuzzing-epic/ticket-000-MF-012/ticket/results/graph-reports/specWorkflow-20260718-153853-c3144c6b/cleanup-failure-probe-test-graph/sources/spec_workflow_complete_ticket.py	out-of-scope	ticket_plan.yaml:648-658	none (outside the three project indexes)	unrepresented		Exact-path exclusion; semantic code was not read
541	specs/.history/modular-fuzzing-epic/ticket-000-MF-012/ticket/results/graph-reports/specWorkflow-20260718-153853-c3144c6b/cleanup-failure-probe-test-graph/sources/spec_workflow_create_repo.py	out-of-scope	ticket_plan.yaml:648-658	none (outside the three project indexes)	unrepresented		Exact-path exclusion; semantic code was not read
542	specs/.history/modular-fuzzing-epic/ticket-000-MF-012/ticket/results/graph-reports/specWorkflow-20260718-153853-c3144c6b/cleanup-failure-probe-test-graph/sources/spec_workflow_failure_cleanup_probe.py	out-of-scope	ticket_plan.yaml:648-658	none (outside the three project indexes)	unrepresented		Exact-path exclusion; semantic code was not read
543	specs/.history/modular-fuzzing-epic/ticket-000-MF-012/ticket/results/graph-reports/specWorkflow-20260718-153853-c3144c6b/cleanup-failure-probe-test-graph/sources/spec_workflow_force_failure.py	out-of-scope	ticket_plan.yaml:648-658	none (outside the three project indexes)	unrepresented		Exact-path exclusion; semantic code was not read
544	specs/.history/modular-fuzzing-epic/ticket-000-MF-012/ticket/results/graph-reports/specWorkflow-20260718-153853-c3144c6b/cleanup-failure-probe-test-graph/sources/spec_workflow_spec_units.py	out-of-scope	ticket_plan.yaml:648-658	none (outside the three project indexes)	unrepresented		Exact-path exclusion; semantic code was not read
545	specs/.history/modular-fuzzing-epic/ticket-000-MF-012/ticket/results/graph-reports/specWorkflow-20260718-153853-c3144c6b/cleanup-failure-probe-test-graph/sources/spec_workflow_start_ticket.py	out-of-scope	ticket_plan.yaml:648-658	none (outside the three project indexes)	unrepresented		Exact-path exclusion; semantic code was not read
546	specs/.history/modular-fuzzing-epic/ticket-000-MF-012/ticket/results/graph-reports/specWorkflow-20260718-153853-c3144c6b/cleanup-failure-probe-test-graph/sources/tla_spec_dev_cli_help.py	out-of-scope	ticket_plan.yaml:648-658	none (outside the three project indexes)	unrepresented		Exact-path exclusion; semantic code was not read
547	specs/.history/modular-fuzzing-epic/ticket-000-MF-012/ticket/results/graph-reports/specWorkflow-20260718-153853-c3144c6b/cleanup-failure-probe-test-graph/sources/tla_spec_dev_cli_install.py	out-of-scope	ticket_plan.yaml:648-658	none (outside the three project indexes)	unrepresented		Exact-path exclusion; semantic code was not read
548	specs/.history/modular-fuzzing-epic/ticket-000-MF-012/ticket/results/graph-reports/specWorkflow-20260718-153853-c3144c6b/tla-spec-dev-bin/tla-spec-dev	out-of-scope	ticket_plan.yaml:648-658	none (outside the three project indexes)	unrepresented		Exact-path exclusion; semantic code was not read
549	specs/.history/modular-fuzzing-epic/ticket-000-MF-012/ticket/tests/test_ticket_workflow.py	out-of-scope	ticket_plan.yaml:648-658	none (outside the three project indexes)	unrepresented		Exact-path exclusion; semantic code was not read
550	specs/.history/modular-fuzzing-epic/ticket-001-MF-020/snapshots/current/production_adapters.py	out-of-scope	ticket_plan.yaml:648-658	none (outside the three project indexes)	unrepresented		Exact-path exclusion; semantic code was not read
551	specs/.history/modular-fuzzing-epic/ticket-001-MF-020/snapshots/current/tests/test_tla_spec_dev_budgets_adapter.py	out-of-scope	ticket_plan.yaml:648-658	none (outside the three project indexes)	unrepresented		Exact-path exclusion; semantic code was not read
552	specs/.history/modular-fuzzing-epic/ticket-001-MF-020/snapshots/current/tests/test_tla_spec_dev_cli_adapter.py	out-of-scope	ticket_plan.yaml:648-658	none (outside the three project indexes)	unrepresented		Exact-path exclusion; semantic code was not read
553	specs/.history/modular-fuzzing-epic/ticket-001-MF-020/snapshots/current/tests/test_tla_spec_dev_run_adapter.py	out-of-scope	ticket_plan.yaml:648-658	none (outside the three project indexes)	unrepresented		Exact-path exclusion; semantic code was not read
554	specs/.history/modular-fuzzing-epic/ticket-001-MF-020/snapshots/current/tests/test_tla_spec_dev_scaffold_adapter.py	out-of-scope	ticket_plan.yaml:648-658	none (outside the three project indexes)	unrepresented		Exact-path exclusion; semantic code was not read
555	specs/.history/modular-fuzzing-epic/ticket-001-MF-020/snapshots/current/tests/test_tla_spec_dev_test_graph_adapter.py	out-of-scope	ticket_plan.yaml:648-658	none (outside the three project indexes)	unrepresented		Exact-path exclusion; semantic code was not read
556	specs/.history/modular-fuzzing-epic/ticket-001-MF-020/snapshots/current/tests/test_tla_spec_dev_ticket_adapter.py	out-of-scope	ticket_plan.yaml:648-658	none (outside the three project indexes)	unrepresented		Exact-path exclusion; semantic code was not read
557	specs/.history/modular-fuzzing-epic/ticket-001-MF-020/snapshots/desired_program_model/production_adapters.py	out-of-scope	ticket_plan.yaml:648-658	none (outside the three project indexes)	unrepresented		Exact-path exclusion; semantic code was not read
558	specs/.history/modular-fuzzing-epic/ticket-001-MF-020/snapshots/desired_program_model/tests/test_tla_spec_dev_cli_adapter.py	out-of-scope	ticket_plan.yaml:648-658	none (outside the three project indexes)	unrepresented		Exact-path exclusion; semantic code was not read
559	specs/.history/modular-fuzzing-epic/ticket-001-MF-020/snapshots/desired_program_model/tests/test_tla_spec_dev_run_adapter.py	out-of-scope	ticket_plan.yaml:648-658	none (outside the three project indexes)	unrepresented		Exact-path exclusion; semantic code was not read
560	specs/.history/modular-fuzzing-epic/ticket-001-MF-020/snapshots/desired_program_model/tests/test_tla_spec_dev_scaffold_adapter.py	out-of-scope	ticket_plan.yaml:648-658	none (outside the three project indexes)	unrepresented		Exact-path exclusion; semantic code was not read
561	specs/.history/modular-fuzzing-epic/ticket-001-MF-020/snapshots/desired_program_model/tests/test_tla_spec_dev_test_graph_adapter.py	out-of-scope	ticket_plan.yaml:648-658	none (outside the three project indexes)	unrepresented		Exact-path exclusion; semantic code was not read
562	specs/.history/modular-fuzzing-epic/ticket-001-MF-020/snapshots/desired_program_model/tests/test_tla_spec_dev_ticket_adapter.py	out-of-scope	ticket_plan.yaml:648-658	none (outside the three project indexes)	unrepresented		Exact-path exclusion; semantic code was not read
563	specs/.history/modular-fuzzing-epic/ticket-001-MF-020/snapshots/program_model/production_adapters.py	out-of-scope	ticket_plan.yaml:648-658	none (outside the three project indexes)	unrepresented		Exact-path exclusion; semantic code was not read
564	specs/.history/modular-fuzzing-epic/ticket-001-MF-020/snapshots/program_model/tests/test_tla_spec_dev_cli_adapter.py	out-of-scope	ticket_plan.yaml:648-658	none (outside the three project indexes)	unrepresented		Exact-path exclusion; semantic code was not read
565	specs/.history/modular-fuzzing-epic/ticket-001-MF-020/snapshots/program_model/tests/test_tla_spec_dev_run_adapter.py	out-of-scope	ticket_plan.yaml:648-658	none (outside the three project indexes)	unrepresented		Exact-path exclusion; semantic code was not read
566	specs/.history/modular-fuzzing-epic/ticket-001-MF-020/snapshots/program_model/tests/test_tla_spec_dev_scaffold_adapter.py	out-of-scope	ticket_plan.yaml:648-658	none (outside the three project indexes)	unrepresented		Exact-path exclusion; semantic code was not read
567	specs/.history/modular-fuzzing-epic/ticket-001-MF-020/snapshots/program_model/tests/test_tla_spec_dev_test_graph_adapter.py	out-of-scope	ticket_plan.yaml:648-658	none (outside the three project indexes)	unrepresented		Exact-path exclusion; semantic code was not read
568	specs/.history/modular-fuzzing-epic/ticket-001-MF-020/snapshots/program_model/tests/test_tla_spec_dev_ticket_adapter.py	out-of-scope	ticket_plan.yaml:648-658	none (outside the three project indexes)	unrepresented		Exact-path exclusion; semantic code was not read
569	specs/.history/modular-fuzzing-epic/ticket-001-MF-020/ticket/current/production_adapters.py	out-of-scope	ticket_plan.yaml:648-658	none (outside the three project indexes)	unrepresented		Exact-path exclusion; semantic code was not read
570	specs/.history/modular-fuzzing-epic/ticket-001-MF-020/ticket/current/tests/test_tla_spec_dev_budgets_adapter.py	out-of-scope	ticket_plan.yaml:648-658	none (outside the three project indexes)	unrepresented		Exact-path exclusion; semantic code was not read
571	specs/.history/modular-fuzzing-epic/ticket-001-MF-020/ticket/current/tests/test_tla_spec_dev_cli_adapter.py	out-of-scope	ticket_plan.yaml:648-658	none (outside the three project indexes)	unrepresented		Exact-path exclusion; semantic code was not read
572	specs/.history/modular-fuzzing-epic/ticket-001-MF-020/ticket/current/tests/test_tla_spec_dev_run_adapter.py	out-of-scope	ticket_plan.yaml:648-658	none (outside the three project indexes)	unrepresented		Exact-path exclusion; semantic code was not read
573	specs/.history/modular-fuzzing-epic/ticket-001-MF-020/ticket/current/tests/test_tla_spec_dev_scaffold_adapter.py	out-of-scope	ticket_plan.yaml:648-658	none (outside the three project indexes)	unrepresented		Exact-path exclusion; semantic code was not read
574	specs/.history/modular-fuzzing-epic/ticket-001-MF-020/ticket/current/tests/test_tla_spec_dev_test_graph_adapter.py	out-of-scope	ticket_plan.yaml:648-658	none (outside the three project indexes)	unrepresented		Exact-path exclusion; semantic code was not read
575	specs/.history/modular-fuzzing-epic/ticket-001-MF-020/ticket/current/tests/test_tla_spec_dev_ticket_adapter.py	out-of-scope	ticket_plan.yaml:648-658	none (outside the three project indexes)	unrepresented		Exact-path exclusion; semantic code was not read
576	specs/.history/modular-fuzzing-epic/ticket-001-MF-020/ticket/desired/production_adapters.py	out-of-scope	ticket_plan.yaml:648-658	none (outside the three project indexes)	unrepresented		Exact-path exclusion; semantic code was not read
577	specs/.history/modular-fuzzing-epic/ticket-001-MF-020/ticket/desired/tests/test_tla_spec_dev_budgets_adapter.py	out-of-scope	ticket_plan.yaml:648-658	none (outside the three project indexes)	unrepresented		Exact-path exclusion; semantic code was not read
578	specs/.history/modular-fuzzing-epic/ticket-001-MF-020/ticket/desired/tests/test_tla_spec_dev_cli_adapter.py	out-of-scope	ticket_plan.yaml:648-658	none (outside the three project indexes)	unrepresented		Exact-path exclusion; semantic code was not read
579	specs/.history/modular-fuzzing-epic/ticket-001-MF-020/ticket/desired/tests/test_tla_spec_dev_run_adapter.py	out-of-scope	ticket_plan.yaml:648-658	none (outside the three project indexes)	unrepresented		Exact-path exclusion; semantic code was not read
580	specs/.history/modular-fuzzing-epic/ticket-001-MF-020/ticket/desired/tests/test_tla_spec_dev_scaffold_adapter.py	out-of-scope	ticket_plan.yaml:648-658	none (outside the three project indexes)	unrepresented		Exact-path exclusion; semantic code was not read
581	specs/.history/modular-fuzzing-epic/ticket-001-MF-020/ticket/desired/tests/test_tla_spec_dev_test_graph_adapter.py	out-of-scope	ticket_plan.yaml:648-658	none (outside the three project indexes)	unrepresented		Exact-path exclusion; semantic code was not read
582	specs/.history/modular-fuzzing-epic/ticket-001-MF-020/ticket/desired/tests/test_tla_spec_dev_ticket_adapter.py	out-of-scope	ticket_plan.yaml:648-658	none (outside the three project indexes)	unrepresented		Exact-path exclusion; semantic code was not read
583	specs/.history/modular-fuzzing-epic/ticket-001-MF-020/ticket/tests/test_ticket_workflow.py	out-of-scope	ticket_plan.yaml:648-658	none (outside the three project indexes)	unrepresented		Exact-path exclusion; semantic code was not read
584	specs/.history/modular-fuzzing-epic/ticket-002-MF-021/snapshots/current/production_adapters.py	out-of-scope	ticket_plan.yaml:648-658	none (outside the three project indexes)	unrepresented		Exact-path exclusion; semantic code was not read
585	specs/.history/modular-fuzzing-epic/ticket-002-MF-021/snapshots/current/tests/test_current_ticket_workflow.py	out-of-scope	ticket_plan.yaml:648-658	none (outside the three project indexes)	unrepresented		Exact-path exclusion; semantic code was not read
586	specs/.history/modular-fuzzing-epic/ticket-002-MF-021/snapshots/current/tests/test_tla_spec_dev_budgets_adapter.py	out-of-scope	ticket_plan.yaml:648-658	none (outside the three project indexes)	unrepresented		Exact-path exclusion; semantic code was not read
587	specs/.history/modular-fuzzing-epic/ticket-002-MF-021/snapshots/current/tests/test_tla_spec_dev_cli_adapter.py	out-of-scope	ticket_plan.yaml:648-658	none (outside the three project indexes)	unrepresented		Exact-path exclusion; semantic code was not read
588	specs/.history/modular-fuzzing-epic/ticket-002-MF-021/snapshots/current/tests/test_tla_spec_dev_close_promotion_adapter.py	out-of-scope	ticket_plan.yaml:648-658	none (outside the three project indexes)	unrepresented		Exact-path exclusion; semantic code was not read
589	specs/.history/modular-fuzzing-epic/ticket-002-MF-021/snapshots/current/tests/test_tla_spec_dev_run_adapter.py	out-of-scope	ticket_plan.yaml:648-658	none (outside the three project indexes)	unrepresented		Exact-path exclusion; semantic code was not read
590	specs/.history/modular-fuzzing-epic/ticket-002-MF-021/snapshots/current/tests/test_tla_spec_dev_scaffold_adapter.py	out-of-scope	ticket_plan.yaml:648-658	none (outside the three project indexes)	unrepresented		Exact-path exclusion; semantic code was not read
591	specs/.history/modular-fuzzing-epic/ticket-002-MF-021/snapshots/current/tests/test_tla_spec_dev_test_graph_adapter.py	out-of-scope	ticket_plan.yaml:648-658	none (outside the three project indexes)	unrepresented		Exact-path exclusion; semantic code was not read
592	specs/.history/modular-fuzzing-epic/ticket-002-MF-021/snapshots/current/tests/test_tla_spec_dev_ticket_adapter.py	out-of-scope	ticket_plan.yaml:648-658	none (outside the three project indexes)	unrepresented		Exact-path exclusion; semantic code was not read
593	specs/.history/modular-fuzzing-epic/ticket-002-MF-021/snapshots/desired_program_model/production_adapters.py	out-of-scope	ticket_plan.yaml:648-658	none (outside the three project indexes)	unrepresented		Exact-path exclusion; semantic code was not read
594	specs/.history/modular-fuzzing-epic/ticket-002-MF-021/snapshots/desired_program_model/tests/test_tla_spec_dev_cli_adapter.py	out-of-scope	ticket_plan.yaml:648-658	none (outside the three project indexes)	unrepresented		Exact-path exclusion; semantic code was not read
595	specs/.history/modular-fuzzing-epic/ticket-002-MF-021/snapshots/desired_program_model/tests/test_tla_spec_dev_run_adapter.py	out-of-scope	ticket_plan.yaml:648-658	none (outside the three project indexes)	unrepresented		Exact-path exclusion; semantic code was not read
596	specs/.history/modular-fuzzing-epic/ticket-002-MF-021/snapshots/desired_program_model/tests/test_tla_spec_dev_scaffold_adapter.py	out-of-scope	ticket_plan.yaml:648-658	none (outside the three project indexes)	unrepresented		Exact-path exclusion; semantic code was not read
597	specs/.history/modular-fuzzing-epic/ticket-002-MF-021/snapshots/desired_program_model/tests/test_tla_spec_dev_test_graph_adapter.py	out-of-scope	ticket_plan.yaml:648-658	none (outside the three project indexes)	unrepresented		Exact-path exclusion; semantic code was not read
598	specs/.history/modular-fuzzing-epic/ticket-002-MF-021/snapshots/desired_program_model/tests/test_tla_spec_dev_ticket_adapter.py	out-of-scope	ticket_plan.yaml:648-658	none (outside the three project indexes)	unrepresented		Exact-path exclusion; semantic code was not read
599	specs/.history/modular-fuzzing-epic/ticket-002-MF-021/snapshots/program_model/production_adapters.py	out-of-scope	ticket_plan.yaml:648-658	none (outside the three project indexes)	unrepresented		Exact-path exclusion; semantic code was not read
600	specs/.history/modular-fuzzing-epic/ticket-002-MF-021/snapshots/program_model/tests/test_tla_spec_dev_cli_adapter.py	out-of-scope	ticket_plan.yaml:648-658	none (outside the three project indexes)	unrepresented		Exact-path exclusion; semantic code was not read
601	specs/.history/modular-fuzzing-epic/ticket-002-MF-021/snapshots/program_model/tests/test_tla_spec_dev_run_adapter.py	out-of-scope	ticket_plan.yaml:648-658	none (outside the three project indexes)	unrepresented		Exact-path exclusion; semantic code was not read
602	specs/.history/modular-fuzzing-epic/ticket-002-MF-021/snapshots/program_model/tests/test_tla_spec_dev_scaffold_adapter.py	out-of-scope	ticket_plan.yaml:648-658	none (outside the three project indexes)	unrepresented		Exact-path exclusion; semantic code was not read
603	specs/.history/modular-fuzzing-epic/ticket-002-MF-021/snapshots/program_model/tests/test_tla_spec_dev_test_graph_adapter.py	out-of-scope	ticket_plan.yaml:648-658	none (outside the three project indexes)	unrepresented		Exact-path exclusion; semantic code was not read
604	specs/.history/modular-fuzzing-epic/ticket-002-MF-021/snapshots/program_model/tests/test_tla_spec_dev_ticket_adapter.py	out-of-scope	ticket_plan.yaml:648-658	none (outside the three project indexes)	unrepresented		Exact-path exclusion; semantic code was not read
605	specs/.history/modular-fuzzing-epic/ticket-002-MF-021/ticket/current/production_adapters.py	out-of-scope	ticket_plan.yaml:648-658	none (outside the three project indexes)	unrepresented		Exact-path exclusion; semantic code was not read
606	specs/.history/modular-fuzzing-epic/ticket-002-MF-021/ticket/current/tests/test_tla_spec_dev_budgets_adapter.py	out-of-scope	ticket_plan.yaml:648-658	none (outside the three project indexes)	unrepresented		Exact-path exclusion; semantic code was not read
607	specs/.history/modular-fuzzing-epic/ticket-002-MF-021/ticket/current/tests/test_tla_spec_dev_cli_adapter.py	out-of-scope	ticket_plan.yaml:648-658	none (outside the three project indexes)	unrepresented		Exact-path exclusion; semantic code was not read
608	specs/.history/modular-fuzzing-epic/ticket-002-MF-021/ticket/current/tests/test_tla_spec_dev_close_promotion_adapter.py	out-of-scope	ticket_plan.yaml:648-658	none (outside the three project indexes)	unrepresented		Exact-path exclusion; semantic code was not read
609	specs/.history/modular-fuzzing-epic/ticket-002-MF-021/ticket/current/tests/test_tla_spec_dev_run_adapter.py	out-of-scope	ticket_plan.yaml:648-658	none (outside the three project indexes)	unrepresented		Exact-path exclusion; semantic code was not read
610	specs/.history/modular-fuzzing-epic/ticket-002-MF-021/ticket/current/tests/test_tla_spec_dev_scaffold_adapter.py	out-of-scope	ticket_plan.yaml:648-658	none (outside the three project indexes)	unrepresented		Exact-path exclusion; semantic code was not read
611	specs/.history/modular-fuzzing-epic/ticket-002-MF-021/ticket/current/tests/test_tla_spec_dev_test_graph_adapter.py	out-of-scope	ticket_plan.yaml:648-658	none (outside the three project indexes)	unrepresented		Exact-path exclusion; semantic code was not read
612	specs/.history/modular-fuzzing-epic/ticket-002-MF-021/ticket/current/tests/test_tla_spec_dev_ticket_adapter.py	out-of-scope	ticket_plan.yaml:648-658	none (outside the three project indexes)	unrepresented		Exact-path exclusion; semantic code was not read
613	specs/.history/modular-fuzzing-epic/ticket-002-MF-021/ticket/desired/production_adapters.py	out-of-scope	ticket_plan.yaml:648-658	none (outside the three project indexes)	unrepresented		Exact-path exclusion; semantic code was not read
614	specs/.history/modular-fuzzing-epic/ticket-002-MF-021/ticket/desired/tests/test_tla_spec_dev_budgets_adapter.py	out-of-scope	ticket_plan.yaml:648-658	none (outside the three project indexes)	unrepresented		Exact-path exclusion; semantic code was not read
615	specs/.history/modular-fuzzing-epic/ticket-002-MF-021/ticket/desired/tests/test_tla_spec_dev_cli_adapter.py	out-of-scope	ticket_plan.yaml:648-658	none (outside the three project indexes)	unrepresented		Exact-path exclusion; semantic code was not read
616	specs/.history/modular-fuzzing-epic/ticket-002-MF-021/ticket/desired/tests/test_tla_spec_dev_close_promotion_adapter.py	out-of-scope	ticket_plan.yaml:648-658	none (outside the three project indexes)	unrepresented		Exact-path exclusion; semantic code was not read
617	specs/.history/modular-fuzzing-epic/ticket-002-MF-021/ticket/desired/tests/test_tla_spec_dev_run_adapter.py	out-of-scope	ticket_plan.yaml:648-658	none (outside the three project indexes)	unrepresented		Exact-path exclusion; semantic code was not read
618	specs/.history/modular-fuzzing-epic/ticket-002-MF-021/ticket/desired/tests/test_tla_spec_dev_scaffold_adapter.py	out-of-scope	ticket_plan.yaml:648-658	none (outside the three project indexes)	unrepresented		Exact-path exclusion; semantic code was not read
619	specs/.history/modular-fuzzing-epic/ticket-002-MF-021/ticket/desired/tests/test_tla_spec_dev_test_graph_adapter.py	out-of-scope	ticket_plan.yaml:648-658	none (outside the three project indexes)	unrepresented		Exact-path exclusion; semantic code was not read
620	specs/.history/modular-fuzzing-epic/ticket-002-MF-021/ticket/desired/tests/test_tla_spec_dev_ticket_adapter.py	out-of-scope	ticket_plan.yaml:648-658	none (outside the three project indexes)	unrepresented		Exact-path exclusion; semantic code was not read
621	specs/.history/modular-fuzzing-epic/ticket-002-MF-021/ticket/results/prefix_shim.py	out-of-scope	ticket_plan.yaml:648-658	none (outside the three project indexes)	unrepresented		Exact-path exclusion; semantic code was not read
622	specs/.history/modular-fuzzing-epic/ticket-002-MF-021/ticket/results/testgraph-cliWorkflow/tla-spec-dev-bin/tla-spec-dev	out-of-scope	ticket_plan.yaml:648-658	none (outside the three project indexes)	unrepresented		Exact-path exclusion; semantic code was not read
623	specs/.history/modular-fuzzing-epic/ticket-002-MF-021/ticket/results/testgraph-specWorkflow/cleanup-failure-probe-test-graph/build-logic/build.gradle.kts	out-of-scope	ticket_plan.yaml:648-658	none (outside the three project indexes)	unrepresented		Exact-path exclusion; semantic code was not read
624	specs/.history/modular-fuzzing-epic/ticket-002-MF-021/ticket/results/testgraph-specWorkflow/cleanup-failure-probe-test-graph/build-logic/settings.gradle.kts	out-of-scope	ticket_plan.yaml:648-658	none (outside the three project indexes)	unrepresented		Exact-path exclusion; semantic code was not read
625	specs/.history/modular-fuzzing-epic/ticket-002-MF-021/ticket/results/testgraph-specWorkflow/cleanup-failure-probe-test-graph/build-logic/src/main/kotlin/com/hayden/testgraphsdk/GraphAssembler.kt	out-of-scope	ticket_plan.yaml:648-658	none (outside the three project indexes)	unrepresented		Exact-path exclusion; semantic code was not read
626	specs/.history/modular-fuzzing-epic/ticket-002-MF-021/ticket/results/testgraph-specWorkflow/cleanup-failure-probe-test-graph/build-logic/src/main/kotlin/com/hayden/testgraphsdk/GraphModel.kt	out-of-scope	ticket_plan.yaml:648-658	none (outside the three project indexes)	unrepresented		Exact-path exclusion; semantic code was not read
627	specs/.history/modular-fuzzing-epic/ticket-002-MF-021/ticket/results/testgraph-specWorkflow/cleanup-failure-probe-test-graph/build-logic/src/main/kotlin/com/hayden/testgraphsdk/MiniJson.kt	out-of-scope	ticket_plan.yaml:648-658	none (outside the three project indexes)	unrepresented		Exact-path exclusion; semantic code was not read
628	specs/.history/modular-fuzzing-epic/ticket-002-MF-021/ticket/results/testgraph-specWorkflow/cleanup-failure-probe-test-graph/build-logic/src/main/kotlin/com/hayden/testgraphsdk/NodeDescribeLoader.kt	out-of-scope	ticket_plan.yaml:648-658	none (outside the three project indexes)	unrepresented		Exact-path exclusion; semantic code was not read
629	specs/.history/modular-fuzzing-epic/ticket-002-MF-021/ticket/results/testgraph-specWorkflow/cleanup-failure-probe-test-graph/build-logic/src/main/kotlin/com/hayden/testgraphsdk/TestGraphSpec.kt	out-of-scope	ticket_plan.yaml:648-658	none (outside the three project indexes)	unrepresented		Exact-path exclusion; semantic code was not read
630	specs/.history/modular-fuzzing-epic/ticket-002-MF-021/ticket/results/testgraph-specWorkflow/cleanup-failure-probe-test-graph/build-logic/src/main/kotlin/com/hayden/testgraphsdk/Toolchain.kt	out-of-scope	ticket_plan.yaml:648-658	none (outside the three project indexes)	unrepresented		Exact-path exclusion; semantic code was not read
631	specs/.history/modular-fuzzing-epic/ticket-002-MF-021/ticket/results/testgraph-specWorkflow/cleanup-failure-probe-test-graph/build-logic/src/main/kotlin/com/hayden/testgraphsdk/ValidationGraphExtension.kt	out-of-scope	ticket_plan.yaml:648-658	none (outside the three project indexes)	unrepresented		Exact-path exclusion; semantic code was not read
632	specs/.history/modular-fuzzing-epic/ticket-002-MF-021/ticket/results/testgraph-specWorkflow/cleanup-failure-probe-test-graph/build-logic/src/main/kotlin/com/hayden/testgraphsdk/ValidationGraphPlugin.kt	out-of-scope	ticket_plan.yaml:648-658	none (outside the three project indexes)	unrepresented		Exact-path exclusion; semantic code was not read
633	specs/.history/modular-fuzzing-epic/ticket-002-MF-021/ticket/results/testgraph-specWorkflow/cleanup-failure-probe-test-graph/build-logic/src/main/kotlin/com/hayden/testgraphsdk/ValidationNodeSpec.kt	out-of-scope	ticket_plan.yaml:648-658	none (outside the three project indexes)	unrepresented		Exact-path exclusion; semantic code was not read
634	specs/.history/modular-fuzzing-epic/ticket-002-MF-021/ticket/results/testgraph-specWorkflow/cleanup-failure-probe-test-graph/build-logic/src/main/kotlin/com/hayden/testgraphsdk/ValidationRuntime.kt	out-of-scope	ticket_plan.yaml:648-658	none (outside the three project indexes)	unrepresented		Exact-path exclusion; semantic code was not read
635	specs/.history/modular-fuzzing-epic/ticket-002-MF-021/ticket/results/testgraph-specWorkflow/cleanup-failure-probe-test-graph/build-logic/src/main/kotlin/com/hayden/testgraphsdk/exec/Context.kt	out-of-scope	ticket_plan.yaml:648-658	none (outside the three project indexes)	unrepresented		Exact-path exclusion; semantic code was not read
636	specs/.history/modular-fuzzing-epic/ticket-002-MF-021/ticket/results/testgraph-specWorkflow/cleanup-failure-probe-test-graph/build-logic/src/main/kotlin/com/hayden/testgraphsdk/exec/Executors.kt	out-of-scope	ticket_plan.yaml:648-658	none (outside the three project indexes)	unrepresented		Exact-path exclusion; semantic code was not read
637	specs/.history/modular-fuzzing-epic/ticket-002-MF-021/ticket/results/testgraph-specWorkflow/cleanup-failure-probe-test-graph/build-logic/src/main/kotlin/com/hayden/testgraphsdk/exec/JBangExecutor.kt	out-of-scope	ticket_plan.yaml:648-658	none (outside the three project indexes)	unrepresented		Exact-path exclusion; semantic code was not read
638	specs/.history/modular-fuzzing-epic/ticket-002-MF-021/ticket/results/testgraph-specWorkflow/cleanup-failure-probe-test-graph/build-logic/src/main/kotlin/com/hayden/testgraphsdk/exec/PlanExecutor.kt	out-of-scope	ticket_plan.yaml:648-658	none (outside the three project indexes)	unrepresented		Exact-path exclusion; semantic code was not read
639	specs/.history/modular-fuzzing-epic/ticket-002-MF-021/ticket/results/testgraph-specWorkflow/cleanup-failure-probe-test-graph/build-logic/src/main/kotlin/com/hayden/testgraphsdk/exec/TimeoutParser.kt	out-of-scope	ticket_plan.yaml:648-658	none (outside the three project indexes)	unrepresented		Exact-path exclusion; semantic code was not read
640	specs/.history/modular-fuzzing-epic/ticket-002-MF-021/ticket/results/testgraph-specWorkflow/cleanup-failure-probe-test-graph/build-logic/src/main/kotlin/com/hayden/testgraphsdk/exec/UvExecutor.kt	out-of-scope	ticket_plan.yaml:648-658	none (outside the three project indexes)	unrepresented		Exact-path exclusion; semantic code was not read
641	specs/.history/modular-fuzzing-epic/ticket-002-MF-021/ticket/results/testgraph-specWorkflow/cleanup-failure-probe-test-graph/build-logic/src/main/kotlin/com/hayden/testgraphsdk/tasks/InspectionTasks.kt	out-of-scope	ticket_plan.yaml:648-658	none (outside the three project indexes)	unrepresented		Exact-path exclusion; semantic code was not read
642	specs/.history/modular-fuzzing-epic/ticket-002-MF-021/ticket/results/testgraph-specWorkflow/cleanup-failure-probe-test-graph/build-logic/src/main/kotlin/com/hayden/testgraphsdk/tasks/RunReportWriter.kt	out-of-scope	ticket_plan.yaml:648-658	none (outside the three project indexes)	unrepresented		Exact-path exclusion; semantic code was not read
643	specs/.history/modular-fuzzing-epic/ticket-002-MF-021/ticket/results/testgraph-specWorkflow/cleanup-failure-probe-test-graph/build-logic/src/main/kotlin/com/hayden/testgraphsdk/tasks/RunTestGraphTask.kt	out-of-scope	ticket_plan.yaml:648-658	none (outside the three project indexes)	unrepresented		Exact-path exclusion; semantic code was not read
644	specs/.history/modular-fuzzing-epic/ticket-002-MF-021/ticket/results/testgraph-specWorkflow/cleanup-failure-probe-test-graph/build-logic/src/main/kotlin/com/hayden/testgraphsdk/tasks/ValidationReportTask.kt	out-of-scope	ticket_plan.yaml:648-658	none (outside the three project indexes)	unrepresented		Exact-path exclusion; semantic code was not read
645	specs/.history/modular-fuzzing-epic/ticket-002-MF-021/ticket/results/testgraph-specWorkflow/cleanup-failure-probe-test-graph/build-logic/src/test/kotlin/com/hayden/testgraphsdk/exec/PlanExecutorResumeHarnessTest.kt	out-of-scope	ticket_plan.yaml:648-658	none (outside the three project indexes)	unrepresented		Exact-path exclusion; semantic code was not read
646	specs/.history/modular-fuzzing-epic/ticket-002-MF-021/ticket/results/testgraph-specWorkflow/cleanup-failure-probe-test-graph/build.gradle.kts	out-of-scope	ticket_plan.yaml:648-658	none (outside the three project indexes)	unrepresented		Exact-path exclusion; semantic code was not read
647	specs/.history/modular-fuzzing-epic/ticket-002-MF-021/ticket/results/testgraph-specWorkflow/cleanup-failure-probe-test-graph/gradlew	out-of-scope	ticket_plan.yaml:648-658	none (outside the three project indexes)	unrepresented		Exact-path exclusion; semantic code was not read
648	specs/.history/modular-fuzzing-epic/ticket-002-MF-021/ticket/results/testgraph-specWorkflow/cleanup-failure-probe-test-graph/sdk/java/build.gradle.kts	out-of-scope	ticket_plan.yaml:648-658	none (outside the three project indexes)	unrepresented		Exact-path exclusion; semantic code was not read
649	specs/.history/modular-fuzzing-epic/ticket-002-MF-021/ticket/results/testgraph-specWorkflow/cleanup-failure-probe-test-graph/sdk/java/src/main/java/com/hayden/testgraphsdk/sdk/ContextItem.java	out-of-scope	ticket_plan.yaml:648-658	none (outside the three project indexes)	unrepresented		Exact-path exclusion; semantic code was not read
650	specs/.history/modular-fuzzing-epic/ticket-002-MF-021/ticket/results/testgraph-specWorkflow/cleanup-failure-probe-test-graph/sdk/java/src/main/java/com/hayden/testgraphsdk/sdk/ContextSerde.java	out-of-scope	ticket_plan.yaml:648-658	none (outside the three project indexes)	unrepresented		Exact-path exclusion; semantic code was not read
651	specs/.history/modular-fuzzing-epic/ticket-002-MF-021/ticket/results/testgraph-specWorkflow/cleanup-failure-probe-test-graph/sdk/java/src/main/java/com/hayden/testgraphsdk/sdk/Json.java	out-of-scope	ticket_plan.yaml:648-658	none (outside the three project indexes)	unrepresented		Exact-path exclusion; semantic code was not read
652	specs/.history/modular-fuzzing-epic/ticket-002-MF-021/ticket/results/testgraph-specWorkflow/cleanup-failure-probe-test-graph/sdk/java/src/main/java/com/hayden/testgraphsdk/sdk/JsonMapper.java	out-of-scope	ticket_plan.yaml:648-658	none (outside the three project indexes)	unrepresented		Exact-path exclusion; semantic code was not read
653	specs/.history/modular-fuzzing-epic/ticket-002-MF-021/ticket/results/testgraph-specWorkflow/cleanup-failure-probe-test-graph/sdk/java/src/main/java/com/hayden/testgraphsdk/sdk/Node.java	out-of-scope	ticket_plan.yaml:648-658	none (outside the three project indexes)	unrepresented		Exact-path exclusion; semantic code was not read
654	specs/.history/modular-fuzzing-epic/ticket-002-MF-021/ticket/results/testgraph-specWorkflow/cleanup-failure-probe-test-graph/sdk/java/src/main/java/com/hayden/testgraphsdk/sdk/NodeBody.java	out-of-scope	ticket_plan.yaml:648-658	none (outside the three project indexes)	unrepresented		Exact-path exclusion; semantic code was not read
655	specs/.history/modular-fuzzing-epic/ticket-002-MF-021/ticket/results/testgraph-specWorkflow/cleanup-failure-probe-test-graph/sdk/java/src/main/java/com/hayden/testgraphsdk/sdk/NodeContext.java	out-of-scope	ticket_plan.yaml:648-658	none (outside the three project indexes)	unrepresented		Exact-path exclusion; semantic code was not read
656	specs/.history/modular-fuzzing-epic/ticket-002-MF-021/ticket/results/testgraph-specWorkflow/cleanup-failure-probe-test-graph/sdk/java/src/main/java/com/hayden/testgraphsdk/sdk/NodeResult.java	out-of-scope	ticket_plan.yaml:648-658	none (outside the three project indexes)	unrepresented		Exact-path exclusion; semantic code was not read
657	specs/.history/modular-fuzzing-epic/ticket-002-MF-021/ticket/results/testgraph-specWorkflow/cleanup-failure-probe-test-graph/sdk/java/src/main/java/com/hayden/testgraphsdk/sdk/NodeSpec.java	out-of-scope	ticket_plan.yaml:648-658	none (outside the three project indexes)	unrepresented		Exact-path exclusion; semantic code was not read
658	specs/.history/modular-fuzzing-epic/ticket-002-MF-021/ticket/results/testgraph-specWorkflow/cleanup-failure-probe-test-graph/sdk/java/src/main/java/com/hayden/testgraphsdk/sdk/NodeStatus.java	out-of-scope	ticket_plan.yaml:648-658	none (outside the three project indexes)	unrepresented		Exact-path exclusion; semantic code was not read
659	specs/.history/modular-fuzzing-epic/ticket-002-MF-021/ticket/results/testgraph-specWorkflow/cleanup-failure-probe-test-graph/sdk/java/src/main/java/com/hayden/testgraphsdk/sdk/ProcessRecord.java	out-of-scope	ticket_plan.yaml:648-658	none (outside the three project indexes)	unrepresented		Exact-path exclusion; semantic code was not read
660	specs/.history/modular-fuzzing-epic/ticket-002-MF-021/ticket/results/testgraph-specWorkflow/cleanup-failure-probe-test-graph/sdk/java/src/main/java/com/hayden/testgraphsdk/sdk/Procs.java	out-of-scope	ticket_plan.yaml:648-658	none (outside the three project indexes)	unrepresented		Exact-path exclusion; semantic code was not read
661	specs/.history/modular-fuzzing-epic/ticket-002-MF-021/ticket/results/testgraph-specWorkflow/cleanup-failure-probe-test-graph/sdk/python/src/testgraphsdk/__init__.py	out-of-scope	ticket_plan.yaml:648-658	none (outside the three project indexes)	unrepresented		Exact-path exclusion; semantic code was not read
662	specs/.history/modular-fuzzing-epic/ticket-002-MF-021/ticket/results/testgraph-specWorkflow/cleanup-failure-probe-test-graph/sdk/python/src/testgraphsdk/context.py	out-of-scope	ticket_plan.yaml:648-658	none (outside the three project indexes)	unrepresented		Exact-path exclusion; semantic code was not read
663	specs/.history/modular-fuzzing-epic/ticket-002-MF-021/ticket/results/testgraph-specWorkflow/cleanup-failure-probe-test-graph/sdk/python/src/testgraphsdk/context_item.py	out-of-scope	ticket_plan.yaml:648-658	none (outside the three project indexes)	unrepresented		Exact-path exclusion; semantic code was not read
664	specs/.history/modular-fuzzing-epic/ticket-002-MF-021/ticket/results/testgraph-specWorkflow/cleanup-failure-probe-test-graph/sdk/python/src/testgraphsdk/node_spec.py	out-of-scope	ticket_plan.yaml:648-658	none (outside the three project indexes)	unrepresented		Exact-path exclusion; semantic code was not read
665	specs/.history/modular-fuzzing-epic/ticket-002-MF-021/ticket/results/testgraph-specWorkflow/cleanup-failure-probe-test-graph/sdk/python/src/testgraphsdk/procs.py	out-of-scope	ticket_plan.yaml:648-658	none (outside the three project indexes)	unrepresented		Exact-path exclusion; semantic code was not read
666	specs/.history/modular-fuzzing-epic/ticket-002-MF-021/ticket/results/testgraph-specWorkflow/cleanup-failure-probe-test-graph/sdk/python/src/testgraphsdk/result.py	out-of-scope	ticket_plan.yaml:648-658	none (outside the three project indexes)	unrepresented		Exact-path exclusion; semantic code was not read
667	specs/.history/modular-fuzzing-epic/ticket-002-MF-021/ticket/results/testgraph-specWorkflow/cleanup-failure-probe-test-graph/sdk/python/src/testgraphsdk/runner.py	out-of-scope	ticket_plan.yaml:648-658	none (outside the three project indexes)	unrepresented		Exact-path exclusion; semantic code was not read
668	specs/.history/modular-fuzzing-epic/ticket-002-MF-021/ticket/results/testgraph-specWorkflow/cleanup-failure-probe-test-graph/settings.gradle.kts	out-of-scope	ticket_plan.yaml:648-658	none (outside the three project indexes)	unrepresented		Exact-path exclusion; semantic code was not read
669	specs/.history/modular-fuzzing-epic/ticket-002-MF-021/ticket/results/testgraph-specWorkflow/cleanup-failure-probe-test-graph/sources/spec_workflow_cleanup.py	out-of-scope	ticket_plan.yaml:648-658	none (outside the three project indexes)	unrepresented		Exact-path exclusion; semantic code was not read
670	specs/.history/modular-fuzzing-epic/ticket-002-MF-021/ticket/results/testgraph-specWorkflow/cleanup-failure-probe-test-graph/sources/spec_workflow_close_ticket.py	out-of-scope	ticket_plan.yaml:648-658	none (outside the three project indexes)	unrepresented		Exact-path exclusion; semantic code was not read
671	specs/.history/modular-fuzzing-epic/ticket-002-MF-021/ticket/results/testgraph-specWorkflow/cleanup-failure-probe-test-graph/sources/spec_workflow_complete_ticket.py	out-of-scope	ticket_plan.yaml:648-658	none (outside the three project indexes)	unrepresented		Exact-path exclusion; semantic code was not read
672	specs/.history/modular-fuzzing-epic/ticket-002-MF-021/ticket/results/testgraph-specWorkflow/cleanup-failure-probe-test-graph/sources/spec_workflow_create_repo.py	out-of-scope	ticket_plan.yaml:648-658	none (outside the three project indexes)	unrepresented		Exact-path exclusion; semantic code was not read
673	specs/.history/modular-fuzzing-epic/ticket-002-MF-021/ticket/results/testgraph-specWorkflow/cleanup-failure-probe-test-graph/sources/spec_workflow_failure_cleanup_probe.py	out-of-scope	ticket_plan.yaml:648-658	none (outside the three project indexes)	unrepresented		Exact-path exclusion; semantic code was not read
674	specs/.history/modular-fuzzing-epic/ticket-002-MF-021/ticket/results/testgraph-specWorkflow/cleanup-failure-probe-test-graph/sources/spec_workflow_force_failure.py	out-of-scope	ticket_plan.yaml:648-658	none (outside the three project indexes)	unrepresented		Exact-path exclusion; semantic code was not read
675	specs/.history/modular-fuzzing-epic/ticket-002-MF-021/ticket/results/testgraph-specWorkflow/cleanup-failure-probe-test-graph/sources/spec_workflow_spec_units.py	out-of-scope	ticket_plan.yaml:648-658	none (outside the three project indexes)	unrepresented		Exact-path exclusion; semantic code was not read
676	specs/.history/modular-fuzzing-epic/ticket-002-MF-021/ticket/results/testgraph-specWorkflow/cleanup-failure-probe-test-graph/sources/spec_workflow_start_ticket.py	out-of-scope	ticket_plan.yaml:648-658	none (outside the three project indexes)	unrepresented		Exact-path exclusion; semantic code was not read
677	specs/.history/modular-fuzzing-epic/ticket-002-MF-021/ticket/results/testgraph-specWorkflow/cleanup-failure-probe-test-graph/sources/tla_spec_dev_cli_help.py	out-of-scope	ticket_plan.yaml:648-658	none (outside the three project indexes)	unrepresented		Exact-path exclusion; semantic code was not read
678	specs/.history/modular-fuzzing-epic/ticket-002-MF-021/ticket/results/testgraph-specWorkflow/cleanup-failure-probe-test-graph/sources/tla_spec_dev_cli_install.py	out-of-scope	ticket_plan.yaml:648-658	none (outside the three project indexes)	unrepresented		Exact-path exclusion; semantic code was not read
679	specs/.history/modular-fuzzing-epic/ticket-002-MF-021/ticket/results/testgraph-specWorkflow/tla-spec-dev-bin/tla-spec-dev	out-of-scope	ticket_plan.yaml:648-658	none (outside the three project indexes)	unrepresented		Exact-path exclusion; semantic code was not read
680	specs/.history/modular-fuzzing-epic/ticket-002-MF-021/ticket/tests/test_ticket_workflow.py	out-of-scope	ticket_plan.yaml:648-658	none (outside the three project indexes)	unrepresented		Exact-path exclusion; semantic code was not read
681	specs/.history/modular-fuzzing-epic/ticket-003-MF-011/results/testgraph-cliWorkflow/tla-spec-dev-bin/tla-spec-dev	out-of-scope	ticket_plan.yaml:648-658	none (outside the three project indexes)	unrepresented		Exact-path exclusion; semantic code was not read
682	specs/.history/modular-fuzzing-epic/ticket-003-MF-011/results/testgraph-specWorkflow/cleanup-failure-probe-test-graph/build-logic/build.gradle.kts	out-of-scope	ticket_plan.yaml:648-658	none (outside the three project indexes)	unrepresented		Exact-path exclusion; semantic code was not read
683	specs/.history/modular-fuzzing-epic/ticket-003-MF-011/results/testgraph-specWorkflow/cleanup-failure-probe-test-graph/build-logic/settings.gradle.kts	out-of-scope	ticket_plan.yaml:648-658	none (outside the three project indexes)	unrepresented		Exact-path exclusion; semantic code was not read
684	specs/.history/modular-fuzzing-epic/ticket-003-MF-011/results/testgraph-specWorkflow/cleanup-failure-probe-test-graph/build-logic/src/main/kotlin/com/hayden/testgraphsdk/GraphAssembler.kt	out-of-scope	ticket_plan.yaml:648-658	none (outside the three project indexes)	unrepresented		Exact-path exclusion; semantic code was not read
685	specs/.history/modular-fuzzing-epic/ticket-003-MF-011/results/testgraph-specWorkflow/cleanup-failure-probe-test-graph/build-logic/src/main/kotlin/com/hayden/testgraphsdk/GraphModel.kt	out-of-scope	ticket_plan.yaml:648-658	none (outside the three project indexes)	unrepresented		Exact-path exclusion; semantic code was not read
686	specs/.history/modular-fuzzing-epic/ticket-003-MF-011/results/testgraph-specWorkflow/cleanup-failure-probe-test-graph/build-logic/src/main/kotlin/com/hayden/testgraphsdk/MiniJson.kt	out-of-scope	ticket_plan.yaml:648-658	none (outside the three project indexes)	unrepresented		Exact-path exclusion; semantic code was not read
687	specs/.history/modular-fuzzing-epic/ticket-003-MF-011/results/testgraph-specWorkflow/cleanup-failure-probe-test-graph/build-logic/src/main/kotlin/com/hayden/testgraphsdk/NodeDescribeLoader.kt	out-of-scope	ticket_plan.yaml:648-658	none (outside the three project indexes)	unrepresented		Exact-path exclusion; semantic code was not read
688	specs/.history/modular-fuzzing-epic/ticket-003-MF-011/results/testgraph-specWorkflow/cleanup-failure-probe-test-graph/build-logic/src/main/kotlin/com/hayden/testgraphsdk/TestGraphSpec.kt	out-of-scope	ticket_plan.yaml:648-658	none (outside the three project indexes)	unrepresented		Exact-path exclusion; semantic code was not read
689	specs/.history/modular-fuzzing-epic/ticket-003-MF-011/results/testgraph-specWorkflow/cleanup-failure-probe-test-graph/build-logic/src/main/kotlin/com/hayden/testgraphsdk/Toolchain.kt	out-of-scope	ticket_plan.yaml:648-658	none (outside the three project indexes)	unrepresented		Exact-path exclusion; semantic code was not read
690	specs/.history/modular-fuzzing-epic/ticket-003-MF-011/results/testgraph-specWorkflow/cleanup-failure-probe-test-graph/build-logic/src/main/kotlin/com/hayden/testgraphsdk/ValidationGraphExtension.kt	out-of-scope	ticket_plan.yaml:648-658	none (outside the three project indexes)	unrepresented		Exact-path exclusion; semantic code was not read
691	specs/.history/modular-fuzzing-epic/ticket-003-MF-011/results/testgraph-specWorkflow/cleanup-failure-probe-test-graph/build-logic/src/main/kotlin/com/hayden/testgraphsdk/ValidationGraphPlugin.kt	out-of-scope	ticket_plan.yaml:648-658	none (outside the three project indexes)	unrepresented		Exact-path exclusion; semantic code was not read
692	specs/.history/modular-fuzzing-epic/ticket-003-MF-011/results/testgraph-specWorkflow/cleanup-failure-probe-test-graph/build-logic/src/main/kotlin/com/hayden/testgraphsdk/ValidationNodeSpec.kt	out-of-scope	ticket_plan.yaml:648-658	none (outside the three project indexes)	unrepresented		Exact-path exclusion; semantic code was not read
693	specs/.history/modular-fuzzing-epic/ticket-003-MF-011/results/testgraph-specWorkflow/cleanup-failure-probe-test-graph/build-logic/src/main/kotlin/com/hayden/testgraphsdk/ValidationRuntime.kt	out-of-scope	ticket_plan.yaml:648-658	none (outside the three project indexes)	unrepresented		Exact-path exclusion; semantic code was not read
694	specs/.history/modular-fuzzing-epic/ticket-003-MF-011/results/testgraph-specWorkflow/cleanup-failure-probe-test-graph/build-logic/src/main/kotlin/com/hayden/testgraphsdk/exec/Context.kt	out-of-scope	ticket_plan.yaml:648-658	none (outside the three project indexes)	unrepresented		Exact-path exclusion; semantic code was not read
695	specs/.history/modular-fuzzing-epic/ticket-003-MF-011/results/testgraph-specWorkflow/cleanup-failure-probe-test-graph/build-logic/src/main/kotlin/com/hayden/testgraphsdk/exec/Executors.kt	out-of-scope	ticket_plan.yaml:648-658	none (outside the three project indexes)	unrepresented		Exact-path exclusion; semantic code was not read
696	specs/.history/modular-fuzzing-epic/ticket-003-MF-011/results/testgraph-specWorkflow/cleanup-failure-probe-test-graph/build-logic/src/main/kotlin/com/hayden/testgraphsdk/exec/JBangExecutor.kt	out-of-scope	ticket_plan.yaml:648-658	none (outside the three project indexes)	unrepresented		Exact-path exclusion; semantic code was not read
697	specs/.history/modular-fuzzing-epic/ticket-003-MF-011/results/testgraph-specWorkflow/cleanup-failure-probe-test-graph/build-logic/src/main/kotlin/com/hayden/testgraphsdk/exec/PlanExecutor.kt	out-of-scope	ticket_plan.yaml:648-658	none (outside the three project indexes)	unrepresented		Exact-path exclusion; semantic code was not read
698	specs/.history/modular-fuzzing-epic/ticket-003-MF-011/results/testgraph-specWorkflow/cleanup-failure-probe-test-graph/build-logic/src/main/kotlin/com/hayden/testgraphsdk/exec/TimeoutParser.kt	out-of-scope	ticket_plan.yaml:648-658	none (outside the three project indexes)	unrepresented		Exact-path exclusion; semantic code was not read
699	specs/.history/modular-fuzzing-epic/ticket-003-MF-011/results/testgraph-specWorkflow/cleanup-failure-probe-test-graph/build-logic/src/main/kotlin/com/hayden/testgraphsdk/exec/UvExecutor.kt	out-of-scope	ticket_plan.yaml:648-658	none (outside the three project indexes)	unrepresented		Exact-path exclusion; semantic code was not read
700	specs/.history/modular-fuzzing-epic/ticket-003-MF-011/results/testgraph-specWorkflow/cleanup-failure-probe-test-graph/build-logic/src/main/kotlin/com/hayden/testgraphsdk/tasks/InspectionTasks.kt	out-of-scope	ticket_plan.yaml:648-658	none (outside the three project indexes)	unrepresented		Exact-path exclusion; semantic code was not read
701	specs/.history/modular-fuzzing-epic/ticket-003-MF-011/results/testgraph-specWorkflow/cleanup-failure-probe-test-graph/build-logic/src/main/kotlin/com/hayden/testgraphsdk/tasks/RunReportWriter.kt	out-of-scope	ticket_plan.yaml:648-658	none (outside the three project indexes)	unrepresented		Exact-path exclusion; semantic code was not read
702	specs/.history/modular-fuzzing-epic/ticket-003-MF-011/results/testgraph-specWorkflow/cleanup-failure-probe-test-graph/build-logic/src/main/kotlin/com/hayden/testgraphsdk/tasks/RunTestGraphTask.kt	out-of-scope	ticket_plan.yaml:648-658	none (outside the three project indexes)	unrepresented		Exact-path exclusion; semantic code was not read
703	specs/.history/modular-fuzzing-epic/ticket-003-MF-011/results/testgraph-specWorkflow/cleanup-failure-probe-test-graph/build-logic/src/main/kotlin/com/hayden/testgraphsdk/tasks/ValidationReportTask.kt	out-of-scope	ticket_plan.yaml:648-658	none (outside the three project indexes)	unrepresented		Exact-path exclusion; semantic code was not read
704	specs/.history/modular-fuzzing-epic/ticket-003-MF-011/results/testgraph-specWorkflow/cleanup-failure-probe-test-graph/build-logic/src/test/kotlin/com/hayden/testgraphsdk/exec/PlanExecutorResumeHarnessTest.kt	out-of-scope	ticket_plan.yaml:648-658	none (outside the three project indexes)	unrepresented		Exact-path exclusion; semantic code was not read
705	specs/.history/modular-fuzzing-epic/ticket-003-MF-011/results/testgraph-specWorkflow/cleanup-failure-probe-test-graph/build.gradle.kts	out-of-scope	ticket_plan.yaml:648-658	none (outside the three project indexes)	unrepresented		Exact-path exclusion; semantic code was not read
706	specs/.history/modular-fuzzing-epic/ticket-003-MF-011/results/testgraph-specWorkflow/cleanup-failure-probe-test-graph/gradlew	out-of-scope	ticket_plan.yaml:648-658	none (outside the three project indexes)	unrepresented		Exact-path exclusion; semantic code was not read
707	specs/.history/modular-fuzzing-epic/ticket-003-MF-011/results/testgraph-specWorkflow/cleanup-failure-probe-test-graph/sdk/java/build.gradle.kts	out-of-scope	ticket_plan.yaml:648-658	none (outside the three project indexes)	unrepresented		Exact-path exclusion; semantic code was not read
708	specs/.history/modular-fuzzing-epic/ticket-003-MF-011/results/testgraph-specWorkflow/cleanup-failure-probe-test-graph/sdk/java/src/main/java/com/hayden/testgraphsdk/sdk/ContextItem.java	out-of-scope	ticket_plan.yaml:648-658	none (outside the three project indexes)	unrepresented		Exact-path exclusion; semantic code was not read
709	specs/.history/modular-fuzzing-epic/ticket-003-MF-011/results/testgraph-specWorkflow/cleanup-failure-probe-test-graph/sdk/java/src/main/java/com/hayden/testgraphsdk/sdk/ContextSerde.java	out-of-scope	ticket_plan.yaml:648-658	none (outside the three project indexes)	unrepresented		Exact-path exclusion; semantic code was not read
710	specs/.history/modular-fuzzing-epic/ticket-003-MF-011/results/testgraph-specWorkflow/cleanup-failure-probe-test-graph/sdk/java/src/main/java/com/hayden/testgraphsdk/sdk/Json.java	out-of-scope	ticket_plan.yaml:648-658	none (outside the three project indexes)	unrepresented		Exact-path exclusion; semantic code was not read
711	specs/.history/modular-fuzzing-epic/ticket-003-MF-011/results/testgraph-specWorkflow/cleanup-failure-probe-test-graph/sdk/java/src/main/java/com/hayden/testgraphsdk/sdk/JsonMapper.java	out-of-scope	ticket_plan.yaml:648-658	none (outside the three project indexes)	unrepresented		Exact-path exclusion; semantic code was not read
712	specs/.history/modular-fuzzing-epic/ticket-003-MF-011/results/testgraph-specWorkflow/cleanup-failure-probe-test-graph/sdk/java/src/main/java/com/hayden/testgraphsdk/sdk/Node.java	out-of-scope	ticket_plan.yaml:648-658	none (outside the three project indexes)	unrepresented		Exact-path exclusion; semantic code was not read
713	specs/.history/modular-fuzzing-epic/ticket-003-MF-011/results/testgraph-specWorkflow/cleanup-failure-probe-test-graph/sdk/java/src/main/java/com/hayden/testgraphsdk/sdk/NodeBody.java	out-of-scope	ticket_plan.yaml:648-658	none (outside the three project indexes)	unrepresented		Exact-path exclusion; semantic code was not read
714	specs/.history/modular-fuzzing-epic/ticket-003-MF-011/results/testgraph-specWorkflow/cleanup-failure-probe-test-graph/sdk/java/src/main/java/com/hayden/testgraphsdk/sdk/NodeContext.java	out-of-scope	ticket_plan.yaml:648-658	none (outside the three project indexes)	unrepresented		Exact-path exclusion; semantic code was not read
715	specs/.history/modular-fuzzing-epic/ticket-003-MF-011/results/testgraph-specWorkflow/cleanup-failure-probe-test-graph/sdk/java/src/main/java/com/hayden/testgraphsdk/sdk/NodeResult.java	out-of-scope	ticket_plan.yaml:648-658	none (outside the three project indexes)	unrepresented		Exact-path exclusion; semantic code was not read
716	specs/.history/modular-fuzzing-epic/ticket-003-MF-011/results/testgraph-specWorkflow/cleanup-failure-probe-test-graph/sdk/java/src/main/java/com/hayden/testgraphsdk/sdk/NodeSpec.java	out-of-scope	ticket_plan.yaml:648-658	none (outside the three project indexes)	unrepresented		Exact-path exclusion; semantic code was not read
717	specs/.history/modular-fuzzing-epic/ticket-003-MF-011/results/testgraph-specWorkflow/cleanup-failure-probe-test-graph/sdk/java/src/main/java/com/hayden/testgraphsdk/sdk/NodeStatus.java	out-of-scope	ticket_plan.yaml:648-658	none (outside the three project indexes)	unrepresented		Exact-path exclusion; semantic code was not read
718	specs/.history/modular-fuzzing-epic/ticket-003-MF-011/results/testgraph-specWorkflow/cleanup-failure-probe-test-graph/sdk/java/src/main/java/com/hayden/testgraphsdk/sdk/ProcessRecord.java	out-of-scope	ticket_plan.yaml:648-658	none (outside the three project indexes)	unrepresented		Exact-path exclusion; semantic code was not read
719	specs/.history/modular-fuzzing-epic/ticket-003-MF-011/results/testgraph-specWorkflow/cleanup-failure-probe-test-graph/sdk/java/src/main/java/com/hayden/testgraphsdk/sdk/Procs.java	out-of-scope	ticket_plan.yaml:648-658	none (outside the three project indexes)	unrepresented		Exact-path exclusion; semantic code was not read
720	specs/.history/modular-fuzzing-epic/ticket-003-MF-011/results/testgraph-specWorkflow/cleanup-failure-probe-test-graph/sdk/python/src/testgraphsdk/__init__.py	out-of-scope	ticket_plan.yaml:648-658	none (outside the three project indexes)	unrepresented		Exact-path exclusion; semantic code was not read
721	specs/.history/modular-fuzzing-epic/ticket-003-MF-011/results/testgraph-specWorkflow/cleanup-failure-probe-test-graph/sdk/python/src/testgraphsdk/context.py	out-of-scope	ticket_plan.yaml:648-658	none (outside the three project indexes)	unrepresented		Exact-path exclusion; semantic code was not read
722	specs/.history/modular-fuzzing-epic/ticket-003-MF-011/results/testgraph-specWorkflow/cleanup-failure-probe-test-graph/sdk/python/src/testgraphsdk/context_item.py	out-of-scope	ticket_plan.yaml:648-658	none (outside the three project indexes)	unrepresented		Exact-path exclusion; semantic code was not read
723	specs/.history/modular-fuzzing-epic/ticket-003-MF-011/results/testgraph-specWorkflow/cleanup-failure-probe-test-graph/sdk/python/src/testgraphsdk/node_spec.py	out-of-scope	ticket_plan.yaml:648-658	none (outside the three project indexes)	unrepresented		Exact-path exclusion; semantic code was not read
724	specs/.history/modular-fuzzing-epic/ticket-003-MF-011/results/testgraph-specWorkflow/cleanup-failure-probe-test-graph/sdk/python/src/testgraphsdk/procs.py	out-of-scope	ticket_plan.yaml:648-658	none (outside the three project indexes)	unrepresented		Exact-path exclusion; semantic code was not read
725	specs/.history/modular-fuzzing-epic/ticket-003-MF-011/results/testgraph-specWorkflow/cleanup-failure-probe-test-graph/sdk/python/src/testgraphsdk/result.py	out-of-scope	ticket_plan.yaml:648-658	none (outside the three project indexes)	unrepresented		Exact-path exclusion; semantic code was not read
726	specs/.history/modular-fuzzing-epic/ticket-003-MF-011/results/testgraph-specWorkflow/cleanup-failure-probe-test-graph/sdk/python/src/testgraphsdk/runner.py	out-of-scope	ticket_plan.yaml:648-658	none (outside the three project indexes)	unrepresented		Exact-path exclusion; semantic code was not read
727	specs/.history/modular-fuzzing-epic/ticket-003-MF-011/results/testgraph-specWorkflow/cleanup-failure-probe-test-graph/settings.gradle.kts	out-of-scope	ticket_plan.yaml:648-658	none (outside the three project indexes)	unrepresented		Exact-path exclusion; semantic code was not read
728	specs/.history/modular-fuzzing-epic/ticket-003-MF-011/results/testgraph-specWorkflow/cleanup-failure-probe-test-graph/sources/spec_workflow_cleanup.py	out-of-scope	ticket_plan.yaml:648-658	none (outside the three project indexes)	unrepresented		Exact-path exclusion; semantic code was not read
729	specs/.history/modular-fuzzing-epic/ticket-003-MF-011/results/testgraph-specWorkflow/cleanup-failure-probe-test-graph/sources/spec_workflow_close_ticket.py	out-of-scope	ticket_plan.yaml:648-658	none (outside the three project indexes)	unrepresented		Exact-path exclusion; semantic code was not read
730	specs/.history/modular-fuzzing-epic/ticket-003-MF-011/results/testgraph-specWorkflow/cleanup-failure-probe-test-graph/sources/spec_workflow_complete_ticket.py	out-of-scope	ticket_plan.yaml:648-658	none (outside the three project indexes)	unrepresented		Exact-path exclusion; semantic code was not read
731	specs/.history/modular-fuzzing-epic/ticket-003-MF-011/results/testgraph-specWorkflow/cleanup-failure-probe-test-graph/sources/spec_workflow_create_repo.py	out-of-scope	ticket_plan.yaml:648-658	none (outside the three project indexes)	unrepresented		Exact-path exclusion; semantic code was not read
732	specs/.history/modular-fuzzing-epic/ticket-003-MF-011/results/testgraph-specWorkflow/cleanup-failure-probe-test-graph/sources/spec_workflow_failure_cleanup_probe.py	out-of-scope	ticket_plan.yaml:648-658	none (outside the three project indexes)	unrepresented		Exact-path exclusion; semantic code was not read
733	specs/.history/modular-fuzzing-epic/ticket-003-MF-011/results/testgraph-specWorkflow/cleanup-failure-probe-test-graph/sources/spec_workflow_force_failure.py	out-of-scope	ticket_plan.yaml:648-658	none (outside the three project indexes)	unrepresented		Exact-path exclusion; semantic code was not read
734	specs/.history/modular-fuzzing-epic/ticket-003-MF-011/results/testgraph-specWorkflow/cleanup-failure-probe-test-graph/sources/spec_workflow_spec_units.py	out-of-scope	ticket_plan.yaml:648-658	none (outside the three project indexes)	unrepresented		Exact-path exclusion; semantic code was not read
735	specs/.history/modular-fuzzing-epic/ticket-003-MF-011/results/testgraph-specWorkflow/cleanup-failure-probe-test-graph/sources/spec_workflow_start_ticket.py	out-of-scope	ticket_plan.yaml:648-658	none (outside the three project indexes)	unrepresented		Exact-path exclusion; semantic code was not read
736	specs/.history/modular-fuzzing-epic/ticket-003-MF-011/results/testgraph-specWorkflow/cleanup-failure-probe-test-graph/sources/tla_spec_dev_cli_help.py	out-of-scope	ticket_plan.yaml:648-658	none (outside the three project indexes)	unrepresented		Exact-path exclusion; semantic code was not read
737	specs/.history/modular-fuzzing-epic/ticket-003-MF-011/results/testgraph-specWorkflow/cleanup-failure-probe-test-graph/sources/tla_spec_dev_cli_install.py	out-of-scope	ticket_plan.yaml:648-658	none (outside the three project indexes)	unrepresented		Exact-path exclusion; semantic code was not read
738	specs/.history/modular-fuzzing-epic/ticket-003-MF-011/results/testgraph-specWorkflow/tla-spec-dev-bin/tla-spec-dev	out-of-scope	ticket_plan.yaml:648-658	none (outside the three project indexes)	unrepresented		Exact-path exclusion; semantic code was not read
739	specs/.history/modular-fuzzing-epic/ticket-003-MF-011/snapshots/current/production_adapters.py	out-of-scope	ticket_plan.yaml:648-658	none (outside the three project indexes)	unrepresented		Exact-path exclusion; semantic code was not read
740	specs/.history/modular-fuzzing-epic/ticket-003-MF-011/snapshots/current/tests/test_current_ticket_workflow.py	out-of-scope	ticket_plan.yaml:648-658	none (outside the three project indexes)	unrepresented		Exact-path exclusion; semantic code was not read
741	specs/.history/modular-fuzzing-epic/ticket-003-MF-011/snapshots/current/tests/test_tla_spec_dev_analyze_adapter.py	out-of-scope	ticket_plan.yaml:648-658	none (outside the three project indexes)	unrepresented		Exact-path exclusion; semantic code was not read
742	specs/.history/modular-fuzzing-epic/ticket-003-MF-011/snapshots/current/tests/test_tla_spec_dev_budgets_adapter.py	out-of-scope	ticket_plan.yaml:648-658	none (outside the three project indexes)	unrepresented		Exact-path exclusion; semantic code was not read
743	specs/.history/modular-fuzzing-epic/ticket-003-MF-011/snapshots/current/tests/test_tla_spec_dev_cli_adapter.py	out-of-scope	ticket_plan.yaml:648-658	none (outside the three project indexes)	unrepresented		Exact-path exclusion; semantic code was not read
744	specs/.history/modular-fuzzing-epic/ticket-003-MF-011/snapshots/current/tests/test_tla_spec_dev_close_promotion_adapter.py	out-of-scope	ticket_plan.yaml:648-658	none (outside the three project indexes)	unrepresented		Exact-path exclusion; semantic code was not read
745	specs/.history/modular-fuzzing-epic/ticket-003-MF-011/snapshots/current/tests/test_tla_spec_dev_run_adapter.py	out-of-scope	ticket_plan.yaml:648-658	none (outside the three project indexes)	unrepresented		Exact-path exclusion; semantic code was not read
746	specs/.history/modular-fuzzing-epic/ticket-003-MF-011/snapshots/current/tests/test_tla_spec_dev_scaffold_adapter.py	out-of-scope	ticket_plan.yaml:648-658	none (outside the three project indexes)	unrepresented		Exact-path exclusion; semantic code was not read
747	specs/.history/modular-fuzzing-epic/ticket-003-MF-011/snapshots/current/tests/test_tla_spec_dev_test_graph_adapter.py	out-of-scope	ticket_plan.yaml:648-658	none (outside the three project indexes)	unrepresented		Exact-path exclusion; semantic code was not read
748	specs/.history/modular-fuzzing-epic/ticket-003-MF-011/snapshots/current/tests/test_tla_spec_dev_ticket_adapter.py	out-of-scope	ticket_plan.yaml:648-658	none (outside the three project indexes)	unrepresented		Exact-path exclusion; semantic code was not read
749	specs/.history/modular-fuzzing-epic/ticket-003-MF-011/snapshots/desired_program_model/production_adapters.py	out-of-scope	ticket_plan.yaml:648-658	none (outside the three project indexes)	unrepresented		Exact-path exclusion; semantic code was not read
750	specs/.history/modular-fuzzing-epic/ticket-003-MF-011/snapshots/desired_program_model/tests/test_tla_spec_dev_cli_adapter.py	out-of-scope	ticket_plan.yaml:648-658	none (outside the three project indexes)	unrepresented		Exact-path exclusion; semantic code was not read
751	specs/.history/modular-fuzzing-epic/ticket-003-MF-011/snapshots/desired_program_model/tests/test_tla_spec_dev_run_adapter.py	out-of-scope	ticket_plan.yaml:648-658	none (outside the three project indexes)	unrepresented		Exact-path exclusion; semantic code was not read
752	specs/.history/modular-fuzzing-epic/ticket-003-MF-011/snapshots/desired_program_model/tests/test_tla_spec_dev_scaffold_adapter.py	out-of-scope	ticket_plan.yaml:648-658	none (outside the three project indexes)	unrepresented		Exact-path exclusion; semantic code was not read
753	specs/.history/modular-fuzzing-epic/ticket-003-MF-011/snapshots/desired_program_model/tests/test_tla_spec_dev_test_graph_adapter.py	out-of-scope	ticket_plan.yaml:648-658	none (outside the three project indexes)	unrepresented		Exact-path exclusion; semantic code was not read
754	specs/.history/modular-fuzzing-epic/ticket-003-MF-011/snapshots/desired_program_model/tests/test_tla_spec_dev_ticket_adapter.py	out-of-scope	ticket_plan.yaml:648-658	none (outside the three project indexes)	unrepresented		Exact-path exclusion; semantic code was not read
755	specs/.history/modular-fuzzing-epic/ticket-003-MF-011/snapshots/program_model/production_adapters.py	out-of-scope	ticket_plan.yaml:648-658	none (outside the three project indexes)	unrepresented		Exact-path exclusion; semantic code was not read
756	specs/.history/modular-fuzzing-epic/ticket-003-MF-011/snapshots/program_model/tests/test_tla_spec_dev_cli_adapter.py	out-of-scope	ticket_plan.yaml:648-658	none (outside the three project indexes)	unrepresented		Exact-path exclusion; semantic code was not read
757	specs/.history/modular-fuzzing-epic/ticket-003-MF-011/snapshots/program_model/tests/test_tla_spec_dev_run_adapter.py	out-of-scope	ticket_plan.yaml:648-658	none (outside the three project indexes)	unrepresented		Exact-path exclusion; semantic code was not read
758	specs/.history/modular-fuzzing-epic/ticket-003-MF-011/snapshots/program_model/tests/test_tla_spec_dev_scaffold_adapter.py	out-of-scope	ticket_plan.yaml:648-658	none (outside the three project indexes)	unrepresented		Exact-path exclusion; semantic code was not read
759	specs/.history/modular-fuzzing-epic/ticket-003-MF-011/snapshots/program_model/tests/test_tla_spec_dev_test_graph_adapter.py	out-of-scope	ticket_plan.yaml:648-658	none (outside the three project indexes)	unrepresented		Exact-path exclusion; semantic code was not read
760	specs/.history/modular-fuzzing-epic/ticket-003-MF-011/snapshots/program_model/tests/test_tla_spec_dev_ticket_adapter.py	out-of-scope	ticket_plan.yaml:648-658	none (outside the three project indexes)	unrepresented		Exact-path exclusion; semantic code was not read
761	specs/.history/modular-fuzzing-epic/ticket-003-MF-011/ticket/current/production_adapters.py	out-of-scope	ticket_plan.yaml:648-658	none (outside the three project indexes)	unrepresented		Exact-path exclusion; semantic code was not read
762	specs/.history/modular-fuzzing-epic/ticket-003-MF-011/ticket/current/tests/test_tla_spec_dev_analyze_adapter.py	out-of-scope	ticket_plan.yaml:648-658	none (outside the three project indexes)	unrepresented		Exact-path exclusion; semantic code was not read
763	specs/.history/modular-fuzzing-epic/ticket-003-MF-011/ticket/current/tests/test_tla_spec_dev_budgets_adapter.py	out-of-scope	ticket_plan.yaml:648-658	none (outside the three project indexes)	unrepresented		Exact-path exclusion; semantic code was not read
764	specs/.history/modular-fuzzing-epic/ticket-003-MF-011/ticket/current/tests/test_tla_spec_dev_cli_adapter.py	out-of-scope	ticket_plan.yaml:648-658	none (outside the three project indexes)	unrepresented		Exact-path exclusion; semantic code was not read
765	specs/.history/modular-fuzzing-epic/ticket-003-MF-011/ticket/current/tests/test_tla_spec_dev_close_promotion_adapter.py	out-of-scope	ticket_plan.yaml:648-658	none (outside the three project indexes)	unrepresented		Exact-path exclusion; semantic code was not read
766	specs/.history/modular-fuzzing-epic/ticket-003-MF-011/ticket/current/tests/test_tla_spec_dev_run_adapter.py	out-of-scope	ticket_plan.yaml:648-658	none (outside the three project indexes)	unrepresented		Exact-path exclusion; semantic code was not read
767	specs/.history/modular-fuzzing-epic/ticket-003-MF-011/ticket/current/tests/test_tla_spec_dev_scaffold_adapter.py	out-of-scope	ticket_plan.yaml:648-658	none (outside the three project indexes)	unrepresented		Exact-path exclusion; semantic code was not read
768	specs/.history/modular-fuzzing-epic/ticket-003-MF-011/ticket/current/tests/test_tla_spec_dev_test_graph_adapter.py	out-of-scope	ticket_plan.yaml:648-658	none (outside the three project indexes)	unrepresented		Exact-path exclusion; semantic code was not read
769	specs/.history/modular-fuzzing-epic/ticket-003-MF-011/ticket/current/tests/test_tla_spec_dev_ticket_adapter.py	out-of-scope	ticket_plan.yaml:648-658	none (outside the three project indexes)	unrepresented		Exact-path exclusion; semantic code was not read
770	specs/.history/modular-fuzzing-epic/ticket-003-MF-011/ticket/desired/production_adapters.py	out-of-scope	ticket_plan.yaml:648-658	none (outside the three project indexes)	unrepresented		Exact-path exclusion; semantic code was not read
771	specs/.history/modular-fuzzing-epic/ticket-003-MF-011/ticket/desired/tests/test_tla_spec_dev_analyze_adapter.py	out-of-scope	ticket_plan.yaml:648-658	none (outside the three project indexes)	unrepresented		Exact-path exclusion; semantic code was not read
772	specs/.history/modular-fuzzing-epic/ticket-003-MF-011/ticket/desired/tests/test_tla_spec_dev_budgets_adapter.py	out-of-scope	ticket_plan.yaml:648-658	none (outside the three project indexes)	unrepresented		Exact-path exclusion; semantic code was not read
773	specs/.history/modular-fuzzing-epic/ticket-003-MF-011/ticket/desired/tests/test_tla_spec_dev_cli_adapter.py	out-of-scope	ticket_plan.yaml:648-658	none (outside the three project indexes)	unrepresented		Exact-path exclusion; semantic code was not read
774	specs/.history/modular-fuzzing-epic/ticket-003-MF-011/ticket/desired/tests/test_tla_spec_dev_close_promotion_adapter.py	out-of-scope	ticket_plan.yaml:648-658	none (outside the three project indexes)	unrepresented		Exact-path exclusion; semantic code was not read
775	specs/.history/modular-fuzzing-epic/ticket-003-MF-011/ticket/desired/tests/test_tla_spec_dev_run_adapter.py	out-of-scope	ticket_plan.yaml:648-658	none (outside the three project indexes)	unrepresented		Exact-path exclusion; semantic code was not read
776	specs/.history/modular-fuzzing-epic/ticket-003-MF-011/ticket/desired/tests/test_tla_spec_dev_scaffold_adapter.py	out-of-scope	ticket_plan.yaml:648-658	none (outside the three project indexes)	unrepresented		Exact-path exclusion; semantic code was not read
777	specs/.history/modular-fuzzing-epic/ticket-003-MF-011/ticket/desired/tests/test_tla_spec_dev_test_graph_adapter.py	out-of-scope	ticket_plan.yaml:648-658	none (outside the three project indexes)	unrepresented		Exact-path exclusion; semantic code was not read
778	specs/.history/modular-fuzzing-epic/ticket-003-MF-011/ticket/desired/tests/test_tla_spec_dev_ticket_adapter.py	out-of-scope	ticket_plan.yaml:648-658	none (outside the three project indexes)	unrepresented		Exact-path exclusion; semantic code was not read
779	specs/.history/modular-fuzzing-epic/ticket-003-MF-011/ticket/results/testgraph-cliWorkflow/tla-spec-dev-bin/tla-spec-dev	out-of-scope	ticket_plan.yaml:648-658	none (outside the three project indexes)	unrepresented		Exact-path exclusion; semantic code was not read
780	specs/.history/modular-fuzzing-epic/ticket-003-MF-011/ticket/results/testgraph-specWorkflow/cleanup-failure-probe-test-graph/build-logic/build.gradle.kts	out-of-scope	ticket_plan.yaml:648-658	none (outside the three project indexes)	unrepresented		Exact-path exclusion; semantic code was not read
781	specs/.history/modular-fuzzing-epic/ticket-003-MF-011/ticket/results/testgraph-specWorkflow/cleanup-failure-probe-test-graph/build-logic/settings.gradle.kts	out-of-scope	ticket_plan.yaml:648-658	none (outside the three project indexes)	unrepresented		Exact-path exclusion; semantic code was not read
782	specs/.history/modular-fuzzing-epic/ticket-003-MF-011/ticket/results/testgraph-specWorkflow/cleanup-failure-probe-test-graph/build-logic/src/main/kotlin/com/hayden/testgraphsdk/GraphAssembler.kt	out-of-scope	ticket_plan.yaml:648-658	none (outside the three project indexes)	unrepresented		Exact-path exclusion; semantic code was not read
783	specs/.history/modular-fuzzing-epic/ticket-003-MF-011/ticket/results/testgraph-specWorkflow/cleanup-failure-probe-test-graph/build-logic/src/main/kotlin/com/hayden/testgraphsdk/GraphModel.kt	out-of-scope	ticket_plan.yaml:648-658	none (outside the three project indexes)	unrepresented		Exact-path exclusion; semantic code was not read
784	specs/.history/modular-fuzzing-epic/ticket-003-MF-011/ticket/results/testgraph-specWorkflow/cleanup-failure-probe-test-graph/build-logic/src/main/kotlin/com/hayden/testgraphsdk/MiniJson.kt	out-of-scope	ticket_plan.yaml:648-658	none (outside the three project indexes)	unrepresented		Exact-path exclusion; semantic code was not read
785	specs/.history/modular-fuzzing-epic/ticket-003-MF-011/ticket/results/testgraph-specWorkflow/cleanup-failure-probe-test-graph/build-logic/src/main/kotlin/com/hayden/testgraphsdk/NodeDescribeLoader.kt	out-of-scope	ticket_plan.yaml:648-658	none (outside the three project indexes)	unrepresented		Exact-path exclusion; semantic code was not read
786	specs/.history/modular-fuzzing-epic/ticket-003-MF-011/ticket/results/testgraph-specWorkflow/cleanup-failure-probe-test-graph/build-logic/src/main/kotlin/com/hayden/testgraphsdk/TestGraphSpec.kt	out-of-scope	ticket_plan.yaml:648-658	none (outside the three project indexes)	unrepresented		Exact-path exclusion; semantic code was not read
787	specs/.history/modular-fuzzing-epic/ticket-003-MF-011/ticket/results/testgraph-specWorkflow/cleanup-failure-probe-test-graph/build-logic/src/main/kotlin/com/hayden/testgraphsdk/Toolchain.kt	out-of-scope	ticket_plan.yaml:648-658	none (outside the three project indexes)	unrepresented		Exact-path exclusion; semantic code was not read
788	specs/.history/modular-fuzzing-epic/ticket-003-MF-011/ticket/results/testgraph-specWorkflow/cleanup-failure-probe-test-graph/build-logic/src/main/kotlin/com/hayden/testgraphsdk/ValidationGraphExtension.kt	out-of-scope	ticket_plan.yaml:648-658	none (outside the three project indexes)	unrepresented		Exact-path exclusion; semantic code was not read
789	specs/.history/modular-fuzzing-epic/ticket-003-MF-011/ticket/results/testgraph-specWorkflow/cleanup-failure-probe-test-graph/build-logic/src/main/kotlin/com/hayden/testgraphsdk/ValidationGraphPlugin.kt	out-of-scope	ticket_plan.yaml:648-658	none (outside the three project indexes)	unrepresented		Exact-path exclusion; semantic code was not read
790	specs/.history/modular-fuzzing-epic/ticket-003-MF-011/ticket/results/testgraph-specWorkflow/cleanup-failure-probe-test-graph/build-logic/src/main/kotlin/com/hayden/testgraphsdk/ValidationNodeSpec.kt	out-of-scope	ticket_plan.yaml:648-658	none (outside the three project indexes)	unrepresented		Exact-path exclusion; semantic code was not read
791	specs/.history/modular-fuzzing-epic/ticket-003-MF-011/ticket/results/testgraph-specWorkflow/cleanup-failure-probe-test-graph/build-logic/src/main/kotlin/com/hayden/testgraphsdk/ValidationRuntime.kt	out-of-scope	ticket_plan.yaml:648-658	none (outside the three project indexes)	unrepresented		Exact-path exclusion; semantic code was not read
792	specs/.history/modular-fuzzing-epic/ticket-003-MF-011/ticket/results/testgraph-specWorkflow/cleanup-failure-probe-test-graph/build-logic/src/main/kotlin/com/hayden/testgraphsdk/exec/Context.kt	out-of-scope	ticket_plan.yaml:648-658	none (outside the three project indexes)	unrepresented		Exact-path exclusion; semantic code was not read
793	specs/.history/modular-fuzzing-epic/ticket-003-MF-011/ticket/results/testgraph-specWorkflow/cleanup-failure-probe-test-graph/build-logic/src/main/kotlin/com/hayden/testgraphsdk/exec/Executors.kt	out-of-scope	ticket_plan.yaml:648-658	none (outside the three project indexes)	unrepresented		Exact-path exclusion; semantic code was not read
794	specs/.history/modular-fuzzing-epic/ticket-003-MF-011/ticket/results/testgraph-specWorkflow/cleanup-failure-probe-test-graph/build-logic/src/main/kotlin/com/hayden/testgraphsdk/exec/JBangExecutor.kt	out-of-scope	ticket_plan.yaml:648-658	none (outside the three project indexes)	unrepresented		Exact-path exclusion; semantic code was not read
795	specs/.history/modular-fuzzing-epic/ticket-003-MF-011/ticket/results/testgraph-specWorkflow/cleanup-failure-probe-test-graph/build-logic/src/main/kotlin/com/hayden/testgraphsdk/exec/PlanExecutor.kt	out-of-scope	ticket_plan.yaml:648-658	none (outside the three project indexes)	unrepresented		Exact-path exclusion; semantic code was not read
796	specs/.history/modular-fuzzing-epic/ticket-003-MF-011/ticket/results/testgraph-specWorkflow/cleanup-failure-probe-test-graph/build-logic/src/main/kotlin/com/hayden/testgraphsdk/exec/TimeoutParser.kt	out-of-scope	ticket_plan.yaml:648-658	none (outside the three project indexes)	unrepresented		Exact-path exclusion; semantic code was not read
797	specs/.history/modular-fuzzing-epic/ticket-003-MF-011/ticket/results/testgraph-specWorkflow/cleanup-failure-probe-test-graph/build-logic/src/main/kotlin/com/hayden/testgraphsdk/exec/UvExecutor.kt	out-of-scope	ticket_plan.yaml:648-658	none (outside the three project indexes)	unrepresented		Exact-path exclusion; semantic code was not read
798	specs/.history/modular-fuzzing-epic/ticket-003-MF-011/ticket/results/testgraph-specWorkflow/cleanup-failure-probe-test-graph/build-logic/src/main/kotlin/com/hayden/testgraphsdk/tasks/InspectionTasks.kt	out-of-scope	ticket_plan.yaml:648-658	none (outside the three project indexes)	unrepresented		Exact-path exclusion; semantic code was not read
799	specs/.history/modular-fuzzing-epic/ticket-003-MF-011/ticket/results/testgraph-specWorkflow/cleanup-failure-probe-test-graph/build-logic/src/main/kotlin/com/hayden/testgraphsdk/tasks/RunReportWriter.kt	out-of-scope	ticket_plan.yaml:648-658	none (outside the three project indexes)	unrepresented		Exact-path exclusion; semantic code was not read
800	specs/.history/modular-fuzzing-epic/ticket-003-MF-011/ticket/results/testgraph-specWorkflow/cleanup-failure-probe-test-graph/build-logic/src/main/kotlin/com/hayden/testgraphsdk/tasks/RunTestGraphTask.kt	out-of-scope	ticket_plan.yaml:648-658	none (outside the three project indexes)	unrepresented		Exact-path exclusion; semantic code was not read
801	specs/.history/modular-fuzzing-epic/ticket-003-MF-011/ticket/results/testgraph-specWorkflow/cleanup-failure-probe-test-graph/build-logic/src/main/kotlin/com/hayden/testgraphsdk/tasks/ValidationReportTask.kt	out-of-scope	ticket_plan.yaml:648-658	none (outside the three project indexes)	unrepresented		Exact-path exclusion; semantic code was not read
802	specs/.history/modular-fuzzing-epic/ticket-003-MF-011/ticket/results/testgraph-specWorkflow/cleanup-failure-probe-test-graph/build-logic/src/test/kotlin/com/hayden/testgraphsdk/exec/PlanExecutorResumeHarnessTest.kt	out-of-scope	ticket_plan.yaml:648-658	none (outside the three project indexes)	unrepresented		Exact-path exclusion; semantic code was not read
803	specs/.history/modular-fuzzing-epic/ticket-003-MF-011/ticket/results/testgraph-specWorkflow/cleanup-failure-probe-test-graph/build.gradle.kts	out-of-scope	ticket_plan.yaml:648-658	none (outside the three project indexes)	unrepresented		Exact-path exclusion; semantic code was not read
804	specs/.history/modular-fuzzing-epic/ticket-003-MF-011/ticket/results/testgraph-specWorkflow/cleanup-failure-probe-test-graph/gradlew	out-of-scope	ticket_plan.yaml:648-658	none (outside the three project indexes)	unrepresented		Exact-path exclusion; semantic code was not read
805	specs/.history/modular-fuzzing-epic/ticket-003-MF-011/ticket/results/testgraph-specWorkflow/cleanup-failure-probe-test-graph/sdk/java/build.gradle.kts	out-of-scope	ticket_plan.yaml:648-658	none (outside the three project indexes)	unrepresented		Exact-path exclusion; semantic code was not read
806	specs/.history/modular-fuzzing-epic/ticket-003-MF-011/ticket/results/testgraph-specWorkflow/cleanup-failure-probe-test-graph/sdk/java/src/main/java/com/hayden/testgraphsdk/sdk/ContextItem.java	out-of-scope	ticket_plan.yaml:648-658	none (outside the three project indexes)	unrepresented		Exact-path exclusion; semantic code was not read
807	specs/.history/modular-fuzzing-epic/ticket-003-MF-011/ticket/results/testgraph-specWorkflow/cleanup-failure-probe-test-graph/sdk/java/src/main/java/com/hayden/testgraphsdk/sdk/ContextSerde.java	out-of-scope	ticket_plan.yaml:648-658	none (outside the three project indexes)	unrepresented		Exact-path exclusion; semantic code was not read
808	specs/.history/modular-fuzzing-epic/ticket-003-MF-011/ticket/results/testgraph-specWorkflow/cleanup-failure-probe-test-graph/sdk/java/src/main/java/com/hayden/testgraphsdk/sdk/Json.java	out-of-scope	ticket_plan.yaml:648-658	none (outside the three project indexes)	unrepresented		Exact-path exclusion; semantic code was not read
809	specs/.history/modular-fuzzing-epic/ticket-003-MF-011/ticket/results/testgraph-specWorkflow/cleanup-failure-probe-test-graph/sdk/java/src/main/java/com/hayden/testgraphsdk/sdk/JsonMapper.java	out-of-scope	ticket_plan.yaml:648-658	none (outside the three project indexes)	unrepresented		Exact-path exclusion; semantic code was not read
810	specs/.history/modular-fuzzing-epic/ticket-003-MF-011/ticket/results/testgraph-specWorkflow/cleanup-failure-probe-test-graph/sdk/java/src/main/java/com/hayden/testgraphsdk/sdk/Node.java	out-of-scope	ticket_plan.yaml:648-658	none (outside the three project indexes)	unrepresented		Exact-path exclusion; semantic code was not read
811	specs/.history/modular-fuzzing-epic/ticket-003-MF-011/ticket/results/testgraph-specWorkflow/cleanup-failure-probe-test-graph/sdk/java/src/main/java/com/hayden/testgraphsdk/sdk/NodeBody.java	out-of-scope	ticket_plan.yaml:648-658	none (outside the three project indexes)	unrepresented		Exact-path exclusion; semantic code was not read
812	specs/.history/modular-fuzzing-epic/ticket-003-MF-011/ticket/results/testgraph-specWorkflow/cleanup-failure-probe-test-graph/sdk/java/src/main/java/com/hayden/testgraphsdk/sdk/NodeContext.java	out-of-scope	ticket_plan.yaml:648-658	none (outside the three project indexes)	unrepresented		Exact-path exclusion; semantic code was not read
813	specs/.history/modular-fuzzing-epic/ticket-003-MF-011/ticket/results/testgraph-specWorkflow/cleanup-failure-probe-test-graph/sdk/java/src/main/java/com/hayden/testgraphsdk/sdk/NodeResult.java	out-of-scope	ticket_plan.yaml:648-658	none (outside the three project indexes)	unrepresented		Exact-path exclusion; semantic code was not read
814	specs/.history/modular-fuzzing-epic/ticket-003-MF-011/ticket/results/testgraph-specWorkflow/cleanup-failure-probe-test-graph/sdk/java/src/main/java/com/hayden/testgraphsdk/sdk/NodeSpec.java	out-of-scope	ticket_plan.yaml:648-658	none (outside the three project indexes)	unrepresented		Exact-path exclusion; semantic code was not read
815	specs/.history/modular-fuzzing-epic/ticket-003-MF-011/ticket/results/testgraph-specWorkflow/cleanup-failure-probe-test-graph/sdk/java/src/main/java/com/hayden/testgraphsdk/sdk/NodeStatus.java	out-of-scope	ticket_plan.yaml:648-658	none (outside the three project indexes)	unrepresented		Exact-path exclusion; semantic code was not read
816	specs/.history/modular-fuzzing-epic/ticket-003-MF-011/ticket/results/testgraph-specWorkflow/cleanup-failure-probe-test-graph/sdk/java/src/main/java/com/hayden/testgraphsdk/sdk/ProcessRecord.java	out-of-scope	ticket_plan.yaml:648-658	none (outside the three project indexes)	unrepresented		Exact-path exclusion; semantic code was not read
817	specs/.history/modular-fuzzing-epic/ticket-003-MF-011/ticket/results/testgraph-specWorkflow/cleanup-failure-probe-test-graph/sdk/java/src/main/java/com/hayden/testgraphsdk/sdk/Procs.java	out-of-scope	ticket_plan.yaml:648-658	none (outside the three project indexes)	unrepresented		Exact-path exclusion; semantic code was not read
818	specs/.history/modular-fuzzing-epic/ticket-003-MF-011/ticket/results/testgraph-specWorkflow/cleanup-failure-probe-test-graph/sdk/python/src/testgraphsdk/__init__.py	out-of-scope	ticket_plan.yaml:648-658	none (outside the three project indexes)	unrepresented		Exact-path exclusion; semantic code was not read
819	specs/.history/modular-fuzzing-epic/ticket-003-MF-011/ticket/results/testgraph-specWorkflow/cleanup-failure-probe-test-graph/sdk/python/src/testgraphsdk/context.py	out-of-scope	ticket_plan.yaml:648-658	none (outside the three project indexes)	unrepresented		Exact-path exclusion; semantic code was not read
820	specs/.history/modular-fuzzing-epic/ticket-003-MF-011/ticket/results/testgraph-specWorkflow/cleanup-failure-probe-test-graph/sdk/python/src/testgraphsdk/context_item.py	out-of-scope	ticket_plan.yaml:648-658	none (outside the three project indexes)	unrepresented		Exact-path exclusion; semantic code was not read
821	specs/.history/modular-fuzzing-epic/ticket-003-MF-011/ticket/results/testgraph-specWorkflow/cleanup-failure-probe-test-graph/sdk/python/src/testgraphsdk/node_spec.py	out-of-scope	ticket_plan.yaml:648-658	none (outside the three project indexes)	unrepresented		Exact-path exclusion; semantic code was not read
822	specs/.history/modular-fuzzing-epic/ticket-003-MF-011/ticket/results/testgraph-specWorkflow/cleanup-failure-probe-test-graph/sdk/python/src/testgraphsdk/procs.py	out-of-scope	ticket_plan.yaml:648-658	none (outside the three project indexes)	unrepresented		Exact-path exclusion; semantic code was not read
823	specs/.history/modular-fuzzing-epic/ticket-003-MF-011/ticket/results/testgraph-specWorkflow/cleanup-failure-probe-test-graph/sdk/python/src/testgraphsdk/result.py	out-of-scope	ticket_plan.yaml:648-658	none (outside the three project indexes)	unrepresented		Exact-path exclusion; semantic code was not read
824	specs/.history/modular-fuzzing-epic/ticket-003-MF-011/ticket/results/testgraph-specWorkflow/cleanup-failure-probe-test-graph/sdk/python/src/testgraphsdk/runner.py	out-of-scope	ticket_plan.yaml:648-658	none (outside the three project indexes)	unrepresented		Exact-path exclusion; semantic code was not read
825	specs/.history/modular-fuzzing-epic/ticket-003-MF-011/ticket/results/testgraph-specWorkflow/cleanup-failure-probe-test-graph/settings.gradle.kts	out-of-scope	ticket_plan.yaml:648-658	none (outside the three project indexes)	unrepresented		Exact-path exclusion; semantic code was not read
826	specs/.history/modular-fuzzing-epic/ticket-003-MF-011/ticket/results/testgraph-specWorkflow/cleanup-failure-probe-test-graph/sources/spec_workflow_cleanup.py	out-of-scope	ticket_plan.yaml:648-658	none (outside the three project indexes)	unrepresented		Exact-path exclusion; semantic code was not read
827	specs/.history/modular-fuzzing-epic/ticket-003-MF-011/ticket/results/testgraph-specWorkflow/cleanup-failure-probe-test-graph/sources/spec_workflow_close_ticket.py	out-of-scope	ticket_plan.yaml:648-658	none (outside the three project indexes)	unrepresented		Exact-path exclusion; semantic code was not read
828	specs/.history/modular-fuzzing-epic/ticket-003-MF-011/ticket/results/testgraph-specWorkflow/cleanup-failure-probe-test-graph/sources/spec_workflow_complete_ticket.py	out-of-scope	ticket_plan.yaml:648-658	none (outside the three project indexes)	unrepresented		Exact-path exclusion; semantic code was not read
829	specs/.history/modular-fuzzing-epic/ticket-003-MF-011/ticket/results/testgraph-specWorkflow/cleanup-failure-probe-test-graph/sources/spec_workflow_create_repo.py	out-of-scope	ticket_plan.yaml:648-658	none (outside the three project indexes)	unrepresented		Exact-path exclusion; semantic code was not read
830	specs/.history/modular-fuzzing-epic/ticket-003-MF-011/ticket/results/testgraph-specWorkflow/cleanup-failure-probe-test-graph/sources/spec_workflow_failure_cleanup_probe.py	out-of-scope	ticket_plan.yaml:648-658	none (outside the three project indexes)	unrepresented		Exact-path exclusion; semantic code was not read
831	specs/.history/modular-fuzzing-epic/ticket-003-MF-011/ticket/results/testgraph-specWorkflow/cleanup-failure-probe-test-graph/sources/spec_workflow_force_failure.py	out-of-scope	ticket_plan.yaml:648-658	none (outside the three project indexes)	unrepresented		Exact-path exclusion; semantic code was not read
832	specs/.history/modular-fuzzing-epic/ticket-003-MF-011/ticket/results/testgraph-specWorkflow/cleanup-failure-probe-test-graph/sources/spec_workflow_spec_units.py	out-of-scope	ticket_plan.yaml:648-658	none (outside the three project indexes)	unrepresented		Exact-path exclusion; semantic code was not read
833	specs/.history/modular-fuzzing-epic/ticket-003-MF-011/ticket/results/testgraph-specWorkflow/cleanup-failure-probe-test-graph/sources/spec_workflow_start_ticket.py	out-of-scope	ticket_plan.yaml:648-658	none (outside the three project indexes)	unrepresented		Exact-path exclusion; semantic code was not read
834	specs/.history/modular-fuzzing-epic/ticket-003-MF-011/ticket/results/testgraph-specWorkflow/cleanup-failure-probe-test-graph/sources/tla_spec_dev_cli_help.py	out-of-scope	ticket_plan.yaml:648-658	none (outside the three project indexes)	unrepresented		Exact-path exclusion; semantic code was not read
835	specs/.history/modular-fuzzing-epic/ticket-003-MF-011/ticket/results/testgraph-specWorkflow/cleanup-failure-probe-test-graph/sources/tla_spec_dev_cli_install.py	out-of-scope	ticket_plan.yaml:648-658	none (outside the three project indexes)	unrepresented		Exact-path exclusion; semantic code was not read
836	specs/.history/modular-fuzzing-epic/ticket-003-MF-011/ticket/results/testgraph-specWorkflow/tla-spec-dev-bin/tla-spec-dev	out-of-scope	ticket_plan.yaml:648-658	none (outside the three project indexes)	unrepresented		Exact-path exclusion; semantic code was not read
837	specs/.history/modular-fuzzing-epic/ticket-003-MF-011/ticket/tests/test_ticket_workflow.py	out-of-scope	ticket_plan.yaml:648-658	none (outside the three project indexes)	unrepresented		Exact-path exclusion; semantic code was not read
838	specs/.history/modular-fuzzing-epic/ticket-004-MF-022/snapshots/current/production_adapters.py	out-of-scope	ticket_plan.yaml:648-658	none (outside the three project indexes)	unrepresented		Exact-path exclusion; semantic code was not read
839	specs/.history/modular-fuzzing-epic/ticket-004-MF-022/snapshots/current/tests/test_current_ticket_workflow.py	out-of-scope	ticket_plan.yaml:648-658	none (outside the three project indexes)	unrepresented		Exact-path exclusion; semantic code was not read
840	specs/.history/modular-fuzzing-epic/ticket-004-MF-022/snapshots/current/tests/test_tla_spec_dev_analyze_adapter.py	out-of-scope	ticket_plan.yaml:648-658	none (outside the three project indexes)	unrepresented		Exact-path exclusion; semantic code was not read
841	specs/.history/modular-fuzzing-epic/ticket-004-MF-022/snapshots/current/tests/test_tla_spec_dev_budgets_adapter.py	out-of-scope	ticket_plan.yaml:648-658	none (outside the three project indexes)	unrepresented		Exact-path exclusion; semantic code was not read
842	specs/.history/modular-fuzzing-epic/ticket-004-MF-022/snapshots/current/tests/test_tla_spec_dev_cli_adapter.py	out-of-scope	ticket_plan.yaml:648-658	none (outside the three project indexes)	unrepresented		Exact-path exclusion; semantic code was not read
843	specs/.history/modular-fuzzing-epic/ticket-004-MF-022/snapshots/current/tests/test_tla_spec_dev_close_promotion_adapter.py	out-of-scope	ticket_plan.yaml:648-658	none (outside the three project indexes)	unrepresented		Exact-path exclusion; semantic code was not read
844	specs/.history/modular-fuzzing-epic/ticket-004-MF-022/snapshots/current/tests/test_tla_spec_dev_run_adapter.py	out-of-scope	ticket_plan.yaml:648-658	none (outside the three project indexes)	unrepresented		Exact-path exclusion; semantic code was not read
845	specs/.history/modular-fuzzing-epic/ticket-004-MF-022/snapshots/current/tests/test_tla_spec_dev_scaffold_adapter.py	out-of-scope	ticket_plan.yaml:648-658	none (outside the three project indexes)	unrepresented		Exact-path exclusion; semantic code was not read
846	specs/.history/modular-fuzzing-epic/ticket-004-MF-022/snapshots/current/tests/test_tla_spec_dev_test_graph_adapter.py	out-of-scope	ticket_plan.yaml:648-658	none (outside the three project indexes)	unrepresented		Exact-path exclusion; semantic code was not read
847	specs/.history/modular-fuzzing-epic/ticket-004-MF-022/snapshots/current/tests/test_tla_spec_dev_ticket_adapter.py	out-of-scope	ticket_plan.yaml:648-658	none (outside the three project indexes)	unrepresented		Exact-path exclusion; semantic code was not read
848	specs/.history/modular-fuzzing-epic/ticket-004-MF-022/snapshots/desired_program_model/production_adapters.py	out-of-scope	ticket_plan.yaml:648-658	none (outside the three project indexes)	unrepresented		Exact-path exclusion; semantic code was not read
849	specs/.history/modular-fuzzing-epic/ticket-004-MF-022/snapshots/desired_program_model/tests/test_tla_spec_dev_cli_adapter.py	out-of-scope	ticket_plan.yaml:648-658	none (outside the three project indexes)	unrepresented		Exact-path exclusion; semantic code was not read
850	specs/.history/modular-fuzzing-epic/ticket-004-MF-022/snapshots/desired_program_model/tests/test_tla_spec_dev_run_adapter.py	out-of-scope	ticket_plan.yaml:648-658	none (outside the three project indexes)	unrepresented		Exact-path exclusion; semantic code was not read
851	specs/.history/modular-fuzzing-epic/ticket-004-MF-022/snapshots/desired_program_model/tests/test_tla_spec_dev_scaffold_adapter.py	out-of-scope	ticket_plan.yaml:648-658	none (outside the three project indexes)	unrepresented		Exact-path exclusion; semantic code was not read
852	specs/.history/modular-fuzzing-epic/ticket-004-MF-022/snapshots/desired_program_model/tests/test_tla_spec_dev_test_graph_adapter.py	out-of-scope	ticket_plan.yaml:648-658	none (outside the three project indexes)	unrepresented		Exact-path exclusion; semantic code was not read
853	specs/.history/modular-fuzzing-epic/ticket-004-MF-022/snapshots/desired_program_model/tests/test_tla_spec_dev_ticket_adapter.py	out-of-scope	ticket_plan.yaml:648-658	none (outside the three project indexes)	unrepresented		Exact-path exclusion; semantic code was not read
854	specs/.history/modular-fuzzing-epic/ticket-004-MF-022/snapshots/program_model/production_adapters.py	out-of-scope	ticket_plan.yaml:648-658	none (outside the three project indexes)	unrepresented		Exact-path exclusion; semantic code was not read
855	specs/.history/modular-fuzzing-epic/ticket-004-MF-022/snapshots/program_model/tests/test_tla_spec_dev_cli_adapter.py	out-of-scope	ticket_plan.yaml:648-658	none (outside the three project indexes)	unrepresented		Exact-path exclusion; semantic code was not read
856	specs/.history/modular-fuzzing-epic/ticket-004-MF-022/snapshots/program_model/tests/test_tla_spec_dev_run_adapter.py	out-of-scope	ticket_plan.yaml:648-658	none (outside the three project indexes)	unrepresented		Exact-path exclusion; semantic code was not read
857	specs/.history/modular-fuzzing-epic/ticket-004-MF-022/snapshots/program_model/tests/test_tla_spec_dev_scaffold_adapter.py	out-of-scope	ticket_plan.yaml:648-658	none (outside the three project indexes)	unrepresented		Exact-path exclusion; semantic code was not read
858	specs/.history/modular-fuzzing-epic/ticket-004-MF-022/snapshots/program_model/tests/test_tla_spec_dev_test_graph_adapter.py	out-of-scope	ticket_plan.yaml:648-658	none (outside the three project indexes)	unrepresented		Exact-path exclusion; semantic code was not read
859	specs/.history/modular-fuzzing-epic/ticket-004-MF-022/snapshots/program_model/tests/test_tla_spec_dev_ticket_adapter.py	out-of-scope	ticket_plan.yaml:648-658	none (outside the three project indexes)	unrepresented		Exact-path exclusion; semantic code was not read
860	specs/.history/modular-fuzzing-epic/ticket-004-MF-022/ticket/current/production_adapters.py	out-of-scope	ticket_plan.yaml:648-658	none (outside the three project indexes)	unrepresented		Exact-path exclusion; semantic code was not read
861	specs/.history/modular-fuzzing-epic/ticket-004-MF-022/ticket/current/tests/test_tla_spec_dev_analyze_adapter.py	out-of-scope	ticket_plan.yaml:648-658	none (outside the three project indexes)	unrepresented		Exact-path exclusion; semantic code was not read
862	specs/.history/modular-fuzzing-epic/ticket-004-MF-022/ticket/current/tests/test_tla_spec_dev_budgets_adapter.py	out-of-scope	ticket_plan.yaml:648-658	none (outside the three project indexes)	unrepresented		Exact-path exclusion; semantic code was not read
863	specs/.history/modular-fuzzing-epic/ticket-004-MF-022/ticket/current/tests/test_tla_spec_dev_cli_adapter.py	out-of-scope	ticket_plan.yaml:648-658	none (outside the three project indexes)	unrepresented		Exact-path exclusion; semantic code was not read
864	specs/.history/modular-fuzzing-epic/ticket-004-MF-022/ticket/current/tests/test_tla_spec_dev_close_promotion_adapter.py	out-of-scope	ticket_plan.yaml:648-658	none (outside the three project indexes)	unrepresented		Exact-path exclusion; semantic code was not read
865	specs/.history/modular-fuzzing-epic/ticket-004-MF-022/ticket/current/tests/test_tla_spec_dev_run_adapter.py	out-of-scope	ticket_plan.yaml:648-658	none (outside the three project indexes)	unrepresented		Exact-path exclusion; semantic code was not read
866	specs/.history/modular-fuzzing-epic/ticket-004-MF-022/ticket/current/tests/test_tla_spec_dev_scaffold_adapter.py	out-of-scope	ticket_plan.yaml:648-658	none (outside the three project indexes)	unrepresented		Exact-path exclusion; semantic code was not read
867	specs/.history/modular-fuzzing-epic/ticket-004-MF-022/ticket/current/tests/test_tla_spec_dev_test_graph_adapter.py	out-of-scope	ticket_plan.yaml:648-658	none (outside the three project indexes)	unrepresented		Exact-path exclusion; semantic code was not read
868	specs/.history/modular-fuzzing-epic/ticket-004-MF-022/ticket/current/tests/test_tla_spec_dev_ticket_adapter.py	out-of-scope	ticket_plan.yaml:648-658	none (outside the three project indexes)	unrepresented		Exact-path exclusion; semantic code was not read
869	specs/.history/modular-fuzzing-epic/ticket-004-MF-022/ticket/desired/production_adapters.py	out-of-scope	ticket_plan.yaml:648-658	none (outside the three project indexes)	unrepresented		Exact-path exclusion; semantic code was not read
870	specs/.history/modular-fuzzing-epic/ticket-004-MF-022/ticket/desired/tests/test_tla_spec_dev_analyze_adapter.py	out-of-scope	ticket_plan.yaml:648-658	none (outside the three project indexes)	unrepresented		Exact-path exclusion; semantic code was not read
871	specs/.history/modular-fuzzing-epic/ticket-004-MF-022/ticket/desired/tests/test_tla_spec_dev_budgets_adapter.py	out-of-scope	ticket_plan.yaml:648-658	none (outside the three project indexes)	unrepresented		Exact-path exclusion; semantic code was not read
872	specs/.history/modular-fuzzing-epic/ticket-004-MF-022/ticket/desired/tests/test_tla_spec_dev_cli_adapter.py	out-of-scope	ticket_plan.yaml:648-658	none (outside the three project indexes)	unrepresented		Exact-path exclusion; semantic code was not read
873	specs/.history/modular-fuzzing-epic/ticket-004-MF-022/ticket/desired/tests/test_tla_spec_dev_close_promotion_adapter.py	out-of-scope	ticket_plan.yaml:648-658	none (outside the three project indexes)	unrepresented		Exact-path exclusion; semantic code was not read
874	specs/.history/modular-fuzzing-epic/ticket-004-MF-022/ticket/desired/tests/test_tla_spec_dev_run_adapter.py	out-of-scope	ticket_plan.yaml:648-658	none (outside the three project indexes)	unrepresented		Exact-path exclusion; semantic code was not read
875	specs/.history/modular-fuzzing-epic/ticket-004-MF-022/ticket/desired/tests/test_tla_spec_dev_scaffold_adapter.py	out-of-scope	ticket_plan.yaml:648-658	none (outside the three project indexes)	unrepresented		Exact-path exclusion; semantic code was not read
876	specs/.history/modular-fuzzing-epic/ticket-004-MF-022/ticket/desired/tests/test_tla_spec_dev_test_graph_adapter.py	out-of-scope	ticket_plan.yaml:648-658	none (outside the three project indexes)	unrepresented		Exact-path exclusion; semantic code was not read
877	specs/.history/modular-fuzzing-epic/ticket-004-MF-022/ticket/desired/tests/test_tla_spec_dev_ticket_adapter.py	out-of-scope	ticket_plan.yaml:648-658	none (outside the three project indexes)	unrepresented		Exact-path exclusion; semantic code was not read
878	specs/.history/modular-fuzzing-epic/ticket-004-MF-022/ticket/tests/test_ticket_workflow.py	out-of-scope	ticket_plan.yaml:648-658	none (outside the three project indexes)	unrepresented		Exact-path exclusion; semantic code was not read
879	specs/.history/modular-fuzzing-epic/ticket-005-MF-014/results/graph-cliWorkflow/tla-spec-dev-bin/tla-spec-dev	out-of-scope	ticket_plan.yaml:648-658	none (outside the three project indexes)	unrepresented		Exact-path exclusion; semantic code was not read
880	specs/.history/modular-fuzzing-epic/ticket-005-MF-014/results/graph-specWorkflow/cleanup-failure-probe-test-graph/build-logic/build.gradle.kts	out-of-scope	ticket_plan.yaml:648-658	none (outside the three project indexes)	unrepresented		Exact-path exclusion; semantic code was not read
881	specs/.history/modular-fuzzing-epic/ticket-005-MF-014/results/graph-specWorkflow/cleanup-failure-probe-test-graph/build-logic/settings.gradle.kts	out-of-scope	ticket_plan.yaml:648-658	none (outside the three project indexes)	unrepresented		Exact-path exclusion; semantic code was not read
882	specs/.history/modular-fuzzing-epic/ticket-005-MF-014/results/graph-specWorkflow/cleanup-failure-probe-test-graph/build-logic/src/main/kotlin/com/hayden/testgraphsdk/GraphAssembler.kt	out-of-scope	ticket_plan.yaml:648-658	none (outside the three project indexes)	unrepresented		Exact-path exclusion; semantic code was not read
883	specs/.history/modular-fuzzing-epic/ticket-005-MF-014/results/graph-specWorkflow/cleanup-failure-probe-test-graph/build-logic/src/main/kotlin/com/hayden/testgraphsdk/GraphModel.kt	out-of-scope	ticket_plan.yaml:648-658	none (outside the three project indexes)	unrepresented		Exact-path exclusion; semantic code was not read
884	specs/.history/modular-fuzzing-epic/ticket-005-MF-014/results/graph-specWorkflow/cleanup-failure-probe-test-graph/build-logic/src/main/kotlin/com/hayden/testgraphsdk/MiniJson.kt	out-of-scope	ticket_plan.yaml:648-658	none (outside the three project indexes)	unrepresented		Exact-path exclusion; semantic code was not read
885	specs/.history/modular-fuzzing-epic/ticket-005-MF-014/results/graph-specWorkflow/cleanup-failure-probe-test-graph/build-logic/src/main/kotlin/com/hayden/testgraphsdk/NodeDescribeLoader.kt	out-of-scope	ticket_plan.yaml:648-658	none (outside the three project indexes)	unrepresented		Exact-path exclusion; semantic code was not read
886	specs/.history/modular-fuzzing-epic/ticket-005-MF-014/results/graph-specWorkflow/cleanup-failure-probe-test-graph/build-logic/src/main/kotlin/com/hayden/testgraphsdk/TestGraphSpec.kt	out-of-scope	ticket_plan.yaml:648-658	none (outside the three project indexes)	unrepresented		Exact-path exclusion; semantic code was not read
887	specs/.history/modular-fuzzing-epic/ticket-005-MF-014/results/graph-specWorkflow/cleanup-failure-probe-test-graph/build-logic/src/main/kotlin/com/hayden/testgraphsdk/Toolchain.kt	out-of-scope	ticket_plan.yaml:648-658	none (outside the three project indexes)	unrepresented		Exact-path exclusion; semantic code was not read
888	specs/.history/modular-fuzzing-epic/ticket-005-MF-014/results/graph-specWorkflow/cleanup-failure-probe-test-graph/build-logic/src/main/kotlin/com/hayden/testgraphsdk/ValidationGraphExtension.kt	out-of-scope	ticket_plan.yaml:648-658	none (outside the three project indexes)	unrepresented		Exact-path exclusion; semantic code was not read
889	specs/.history/modular-fuzzing-epic/ticket-005-MF-014/results/graph-specWorkflow/cleanup-failure-probe-test-graph/build-logic/src/main/kotlin/com/hayden/testgraphsdk/ValidationGraphPlugin.kt	out-of-scope	ticket_plan.yaml:648-658	none (outside the three project indexes)	unrepresented		Exact-path exclusion; semantic code was not read
890	specs/.history/modular-fuzzing-epic/ticket-005-MF-014/results/graph-specWorkflow/cleanup-failure-probe-test-graph/build-logic/src/main/kotlin/com/hayden/testgraphsdk/ValidationNodeSpec.kt	out-of-scope	ticket_plan.yaml:648-658	none (outside the three project indexes)	unrepresented		Exact-path exclusion; semantic code was not read
891	specs/.history/modular-fuzzing-epic/ticket-005-MF-014/results/graph-specWorkflow/cleanup-failure-probe-test-graph/build-logic/src/main/kotlin/com/hayden/testgraphsdk/ValidationRuntime.kt	out-of-scope	ticket_plan.yaml:648-658	none (outside the three project indexes)	unrepresented		Exact-path exclusion; semantic code was not read
892	specs/.history/modular-fuzzing-epic/ticket-005-MF-014/results/graph-specWorkflow/cleanup-failure-probe-test-graph/build-logic/src/main/kotlin/com/hayden/testgraphsdk/exec/Context.kt	out-of-scope	ticket_plan.yaml:648-658	none (outside the three project indexes)	unrepresented		Exact-path exclusion; semantic code was not read
893	specs/.history/modular-fuzzing-epic/ticket-005-MF-014/results/graph-specWorkflow/cleanup-failure-probe-test-graph/build-logic/src/main/kotlin/com/hayden/testgraphsdk/exec/Executors.kt	out-of-scope	ticket_plan.yaml:648-658	none (outside the three project indexes)	unrepresented		Exact-path exclusion; semantic code was not read
894	specs/.history/modular-fuzzing-epic/ticket-005-MF-014/results/graph-specWorkflow/cleanup-failure-probe-test-graph/build-logic/src/main/kotlin/com/hayden/testgraphsdk/exec/JBangExecutor.kt	out-of-scope	ticket_plan.yaml:648-658	none (outside the three project indexes)	unrepresented		Exact-path exclusion; semantic code was not read
895	specs/.history/modular-fuzzing-epic/ticket-005-MF-014/results/graph-specWorkflow/cleanup-failure-probe-test-graph/build-logic/src/main/kotlin/com/hayden/testgraphsdk/exec/PlanExecutor.kt	out-of-scope	ticket_plan.yaml:648-658	none (outside the three project indexes)	unrepresented		Exact-path exclusion; semantic code was not read
896	specs/.history/modular-fuzzing-epic/ticket-005-MF-014/results/graph-specWorkflow/cleanup-failure-probe-test-graph/build-logic/src/main/kotlin/com/hayden/testgraphsdk/exec/TimeoutParser.kt	out-of-scope	ticket_plan.yaml:648-658	none (outside the three project indexes)	unrepresented		Exact-path exclusion; semantic code was not read
897	specs/.history/modular-fuzzing-epic/ticket-005-MF-014/results/graph-specWorkflow/cleanup-failure-probe-test-graph/build-logic/src/main/kotlin/com/hayden/testgraphsdk/exec/UvExecutor.kt	out-of-scope	ticket_plan.yaml:648-658	none (outside the three project indexes)	unrepresented		Exact-path exclusion; semantic code was not read
898	specs/.history/modular-fuzzing-epic/ticket-005-MF-014/results/graph-specWorkflow/cleanup-failure-probe-test-graph/build-logic/src/main/kotlin/com/hayden/testgraphsdk/tasks/InspectionTasks.kt	out-of-scope	ticket_plan.yaml:648-658	none (outside the three project indexes)	unrepresented		Exact-path exclusion; semantic code was not read
899	specs/.history/modular-fuzzing-epic/ticket-005-MF-014/results/graph-specWorkflow/cleanup-failure-probe-test-graph/build-logic/src/main/kotlin/com/hayden/testgraphsdk/tasks/RunReportWriter.kt	out-of-scope	ticket_plan.yaml:648-658	none (outside the three project indexes)	unrepresented		Exact-path exclusion; semantic code was not read
900	specs/.history/modular-fuzzing-epic/ticket-005-MF-014/results/graph-specWorkflow/cleanup-failure-probe-test-graph/build-logic/src/main/kotlin/com/hayden/testgraphsdk/tasks/RunTestGraphTask.kt	out-of-scope	ticket_plan.yaml:648-658	none (outside the three project indexes)	unrepresented		Exact-path exclusion; semantic code was not read
901	specs/.history/modular-fuzzing-epic/ticket-005-MF-014/results/graph-specWorkflow/cleanup-failure-probe-test-graph/build-logic/src/main/kotlin/com/hayden/testgraphsdk/tasks/ValidationReportTask.kt	out-of-scope	ticket_plan.yaml:648-658	none (outside the three project indexes)	unrepresented		Exact-path exclusion; semantic code was not read
902	specs/.history/modular-fuzzing-epic/ticket-005-MF-014/results/graph-specWorkflow/cleanup-failure-probe-test-graph/build-logic/src/test/kotlin/com/hayden/testgraphsdk/exec/PlanExecutorResumeHarnessTest.kt	out-of-scope	ticket_plan.yaml:648-658	none (outside the three project indexes)	unrepresented		Exact-path exclusion; semantic code was not read
903	specs/.history/modular-fuzzing-epic/ticket-005-MF-014/results/graph-specWorkflow/cleanup-failure-probe-test-graph/build.gradle.kts	out-of-scope	ticket_plan.yaml:648-658	none (outside the three project indexes)	unrepresented		Exact-path exclusion; semantic code was not read
904	specs/.history/modular-fuzzing-epic/ticket-005-MF-014/results/graph-specWorkflow/cleanup-failure-probe-test-graph/gradlew	out-of-scope	ticket_plan.yaml:648-658	none (outside the three project indexes)	unrepresented		Exact-path exclusion; semantic code was not read
905	specs/.history/modular-fuzzing-epic/ticket-005-MF-014/results/graph-specWorkflow/cleanup-failure-probe-test-graph/sdk/java/build.gradle.kts	out-of-scope	ticket_plan.yaml:648-658	none (outside the three project indexes)	unrepresented		Exact-path exclusion; semantic code was not read
906	specs/.history/modular-fuzzing-epic/ticket-005-MF-014/results/graph-specWorkflow/cleanup-failure-probe-test-graph/sdk/java/src/main/java/com/hayden/testgraphsdk/sdk/ContextItem.java	out-of-scope	ticket_plan.yaml:648-658	none (outside the three project indexes)	unrepresented		Exact-path exclusion; semantic code was not read
907	specs/.history/modular-fuzzing-epic/ticket-005-MF-014/results/graph-specWorkflow/cleanup-failure-probe-test-graph/sdk/java/src/main/java/com/hayden/testgraphsdk/sdk/ContextSerde.java	out-of-scope	ticket_plan.yaml:648-658	none (outside the three project indexes)	unrepresented		Exact-path exclusion; semantic code was not read
908	specs/.history/modular-fuzzing-epic/ticket-005-MF-014/results/graph-specWorkflow/cleanup-failure-probe-test-graph/sdk/java/src/main/java/com/hayden/testgraphsdk/sdk/Json.java	out-of-scope	ticket_plan.yaml:648-658	none (outside the three project indexes)	unrepresented		Exact-path exclusion; semantic code was not read
909	specs/.history/modular-fuzzing-epic/ticket-005-MF-014/results/graph-specWorkflow/cleanup-failure-probe-test-graph/sdk/java/src/main/java/com/hayden/testgraphsdk/sdk/JsonMapper.java	out-of-scope	ticket_plan.yaml:648-658	none (outside the three project indexes)	unrepresented		Exact-path exclusion; semantic code was not read
910	specs/.history/modular-fuzzing-epic/ticket-005-MF-014/results/graph-specWorkflow/cleanup-failure-probe-test-graph/sdk/java/src/main/java/com/hayden/testgraphsdk/sdk/Node.java	out-of-scope	ticket_plan.yaml:648-658	none (outside the three project indexes)	unrepresented		Exact-path exclusion; semantic code was not read
911	specs/.history/modular-fuzzing-epic/ticket-005-MF-014/results/graph-specWorkflow/cleanup-failure-probe-test-graph/sdk/java/src/main/java/com/hayden/testgraphsdk/sdk/NodeBody.java	out-of-scope	ticket_plan.yaml:648-658	none (outside the three project indexes)	unrepresented		Exact-path exclusion; semantic code was not read
912	specs/.history/modular-fuzzing-epic/ticket-005-MF-014/results/graph-specWorkflow/cleanup-failure-probe-test-graph/sdk/java/src/main/java/com/hayden/testgraphsdk/sdk/NodeContext.java	out-of-scope	ticket_plan.yaml:648-658	none (outside the three project indexes)	unrepresented		Exact-path exclusion; semantic code was not read
913	specs/.history/modular-fuzzing-epic/ticket-005-MF-014/results/graph-specWorkflow/cleanup-failure-probe-test-graph/sdk/java/src/main/java/com/hayden/testgraphsdk/sdk/NodeResult.java	out-of-scope	ticket_plan.yaml:648-658	none (outside the three project indexes)	unrepresented		Exact-path exclusion; semantic code was not read
914	specs/.history/modular-fuzzing-epic/ticket-005-MF-014/results/graph-specWorkflow/cleanup-failure-probe-test-graph/sdk/java/src/main/java/com/hayden/testgraphsdk/sdk/NodeSpec.java	out-of-scope	ticket_plan.yaml:648-658	none (outside the three project indexes)	unrepresented		Exact-path exclusion; semantic code was not read
915	specs/.history/modular-fuzzing-epic/ticket-005-MF-014/results/graph-specWorkflow/cleanup-failure-probe-test-graph/sdk/java/src/main/java/com/hayden/testgraphsdk/sdk/NodeStatus.java	out-of-scope	ticket_plan.yaml:648-658	none (outside the three project indexes)	unrepresented		Exact-path exclusion; semantic code was not read
916	specs/.history/modular-fuzzing-epic/ticket-005-MF-014/results/graph-specWorkflow/cleanup-failure-probe-test-graph/sdk/java/src/main/java/com/hayden/testgraphsdk/sdk/ProcessRecord.java	out-of-scope	ticket_plan.yaml:648-658	none (outside the three project indexes)	unrepresented		Exact-path exclusion; semantic code was not read
917	specs/.history/modular-fuzzing-epic/ticket-005-MF-014/results/graph-specWorkflow/cleanup-failure-probe-test-graph/sdk/java/src/main/java/com/hayden/testgraphsdk/sdk/Procs.java	out-of-scope	ticket_plan.yaml:648-658	none (outside the three project indexes)	unrepresented		Exact-path exclusion; semantic code was not read
918	specs/.history/modular-fuzzing-epic/ticket-005-MF-014/results/graph-specWorkflow/cleanup-failure-probe-test-graph/sdk/python/src/testgraphsdk/__init__.py	out-of-scope	ticket_plan.yaml:648-658	none (outside the three project indexes)	unrepresented		Exact-path exclusion; semantic code was not read
919	specs/.history/modular-fuzzing-epic/ticket-005-MF-014/results/graph-specWorkflow/cleanup-failure-probe-test-graph/sdk/python/src/testgraphsdk/context.py	out-of-scope	ticket_plan.yaml:648-658	none (outside the three project indexes)	unrepresented		Exact-path exclusion; semantic code was not read
920	specs/.history/modular-fuzzing-epic/ticket-005-MF-014/results/graph-specWorkflow/cleanup-failure-probe-test-graph/sdk/python/src/testgraphsdk/context_item.py	out-of-scope	ticket_plan.yaml:648-658	none (outside the three project indexes)	unrepresented		Exact-path exclusion; semantic code was not read
921	specs/.history/modular-fuzzing-epic/ticket-005-MF-014/results/graph-specWorkflow/cleanup-failure-probe-test-graph/sdk/python/src/testgraphsdk/node_spec.py	out-of-scope	ticket_plan.yaml:648-658	none (outside the three project indexes)	unrepresented		Exact-path exclusion; semantic code was not read
922	specs/.history/modular-fuzzing-epic/ticket-005-MF-014/results/graph-specWorkflow/cleanup-failure-probe-test-graph/sdk/python/src/testgraphsdk/procs.py	out-of-scope	ticket_plan.yaml:648-658	none (outside the three project indexes)	unrepresented		Exact-path exclusion; semantic code was not read
923	specs/.history/modular-fuzzing-epic/ticket-005-MF-014/results/graph-specWorkflow/cleanup-failure-probe-test-graph/sdk/python/src/testgraphsdk/result.py	out-of-scope	ticket_plan.yaml:648-658	none (outside the three project indexes)	unrepresented		Exact-path exclusion; semantic code was not read
924	specs/.history/modular-fuzzing-epic/ticket-005-MF-014/results/graph-specWorkflow/cleanup-failure-probe-test-graph/sdk/python/src/testgraphsdk/runner.py	out-of-scope	ticket_plan.yaml:648-658	none (outside the three project indexes)	unrepresented		Exact-path exclusion; semantic code was not read
925	specs/.history/modular-fuzzing-epic/ticket-005-MF-014/results/graph-specWorkflow/cleanup-failure-probe-test-graph/settings.gradle.kts	out-of-scope	ticket_plan.yaml:648-658	none (outside the three project indexes)	unrepresented		Exact-path exclusion; semantic code was not read
926	specs/.history/modular-fuzzing-epic/ticket-005-MF-014/results/graph-specWorkflow/cleanup-failure-probe-test-graph/sources/spec_workflow_cleanup.py	out-of-scope	ticket_plan.yaml:648-658	none (outside the three project indexes)	unrepresented		Exact-path exclusion; semantic code was not read
927	specs/.history/modular-fuzzing-epic/ticket-005-MF-014/results/graph-specWorkflow/cleanup-failure-probe-test-graph/sources/spec_workflow_close_ticket.py	out-of-scope	ticket_plan.yaml:648-658	none (outside the three project indexes)	unrepresented		Exact-path exclusion; semantic code was not read
928	specs/.history/modular-fuzzing-epic/ticket-005-MF-014/results/graph-specWorkflow/cleanup-failure-probe-test-graph/sources/spec_workflow_complete_ticket.py	out-of-scope	ticket_plan.yaml:648-658	none (outside the three project indexes)	unrepresented		Exact-path exclusion; semantic code was not read
929	specs/.history/modular-fuzzing-epic/ticket-005-MF-014/results/graph-specWorkflow/cleanup-failure-probe-test-graph/sources/spec_workflow_create_repo.py	out-of-scope	ticket_plan.yaml:648-658	none (outside the three project indexes)	unrepresented		Exact-path exclusion; semantic code was not read
930	specs/.history/modular-fuzzing-epic/ticket-005-MF-014/results/graph-specWorkflow/cleanup-failure-probe-test-graph/sources/spec_workflow_failure_cleanup_probe.py	out-of-scope	ticket_plan.yaml:648-658	none (outside the three project indexes)	unrepresented		Exact-path exclusion; semantic code was not read
931	specs/.history/modular-fuzzing-epic/ticket-005-MF-014/results/graph-specWorkflow/cleanup-failure-probe-test-graph/sources/spec_workflow_force_failure.py	out-of-scope	ticket_plan.yaml:648-658	none (outside the three project indexes)	unrepresented		Exact-path exclusion; semantic code was not read
932	specs/.history/modular-fuzzing-epic/ticket-005-MF-014/results/graph-specWorkflow/cleanup-failure-probe-test-graph/sources/spec_workflow_spec_units.py	out-of-scope	ticket_plan.yaml:648-658	none (outside the three project indexes)	unrepresented		Exact-path exclusion; semantic code was not read
933	specs/.history/modular-fuzzing-epic/ticket-005-MF-014/results/graph-specWorkflow/cleanup-failure-probe-test-graph/sources/spec_workflow_start_ticket.py	out-of-scope	ticket_plan.yaml:648-658	none (outside the three project indexes)	unrepresented		Exact-path exclusion; semantic code was not read
934	specs/.history/modular-fuzzing-epic/ticket-005-MF-014/results/graph-specWorkflow/cleanup-failure-probe-test-graph/sources/tla_spec_dev_cli_help.py	out-of-scope	ticket_plan.yaml:648-658	none (outside the three project indexes)	unrepresented		Exact-path exclusion; semantic code was not read
935	specs/.history/modular-fuzzing-epic/ticket-005-MF-014/results/graph-specWorkflow/cleanup-failure-probe-test-graph/sources/tla_spec_dev_cli_install.py	out-of-scope	ticket_plan.yaml:648-658	none (outside the three project indexes)	unrepresented		Exact-path exclusion; semantic code was not read
936	specs/.history/modular-fuzzing-epic/ticket-005-MF-014/results/graph-specWorkflow/tla-spec-dev-bin/tla-spec-dev	out-of-scope	ticket_plan.yaml:648-658	none (outside the three project indexes)	unrepresented		Exact-path exclusion; semantic code was not read
937	specs/.history/modular-fuzzing-epic/ticket-005-MF-014/snapshots/current/production_adapters.py	out-of-scope	ticket_plan.yaml:648-658	none (outside the three project indexes)	unrepresented		Exact-path exclusion; semantic code was not read
938	specs/.history/modular-fuzzing-epic/ticket-005-MF-014/snapshots/current/tests/test_current_ticket_workflow.py	out-of-scope	ticket_plan.yaml:648-658	none (outside the three project indexes)	unrepresented		Exact-path exclusion; semantic code was not read
939	specs/.history/modular-fuzzing-epic/ticket-005-MF-014/snapshots/current/tests/test_tla_spec_dev_analyze_adapter.py	out-of-scope	ticket_plan.yaml:648-658	none (outside the three project indexes)	unrepresented		Exact-path exclusion; semantic code was not read
940	specs/.history/modular-fuzzing-epic/ticket-005-MF-014/snapshots/current/tests/test_tla_spec_dev_budgets_adapter.py	out-of-scope	ticket_plan.yaml:648-658	none (outside the three project indexes)	unrepresented		Exact-path exclusion; semantic code was not read
941	specs/.history/modular-fuzzing-epic/ticket-005-MF-014/snapshots/current/tests/test_tla_spec_dev_cli_adapter.py	out-of-scope	ticket_plan.yaml:648-658	none (outside the three project indexes)	unrepresented		Exact-path exclusion; semantic code was not read
942	specs/.history/modular-fuzzing-epic/ticket-005-MF-014/snapshots/current/tests/test_tla_spec_dev_close_promotion_adapter.py	out-of-scope	ticket_plan.yaml:648-658	none (outside the three project indexes)	unrepresented		Exact-path exclusion; semantic code was not read
943	specs/.history/modular-fuzzing-epic/ticket-005-MF-014/snapshots/current/tests/test_tla_spec_dev_corpus_adapter.py	out-of-scope	ticket_plan.yaml:648-658	none (outside the three project indexes)	unrepresented		Exact-path exclusion; semantic code was not read
944	specs/.history/modular-fuzzing-epic/ticket-005-MF-014/snapshots/current/tests/test_tla_spec_dev_run_adapter.py	out-of-scope	ticket_plan.yaml:648-658	none (outside the three project indexes)	unrepresented		Exact-path exclusion; semantic code was not read
945	specs/.history/modular-fuzzing-epic/ticket-005-MF-014/snapshots/current/tests/test_tla_spec_dev_scaffold_adapter.py	out-of-scope	ticket_plan.yaml:648-658	none (outside the three project indexes)	unrepresented		Exact-path exclusion; semantic code was not read
946	specs/.history/modular-fuzzing-epic/ticket-005-MF-014/snapshots/current/tests/test_tla_spec_dev_skill_feedback_adapter.py	out-of-scope	ticket_plan.yaml:648-658	none (outside the three project indexes)	unrepresented		Exact-path exclusion; semantic code was not read
947	specs/.history/modular-fuzzing-epic/ticket-005-MF-014/snapshots/current/tests/test_tla_spec_dev_test_graph_adapter.py	out-of-scope	ticket_plan.yaml:648-658	none (outside the three project indexes)	unrepresented		Exact-path exclusion; semantic code was not read
948	specs/.history/modular-fuzzing-epic/ticket-005-MF-014/snapshots/current/tests/test_tla_spec_dev_ticket_adapter.py	out-of-scope	ticket_plan.yaml:648-658	none (outside the three project indexes)	unrepresented		Exact-path exclusion; semantic code was not read
949	specs/.history/modular-fuzzing-epic/ticket-005-MF-014/snapshots/desired_program_model/production_adapters.py	out-of-scope	ticket_plan.yaml:648-658	none (outside the three project indexes)	unrepresented		Exact-path exclusion; semantic code was not read
950	specs/.history/modular-fuzzing-epic/ticket-005-MF-014/snapshots/desired_program_model/tests/test_tla_spec_dev_cli_adapter.py	out-of-scope	ticket_plan.yaml:648-658	none (outside the three project indexes)	unrepresented		Exact-path exclusion; semantic code was not read
951	specs/.history/modular-fuzzing-epic/ticket-005-MF-014/snapshots/desired_program_model/tests/test_tla_spec_dev_run_adapter.py	out-of-scope	ticket_plan.yaml:648-658	none (outside the three project indexes)	unrepresented		Exact-path exclusion; semantic code was not read
952	specs/.history/modular-fuzzing-epic/ticket-005-MF-014/snapshots/desired_program_model/tests/test_tla_spec_dev_scaffold_adapter.py	out-of-scope	ticket_plan.yaml:648-658	none (outside the three project indexes)	unrepresented		Exact-path exclusion; semantic code was not read
953	specs/.history/modular-fuzzing-epic/ticket-005-MF-014/snapshots/desired_program_model/tests/test_tla_spec_dev_test_graph_adapter.py	out-of-scope	ticket_plan.yaml:648-658	none (outside the three project indexes)	unrepresented		Exact-path exclusion; semantic code was not read
954	specs/.history/modular-fuzzing-epic/ticket-005-MF-014/snapshots/desired_program_model/tests/test_tla_spec_dev_ticket_adapter.py	out-of-scope	ticket_plan.yaml:648-658	none (outside the three project indexes)	unrepresented		Exact-path exclusion; semantic code was not read
955	specs/.history/modular-fuzzing-epic/ticket-005-MF-014/snapshots/program_model/production_adapters.py	out-of-scope	ticket_plan.yaml:648-658	none (outside the three project indexes)	unrepresented		Exact-path exclusion; semantic code was not read
956	specs/.history/modular-fuzzing-epic/ticket-005-MF-014/snapshots/program_model/tests/test_tla_spec_dev_cli_adapter.py	out-of-scope	ticket_plan.yaml:648-658	none (outside the three project indexes)	unrepresented		Exact-path exclusion; semantic code was not read
957	specs/.history/modular-fuzzing-epic/ticket-005-MF-014/snapshots/program_model/tests/test_tla_spec_dev_run_adapter.py	out-of-scope	ticket_plan.yaml:648-658	none (outside the three project indexes)	unrepresented		Exact-path exclusion; semantic code was not read
958	specs/.history/modular-fuzzing-epic/ticket-005-MF-014/snapshots/program_model/tests/test_tla_spec_dev_scaffold_adapter.py	out-of-scope	ticket_plan.yaml:648-658	none (outside the three project indexes)	unrepresented		Exact-path exclusion; semantic code was not read
959	specs/.history/modular-fuzzing-epic/ticket-005-MF-014/snapshots/program_model/tests/test_tla_spec_dev_test_graph_adapter.py	out-of-scope	ticket_plan.yaml:648-658	none (outside the three project indexes)	unrepresented		Exact-path exclusion; semantic code was not read
960	specs/.history/modular-fuzzing-epic/ticket-005-MF-014/snapshots/program_model/tests/test_tla_spec_dev_ticket_adapter.py	out-of-scope	ticket_plan.yaml:648-658	none (outside the three project indexes)	unrepresented		Exact-path exclusion; semantic code was not read
961	specs/.history/modular-fuzzing-epic/ticket-005-MF-014/ticket/current/production_adapters.py	out-of-scope	ticket_plan.yaml:648-658	none (outside the three project indexes)	unrepresented		Exact-path exclusion; semantic code was not read
962	specs/.history/modular-fuzzing-epic/ticket-005-MF-014/ticket/current/tests/test_tla_spec_dev_analyze_adapter.py	out-of-scope	ticket_plan.yaml:648-658	none (outside the three project indexes)	unrepresented		Exact-path exclusion; semantic code was not read
963	specs/.history/modular-fuzzing-epic/ticket-005-MF-014/ticket/current/tests/test_tla_spec_dev_budgets_adapter.py	out-of-scope	ticket_plan.yaml:648-658	none (outside the three project indexes)	unrepresented		Exact-path exclusion; semantic code was not read
964	specs/.history/modular-fuzzing-epic/ticket-005-MF-014/ticket/current/tests/test_tla_spec_dev_cli_adapter.py	out-of-scope	ticket_plan.yaml:648-658	none (outside the three project indexes)	unrepresented		Exact-path exclusion; semantic code was not read
965	specs/.history/modular-fuzzing-epic/ticket-005-MF-014/ticket/current/tests/test_tla_spec_dev_close_promotion_adapter.py	out-of-scope	ticket_plan.yaml:648-658	none (outside the three project indexes)	unrepresented		Exact-path exclusion; semantic code was not read
966	specs/.history/modular-fuzzing-epic/ticket-005-MF-014/ticket/current/tests/test_tla_spec_dev_corpus_adapter.py	out-of-scope	ticket_plan.yaml:648-658	none (outside the three project indexes)	unrepresented		Exact-path exclusion; semantic code was not read
967	specs/.history/modular-fuzzing-epic/ticket-005-MF-014/ticket/current/tests/test_tla_spec_dev_run_adapter.py	out-of-scope	ticket_plan.yaml:648-658	none (outside the three project indexes)	unrepresented		Exact-path exclusion; semantic code was not read
968	specs/.history/modular-fuzzing-epic/ticket-005-MF-014/ticket/current/tests/test_tla_spec_dev_scaffold_adapter.py	out-of-scope	ticket_plan.yaml:648-658	none (outside the three project indexes)	unrepresented		Exact-path exclusion; semantic code was not read
969	specs/.history/modular-fuzzing-epic/ticket-005-MF-014/ticket/current/tests/test_tla_spec_dev_skill_feedback_adapter.py	out-of-scope	ticket_plan.yaml:648-658	none (outside the three project indexes)	unrepresented		Exact-path exclusion; semantic code was not read
970	specs/.history/modular-fuzzing-epic/ticket-005-MF-014/ticket/current/tests/test_tla_spec_dev_test_graph_adapter.py	out-of-scope	ticket_plan.yaml:648-658	none (outside the three project indexes)	unrepresented		Exact-path exclusion; semantic code was not read
971	specs/.history/modular-fuzzing-epic/ticket-005-MF-014/ticket/current/tests/test_tla_spec_dev_ticket_adapter.py	out-of-scope	ticket_plan.yaml:648-658	none (outside the three project indexes)	unrepresented		Exact-path exclusion; semantic code was not read
972	specs/.history/modular-fuzzing-epic/ticket-005-MF-014/ticket/desired/production_adapters.py	out-of-scope	ticket_plan.yaml:648-658	none (outside the three project indexes)	unrepresented		Exact-path exclusion; semantic code was not read
973	specs/.history/modular-fuzzing-epic/ticket-005-MF-014/ticket/desired/tests/test_tla_spec_dev_analyze_adapter.py	out-of-scope	ticket_plan.yaml:648-658	none (outside the three project indexes)	unrepresented		Exact-path exclusion; semantic code was not read
974	specs/.history/modular-fuzzing-epic/ticket-005-MF-014/ticket/desired/tests/test_tla_spec_dev_budgets_adapter.py	out-of-scope	ticket_plan.yaml:648-658	none (outside the three project indexes)	unrepresented		Exact-path exclusion; semantic code was not read
975	specs/.history/modular-fuzzing-epic/ticket-005-MF-014/ticket/desired/tests/test_tla_spec_dev_cli_adapter.py	out-of-scope	ticket_plan.yaml:648-658	none (outside the three project indexes)	unrepresented		Exact-path exclusion; semantic code was not read
976	specs/.history/modular-fuzzing-epic/ticket-005-MF-014/ticket/desired/tests/test_tla_spec_dev_close_promotion_adapter.py	out-of-scope	ticket_plan.yaml:648-658	none (outside the three project indexes)	unrepresented		Exact-path exclusion; semantic code was not read
977	specs/.history/modular-fuzzing-epic/ticket-005-MF-014/ticket/desired/tests/test_tla_spec_dev_corpus_adapter.py	out-of-scope	ticket_plan.yaml:648-658	none (outside the three project indexes)	unrepresented		Exact-path exclusion; semantic code was not read
978	specs/.history/modular-fuzzing-epic/ticket-005-MF-014/ticket/desired/tests/test_tla_spec_dev_run_adapter.py	out-of-scope	ticket_plan.yaml:648-658	none (outside the three project indexes)	unrepresented		Exact-path exclusion; semantic code was not read
979	specs/.history/modular-fuzzing-epic/ticket-005-MF-014/ticket/desired/tests/test_tla_spec_dev_scaffold_adapter.py	out-of-scope	ticket_plan.yaml:648-658	none (outside the three project indexes)	unrepresented		Exact-path exclusion; semantic code was not read
980	specs/.history/modular-fuzzing-epic/ticket-005-MF-014/ticket/desired/tests/test_tla_spec_dev_skill_feedback_adapter.py	out-of-scope	ticket_plan.yaml:648-658	none (outside the three project indexes)	unrepresented		Exact-path exclusion; semantic code was not read
981	specs/.history/modular-fuzzing-epic/ticket-005-MF-014/ticket/desired/tests/test_tla_spec_dev_test_graph_adapter.py	out-of-scope	ticket_plan.yaml:648-658	none (outside the three project indexes)	unrepresented		Exact-path exclusion; semantic code was not read
982	specs/.history/modular-fuzzing-epic/ticket-005-MF-014/ticket/desired/tests/test_tla_spec_dev_ticket_adapter.py	out-of-scope	ticket_plan.yaml:648-658	none (outside the three project indexes)	unrepresented		Exact-path exclusion; semantic code was not read
983	specs/.history/modular-fuzzing-epic/ticket-005-MF-014/ticket/results/graph-cliWorkflow/tla-spec-dev-bin/tla-spec-dev	out-of-scope	ticket_plan.yaml:648-658	none (outside the three project indexes)	unrepresented		Exact-path exclusion; semantic code was not read
984	specs/.history/modular-fuzzing-epic/ticket-005-MF-014/ticket/results/graph-specWorkflow/cleanup-failure-probe-test-graph/build-logic/build.gradle.kts	out-of-scope	ticket_plan.yaml:648-658	none (outside the three project indexes)	unrepresented		Exact-path exclusion; semantic code was not read
985	specs/.history/modular-fuzzing-epic/ticket-005-MF-014/ticket/results/graph-specWorkflow/cleanup-failure-probe-test-graph/build-logic/settings.gradle.kts	out-of-scope	ticket_plan.yaml:648-658	none (outside the three project indexes)	unrepresented		Exact-path exclusion; semantic code was not read
986	specs/.history/modular-fuzzing-epic/ticket-005-MF-014/ticket/results/graph-specWorkflow/cleanup-failure-probe-test-graph/build-logic/src/main/kotlin/com/hayden/testgraphsdk/GraphAssembler.kt	out-of-scope	ticket_plan.yaml:648-658	none (outside the three project indexes)	unrepresented		Exact-path exclusion; semantic code was not read
987	specs/.history/modular-fuzzing-epic/ticket-005-MF-014/ticket/results/graph-specWorkflow/cleanup-failure-probe-test-graph/build-logic/src/main/kotlin/com/hayden/testgraphsdk/GraphModel.kt	out-of-scope	ticket_plan.yaml:648-658	none (outside the three project indexes)	unrepresented		Exact-path exclusion; semantic code was not read
988	specs/.history/modular-fuzzing-epic/ticket-005-MF-014/ticket/results/graph-specWorkflow/cleanup-failure-probe-test-graph/build-logic/src/main/kotlin/com/hayden/testgraphsdk/MiniJson.kt	out-of-scope	ticket_plan.yaml:648-658	none (outside the three project indexes)	unrepresented		Exact-path exclusion; semantic code was not read
989	specs/.history/modular-fuzzing-epic/ticket-005-MF-014/ticket/results/graph-specWorkflow/cleanup-failure-probe-test-graph/build-logic/src/main/kotlin/com/hayden/testgraphsdk/NodeDescribeLoader.kt	out-of-scope	ticket_plan.yaml:648-658	none (outside the three project indexes)	unrepresented		Exact-path exclusion; semantic code was not read
990	specs/.history/modular-fuzzing-epic/ticket-005-MF-014/ticket/results/graph-specWorkflow/cleanup-failure-probe-test-graph/build-logic/src/main/kotlin/com/hayden/testgraphsdk/TestGraphSpec.kt	out-of-scope	ticket_plan.yaml:648-658	none (outside the three project indexes)	unrepresented		Exact-path exclusion; semantic code was not read
991	specs/.history/modular-fuzzing-epic/ticket-005-MF-014/ticket/results/graph-specWorkflow/cleanup-failure-probe-test-graph/build-logic/src/main/kotlin/com/hayden/testgraphsdk/Toolchain.kt	out-of-scope	ticket_plan.yaml:648-658	none (outside the three project indexes)	unrepresented		Exact-path exclusion; semantic code was not read
992	specs/.history/modular-fuzzing-epic/ticket-005-MF-014/ticket/results/graph-specWorkflow/cleanup-failure-probe-test-graph/build-logic/src/main/kotlin/com/hayden/testgraphsdk/ValidationGraphExtension.kt	out-of-scope	ticket_plan.yaml:648-658	none (outside the three project indexes)	unrepresented		Exact-path exclusion; semantic code was not read
993	specs/.history/modular-fuzzing-epic/ticket-005-MF-014/ticket/results/graph-specWorkflow/cleanup-failure-probe-test-graph/build-logic/src/main/kotlin/com/hayden/testgraphsdk/ValidationGraphPlugin.kt	out-of-scope	ticket_plan.yaml:648-658	none (outside the three project indexes)	unrepresented		Exact-path exclusion; semantic code was not read
994	specs/.history/modular-fuzzing-epic/ticket-005-MF-014/ticket/results/graph-specWorkflow/cleanup-failure-probe-test-graph/build-logic/src/main/kotlin/com/hayden/testgraphsdk/ValidationNodeSpec.kt	out-of-scope	ticket_plan.yaml:648-658	none (outside the three project indexes)	unrepresented		Exact-path exclusion; semantic code was not read
995	specs/.history/modular-fuzzing-epic/ticket-005-MF-014/ticket/results/graph-specWorkflow/cleanup-failure-probe-test-graph/build-logic/src/main/kotlin/com/hayden/testgraphsdk/ValidationRuntime.kt	out-of-scope	ticket_plan.yaml:648-658	none (outside the three project indexes)	unrepresented		Exact-path exclusion; semantic code was not read
996	specs/.history/modular-fuzzing-epic/ticket-005-MF-014/ticket/results/graph-specWorkflow/cleanup-failure-probe-test-graph/build-logic/src/main/kotlin/com/hayden/testgraphsdk/exec/Context.kt	out-of-scope	ticket_plan.yaml:648-658	none (outside the three project indexes)	unrepresented		Exact-path exclusion; semantic code was not read
997	specs/.history/modular-fuzzing-epic/ticket-005-MF-014/ticket/results/graph-specWorkflow/cleanup-failure-probe-test-graph/build-logic/src/main/kotlin/com/hayden/testgraphsdk/exec/Executors.kt	out-of-scope	ticket_plan.yaml:648-658	none (outside the three project indexes)	unrepresented		Exact-path exclusion; semantic code was not read
998	specs/.history/modular-fuzzing-epic/ticket-005-MF-014/ticket/results/graph-specWorkflow/cleanup-failure-probe-test-graph/build-logic/src/main/kotlin/com/hayden/testgraphsdk/exec/JBangExecutor.kt	out-of-scope	ticket_plan.yaml:648-658	none (outside the three project indexes)	unrepresented		Exact-path exclusion; semantic code was not read
999	specs/.history/modular-fuzzing-epic/ticket-005-MF-014/ticket/results/graph-specWorkflow/cleanup-failure-probe-test-graph/build-logic/src/main/kotlin/com/hayden/testgraphsdk/exec/PlanExecutor.kt	out-of-scope	ticket_plan.yaml:648-658	none (outside the three project indexes)	unrepresented		Exact-path exclusion; semantic code was not read
1000	specs/.history/modular-fuzzing-epic/ticket-005-MF-014/ticket/results/graph-specWorkflow/cleanup-failure-probe-test-graph/build-logic/src/main/kotlin/com/hayden/testgraphsdk/exec/TimeoutParser.kt	out-of-scope	ticket_plan.yaml:648-658	none (outside the three project indexes)	unrepresented		Exact-path exclusion; semantic code was not read
1001	specs/.history/modular-fuzzing-epic/ticket-005-MF-014/ticket/results/graph-specWorkflow/cleanup-failure-probe-test-graph/build-logic/src/main/kotlin/com/hayden/testgraphsdk/exec/UvExecutor.kt	out-of-scope	ticket_plan.yaml:648-658	none (outside the three project indexes)	unrepresented		Exact-path exclusion; semantic code was not read
1002	specs/.history/modular-fuzzing-epic/ticket-005-MF-014/ticket/results/graph-specWorkflow/cleanup-failure-probe-test-graph/build-logic/src/main/kotlin/com/hayden/testgraphsdk/tasks/InspectionTasks.kt	out-of-scope	ticket_plan.yaml:648-658	none (outside the three project indexes)	unrepresented		Exact-path exclusion; semantic code was not read
1003	specs/.history/modular-fuzzing-epic/ticket-005-MF-014/ticket/results/graph-specWorkflow/cleanup-failure-probe-test-graph/build-logic/src/main/kotlin/com/hayden/testgraphsdk/tasks/RunReportWriter.kt	out-of-scope	ticket_plan.yaml:648-658	none (outside the three project indexes)	unrepresented		Exact-path exclusion; semantic code was not read
1004	specs/.history/modular-fuzzing-epic/ticket-005-MF-014/ticket/results/graph-specWorkflow/cleanup-failure-probe-test-graph/build-logic/src/main/kotlin/com/hayden/testgraphsdk/tasks/RunTestGraphTask.kt	out-of-scope	ticket_plan.yaml:648-658	none (outside the three project indexes)	unrepresented		Exact-path exclusion; semantic code was not read
1005	specs/.history/modular-fuzzing-epic/ticket-005-MF-014/ticket/results/graph-specWorkflow/cleanup-failure-probe-test-graph/build-logic/src/main/kotlin/com/hayden/testgraphsdk/tasks/ValidationReportTask.kt	out-of-scope	ticket_plan.yaml:648-658	none (outside the three project indexes)	unrepresented		Exact-path exclusion; semantic code was not read
1006	specs/.history/modular-fuzzing-epic/ticket-005-MF-014/ticket/results/graph-specWorkflow/cleanup-failure-probe-test-graph/build-logic/src/test/kotlin/com/hayden/testgraphsdk/exec/PlanExecutorResumeHarnessTest.kt	out-of-scope	ticket_plan.yaml:648-658	none (outside the three project indexes)	unrepresented		Exact-path exclusion; semantic code was not read
1007	specs/.history/modular-fuzzing-epic/ticket-005-MF-014/ticket/results/graph-specWorkflow/cleanup-failure-probe-test-graph/build.gradle.kts	out-of-scope	ticket_plan.yaml:648-658	none (outside the three project indexes)	unrepresented		Exact-path exclusion; semantic code was not read
1008	specs/.history/modular-fuzzing-epic/ticket-005-MF-014/ticket/results/graph-specWorkflow/cleanup-failure-probe-test-graph/gradlew	out-of-scope	ticket_plan.yaml:648-658	none (outside the three project indexes)	unrepresented		Exact-path exclusion; semantic code was not read
1009	specs/.history/modular-fuzzing-epic/ticket-005-MF-014/ticket/results/graph-specWorkflow/cleanup-failure-probe-test-graph/sdk/java/build.gradle.kts	out-of-scope	ticket_plan.yaml:648-658	none (outside the three project indexes)	unrepresented		Exact-path exclusion; semantic code was not read
1010	specs/.history/modular-fuzzing-epic/ticket-005-MF-014/ticket/results/graph-specWorkflow/cleanup-failure-probe-test-graph/sdk/java/src/main/java/com/hayden/testgraphsdk/sdk/ContextItem.java	out-of-scope	ticket_plan.yaml:648-658	none (outside the three project indexes)	unrepresented		Exact-path exclusion; semantic code was not read
1011	specs/.history/modular-fuzzing-epic/ticket-005-MF-014/ticket/results/graph-specWorkflow/cleanup-failure-probe-test-graph/sdk/java/src/main/java/com/hayden/testgraphsdk/sdk/ContextSerde.java	out-of-scope	ticket_plan.yaml:648-658	none (outside the three project indexes)	unrepresented		Exact-path exclusion; semantic code was not read
1012	specs/.history/modular-fuzzing-epic/ticket-005-MF-014/ticket/results/graph-specWorkflow/cleanup-failure-probe-test-graph/sdk/java/src/main/java/com/hayden/testgraphsdk/sdk/Json.java	out-of-scope	ticket_plan.yaml:648-658	none (outside the three project indexes)	unrepresented		Exact-path exclusion; semantic code was not read
1013	specs/.history/modular-fuzzing-epic/ticket-005-MF-014/ticket/results/graph-specWorkflow/cleanup-failure-probe-test-graph/sdk/java/src/main/java/com/hayden/testgraphsdk/sdk/JsonMapper.java	out-of-scope	ticket_plan.yaml:648-658	none (outside the three project indexes)	unrepresented		Exact-path exclusion; semantic code was not read
1014	specs/.history/modular-fuzzing-epic/ticket-005-MF-014/ticket/results/graph-specWorkflow/cleanup-failure-probe-test-graph/sdk/java/src/main/java/com/hayden/testgraphsdk/sdk/Node.java	out-of-scope	ticket_plan.yaml:648-658	none (outside the three project indexes)	unrepresented		Exact-path exclusion; semantic code was not read
1015	specs/.history/modular-fuzzing-epic/ticket-005-MF-014/ticket/results/graph-specWorkflow/cleanup-failure-probe-test-graph/sdk/java/src/main/java/com/hayden/testgraphsdk/sdk/NodeBody.java	out-of-scope	ticket_plan.yaml:648-658	none (outside the three project indexes)	unrepresented		Exact-path exclusion; semantic code was not read
1016	specs/.history/modular-fuzzing-epic/ticket-005-MF-014/ticket/results/graph-specWorkflow/cleanup-failure-probe-test-graph/sdk/java/src/main/java/com/hayden/testgraphsdk/sdk/NodeContext.java	out-of-scope	ticket_plan.yaml:648-658	none (outside the three project indexes)	unrepresented		Exact-path exclusion; semantic code was not read
1017	specs/.history/modular-fuzzing-epic/ticket-005-MF-014/ticket/results/graph-specWorkflow/cleanup-failure-probe-test-graph/sdk/java/src/main/java/com/hayden/testgraphsdk/sdk/NodeResult.java	out-of-scope	ticket_plan.yaml:648-658	none (outside the three project indexes)	unrepresented		Exact-path exclusion; semantic code was not read
1018	specs/.history/modular-fuzzing-epic/ticket-005-MF-014/ticket/results/graph-specWorkflow/cleanup-failure-probe-test-graph/sdk/java/src/main/java/com/hayden/testgraphsdk/sdk/NodeSpec.java	out-of-scope	ticket_plan.yaml:648-658	none (outside the three project indexes)	unrepresented		Exact-path exclusion; semantic code was not read
1019	specs/.history/modular-fuzzing-epic/ticket-005-MF-014/ticket/results/graph-specWorkflow/cleanup-failure-probe-test-graph/sdk/java/src/main/java/com/hayden/testgraphsdk/sdk/NodeStatus.java	out-of-scope	ticket_plan.yaml:648-658	none (outside the three project indexes)	unrepresented		Exact-path exclusion; semantic code was not read
1020	specs/.history/modular-fuzzing-epic/ticket-005-MF-014/ticket/results/graph-specWorkflow/cleanup-failure-probe-test-graph/sdk/java/src/main/java/com/hayden/testgraphsdk/sdk/ProcessRecord.java	out-of-scope	ticket_plan.yaml:648-658	none (outside the three project indexes)	unrepresented		Exact-path exclusion; semantic code was not read
1021	specs/.history/modular-fuzzing-epic/ticket-005-MF-014/ticket/results/graph-specWorkflow/cleanup-failure-probe-test-graph/sdk/java/src/main/java/com/hayden/testgraphsdk/sdk/Procs.java	out-of-scope	ticket_plan.yaml:648-658	none (outside the three project indexes)	unrepresented		Exact-path exclusion; semantic code was not read
1022	specs/.history/modular-fuzzing-epic/ticket-005-MF-014/ticket/results/graph-specWorkflow/cleanup-failure-probe-test-graph/sdk/python/src/testgraphsdk/__init__.py	out-of-scope	ticket_plan.yaml:648-658	none (outside the three project indexes)	unrepresented		Exact-path exclusion; semantic code was not read
1023	specs/.history/modular-fuzzing-epic/ticket-005-MF-014/ticket/results/graph-specWorkflow/cleanup-failure-probe-test-graph/sdk/python/src/testgraphsdk/context.py	out-of-scope	ticket_plan.yaml:648-658	none (outside the three project indexes)	unrepresented		Exact-path exclusion; semantic code was not read
1024	specs/.history/modular-fuzzing-epic/ticket-005-MF-014/ticket/results/graph-specWorkflow/cleanup-failure-probe-test-graph/sdk/python/src/testgraphsdk/context_item.py	out-of-scope	ticket_plan.yaml:648-658	none (outside the three project indexes)	unrepresented		Exact-path exclusion; semantic code was not read
1025	specs/.history/modular-fuzzing-epic/ticket-005-MF-014/ticket/results/graph-specWorkflow/cleanup-failure-probe-test-graph/sdk/python/src/testgraphsdk/node_spec.py	out-of-scope	ticket_plan.yaml:648-658	none (outside the three project indexes)	unrepresented		Exact-path exclusion; semantic code was not read
1026	specs/.history/modular-fuzzing-epic/ticket-005-MF-014/ticket/results/graph-specWorkflow/cleanup-failure-probe-test-graph/sdk/python/src/testgraphsdk/procs.py	out-of-scope	ticket_plan.yaml:648-658	none (outside the three project indexes)	unrepresented		Exact-path exclusion; semantic code was not read
1027	specs/.history/modular-fuzzing-epic/ticket-005-MF-014/ticket/results/graph-specWorkflow/cleanup-failure-probe-test-graph/sdk/python/src/testgraphsdk/result.py	out-of-scope	ticket_plan.yaml:648-658	none (outside the three project indexes)	unrepresented		Exact-path exclusion; semantic code was not read
1028	specs/.history/modular-fuzzing-epic/ticket-005-MF-014/ticket/results/graph-specWorkflow/cleanup-failure-probe-test-graph/sdk/python/src/testgraphsdk/runner.py	out-of-scope	ticket_plan.yaml:648-658	none (outside the three project indexes)	unrepresented		Exact-path exclusion; semantic code was not read
1029	specs/.history/modular-fuzzing-epic/ticket-005-MF-014/ticket/results/graph-specWorkflow/cleanup-failure-probe-test-graph/settings.gradle.kts	out-of-scope	ticket_plan.yaml:648-658	none (outside the three project indexes)	unrepresented		Exact-path exclusion; semantic code was not read
1030	specs/.history/modular-fuzzing-epic/ticket-005-MF-014/ticket/results/graph-specWorkflow/cleanup-failure-probe-test-graph/sources/spec_workflow_cleanup.py	out-of-scope	ticket_plan.yaml:648-658	none (outside the three project indexes)	unrepresented		Exact-path exclusion; semantic code was not read
1031	specs/.history/modular-fuzzing-epic/ticket-005-MF-014/ticket/results/graph-specWorkflow/cleanup-failure-probe-test-graph/sources/spec_workflow_close_ticket.py	out-of-scope	ticket_plan.yaml:648-658	none (outside the three project indexes)	unrepresented		Exact-path exclusion; semantic code was not read
1032	specs/.history/modular-fuzzing-epic/ticket-005-MF-014/ticket/results/graph-specWorkflow/cleanup-failure-probe-test-graph/sources/spec_workflow_complete_ticket.py	out-of-scope	ticket_plan.yaml:648-658	none (outside the three project indexes)	unrepresented		Exact-path exclusion; semantic code was not read
1033	specs/.history/modular-fuzzing-epic/ticket-005-MF-014/ticket/results/graph-specWorkflow/cleanup-failure-probe-test-graph/sources/spec_workflow_create_repo.py	out-of-scope	ticket_plan.yaml:648-658	none (outside the three project indexes)	unrepresented		Exact-path exclusion; semantic code was not read
1034	specs/.history/modular-fuzzing-epic/ticket-005-MF-014/ticket/results/graph-specWorkflow/cleanup-failure-probe-test-graph/sources/spec_workflow_failure_cleanup_probe.py	out-of-scope	ticket_plan.yaml:648-658	none (outside the three project indexes)	unrepresented		Exact-path exclusion; semantic code was not read
1035	specs/.history/modular-fuzzing-epic/ticket-005-MF-014/ticket/results/graph-specWorkflow/cleanup-failure-probe-test-graph/sources/spec_workflow_force_failure.py	out-of-scope	ticket_plan.yaml:648-658	none (outside the three project indexes)	unrepresented		Exact-path exclusion; semantic code was not read
1036	specs/.history/modular-fuzzing-epic/ticket-005-MF-014/ticket/results/graph-specWorkflow/cleanup-failure-probe-test-graph/sources/spec_workflow_spec_units.py	out-of-scope	ticket_plan.yaml:648-658	none (outside the three project indexes)	unrepresented		Exact-path exclusion; semantic code was not read
1037	specs/.history/modular-fuzzing-epic/ticket-005-MF-014/ticket/results/graph-specWorkflow/cleanup-failure-probe-test-graph/sources/spec_workflow_start_ticket.py	out-of-scope	ticket_plan.yaml:648-658	none (outside the three project indexes)	unrepresented		Exact-path exclusion; semantic code was not read
1038	specs/.history/modular-fuzzing-epic/ticket-005-MF-014/ticket/results/graph-specWorkflow/cleanup-failure-probe-test-graph/sources/tla_spec_dev_cli_help.py	out-of-scope	ticket_plan.yaml:648-658	none (outside the three project indexes)	unrepresented		Exact-path exclusion; semantic code was not read
1039	specs/.history/modular-fuzzing-epic/ticket-005-MF-014/ticket/results/graph-specWorkflow/cleanup-failure-probe-test-graph/sources/tla_spec_dev_cli_install.py	out-of-scope	ticket_plan.yaml:648-658	none (outside the three project indexes)	unrepresented		Exact-path exclusion; semantic code was not read
1040	specs/.history/modular-fuzzing-epic/ticket-005-MF-014/ticket/results/graph-specWorkflow/tla-spec-dev-bin/tla-spec-dev	out-of-scope	ticket_plan.yaml:648-658	none (outside the three project indexes)	unrepresented		Exact-path exclusion; semantic code was not read
1041	specs/.history/modular-fuzzing-epic/ticket-005-MF-014/ticket/tests/test_ticket_workflow.py	out-of-scope	ticket_plan.yaml:648-658	none (outside the three project indexes)	unrepresented		Exact-path exclusion; semantic code was not read
1042	specs/.history/modular-fuzzing-epic/ticket-006-MF-013/results/cliWorkflow-report-post-promotion/tla-spec-dev-bin/tla-spec-dev	out-of-scope	ticket_plan.yaml:648-658	none (outside the three project indexes)	unrepresented		Exact-path exclusion; semantic code was not read
1043	specs/.history/modular-fuzzing-epic/ticket-006-MF-013/results/cliWorkflow-report/tla-spec-dev-bin/tla-spec-dev	out-of-scope	ticket_plan.yaml:648-658	none (outside the three project indexes)	unrepresented		Exact-path exclusion; semantic code was not read
1044	specs/.history/modular-fuzzing-epic/ticket-006-MF-013/results/specWorkflow-report-post-promotion/cleanup-failure-probe-test-graph/build-logic/build.gradle.kts	out-of-scope	ticket_plan.yaml:648-658	none (outside the three project indexes)	unrepresented		Exact-path exclusion; semantic code was not read
1045	specs/.history/modular-fuzzing-epic/ticket-006-MF-013/results/specWorkflow-report-post-promotion/cleanup-failure-probe-test-graph/build-logic/settings.gradle.kts	out-of-scope	ticket_plan.yaml:648-658	none (outside the three project indexes)	unrepresented		Exact-path exclusion; semantic code was not read
1046	specs/.history/modular-fuzzing-epic/ticket-006-MF-013/results/specWorkflow-report-post-promotion/cleanup-failure-probe-test-graph/build-logic/src/main/kotlin/com/hayden/testgraphsdk/GraphAssembler.kt	out-of-scope	ticket_plan.yaml:648-658	none (outside the three project indexes)	unrepresented		Exact-path exclusion; semantic code was not read
1047	specs/.history/modular-fuzzing-epic/ticket-006-MF-013/results/specWorkflow-report-post-promotion/cleanup-failure-probe-test-graph/build-logic/src/main/kotlin/com/hayden/testgraphsdk/GraphModel.kt	out-of-scope	ticket_plan.yaml:648-658	none (outside the three project indexes)	unrepresented		Exact-path exclusion; semantic code was not read
1048	specs/.history/modular-fuzzing-epic/ticket-006-MF-013/results/specWorkflow-report-post-promotion/cleanup-failure-probe-test-graph/build-logic/src/main/kotlin/com/hayden/testgraphsdk/MiniJson.kt	out-of-scope	ticket_plan.yaml:648-658	none (outside the three project indexes)	unrepresented		Exact-path exclusion; semantic code was not read
1049	specs/.history/modular-fuzzing-epic/ticket-006-MF-013/results/specWorkflow-report-post-promotion/cleanup-failure-probe-test-graph/build-logic/src/main/kotlin/com/hayden/testgraphsdk/NodeDescribeLoader.kt	out-of-scope	ticket_plan.yaml:648-658	none (outside the three project indexes)	unrepresented		Exact-path exclusion; semantic code was not read
1050	specs/.history/modular-fuzzing-epic/ticket-006-MF-013/results/specWorkflow-report-post-promotion/cleanup-failure-probe-test-graph/build-logic/src/main/kotlin/com/hayden/testgraphsdk/TestGraphSpec.kt	out-of-scope	ticket_plan.yaml:648-658	none (outside the three project indexes)	unrepresented		Exact-path exclusion; semantic code was not read
1051	specs/.history/modular-fuzzing-epic/ticket-006-MF-013/results/specWorkflow-report-post-promotion/cleanup-failure-probe-test-graph/build-logic/src/main/kotlin/com/hayden/testgraphsdk/Toolchain.kt	out-of-scope	ticket_plan.yaml:648-658	none (outside the three project indexes)	unrepresented		Exact-path exclusion; semantic code was not read
1052	specs/.history/modular-fuzzing-epic/ticket-006-MF-013/results/specWorkflow-report-post-promotion/cleanup-failure-probe-test-graph/build-logic/src/main/kotlin/com/hayden/testgraphsdk/ValidationGraphExtension.kt	out-of-scope	ticket_plan.yaml:648-658	none (outside the three project indexes)	unrepresented		Exact-path exclusion; semantic code was not read
1053	specs/.history/modular-fuzzing-epic/ticket-006-MF-013/results/specWorkflow-report-post-promotion/cleanup-failure-probe-test-graph/build-logic/src/main/kotlin/com/hayden/testgraphsdk/ValidationGraphPlugin.kt	out-of-scope	ticket_plan.yaml:648-658	none (outside the three project indexes)	unrepresented		Exact-path exclusion; semantic code was not read
1054	specs/.history/modular-fuzzing-epic/ticket-006-MF-013/results/specWorkflow-report-post-promotion/cleanup-failure-probe-test-graph/build-logic/src/main/kotlin/com/hayden/testgraphsdk/ValidationNodeSpec.kt	out-of-scope	ticket_plan.yaml:648-658	none (outside the three project indexes)	unrepresented		Exact-path exclusion; semantic code was not read
1055	specs/.history/modular-fuzzing-epic/ticket-006-MF-013/results/specWorkflow-report-post-promotion/cleanup-failure-probe-test-graph/build-logic/src/main/kotlin/com/hayden/testgraphsdk/ValidationRuntime.kt	out-of-scope	ticket_plan.yaml:648-658	none (outside the three project indexes)	unrepresented		Exact-path exclusion; semantic code was not read
1056	specs/.history/modular-fuzzing-epic/ticket-006-MF-013/results/specWorkflow-report-post-promotion/cleanup-failure-probe-test-graph/build-logic/src/main/kotlin/com/hayden/testgraphsdk/exec/Context.kt	out-of-scope	ticket_plan.yaml:648-658	none (outside the three project indexes)	unrepresented		Exact-path exclusion; semantic code was not read
1057	specs/.history/modular-fuzzing-epic/ticket-006-MF-013/results/specWorkflow-report-post-promotion/cleanup-failure-probe-test-graph/build-logic/src/main/kotlin/com/hayden/testgraphsdk/exec/Executors.kt	out-of-scope	ticket_plan.yaml:648-658	none (outside the three project indexes)	unrepresented		Exact-path exclusion; semantic code was not read
1058	specs/.history/modular-fuzzing-epic/ticket-006-MF-013/results/specWorkflow-report-post-promotion/cleanup-failure-probe-test-graph/build-logic/src/main/kotlin/com/hayden/testgraphsdk/exec/JBangExecutor.kt	out-of-scope	ticket_plan.yaml:648-658	none (outside the three project indexes)	unrepresented		Exact-path exclusion; semantic code was not read
1059	specs/.history/modular-fuzzing-epic/ticket-006-MF-013/results/specWorkflow-report-post-promotion/cleanup-failure-probe-test-graph/build-logic/src/main/kotlin/com/hayden/testgraphsdk/exec/PlanExecutor.kt	out-of-scope	ticket_plan.yaml:648-658	none (outside the three project indexes)	unrepresented		Exact-path exclusion; semantic code was not read
1060	specs/.history/modular-fuzzing-epic/ticket-006-MF-013/results/specWorkflow-report-post-promotion/cleanup-failure-probe-test-graph/build-logic/src/main/kotlin/com/hayden/testgraphsdk/exec/TimeoutParser.kt	out-of-scope	ticket_plan.yaml:648-658	none (outside the three project indexes)	unrepresented		Exact-path exclusion; semantic code was not read
1061	specs/.history/modular-fuzzing-epic/ticket-006-MF-013/results/specWorkflow-report-post-promotion/cleanup-failure-probe-test-graph/build-logic/src/main/kotlin/com/hayden/testgraphsdk/exec/UvExecutor.kt	out-of-scope	ticket_plan.yaml:648-658	none (outside the three project indexes)	unrepresented		Exact-path exclusion; semantic code was not read
1062	specs/.history/modular-fuzzing-epic/ticket-006-MF-013/results/specWorkflow-report-post-promotion/cleanup-failure-probe-test-graph/build-logic/src/main/kotlin/com/hayden/testgraphsdk/tasks/InspectionTasks.kt	out-of-scope	ticket_plan.yaml:648-658	none (outside the three project indexes)	unrepresented		Exact-path exclusion; semantic code was not read
1063	specs/.history/modular-fuzzing-epic/ticket-006-MF-013/results/specWorkflow-report-post-promotion/cleanup-failure-probe-test-graph/build-logic/src/main/kotlin/com/hayden/testgraphsdk/tasks/RunReportWriter.kt	out-of-scope	ticket_plan.yaml:648-658	none (outside the three project indexes)	unrepresented		Exact-path exclusion; semantic code was not read
1064	specs/.history/modular-fuzzing-epic/ticket-006-MF-013/results/specWorkflow-report-post-promotion/cleanup-failure-probe-test-graph/build-logic/src/main/kotlin/com/hayden/testgraphsdk/tasks/RunTestGraphTask.kt	out-of-scope	ticket_plan.yaml:648-658	none (outside the three project indexes)	unrepresented		Exact-path exclusion; semantic code was not read
1065	specs/.history/modular-fuzzing-epic/ticket-006-MF-013/results/specWorkflow-report-post-promotion/cleanup-failure-probe-test-graph/build-logic/src/main/kotlin/com/hayden/testgraphsdk/tasks/ValidationReportTask.kt	out-of-scope	ticket_plan.yaml:648-658	none (outside the three project indexes)	unrepresented		Exact-path exclusion; semantic code was not read
1066	specs/.history/modular-fuzzing-epic/ticket-006-MF-013/results/specWorkflow-report-post-promotion/cleanup-failure-probe-test-graph/build-logic/src/test/kotlin/com/hayden/testgraphsdk/exec/PlanExecutorResumeHarnessTest.kt	out-of-scope	ticket_plan.yaml:648-658	none (outside the three project indexes)	unrepresented		Exact-path exclusion; semantic code was not read
1067	specs/.history/modular-fuzzing-epic/ticket-006-MF-013/results/specWorkflow-report-post-promotion/cleanup-failure-probe-test-graph/build.gradle.kts	out-of-scope	ticket_plan.yaml:648-658	none (outside the three project indexes)	unrepresented		Exact-path exclusion; semantic code was not read
1068	specs/.history/modular-fuzzing-epic/ticket-006-MF-013/results/specWorkflow-report-post-promotion/cleanup-failure-probe-test-graph/gradlew	out-of-scope	ticket_plan.yaml:648-658	none (outside the three project indexes)	unrepresented		Exact-path exclusion; semantic code was not read
1069	specs/.history/modular-fuzzing-epic/ticket-006-MF-013/results/specWorkflow-report-post-promotion/cleanup-failure-probe-test-graph/sdk/java/build.gradle.kts	out-of-scope	ticket_plan.yaml:648-658	none (outside the three project indexes)	unrepresented		Exact-path exclusion; semantic code was not read
1070	specs/.history/modular-fuzzing-epic/ticket-006-MF-013/results/specWorkflow-report-post-promotion/cleanup-failure-probe-test-graph/sdk/java/src/main/java/com/hayden/testgraphsdk/sdk/ContextItem.java	out-of-scope	ticket_plan.yaml:648-658	none (outside the three project indexes)	unrepresented		Exact-path exclusion; semantic code was not read
1071	specs/.history/modular-fuzzing-epic/ticket-006-MF-013/results/specWorkflow-report-post-promotion/cleanup-failure-probe-test-graph/sdk/java/src/main/java/com/hayden/testgraphsdk/sdk/ContextSerde.java	out-of-scope	ticket_plan.yaml:648-658	none (outside the three project indexes)	unrepresented		Exact-path exclusion; semantic code was not read
1072	specs/.history/modular-fuzzing-epic/ticket-006-MF-013/results/specWorkflow-report-post-promotion/cleanup-failure-probe-test-graph/sdk/java/src/main/java/com/hayden/testgraphsdk/sdk/Json.java	out-of-scope	ticket_plan.yaml:648-658	none (outside the three project indexes)	unrepresented		Exact-path exclusion; semantic code was not read
1073	specs/.history/modular-fuzzing-epic/ticket-006-MF-013/results/specWorkflow-report-post-promotion/cleanup-failure-probe-test-graph/sdk/java/src/main/java/com/hayden/testgraphsdk/sdk/JsonMapper.java	out-of-scope	ticket_plan.yaml:648-658	none (outside the three project indexes)	unrepresented		Exact-path exclusion; semantic code was not read
1074	specs/.history/modular-fuzzing-epic/ticket-006-MF-013/results/specWorkflow-report-post-promotion/cleanup-failure-probe-test-graph/sdk/java/src/main/java/com/hayden/testgraphsdk/sdk/Node.java	out-of-scope	ticket_plan.yaml:648-658	none (outside the three project indexes)	unrepresented		Exact-path exclusion; semantic code was not read
1075	specs/.history/modular-fuzzing-epic/ticket-006-MF-013/results/specWorkflow-report-post-promotion/cleanup-failure-probe-test-graph/sdk/java/src/main/java/com/hayden/testgraphsdk/sdk/NodeBody.java	out-of-scope	ticket_plan.yaml:648-658	none (outside the three project indexes)	unrepresented		Exact-path exclusion; semantic code was not read
1076	specs/.history/modular-fuzzing-epic/ticket-006-MF-013/results/specWorkflow-report-post-promotion/cleanup-failure-probe-test-graph/sdk/java/src/main/java/com/hayden/testgraphsdk/sdk/NodeContext.java	out-of-scope	ticket_plan.yaml:648-658	none (outside the three project indexes)	unrepresented		Exact-path exclusion; semantic code was not read
1077	specs/.history/modular-fuzzing-epic/ticket-006-MF-013/results/specWorkflow-report-post-promotion/cleanup-failure-probe-test-graph/sdk/java/src/main/java/com/hayden/testgraphsdk/sdk/NodeResult.java	out-of-scope	ticket_plan.yaml:648-658	none (outside the three project indexes)	unrepresented		Exact-path exclusion; semantic code was not read
1078	specs/.history/modular-fuzzing-epic/ticket-006-MF-013/results/specWorkflow-report-post-promotion/cleanup-failure-probe-test-graph/sdk/java/src/main/java/com/hayden/testgraphsdk/sdk/NodeSpec.java	out-of-scope	ticket_plan.yaml:648-658	none (outside the three project indexes)	unrepresented		Exact-path exclusion; semantic code was not read
1079	specs/.history/modular-fuzzing-epic/ticket-006-MF-013/results/specWorkflow-report-post-promotion/cleanup-failure-probe-test-graph/sdk/java/src/main/java/com/hayden/testgraphsdk/sdk/NodeStatus.java	out-of-scope	ticket_plan.yaml:648-658	none (outside the three project indexes)	unrepresented		Exact-path exclusion; semantic code was not read
1080	specs/.history/modular-fuzzing-epic/ticket-006-MF-013/results/specWorkflow-report-post-promotion/cleanup-failure-probe-test-graph/sdk/java/src/main/java/com/hayden/testgraphsdk/sdk/ProcessRecord.java	out-of-scope	ticket_plan.yaml:648-658	none (outside the three project indexes)	unrepresented		Exact-path exclusion; semantic code was not read
1081	specs/.history/modular-fuzzing-epic/ticket-006-MF-013/results/specWorkflow-report-post-promotion/cleanup-failure-probe-test-graph/sdk/java/src/main/java/com/hayden/testgraphsdk/sdk/Procs.java	out-of-scope	ticket_plan.yaml:648-658	none (outside the three project indexes)	unrepresented		Exact-path exclusion; semantic code was not read
1082	specs/.history/modular-fuzzing-epic/ticket-006-MF-013/results/specWorkflow-report-post-promotion/cleanup-failure-probe-test-graph/sdk/python/src/testgraphsdk/__init__.py	out-of-scope	ticket_plan.yaml:648-658	none (outside the three project indexes)	unrepresented		Exact-path exclusion; semantic code was not read
1083	specs/.history/modular-fuzzing-epic/ticket-006-MF-013/results/specWorkflow-report-post-promotion/cleanup-failure-probe-test-graph/sdk/python/src/testgraphsdk/context.py	out-of-scope	ticket_plan.yaml:648-658	none (outside the three project indexes)	unrepresented		Exact-path exclusion; semantic code was not read
1084	specs/.history/modular-fuzzing-epic/ticket-006-MF-013/results/specWorkflow-report-post-promotion/cleanup-failure-probe-test-graph/sdk/python/src/testgraphsdk/context_item.py	out-of-scope	ticket_plan.yaml:648-658	none (outside the three project indexes)	unrepresented		Exact-path exclusion; semantic code was not read
1085	specs/.history/modular-fuzzing-epic/ticket-006-MF-013/results/specWorkflow-report-post-promotion/cleanup-failure-probe-test-graph/sdk/python/src/testgraphsdk/node_spec.py	out-of-scope	ticket_plan.yaml:648-658	none (outside the three project indexes)	unrepresented		Exact-path exclusion; semantic code was not read
1086	specs/.history/modular-fuzzing-epic/ticket-006-MF-013/results/specWorkflow-report-post-promotion/cleanup-failure-probe-test-graph/sdk/python/src/testgraphsdk/procs.py	out-of-scope	ticket_plan.yaml:648-658	none (outside the three project indexes)	unrepresented		Exact-path exclusion; semantic code was not read
1087	specs/.history/modular-fuzzing-epic/ticket-006-MF-013/results/specWorkflow-report-post-promotion/cleanup-failure-probe-test-graph/sdk/python/src/testgraphsdk/result.py	out-of-scope	ticket_plan.yaml:648-658	none (outside the three project indexes)	unrepresented		Exact-path exclusion; semantic code was not read
1088	specs/.history/modular-fuzzing-epic/ticket-006-MF-013/results/specWorkflow-report-post-promotion/cleanup-failure-probe-test-graph/sdk/python/src/testgraphsdk/runner.py	out-of-scope	ticket_plan.yaml:648-658	none (outside the three project indexes)	unrepresented		Exact-path exclusion; semantic code was not read
1089	specs/.history/modular-fuzzing-epic/ticket-006-MF-013/results/specWorkflow-report-post-promotion/cleanup-failure-probe-test-graph/settings.gradle.kts	out-of-scope	ticket_plan.yaml:648-658	none (outside the three project indexes)	unrepresented		Exact-path exclusion; semantic code was not read
1090	specs/.history/modular-fuzzing-epic/ticket-006-MF-013/results/specWorkflow-report-post-promotion/cleanup-failure-probe-test-graph/sources/spec_workflow_cleanup.py	out-of-scope	ticket_plan.yaml:648-658	none (outside the three project indexes)	unrepresented		Exact-path exclusion; semantic code was not read
1091	specs/.history/modular-fuzzing-epic/ticket-006-MF-013/results/specWorkflow-report-post-promotion/cleanup-failure-probe-test-graph/sources/spec_workflow_close_ticket.py	out-of-scope	ticket_plan.yaml:648-658	none (outside the three project indexes)	unrepresented		Exact-path exclusion; semantic code was not read
1092	specs/.history/modular-fuzzing-epic/ticket-006-MF-013/results/specWorkflow-report-post-promotion/cleanup-failure-probe-test-graph/sources/spec_workflow_complete_ticket.py	out-of-scope	ticket_plan.yaml:648-658	none (outside the three project indexes)	unrepresented		Exact-path exclusion; semantic code was not read
1093	specs/.history/modular-fuzzing-epic/ticket-006-MF-013/results/specWorkflow-report-post-promotion/cleanup-failure-probe-test-graph/sources/spec_workflow_create_repo.py	out-of-scope	ticket_plan.yaml:648-658	none (outside the three project indexes)	unrepresented		Exact-path exclusion; semantic code was not read
1094	specs/.history/modular-fuzzing-epic/ticket-006-MF-013/results/specWorkflow-report-post-promotion/cleanup-failure-probe-test-graph/sources/spec_workflow_failure_cleanup_probe.py	out-of-scope	ticket_plan.yaml:648-658	none (outside the three project indexes)	unrepresented		Exact-path exclusion; semantic code was not read
1095	specs/.history/modular-fuzzing-epic/ticket-006-MF-013/results/specWorkflow-report-post-promotion/cleanup-failure-probe-test-graph/sources/spec_workflow_force_failure.py	out-of-scope	ticket_plan.yaml:648-658	none (outside the three project indexes)	unrepresented		Exact-path exclusion; semantic code was not read
1096	specs/.history/modular-fuzzing-epic/ticket-006-MF-013/results/specWorkflow-report-post-promotion/cleanup-failure-probe-test-graph/sources/spec_workflow_spec_units.py	out-of-scope	ticket_plan.yaml:648-658	none (outside the three project indexes)	unrepresented		Exact-path exclusion; semantic code was not read
1097	specs/.history/modular-fuzzing-epic/ticket-006-MF-013/results/specWorkflow-report-post-promotion/cleanup-failure-probe-test-graph/sources/spec_workflow_start_ticket.py	out-of-scope	ticket_plan.yaml:648-658	none (outside the three project indexes)	unrepresented		Exact-path exclusion; semantic code was not read
1098	specs/.history/modular-fuzzing-epic/ticket-006-MF-013/results/specWorkflow-report-post-promotion/cleanup-failure-probe-test-graph/sources/tla_spec_dev_cli_help.py	out-of-scope	ticket_plan.yaml:648-658	none (outside the three project indexes)	unrepresented		Exact-path exclusion; semantic code was not read
1099	specs/.history/modular-fuzzing-epic/ticket-006-MF-013/results/specWorkflow-report-post-promotion/cleanup-failure-probe-test-graph/sources/tla_spec_dev_cli_install.py	out-of-scope	ticket_plan.yaml:648-658	none (outside the three project indexes)	unrepresented		Exact-path exclusion; semantic code was not read
1100	specs/.history/modular-fuzzing-epic/ticket-006-MF-013/results/specWorkflow-report-post-promotion/tla-spec-dev-bin/tla-spec-dev	out-of-scope	ticket_plan.yaml:648-658	none (outside the three project indexes)	unrepresented		Exact-path exclusion; semantic code was not read
1101	specs/.history/modular-fuzzing-epic/ticket-006-MF-013/results/specWorkflow-report/cleanup-failure-probe-test-graph/build-logic/build.gradle.kts	out-of-scope	ticket_plan.yaml:648-658	none (outside the three project indexes)	unrepresented		Exact-path exclusion; semantic code was not read
1102	specs/.history/modular-fuzzing-epic/ticket-006-MF-013/results/specWorkflow-report/cleanup-failure-probe-test-graph/build-logic/settings.gradle.kts	out-of-scope	ticket_plan.yaml:648-658	none (outside the three project indexes)	unrepresented		Exact-path exclusion; semantic code was not read
1103	specs/.history/modular-fuzzing-epic/ticket-006-MF-013/results/specWorkflow-report/cleanup-failure-probe-test-graph/build-logic/src/main/kotlin/com/hayden/testgraphsdk/GraphAssembler.kt	out-of-scope	ticket_plan.yaml:648-658	none (outside the three project indexes)	unrepresented		Exact-path exclusion; semantic code was not read
1104	specs/.history/modular-fuzzing-epic/ticket-006-MF-013/results/specWorkflow-report/cleanup-failure-probe-test-graph/build-logic/src/main/kotlin/com/hayden/testgraphsdk/GraphModel.kt	out-of-scope	ticket_plan.yaml:648-658	none (outside the three project indexes)	unrepresented		Exact-path exclusion; semantic code was not read
1105	specs/.history/modular-fuzzing-epic/ticket-006-MF-013/results/specWorkflow-report/cleanup-failure-probe-test-graph/build-logic/src/main/kotlin/com/hayden/testgraphsdk/MiniJson.kt	out-of-scope	ticket_plan.yaml:648-658	none (outside the three project indexes)	unrepresented		Exact-path exclusion; semantic code was not read
1106	specs/.history/modular-fuzzing-epic/ticket-006-MF-013/results/specWorkflow-report/cleanup-failure-probe-test-graph/build-logic/src/main/kotlin/com/hayden/testgraphsdk/NodeDescribeLoader.kt	out-of-scope	ticket_plan.yaml:648-658	none (outside the three project indexes)	unrepresented		Exact-path exclusion; semantic code was not read
1107	specs/.history/modular-fuzzing-epic/ticket-006-MF-013/results/specWorkflow-report/cleanup-failure-probe-test-graph/build-logic/src/main/kotlin/com/hayden/testgraphsdk/TestGraphSpec.kt	out-of-scope	ticket_plan.yaml:648-658	none (outside the three project indexes)	unrepresented		Exact-path exclusion; semantic code was not read
1108	specs/.history/modular-fuzzing-epic/ticket-006-MF-013/results/specWorkflow-report/cleanup-failure-probe-test-graph/build-logic/src/main/kotlin/com/hayden/testgraphsdk/Toolchain.kt	out-of-scope	ticket_plan.yaml:648-658	none (outside the three project indexes)	unrepresented		Exact-path exclusion; semantic code was not read
1109	specs/.history/modular-fuzzing-epic/ticket-006-MF-013/results/specWorkflow-report/cleanup-failure-probe-test-graph/build-logic/src/main/kotlin/com/hayden/testgraphsdk/ValidationGraphExtension.kt	out-of-scope	ticket_plan.yaml:648-658	none (outside the three project indexes)	unrepresented		Exact-path exclusion; semantic code was not read
1110	specs/.history/modular-fuzzing-epic/ticket-006-MF-013/results/specWorkflow-report/cleanup-failure-probe-test-graph/build-logic/src/main/kotlin/com/hayden/testgraphsdk/ValidationGraphPlugin.kt	out-of-scope	ticket_plan.yaml:648-658	none (outside the three project indexes)	unrepresented		Exact-path exclusion; semantic code was not read
1111	specs/.history/modular-fuzzing-epic/ticket-006-MF-013/results/specWorkflow-report/cleanup-failure-probe-test-graph/build-logic/src/main/kotlin/com/hayden/testgraphsdk/ValidationNodeSpec.kt	out-of-scope	ticket_plan.yaml:648-658	none (outside the three project indexes)	unrepresented		Exact-path exclusion; semantic code was not read
1112	specs/.history/modular-fuzzing-epic/ticket-006-MF-013/results/specWorkflow-report/cleanup-failure-probe-test-graph/build-logic/src/main/kotlin/com/hayden/testgraphsdk/ValidationRuntime.kt	out-of-scope	ticket_plan.yaml:648-658	none (outside the three project indexes)	unrepresented		Exact-path exclusion; semantic code was not read
1113	specs/.history/modular-fuzzing-epic/ticket-006-MF-013/results/specWorkflow-report/cleanup-failure-probe-test-graph/build-logic/src/main/kotlin/com/hayden/testgraphsdk/exec/Context.kt	out-of-scope	ticket_plan.yaml:648-658	none (outside the three project indexes)	unrepresented		Exact-path exclusion; semantic code was not read
1114	specs/.history/modular-fuzzing-epic/ticket-006-MF-013/results/specWorkflow-report/cleanup-failure-probe-test-graph/build-logic/src/main/kotlin/com/hayden/testgraphsdk/exec/Executors.kt	out-of-scope	ticket_plan.yaml:648-658	none (outside the three project indexes)	unrepresented		Exact-path exclusion; semantic code was not read
1115	specs/.history/modular-fuzzing-epic/ticket-006-MF-013/results/specWorkflow-report/cleanup-failure-probe-test-graph/build-logic/src/main/kotlin/com/hayden/testgraphsdk/exec/JBangExecutor.kt	out-of-scope	ticket_plan.yaml:648-658	none (outside the three project indexes)	unrepresented		Exact-path exclusion; semantic code was not read
1116	specs/.history/modular-fuzzing-epic/ticket-006-MF-013/results/specWorkflow-report/cleanup-failure-probe-test-graph/build-logic/src/main/kotlin/com/hayden/testgraphsdk/exec/PlanExecutor.kt	out-of-scope	ticket_plan.yaml:648-658	none (outside the three project indexes)	unrepresented		Exact-path exclusion; semantic code was not read
1117	specs/.history/modular-fuzzing-epic/ticket-006-MF-013/results/specWorkflow-report/cleanup-failure-probe-test-graph/build-logic/src/main/kotlin/com/hayden/testgraphsdk/exec/TimeoutParser.kt	out-of-scope	ticket_plan.yaml:648-658	none (outside the three project indexes)	unrepresented		Exact-path exclusion; semantic code was not read
1118	specs/.history/modular-fuzzing-epic/ticket-006-MF-013/results/specWorkflow-report/cleanup-failure-probe-test-graph/build-logic/src/main/kotlin/com/hayden/testgraphsdk/exec/UvExecutor.kt	out-of-scope	ticket_plan.yaml:648-658	none (outside the three project indexes)	unrepresented		Exact-path exclusion; semantic code was not read
1119	specs/.history/modular-fuzzing-epic/ticket-006-MF-013/results/specWorkflow-report/cleanup-failure-probe-test-graph/build-logic/src/main/kotlin/com/hayden/testgraphsdk/tasks/InspectionTasks.kt	out-of-scope	ticket_plan.yaml:648-658	none (outside the three project indexes)	unrepresented		Exact-path exclusion; semantic code was not read
1120	specs/.history/modular-fuzzing-epic/ticket-006-MF-013/results/specWorkflow-report/cleanup-failure-probe-test-graph/build-logic/src/main/kotlin/com/hayden/testgraphsdk/tasks/RunReportWriter.kt	out-of-scope	ticket_plan.yaml:648-658	none (outside the three project indexes)	unrepresented		Exact-path exclusion; semantic code was not read
1121	specs/.history/modular-fuzzing-epic/ticket-006-MF-013/results/specWorkflow-report/cleanup-failure-probe-test-graph/build-logic/src/main/kotlin/com/hayden/testgraphsdk/tasks/RunTestGraphTask.kt	out-of-scope	ticket_plan.yaml:648-658	none (outside the three project indexes)	unrepresented		Exact-path exclusion; semantic code was not read
1122	specs/.history/modular-fuzzing-epic/ticket-006-MF-013/results/specWorkflow-report/cleanup-failure-probe-test-graph/build-logic/src/main/kotlin/com/hayden/testgraphsdk/tasks/ValidationReportTask.kt	out-of-scope	ticket_plan.yaml:648-658	none (outside the three project indexes)	unrepresented		Exact-path exclusion; semantic code was not read
1123	specs/.history/modular-fuzzing-epic/ticket-006-MF-013/results/specWorkflow-report/cleanup-failure-probe-test-graph/build-logic/src/test/kotlin/com/hayden/testgraphsdk/exec/PlanExecutorResumeHarnessTest.kt	out-of-scope	ticket_plan.yaml:648-658	none (outside the three project indexes)	unrepresented		Exact-path exclusion; semantic code was not read
1124	specs/.history/modular-fuzzing-epic/ticket-006-MF-013/results/specWorkflow-report/cleanup-failure-probe-test-graph/build.gradle.kts	out-of-scope	ticket_plan.yaml:648-658	none (outside the three project indexes)	unrepresented		Exact-path exclusion; semantic code was not read
1125	specs/.history/modular-fuzzing-epic/ticket-006-MF-013/results/specWorkflow-report/cleanup-failure-probe-test-graph/gradlew	out-of-scope	ticket_plan.yaml:648-658	none (outside the three project indexes)	unrepresented		Exact-path exclusion; semantic code was not read
1126	specs/.history/modular-fuzzing-epic/ticket-006-MF-013/results/specWorkflow-report/cleanup-failure-probe-test-graph/sdk/java/build.gradle.kts	out-of-scope	ticket_plan.yaml:648-658	none (outside the three project indexes)	unrepresented		Exact-path exclusion; semantic code was not read
1127	specs/.history/modular-fuzzing-epic/ticket-006-MF-013/results/specWorkflow-report/cleanup-failure-probe-test-graph/sdk/java/src/main/java/com/hayden/testgraphsdk/sdk/ContextItem.java	out-of-scope	ticket_plan.yaml:648-658	none (outside the three project indexes)	unrepresented		Exact-path exclusion; semantic code was not read
1128	specs/.history/modular-fuzzing-epic/ticket-006-MF-013/results/specWorkflow-report/cleanup-failure-probe-test-graph/sdk/java/src/main/java/com/hayden/testgraphsdk/sdk/ContextSerde.java	out-of-scope	ticket_plan.yaml:648-658	none (outside the three project indexes)	unrepresented		Exact-path exclusion; semantic code was not read
1129	specs/.history/modular-fuzzing-epic/ticket-006-MF-013/results/specWorkflow-report/cleanup-failure-probe-test-graph/sdk/java/src/main/java/com/hayden/testgraphsdk/sdk/Json.java	out-of-scope	ticket_plan.yaml:648-658	none (outside the three project indexes)	unrepresented		Exact-path exclusion; semantic code was not read
1130	specs/.history/modular-fuzzing-epic/ticket-006-MF-013/results/specWorkflow-report/cleanup-failure-probe-test-graph/sdk/java/src/main/java/com/hayden/testgraphsdk/sdk/JsonMapper.java	out-of-scope	ticket_plan.yaml:648-658	none (outside the three project indexes)	unrepresented		Exact-path exclusion; semantic code was not read
1131	specs/.history/modular-fuzzing-epic/ticket-006-MF-013/results/specWorkflow-report/cleanup-failure-probe-test-graph/sdk/java/src/main/java/com/hayden/testgraphsdk/sdk/Node.java	out-of-scope	ticket_plan.yaml:648-658	none (outside the three project indexes)	unrepresented		Exact-path exclusion; semantic code was not read
1132	specs/.history/modular-fuzzing-epic/ticket-006-MF-013/results/specWorkflow-report/cleanup-failure-probe-test-graph/sdk/java/src/main/java/com/hayden/testgraphsdk/sdk/NodeBody.java	out-of-scope	ticket_plan.yaml:648-658	none (outside the three project indexes)	unrepresented		Exact-path exclusion; semantic code was not read
1133	specs/.history/modular-fuzzing-epic/ticket-006-MF-013/results/specWorkflow-report/cleanup-failure-probe-test-graph/sdk/java/src/main/java/com/hayden/testgraphsdk/sdk/NodeContext.java	out-of-scope	ticket_plan.yaml:648-658	none (outside the three project indexes)	unrepresented		Exact-path exclusion; semantic code was not read
1134	specs/.history/modular-fuzzing-epic/ticket-006-MF-013/results/specWorkflow-report/cleanup-failure-probe-test-graph/sdk/java/src/main/java/com/hayden/testgraphsdk/sdk/NodeResult.java	out-of-scope	ticket_plan.yaml:648-658	none (outside the three project indexes)	unrepresented		Exact-path exclusion; semantic code was not read
1135	specs/.history/modular-fuzzing-epic/ticket-006-MF-013/results/specWorkflow-report/cleanup-failure-probe-test-graph/sdk/java/src/main/java/com/hayden/testgraphsdk/sdk/NodeSpec.java	out-of-scope	ticket_plan.yaml:648-658	none (outside the three project indexes)	unrepresented		Exact-path exclusion; semantic code was not read
1136	specs/.history/modular-fuzzing-epic/ticket-006-MF-013/results/specWorkflow-report/cleanup-failure-probe-test-graph/sdk/java/src/main/java/com/hayden/testgraphsdk/sdk/NodeStatus.java	out-of-scope	ticket_plan.yaml:648-658	none (outside the three project indexes)	unrepresented		Exact-path exclusion; semantic code was not read
1137	specs/.history/modular-fuzzing-epic/ticket-006-MF-013/results/specWorkflow-report/cleanup-failure-probe-test-graph/sdk/java/src/main/java/com/hayden/testgraphsdk/sdk/ProcessRecord.java	out-of-scope	ticket_plan.yaml:648-658	none (outside the three project indexes)	unrepresented		Exact-path exclusion; semantic code was not read
1138	specs/.history/modular-fuzzing-epic/ticket-006-MF-013/results/specWorkflow-report/cleanup-failure-probe-test-graph/sdk/java/src/main/java/com/hayden/testgraphsdk/sdk/Procs.java	out-of-scope	ticket_plan.yaml:648-658	none (outside the three project indexes)	unrepresented		Exact-path exclusion; semantic code was not read
1139	specs/.history/modular-fuzzing-epic/ticket-006-MF-013/results/specWorkflow-report/cleanup-failure-probe-test-graph/sdk/python/src/testgraphsdk/__init__.py	out-of-scope	ticket_plan.yaml:648-658	none (outside the three project indexes)	unrepresented		Exact-path exclusion; semantic code was not read
1140	specs/.history/modular-fuzzing-epic/ticket-006-MF-013/results/specWorkflow-report/cleanup-failure-probe-test-graph/sdk/python/src/testgraphsdk/context.py	out-of-scope	ticket_plan.yaml:648-658	none (outside the three project indexes)	unrepresented		Exact-path exclusion; semantic code was not read
1141	specs/.history/modular-fuzzing-epic/ticket-006-MF-013/results/specWorkflow-report/cleanup-failure-probe-test-graph/sdk/python/src/testgraphsdk/context_item.py	out-of-scope	ticket_plan.yaml:648-658	none (outside the three project indexes)	unrepresented		Exact-path exclusion; semantic code was not read
1142	specs/.history/modular-fuzzing-epic/ticket-006-MF-013/results/specWorkflow-report/cleanup-failure-probe-test-graph/sdk/python/src/testgraphsdk/node_spec.py	out-of-scope	ticket_plan.yaml:648-658	none (outside the three project indexes)	unrepresented		Exact-path exclusion; semantic code was not read
1143	specs/.history/modular-fuzzing-epic/ticket-006-MF-013/results/specWorkflow-report/cleanup-failure-probe-test-graph/sdk/python/src/testgraphsdk/procs.py	out-of-scope	ticket_plan.yaml:648-658	none (outside the three project indexes)	unrepresented		Exact-path exclusion; semantic code was not read
1144	specs/.history/modular-fuzzing-epic/ticket-006-MF-013/results/specWorkflow-report/cleanup-failure-probe-test-graph/sdk/python/src/testgraphsdk/result.py	out-of-scope	ticket_plan.yaml:648-658	none (outside the three project indexes)	unrepresented		Exact-path exclusion; semantic code was not read
1145	specs/.history/modular-fuzzing-epic/ticket-006-MF-013/results/specWorkflow-report/cleanup-failure-probe-test-graph/sdk/python/src/testgraphsdk/runner.py	out-of-scope	ticket_plan.yaml:648-658	none (outside the three project indexes)	unrepresented		Exact-path exclusion; semantic code was not read
1146	specs/.history/modular-fuzzing-epic/ticket-006-MF-013/results/specWorkflow-report/cleanup-failure-probe-test-graph/settings.gradle.kts	out-of-scope	ticket_plan.yaml:648-658	none (outside the three project indexes)	unrepresented		Exact-path exclusion; semantic code was not read
1147	specs/.history/modular-fuzzing-epic/ticket-006-MF-013/results/specWorkflow-report/cleanup-failure-probe-test-graph/sources/spec_workflow_cleanup.py	out-of-scope	ticket_plan.yaml:648-658	none (outside the three project indexes)	unrepresented		Exact-path exclusion; semantic code was not read
1148	specs/.history/modular-fuzzing-epic/ticket-006-MF-013/results/specWorkflow-report/cleanup-failure-probe-test-graph/sources/spec_workflow_close_ticket.py	out-of-scope	ticket_plan.yaml:648-658	none (outside the three project indexes)	unrepresented		Exact-path exclusion; semantic code was not read
1149	specs/.history/modular-fuzzing-epic/ticket-006-MF-013/results/specWorkflow-report/cleanup-failure-probe-test-graph/sources/spec_workflow_complete_ticket.py	out-of-scope	ticket_plan.yaml:648-658	none (outside the three project indexes)	unrepresented		Exact-path exclusion; semantic code was not read
1150	specs/.history/modular-fuzzing-epic/ticket-006-MF-013/results/specWorkflow-report/cleanup-failure-probe-test-graph/sources/spec_workflow_create_repo.py	out-of-scope	ticket_plan.yaml:648-658	none (outside the three project indexes)	unrepresented		Exact-path exclusion; semantic code was not read
1151	specs/.history/modular-fuzzing-epic/ticket-006-MF-013/results/specWorkflow-report/cleanup-failure-probe-test-graph/sources/spec_workflow_failure_cleanup_probe.py	out-of-scope	ticket_plan.yaml:648-658	none (outside the three project indexes)	unrepresented		Exact-path exclusion; semantic code was not read
1152	specs/.history/modular-fuzzing-epic/ticket-006-MF-013/results/specWorkflow-report/cleanup-failure-probe-test-graph/sources/spec_workflow_force_failure.py	out-of-scope	ticket_plan.yaml:648-658	none (outside the three project indexes)	unrepresented		Exact-path exclusion; semantic code was not read
1153	specs/.history/modular-fuzzing-epic/ticket-006-MF-013/results/specWorkflow-report/cleanup-failure-probe-test-graph/sources/spec_workflow_spec_units.py	out-of-scope	ticket_plan.yaml:648-658	none (outside the three project indexes)	unrepresented		Exact-path exclusion; semantic code was not read
1154	specs/.history/modular-fuzzing-epic/ticket-006-MF-013/results/specWorkflow-report/cleanup-failure-probe-test-graph/sources/spec_workflow_start_ticket.py	out-of-scope	ticket_plan.yaml:648-658	none (outside the three project indexes)	unrepresented		Exact-path exclusion; semantic code was not read
1155	specs/.history/modular-fuzzing-epic/ticket-006-MF-013/results/specWorkflow-report/cleanup-failure-probe-test-graph/sources/tla_spec_dev_cli_help.py	out-of-scope	ticket_plan.yaml:648-658	none (outside the three project indexes)	unrepresented		Exact-path exclusion; semantic code was not read
1156	specs/.history/modular-fuzzing-epic/ticket-006-MF-013/results/specWorkflow-report/cleanup-failure-probe-test-graph/sources/tla_spec_dev_cli_install.py	out-of-scope	ticket_plan.yaml:648-658	none (outside the three project indexes)	unrepresented		Exact-path exclusion; semantic code was not read
1157	specs/.history/modular-fuzzing-epic/ticket-006-MF-013/results/specWorkflow-report/tla-spec-dev-bin/tla-spec-dev	out-of-scope	ticket_plan.yaml:648-658	none (outside the three project indexes)	unrepresented		Exact-path exclusion; semantic code was not read
1158	specs/.history/modular-fuzzing-epic/ticket-006-MF-013/snapshots/current/production_adapters.py	out-of-scope	ticket_plan.yaml:648-658	none (outside the three project indexes)	unrepresented		Exact-path exclusion; semantic code was not read
1159	specs/.history/modular-fuzzing-epic/ticket-006-MF-013/snapshots/current/tests/test_current_ticket_workflow.py	out-of-scope	ticket_plan.yaml:648-658	none (outside the three project indexes)	unrepresented		Exact-path exclusion; semantic code was not read
1160	specs/.history/modular-fuzzing-epic/ticket-006-MF-013/snapshots/current/tests/test_tla_spec_dev_analyze_adapter.py	out-of-scope	ticket_plan.yaml:648-658	none (outside the three project indexes)	unrepresented		Exact-path exclusion; semantic code was not read
1161	specs/.history/modular-fuzzing-epic/ticket-006-MF-013/snapshots/current/tests/test_tla_spec_dev_budgets_adapter.py	out-of-scope	ticket_plan.yaml:648-658	none (outside the three project indexes)	unrepresented		Exact-path exclusion; semantic code was not read
1162	specs/.history/modular-fuzzing-epic/ticket-006-MF-013/snapshots/current/tests/test_tla_spec_dev_cli_adapter.py	out-of-scope	ticket_plan.yaml:648-658	none (outside the three project indexes)	unrepresented		Exact-path exclusion; semantic code was not read
1163	specs/.history/modular-fuzzing-epic/ticket-006-MF-013/snapshots/current/tests/test_tla_spec_dev_close_promotion_adapter.py	out-of-scope	ticket_plan.yaml:648-658	none (outside the three project indexes)	unrepresented		Exact-path exclusion; semantic code was not read
1164	specs/.history/modular-fuzzing-epic/ticket-006-MF-013/snapshots/current/tests/test_tla_spec_dev_corpus_adapter.py	out-of-scope	ticket_plan.yaml:648-658	none (outside the three project indexes)	unrepresented		Exact-path exclusion; semantic code was not read
1165	specs/.history/modular-fuzzing-epic/ticket-006-MF-013/snapshots/current/tests/test_tla_spec_dev_effect_conformance_adapter.py	out-of-scope	ticket_plan.yaml:648-658	none (outside the three project indexes)	unrepresented		Exact-path exclusion; semantic code was not read
1166	specs/.history/modular-fuzzing-epic/ticket-006-MF-013/snapshots/current/tests/test_tla_spec_dev_run_adapter.py	out-of-scope	ticket_plan.yaml:648-658	none (outside the three project indexes)	unrepresented		Exact-path exclusion; semantic code was not read
1167	specs/.history/modular-fuzzing-epic/ticket-006-MF-013/snapshots/current/tests/test_tla_spec_dev_scaffold_adapter.py	out-of-scope	ticket_plan.yaml:648-658	none (outside the three project indexes)	unrepresented		Exact-path exclusion; semantic code was not read
1168	specs/.history/modular-fuzzing-epic/ticket-006-MF-013/snapshots/current/tests/test_tla_spec_dev_skill_feedback_adapter.py	out-of-scope	ticket_plan.yaml:648-658	none (outside the three project indexes)	unrepresented		Exact-path exclusion; semantic code was not read
1169	specs/.history/modular-fuzzing-epic/ticket-006-MF-013/snapshots/current/tests/test_tla_spec_dev_test_graph_adapter.py	out-of-scope	ticket_plan.yaml:648-658	none (outside the three project indexes)	unrepresented		Exact-path exclusion; semantic code was not read
1170	specs/.history/modular-fuzzing-epic/ticket-006-MF-013/snapshots/current/tests/test_tla_spec_dev_ticket_adapter.py	out-of-scope	ticket_plan.yaml:648-658	none (outside the three project indexes)	unrepresented		Exact-path exclusion; semantic code was not read
1171	specs/.history/modular-fuzzing-epic/ticket-006-MF-013/snapshots/desired_program_model/production_adapters.py	out-of-scope	ticket_plan.yaml:648-658	none (outside the three project indexes)	unrepresented		Exact-path exclusion; semantic code was not read
1172	specs/.history/modular-fuzzing-epic/ticket-006-MF-013/snapshots/desired_program_model/tests/test_tla_spec_dev_cli_adapter.py	out-of-scope	ticket_plan.yaml:648-658	none (outside the three project indexes)	unrepresented		Exact-path exclusion; semantic code was not read
1173	specs/.history/modular-fuzzing-epic/ticket-006-MF-013/snapshots/desired_program_model/tests/test_tla_spec_dev_run_adapter.py	out-of-scope	ticket_plan.yaml:648-658	none (outside the three project indexes)	unrepresented		Exact-path exclusion; semantic code was not read
1174	specs/.history/modular-fuzzing-epic/ticket-006-MF-013/snapshots/desired_program_model/tests/test_tla_spec_dev_scaffold_adapter.py	out-of-scope	ticket_plan.yaml:648-658	none (outside the three project indexes)	unrepresented		Exact-path exclusion; semantic code was not read
1175	specs/.history/modular-fuzzing-epic/ticket-006-MF-013/snapshots/desired_program_model/tests/test_tla_spec_dev_test_graph_adapter.py	out-of-scope	ticket_plan.yaml:648-658	none (outside the three project indexes)	unrepresented		Exact-path exclusion; semantic code was not read
1176	specs/.history/modular-fuzzing-epic/ticket-006-MF-013/snapshots/desired_program_model/tests/test_tla_spec_dev_ticket_adapter.py	out-of-scope	ticket_plan.yaml:648-658	none (outside the three project indexes)	unrepresented		Exact-path exclusion; semantic code was not read
1177	specs/.history/modular-fuzzing-epic/ticket-006-MF-013/snapshots/program_model/production_adapters.py	out-of-scope	ticket_plan.yaml:648-658	none (outside the three project indexes)	unrepresented		Exact-path exclusion; semantic code was not read
1178	specs/.history/modular-fuzzing-epic/ticket-006-MF-013/snapshots/program_model/tests/test_tla_spec_dev_cli_adapter.py	out-of-scope	ticket_plan.yaml:648-658	none (outside the three project indexes)	unrepresented		Exact-path exclusion; semantic code was not read
1179	specs/.history/modular-fuzzing-epic/ticket-006-MF-013/snapshots/program_model/tests/test_tla_spec_dev_run_adapter.py	out-of-scope	ticket_plan.yaml:648-658	none (outside the three project indexes)	unrepresented		Exact-path exclusion; semantic code was not read
1180	specs/.history/modular-fuzzing-epic/ticket-006-MF-013/snapshots/program_model/tests/test_tla_spec_dev_scaffold_adapter.py	out-of-scope	ticket_plan.yaml:648-658	none (outside the three project indexes)	unrepresented		Exact-path exclusion; semantic code was not read
1181	specs/.history/modular-fuzzing-epic/ticket-006-MF-013/snapshots/program_model/tests/test_tla_spec_dev_test_graph_adapter.py	out-of-scope	ticket_plan.yaml:648-658	none (outside the three project indexes)	unrepresented		Exact-path exclusion; semantic code was not read
1182	specs/.history/modular-fuzzing-epic/ticket-006-MF-013/snapshots/program_model/tests/test_tla_spec_dev_ticket_adapter.py	out-of-scope	ticket_plan.yaml:648-658	none (outside the three project indexes)	unrepresented		Exact-path exclusion; semantic code was not read
1183	specs/.history/modular-fuzzing-epic/ticket-006-MF-013/ticket/current/production_adapters.py	out-of-scope	ticket_plan.yaml:648-658	none (outside the three project indexes)	unrepresented		Exact-path exclusion; semantic code was not read
1184	specs/.history/modular-fuzzing-epic/ticket-006-MF-013/ticket/current/tests/test_tla_spec_dev_analyze_adapter.py	out-of-scope	ticket_plan.yaml:648-658	none (outside the three project indexes)	unrepresented		Exact-path exclusion; semantic code was not read
1185	specs/.history/modular-fuzzing-epic/ticket-006-MF-013/ticket/current/tests/test_tla_spec_dev_budgets_adapter.py	out-of-scope	ticket_plan.yaml:648-658	none (outside the three project indexes)	unrepresented		Exact-path exclusion; semantic code was not read
1186	specs/.history/modular-fuzzing-epic/ticket-006-MF-013/ticket/current/tests/test_tla_spec_dev_cli_adapter.py	out-of-scope	ticket_plan.yaml:648-658	none (outside the three project indexes)	unrepresented		Exact-path exclusion; semantic code was not read
1187	specs/.history/modular-fuzzing-epic/ticket-006-MF-013/ticket/current/tests/test_tla_spec_dev_close_promotion_adapter.py	out-of-scope	ticket_plan.yaml:648-658	none (outside the three project indexes)	unrepresented		Exact-path exclusion; semantic code was not read
1188	specs/.history/modular-fuzzing-epic/ticket-006-MF-013/ticket/current/tests/test_tla_spec_dev_corpus_adapter.py	out-of-scope	ticket_plan.yaml:648-658	none (outside the three project indexes)	unrepresented		Exact-path exclusion; semantic code was not read
1189	specs/.history/modular-fuzzing-epic/ticket-006-MF-013/ticket/current/tests/test_tla_spec_dev_effect_conformance_adapter.py	out-of-scope	ticket_plan.yaml:648-658	none (outside the three project indexes)	unrepresented		Exact-path exclusion; semantic code was not read
1190	specs/.history/modular-fuzzing-epic/ticket-006-MF-013/ticket/current/tests/test_tla_spec_dev_run_adapter.py	out-of-scope	ticket_plan.yaml:648-658	none (outside the three project indexes)	unrepresented		Exact-path exclusion; semantic code was not read
1191	specs/.history/modular-fuzzing-epic/ticket-006-MF-013/ticket/current/tests/test_tla_spec_dev_scaffold_adapter.py	out-of-scope	ticket_plan.yaml:648-658	none (outside the three project indexes)	unrepresented		Exact-path exclusion; semantic code was not read
1192	specs/.history/modular-fuzzing-epic/ticket-006-MF-013/ticket/current/tests/test_tla_spec_dev_skill_feedback_adapter.py	out-of-scope	ticket_plan.yaml:648-658	none (outside the three project indexes)	unrepresented		Exact-path exclusion; semantic code was not read
1193	specs/.history/modular-fuzzing-epic/ticket-006-MF-013/ticket/current/tests/test_tla_spec_dev_test_graph_adapter.py	out-of-scope	ticket_plan.yaml:648-658	none (outside the three project indexes)	unrepresented		Exact-path exclusion; semantic code was not read
1194	specs/.history/modular-fuzzing-epic/ticket-006-MF-013/ticket/current/tests/test_tla_spec_dev_ticket_adapter.py	out-of-scope	ticket_plan.yaml:648-658	none (outside the three project indexes)	unrepresented		Exact-path exclusion; semantic code was not read
1195	specs/.history/modular-fuzzing-epic/ticket-006-MF-013/ticket/desired/production_adapters.py	out-of-scope	ticket_plan.yaml:648-658	none (outside the three project indexes)	unrepresented		Exact-path exclusion; semantic code was not read
1196	specs/.history/modular-fuzzing-epic/ticket-006-MF-013/ticket/desired/tests/test_tla_spec_dev_analyze_adapter.py	out-of-scope	ticket_plan.yaml:648-658	none (outside the three project indexes)	unrepresented		Exact-path exclusion; semantic code was not read
1197	specs/.history/modular-fuzzing-epic/ticket-006-MF-013/ticket/desired/tests/test_tla_spec_dev_budgets_adapter.py	out-of-scope	ticket_plan.yaml:648-658	none (outside the three project indexes)	unrepresented		Exact-path exclusion; semantic code was not read
1198	specs/.history/modular-fuzzing-epic/ticket-006-MF-013/ticket/desired/tests/test_tla_spec_dev_cli_adapter.py	out-of-scope	ticket_plan.yaml:648-658	none (outside the three project indexes)	unrepresented		Exact-path exclusion; semantic code was not read
1199	specs/.history/modular-fuzzing-epic/ticket-006-MF-013/ticket/desired/tests/test_tla_spec_dev_close_promotion_adapter.py	out-of-scope	ticket_plan.yaml:648-658	none (outside the three project indexes)	unrepresented		Exact-path exclusion; semantic code was not read
1200	specs/.history/modular-fuzzing-epic/ticket-006-MF-013/ticket/desired/tests/test_tla_spec_dev_corpus_adapter.py	out-of-scope	ticket_plan.yaml:648-658	none (outside the three project indexes)	unrepresented		Exact-path exclusion; semantic code was not read
1201	specs/.history/modular-fuzzing-epic/ticket-006-MF-013/ticket/desired/tests/test_tla_spec_dev_effect_conformance_adapter.py	out-of-scope	ticket_plan.yaml:648-658	none (outside the three project indexes)	unrepresented		Exact-path exclusion; semantic code was not read
1202	specs/.history/modular-fuzzing-epic/ticket-006-MF-013/ticket/desired/tests/test_tla_spec_dev_run_adapter.py	out-of-scope	ticket_plan.yaml:648-658	none (outside the three project indexes)	unrepresented		Exact-path exclusion; semantic code was not read
1203	specs/.history/modular-fuzzing-epic/ticket-006-MF-013/ticket/desired/tests/test_tla_spec_dev_scaffold_adapter.py	out-of-scope	ticket_plan.yaml:648-658	none (outside the three project indexes)	unrepresented		Exact-path exclusion; semantic code was not read
1204	specs/.history/modular-fuzzing-epic/ticket-006-MF-013/ticket/desired/tests/test_tla_spec_dev_skill_feedback_adapter.py	out-of-scope	ticket_plan.yaml:648-658	none (outside the three project indexes)	unrepresented		Exact-path exclusion; semantic code was not read
1205	specs/.history/modular-fuzzing-epic/ticket-006-MF-013/ticket/desired/tests/test_tla_spec_dev_test_graph_adapter.py	out-of-scope	ticket_plan.yaml:648-658	none (outside the three project indexes)	unrepresented		Exact-path exclusion; semantic code was not read
1206	specs/.history/modular-fuzzing-epic/ticket-006-MF-013/ticket/desired/tests/test_tla_spec_dev_ticket_adapter.py	out-of-scope	ticket_plan.yaml:648-658	none (outside the three project indexes)	unrepresented		Exact-path exclusion; semantic code was not read
1207	specs/.history/modular-fuzzing-epic/ticket-006-MF-013/ticket/results/cliWorkflow-report/tla-spec-dev-bin/tla-spec-dev	out-of-scope	ticket_plan.yaml:648-658	none (outside the three project indexes)	unrepresented		Exact-path exclusion; semantic code was not read
1208	specs/.history/modular-fuzzing-epic/ticket-006-MF-013/ticket/results/specWorkflow-report/cleanup-failure-probe-test-graph/build-logic/build.gradle.kts	out-of-scope	ticket_plan.yaml:648-658	none (outside the three project indexes)	unrepresented		Exact-path exclusion; semantic code was not read
1209	specs/.history/modular-fuzzing-epic/ticket-006-MF-013/ticket/results/specWorkflow-report/cleanup-failure-probe-test-graph/build-logic/settings.gradle.kts	out-of-scope	ticket_plan.yaml:648-658	none (outside the three project indexes)	unrepresented		Exact-path exclusion; semantic code was not read
1210	specs/.history/modular-fuzzing-epic/ticket-006-MF-013/ticket/results/specWorkflow-report/cleanup-failure-probe-test-graph/build-logic/src/main/kotlin/com/hayden/testgraphsdk/GraphAssembler.kt	out-of-scope	ticket_plan.yaml:648-658	none (outside the three project indexes)	unrepresented		Exact-path exclusion; semantic code was not read
1211	specs/.history/modular-fuzzing-epic/ticket-006-MF-013/ticket/results/specWorkflow-report/cleanup-failure-probe-test-graph/build-logic/src/main/kotlin/com/hayden/testgraphsdk/GraphModel.kt	out-of-scope	ticket_plan.yaml:648-658	none (outside the three project indexes)	unrepresented		Exact-path exclusion; semantic code was not read
1212	specs/.history/modular-fuzzing-epic/ticket-006-MF-013/ticket/results/specWorkflow-report/cleanup-failure-probe-test-graph/build-logic/src/main/kotlin/com/hayden/testgraphsdk/MiniJson.kt	out-of-scope	ticket_plan.yaml:648-658	none (outside the three project indexes)	unrepresented		Exact-path exclusion; semantic code was not read
1213	specs/.history/modular-fuzzing-epic/ticket-006-MF-013/ticket/results/specWorkflow-report/cleanup-failure-probe-test-graph/build-logic/src/main/kotlin/com/hayden/testgraphsdk/NodeDescribeLoader.kt	out-of-scope	ticket_plan.yaml:648-658	none (outside the three project indexes)	unrepresented		Exact-path exclusion; semantic code was not read
1214	specs/.history/modular-fuzzing-epic/ticket-006-MF-013/ticket/results/specWorkflow-report/cleanup-failure-probe-test-graph/build-logic/src/main/kotlin/com/hayden/testgraphsdk/TestGraphSpec.kt	out-of-scope	ticket_plan.yaml:648-658	none (outside the three project indexes)	unrepresented		Exact-path exclusion; semantic code was not read
1215	specs/.history/modular-fuzzing-epic/ticket-006-MF-013/ticket/results/specWorkflow-report/cleanup-failure-probe-test-graph/build-logic/src/main/kotlin/com/hayden/testgraphsdk/Toolchain.kt	out-of-scope	ticket_plan.yaml:648-658	none (outside the three project indexes)	unrepresented		Exact-path exclusion; semantic code was not read
1216	specs/.history/modular-fuzzing-epic/ticket-006-MF-013/ticket/results/specWorkflow-report/cleanup-failure-probe-test-graph/build-logic/src/main/kotlin/com/hayden/testgraphsdk/ValidationGraphExtension.kt	out-of-scope	ticket_plan.yaml:648-658	none (outside the three project indexes)	unrepresented		Exact-path exclusion; semantic code was not read
1217	specs/.history/modular-fuzzing-epic/ticket-006-MF-013/ticket/results/specWorkflow-report/cleanup-failure-probe-test-graph/build-logic/src/main/kotlin/com/hayden/testgraphsdk/ValidationGraphPlugin.kt	out-of-scope	ticket_plan.yaml:648-658	none (outside the three project indexes)	unrepresented		Exact-path exclusion; semantic code was not read
1218	specs/.history/modular-fuzzing-epic/ticket-006-MF-013/ticket/results/specWorkflow-report/cleanup-failure-probe-test-graph/build-logic/src/main/kotlin/com/hayden/testgraphsdk/ValidationNodeSpec.kt	out-of-scope	ticket_plan.yaml:648-658	none (outside the three project indexes)	unrepresented		Exact-path exclusion; semantic code was not read
1219	specs/.history/modular-fuzzing-epic/ticket-006-MF-013/ticket/results/specWorkflow-report/cleanup-failure-probe-test-graph/build-logic/src/main/kotlin/com/hayden/testgraphsdk/ValidationRuntime.kt	out-of-scope	ticket_plan.yaml:648-658	none (outside the three project indexes)	unrepresented		Exact-path exclusion; semantic code was not read
1220	specs/.history/modular-fuzzing-epic/ticket-006-MF-013/ticket/results/specWorkflow-report/cleanup-failure-probe-test-graph/build-logic/src/main/kotlin/com/hayden/testgraphsdk/exec/Context.kt	out-of-scope	ticket_plan.yaml:648-658	none (outside the three project indexes)	unrepresented		Exact-path exclusion; semantic code was not read
1221	specs/.history/modular-fuzzing-epic/ticket-006-MF-013/ticket/results/specWorkflow-report/cleanup-failure-probe-test-graph/build-logic/src/main/kotlin/com/hayden/testgraphsdk/exec/Executors.kt	out-of-scope	ticket_plan.yaml:648-658	none (outside the three project indexes)	unrepresented		Exact-path exclusion; semantic code was not read
1222	specs/.history/modular-fuzzing-epic/ticket-006-MF-013/ticket/results/specWorkflow-report/cleanup-failure-probe-test-graph/build-logic/src/main/kotlin/com/hayden/testgraphsdk/exec/JBangExecutor.kt	out-of-scope	ticket_plan.yaml:648-658	none (outside the three project indexes)	unrepresented		Exact-path exclusion; semantic code was not read
1223	specs/.history/modular-fuzzing-epic/ticket-006-MF-013/ticket/results/specWorkflow-report/cleanup-failure-probe-test-graph/build-logic/src/main/kotlin/com/hayden/testgraphsdk/exec/PlanExecutor.kt	out-of-scope	ticket_plan.yaml:648-658	none (outside the three project indexes)	unrepresented		Exact-path exclusion; semantic code was not read
1224	specs/.history/modular-fuzzing-epic/ticket-006-MF-013/ticket/results/specWorkflow-report/cleanup-failure-probe-test-graph/build-logic/src/main/kotlin/com/hayden/testgraphsdk/exec/TimeoutParser.kt	out-of-scope	ticket_plan.yaml:648-658	none (outside the three project indexes)	unrepresented		Exact-path exclusion; semantic code was not read
1225	specs/.history/modular-fuzzing-epic/ticket-006-MF-013/ticket/results/specWorkflow-report/cleanup-failure-probe-test-graph/build-logic/src/main/kotlin/com/hayden/testgraphsdk/exec/UvExecutor.kt	out-of-scope	ticket_plan.yaml:648-658	none (outside the three project indexes)	unrepresented		Exact-path exclusion; semantic code was not read
1226	specs/.history/modular-fuzzing-epic/ticket-006-MF-013/ticket/results/specWorkflow-report/cleanup-failure-probe-test-graph/build-logic/src/main/kotlin/com/hayden/testgraphsdk/tasks/InspectionTasks.kt	out-of-scope	ticket_plan.yaml:648-658	none (outside the three project indexes)	unrepresented		Exact-path exclusion; semantic code was not read
1227	specs/.history/modular-fuzzing-epic/ticket-006-MF-013/ticket/results/specWorkflow-report/cleanup-failure-probe-test-graph/build-logic/src/main/kotlin/com/hayden/testgraphsdk/tasks/RunReportWriter.kt	out-of-scope	ticket_plan.yaml:648-658	none (outside the three project indexes)	unrepresented		Exact-path exclusion; semantic code was not read
1228	specs/.history/modular-fuzzing-epic/ticket-006-MF-013/ticket/results/specWorkflow-report/cleanup-failure-probe-test-graph/build-logic/src/main/kotlin/com/hayden/testgraphsdk/tasks/RunTestGraphTask.kt	out-of-scope	ticket_plan.yaml:648-658	none (outside the three project indexes)	unrepresented		Exact-path exclusion; semantic code was not read
1229	specs/.history/modular-fuzzing-epic/ticket-006-MF-013/ticket/results/specWorkflow-report/cleanup-failure-probe-test-graph/build-logic/src/main/kotlin/com/hayden/testgraphsdk/tasks/ValidationReportTask.kt	out-of-scope	ticket_plan.yaml:648-658	none (outside the three project indexes)	unrepresented		Exact-path exclusion; semantic code was not read
1230	specs/.history/modular-fuzzing-epic/ticket-006-MF-013/ticket/results/specWorkflow-report/cleanup-failure-probe-test-graph/build-logic/src/test/kotlin/com/hayden/testgraphsdk/exec/PlanExecutorResumeHarnessTest.kt	out-of-scope	ticket_plan.yaml:648-658	none (outside the three project indexes)	unrepresented		Exact-path exclusion; semantic code was not read
1231	specs/.history/modular-fuzzing-epic/ticket-006-MF-013/ticket/results/specWorkflow-report/cleanup-failure-probe-test-graph/build.gradle.kts	out-of-scope	ticket_plan.yaml:648-658	none (outside the three project indexes)	unrepresented		Exact-path exclusion; semantic code was not read
1232	specs/.history/modular-fuzzing-epic/ticket-006-MF-013/ticket/results/specWorkflow-report/cleanup-failure-probe-test-graph/gradlew	out-of-scope	ticket_plan.yaml:648-658	none (outside the three project indexes)	unrepresented		Exact-path exclusion; semantic code was not read
1233	specs/.history/modular-fuzzing-epic/ticket-006-MF-013/ticket/results/specWorkflow-report/cleanup-failure-probe-test-graph/sdk/java/build.gradle.kts	out-of-scope	ticket_plan.yaml:648-658	none (outside the three project indexes)	unrepresented		Exact-path exclusion; semantic code was not read
1234	specs/.history/modular-fuzzing-epic/ticket-006-MF-013/ticket/results/specWorkflow-report/cleanup-failure-probe-test-graph/sdk/java/src/main/java/com/hayden/testgraphsdk/sdk/ContextItem.java	out-of-scope	ticket_plan.yaml:648-658	none (outside the three project indexes)	unrepresented		Exact-path exclusion; semantic code was not read
1235	specs/.history/modular-fuzzing-epic/ticket-006-MF-013/ticket/results/specWorkflow-report/cleanup-failure-probe-test-graph/sdk/java/src/main/java/com/hayden/testgraphsdk/sdk/ContextSerde.java	out-of-scope	ticket_plan.yaml:648-658	none (outside the three project indexes)	unrepresented		Exact-path exclusion; semantic code was not read
1236	specs/.history/modular-fuzzing-epic/ticket-006-MF-013/ticket/results/specWorkflow-report/cleanup-failure-probe-test-graph/sdk/java/src/main/java/com/hayden/testgraphsdk/sdk/Json.java	out-of-scope	ticket_plan.yaml:648-658	none (outside the three project indexes)	unrepresented		Exact-path exclusion; semantic code was not read
1237	specs/.history/modular-fuzzing-epic/ticket-006-MF-013/ticket/results/specWorkflow-report/cleanup-failure-probe-test-graph/sdk/java/src/main/java/com/hayden/testgraphsdk/sdk/JsonMapper.java	out-of-scope	ticket_plan.yaml:648-658	none (outside the three project indexes)	unrepresented		Exact-path exclusion; semantic code was not read
1238	specs/.history/modular-fuzzing-epic/ticket-006-MF-013/ticket/results/specWorkflow-report/cleanup-failure-probe-test-graph/sdk/java/src/main/java/com/hayden/testgraphsdk/sdk/Node.java	out-of-scope	ticket_plan.yaml:648-658	none (outside the three project indexes)	unrepresented		Exact-path exclusion; semantic code was not read
1239	specs/.history/modular-fuzzing-epic/ticket-006-MF-013/ticket/results/specWorkflow-report/cleanup-failure-probe-test-graph/sdk/java/src/main/java/com/hayden/testgraphsdk/sdk/NodeBody.java	out-of-scope	ticket_plan.yaml:648-658	none (outside the three project indexes)	unrepresented		Exact-path exclusion; semantic code was not read
1240	specs/.history/modular-fuzzing-epic/ticket-006-MF-013/ticket/results/specWorkflow-report/cleanup-failure-probe-test-graph/sdk/java/src/main/java/com/hayden/testgraphsdk/sdk/NodeContext.java	out-of-scope	ticket_plan.yaml:648-658	none (outside the three project indexes)	unrepresented		Exact-path exclusion; semantic code was not read
1241	specs/.history/modular-fuzzing-epic/ticket-006-MF-013/ticket/results/specWorkflow-report/cleanup-failure-probe-test-graph/sdk/java/src/main/java/com/hayden/testgraphsdk/sdk/NodeResult.java	out-of-scope	ticket_plan.yaml:648-658	none (outside the three project indexes)	unrepresented		Exact-path exclusion; semantic code was not read
1242	specs/.history/modular-fuzzing-epic/ticket-006-MF-013/ticket/results/specWorkflow-report/cleanup-failure-probe-test-graph/sdk/java/src/main/java/com/hayden/testgraphsdk/sdk/NodeSpec.java	out-of-scope	ticket_plan.yaml:648-658	none (outside the three project indexes)	unrepresented		Exact-path exclusion; semantic code was not read
1243	specs/.history/modular-fuzzing-epic/ticket-006-MF-013/ticket/results/specWorkflow-report/cleanup-failure-probe-test-graph/sdk/java/src/main/java/com/hayden/testgraphsdk/sdk/NodeStatus.java	out-of-scope	ticket_plan.yaml:648-658	none (outside the three project indexes)	unrepresented		Exact-path exclusion; semantic code was not read
1244	specs/.history/modular-fuzzing-epic/ticket-006-MF-013/ticket/results/specWorkflow-report/cleanup-failure-probe-test-graph/sdk/java/src/main/java/com/hayden/testgraphsdk/sdk/ProcessRecord.java	out-of-scope	ticket_plan.yaml:648-658	none (outside the three project indexes)	unrepresented		Exact-path exclusion; semantic code was not read
1245	specs/.history/modular-fuzzing-epic/ticket-006-MF-013/ticket/results/specWorkflow-report/cleanup-failure-probe-test-graph/sdk/java/src/main/java/com/hayden/testgraphsdk/sdk/Procs.java	out-of-scope	ticket_plan.yaml:648-658	none (outside the three project indexes)	unrepresented		Exact-path exclusion; semantic code was not read
1246	specs/.history/modular-fuzzing-epic/ticket-006-MF-013/ticket/results/specWorkflow-report/cleanup-failure-probe-test-graph/sdk/python/src/testgraphsdk/__init__.py	out-of-scope	ticket_plan.yaml:648-658	none (outside the three project indexes)	unrepresented		Exact-path exclusion; semantic code was not read
1247	specs/.history/modular-fuzzing-epic/ticket-006-MF-013/ticket/results/specWorkflow-report/cleanup-failure-probe-test-graph/sdk/python/src/testgraphsdk/context.py	out-of-scope	ticket_plan.yaml:648-658	none (outside the three project indexes)	unrepresented		Exact-path exclusion; semantic code was not read
1248	specs/.history/modular-fuzzing-epic/ticket-006-MF-013/ticket/results/specWorkflow-report/cleanup-failure-probe-test-graph/sdk/python/src/testgraphsdk/context_item.py	out-of-scope	ticket_plan.yaml:648-658	none (outside the three project indexes)	unrepresented		Exact-path exclusion; semantic code was not read
1249	specs/.history/modular-fuzzing-epic/ticket-006-MF-013/ticket/results/specWorkflow-report/cleanup-failure-probe-test-graph/sdk/python/src/testgraphsdk/node_spec.py	out-of-scope	ticket_plan.yaml:648-658	none (outside the three project indexes)	unrepresented		Exact-path exclusion; semantic code was not read
1250	specs/.history/modular-fuzzing-epic/ticket-006-MF-013/ticket/results/specWorkflow-report/cleanup-failure-probe-test-graph/sdk/python/src/testgraphsdk/procs.py	out-of-scope	ticket_plan.yaml:648-658	none (outside the three project indexes)	unrepresented		Exact-path exclusion; semantic code was not read
1251	specs/.history/modular-fuzzing-epic/ticket-006-MF-013/ticket/results/specWorkflow-report/cleanup-failure-probe-test-graph/sdk/python/src/testgraphsdk/result.py	out-of-scope	ticket_plan.yaml:648-658	none (outside the three project indexes)	unrepresented		Exact-path exclusion; semantic code was not read
1252	specs/.history/modular-fuzzing-epic/ticket-006-MF-013/ticket/results/specWorkflow-report/cleanup-failure-probe-test-graph/sdk/python/src/testgraphsdk/runner.py	out-of-scope	ticket_plan.yaml:648-658	none (outside the three project indexes)	unrepresented		Exact-path exclusion; semantic code was not read
1253	specs/.history/modular-fuzzing-epic/ticket-006-MF-013/ticket/results/specWorkflow-report/cleanup-failure-probe-test-graph/settings.gradle.kts	out-of-scope	ticket_plan.yaml:648-658	none (outside the three project indexes)	unrepresented		Exact-path exclusion; semantic code was not read
1254	specs/.history/modular-fuzzing-epic/ticket-006-MF-013/ticket/results/specWorkflow-report/cleanup-failure-probe-test-graph/sources/spec_workflow_cleanup.py	out-of-scope	ticket_plan.yaml:648-658	none (outside the three project indexes)	unrepresented		Exact-path exclusion; semantic code was not read
1255	specs/.history/modular-fuzzing-epic/ticket-006-MF-013/ticket/results/specWorkflow-report/cleanup-failure-probe-test-graph/sources/spec_workflow_close_ticket.py	out-of-scope	ticket_plan.yaml:648-658	none (outside the three project indexes)	unrepresented		Exact-path exclusion; semantic code was not read
1256	specs/.history/modular-fuzzing-epic/ticket-006-MF-013/ticket/results/specWorkflow-report/cleanup-failure-probe-test-graph/sources/spec_workflow_complete_ticket.py	out-of-scope	ticket_plan.yaml:648-658	none (outside the three project indexes)	unrepresented		Exact-path exclusion; semantic code was not read
1257	specs/.history/modular-fuzzing-epic/ticket-006-MF-013/ticket/results/specWorkflow-report/cleanup-failure-probe-test-graph/sources/spec_workflow_create_repo.py	out-of-scope	ticket_plan.yaml:648-658	none (outside the three project indexes)	unrepresented		Exact-path exclusion; semantic code was not read
1258	specs/.history/modular-fuzzing-epic/ticket-006-MF-013/ticket/results/specWorkflow-report/cleanup-failure-probe-test-graph/sources/spec_workflow_failure_cleanup_probe.py	out-of-scope	ticket_plan.yaml:648-658	none (outside the three project indexes)	unrepresented		Exact-path exclusion; semantic code was not read
1259	specs/.history/modular-fuzzing-epic/ticket-006-MF-013/ticket/results/specWorkflow-report/cleanup-failure-probe-test-graph/sources/spec_workflow_force_failure.py	out-of-scope	ticket_plan.yaml:648-658	none (outside the three project indexes)	unrepresented		Exact-path exclusion; semantic code was not read
1260	specs/.history/modular-fuzzing-epic/ticket-006-MF-013/ticket/results/specWorkflow-report/cleanup-failure-probe-test-graph/sources/spec_workflow_spec_units.py	out-of-scope	ticket_plan.yaml:648-658	none (outside the three project indexes)	unrepresented		Exact-path exclusion; semantic code was not read
1261	specs/.history/modular-fuzzing-epic/ticket-006-MF-013/ticket/results/specWorkflow-report/cleanup-failure-probe-test-graph/sources/spec_workflow_start_ticket.py	out-of-scope	ticket_plan.yaml:648-658	none (outside the three project indexes)	unrepresented		Exact-path exclusion; semantic code was not read
1262	specs/.history/modular-fuzzing-epic/ticket-006-MF-013/ticket/results/specWorkflow-report/cleanup-failure-probe-test-graph/sources/tla_spec_dev_cli_help.py	out-of-scope	ticket_plan.yaml:648-658	none (outside the three project indexes)	unrepresented		Exact-path exclusion; semantic code was not read
1263	specs/.history/modular-fuzzing-epic/ticket-006-MF-013/ticket/results/specWorkflow-report/cleanup-failure-probe-test-graph/sources/tla_spec_dev_cli_install.py	out-of-scope	ticket_plan.yaml:648-658	none (outside the three project indexes)	unrepresented		Exact-path exclusion; semantic code was not read
1264	specs/.history/modular-fuzzing-epic/ticket-006-MF-013/ticket/results/specWorkflow-report/tla-spec-dev-bin/tla-spec-dev	out-of-scope	ticket_plan.yaml:648-658	none (outside the three project indexes)	unrepresented		Exact-path exclusion; semantic code was not read
1265	specs/.history/modular-fuzzing-epic/ticket-006-MF-013/ticket/tests/test_ticket_workflow.py	out-of-scope	ticket_plan.yaml:648-658	none (outside the three project indexes)	unrepresented		Exact-path exclusion; semantic code was not read
1266	specs/.history/modular-fuzzing-epic/ticket-007-MF-025/results/testgraph-cliWorkflow/tla-spec-dev-bin/tla-spec-dev	out-of-scope	ticket_plan.yaml:648-658	none (outside the three project indexes)	unrepresented		Exact-path exclusion; semantic code was not read
1267	specs/.history/modular-fuzzing-epic/ticket-007-MF-025/results/testgraph-specWorkflow/cleanup-failure-probe-test-graph/build-logic/build.gradle.kts	out-of-scope	ticket_plan.yaml:648-658	none (outside the three project indexes)	unrepresented		Exact-path exclusion; semantic code was not read
1268	specs/.history/modular-fuzzing-epic/ticket-007-MF-025/results/testgraph-specWorkflow/cleanup-failure-probe-test-graph/build-logic/settings.gradle.kts	out-of-scope	ticket_plan.yaml:648-658	none (outside the three project indexes)	unrepresented		Exact-path exclusion; semantic code was not read
1269	specs/.history/modular-fuzzing-epic/ticket-007-MF-025/results/testgraph-specWorkflow/cleanup-failure-probe-test-graph/build-logic/src/main/kotlin/com/hayden/testgraphsdk/GraphAssembler.kt	out-of-scope	ticket_plan.yaml:648-658	none (outside the three project indexes)	unrepresented		Exact-path exclusion; semantic code was not read
1270	specs/.history/modular-fuzzing-epic/ticket-007-MF-025/results/testgraph-specWorkflow/cleanup-failure-probe-test-graph/build-logic/src/main/kotlin/com/hayden/testgraphsdk/GraphModel.kt	out-of-scope	ticket_plan.yaml:648-658	none (outside the three project indexes)	unrepresented		Exact-path exclusion; semantic code was not read
1271	specs/.history/modular-fuzzing-epic/ticket-007-MF-025/results/testgraph-specWorkflow/cleanup-failure-probe-test-graph/build-logic/src/main/kotlin/com/hayden/testgraphsdk/MiniJson.kt	out-of-scope	ticket_plan.yaml:648-658	none (outside the three project indexes)	unrepresented		Exact-path exclusion; semantic code was not read
1272	specs/.history/modular-fuzzing-epic/ticket-007-MF-025/results/testgraph-specWorkflow/cleanup-failure-probe-test-graph/build-logic/src/main/kotlin/com/hayden/testgraphsdk/NodeDescribeLoader.kt	out-of-scope	ticket_plan.yaml:648-658	none (outside the three project indexes)	unrepresented		Exact-path exclusion; semantic code was not read
1273	specs/.history/modular-fuzzing-epic/ticket-007-MF-025/results/testgraph-specWorkflow/cleanup-failure-probe-test-graph/build-logic/src/main/kotlin/com/hayden/testgraphsdk/TestGraphSpec.kt	out-of-scope	ticket_plan.yaml:648-658	none (outside the three project indexes)	unrepresented		Exact-path exclusion; semantic code was not read
1274	specs/.history/modular-fuzzing-epic/ticket-007-MF-025/results/testgraph-specWorkflow/cleanup-failure-probe-test-graph/build-logic/src/main/kotlin/com/hayden/testgraphsdk/Toolchain.kt	out-of-scope	ticket_plan.yaml:648-658	none (outside the three project indexes)	unrepresented		Exact-path exclusion; semantic code was not read
1275	specs/.history/modular-fuzzing-epic/ticket-007-MF-025/results/testgraph-specWorkflow/cleanup-failure-probe-test-graph/build-logic/src/main/kotlin/com/hayden/testgraphsdk/ValidationGraphExtension.kt	out-of-scope	ticket_plan.yaml:648-658	none (outside the three project indexes)	unrepresented		Exact-path exclusion; semantic code was not read
1276	specs/.history/modular-fuzzing-epic/ticket-007-MF-025/results/testgraph-specWorkflow/cleanup-failure-probe-test-graph/build-logic/src/main/kotlin/com/hayden/testgraphsdk/ValidationGraphPlugin.kt	out-of-scope	ticket_plan.yaml:648-658	none (outside the three project indexes)	unrepresented		Exact-path exclusion; semantic code was not read
1277	specs/.history/modular-fuzzing-epic/ticket-007-MF-025/results/testgraph-specWorkflow/cleanup-failure-probe-test-graph/build-logic/src/main/kotlin/com/hayden/testgraphsdk/ValidationNodeSpec.kt	out-of-scope	ticket_plan.yaml:648-658	none (outside the three project indexes)	unrepresented		Exact-path exclusion; semantic code was not read
1278	specs/.history/modular-fuzzing-epic/ticket-007-MF-025/results/testgraph-specWorkflow/cleanup-failure-probe-test-graph/build-logic/src/main/kotlin/com/hayden/testgraphsdk/ValidationRuntime.kt	out-of-scope	ticket_plan.yaml:648-658	none (outside the three project indexes)	unrepresented		Exact-path exclusion; semantic code was not read
1279	specs/.history/modular-fuzzing-epic/ticket-007-MF-025/results/testgraph-specWorkflow/cleanup-failure-probe-test-graph/build-logic/src/main/kotlin/com/hayden/testgraphsdk/exec/Context.kt	out-of-scope	ticket_plan.yaml:648-658	none (outside the three project indexes)	unrepresented		Exact-path exclusion; semantic code was not read
1280	specs/.history/modular-fuzzing-epic/ticket-007-MF-025/results/testgraph-specWorkflow/cleanup-failure-probe-test-graph/build-logic/src/main/kotlin/com/hayden/testgraphsdk/exec/Executors.kt	out-of-scope	ticket_plan.yaml:648-658	none (outside the three project indexes)	unrepresented		Exact-path exclusion; semantic code was not read
1281	specs/.history/modular-fuzzing-epic/ticket-007-MF-025/results/testgraph-specWorkflow/cleanup-failure-probe-test-graph/build-logic/src/main/kotlin/com/hayden/testgraphsdk/exec/JBangExecutor.kt	out-of-scope	ticket_plan.yaml:648-658	none (outside the three project indexes)	unrepresented		Exact-path exclusion; semantic code was not read
1282	specs/.history/modular-fuzzing-epic/ticket-007-MF-025/results/testgraph-specWorkflow/cleanup-failure-probe-test-graph/build-logic/src/main/kotlin/com/hayden/testgraphsdk/exec/PlanExecutor.kt	out-of-scope	ticket_plan.yaml:648-658	none (outside the three project indexes)	unrepresented		Exact-path exclusion; semantic code was not read
1283	specs/.history/modular-fuzzing-epic/ticket-007-MF-025/results/testgraph-specWorkflow/cleanup-failure-probe-test-graph/build-logic/src/main/kotlin/com/hayden/testgraphsdk/exec/TimeoutParser.kt	out-of-scope	ticket_plan.yaml:648-658	none (outside the three project indexes)	unrepresented		Exact-path exclusion; semantic code was not read
1284	specs/.history/modular-fuzzing-epic/ticket-007-MF-025/results/testgraph-specWorkflow/cleanup-failure-probe-test-graph/build-logic/src/main/kotlin/com/hayden/testgraphsdk/exec/UvExecutor.kt	out-of-scope	ticket_plan.yaml:648-658	none (outside the three project indexes)	unrepresented		Exact-path exclusion; semantic code was not read
1285	specs/.history/modular-fuzzing-epic/ticket-007-MF-025/results/testgraph-specWorkflow/cleanup-failure-probe-test-graph/build-logic/src/main/kotlin/com/hayden/testgraphsdk/tasks/InspectionTasks.kt	out-of-scope	ticket_plan.yaml:648-658	none (outside the three project indexes)	unrepresented		Exact-path exclusion; semantic code was not read
1286	specs/.history/modular-fuzzing-epic/ticket-007-MF-025/results/testgraph-specWorkflow/cleanup-failure-probe-test-graph/build-logic/src/main/kotlin/com/hayden/testgraphsdk/tasks/RunReportWriter.kt	out-of-scope	ticket_plan.yaml:648-658	none (outside the three project indexes)	unrepresented		Exact-path exclusion; semantic code was not read
1287	specs/.history/modular-fuzzing-epic/ticket-007-MF-025/results/testgraph-specWorkflow/cleanup-failure-probe-test-graph/build-logic/src/main/kotlin/com/hayden/testgraphsdk/tasks/RunTestGraphTask.kt	out-of-scope	ticket_plan.yaml:648-658	none (outside the three project indexes)	unrepresented		Exact-path exclusion; semantic code was not read
1288	specs/.history/modular-fuzzing-epic/ticket-007-MF-025/results/testgraph-specWorkflow/cleanup-failure-probe-test-graph/build-logic/src/main/kotlin/com/hayden/testgraphsdk/tasks/ValidationReportTask.kt	out-of-scope	ticket_plan.yaml:648-658	none (outside the three project indexes)	unrepresented		Exact-path exclusion; semantic code was not read
1289	specs/.history/modular-fuzzing-epic/ticket-007-MF-025/results/testgraph-specWorkflow/cleanup-failure-probe-test-graph/build-logic/src/test/kotlin/com/hayden/testgraphsdk/exec/PlanExecutorResumeHarnessTest.kt	out-of-scope	ticket_plan.yaml:648-658	none (outside the three project indexes)	unrepresented		Exact-path exclusion; semantic code was not read
1290	specs/.history/modular-fuzzing-epic/ticket-007-MF-025/results/testgraph-specWorkflow/cleanup-failure-probe-test-graph/build.gradle.kts	out-of-scope	ticket_plan.yaml:648-658	none (outside the three project indexes)	unrepresented		Exact-path exclusion; semantic code was not read
1291	specs/.history/modular-fuzzing-epic/ticket-007-MF-025/results/testgraph-specWorkflow/cleanup-failure-probe-test-graph/gradlew	out-of-scope	ticket_plan.yaml:648-658	none (outside the three project indexes)	unrepresented		Exact-path exclusion; semantic code was not read
1292	specs/.history/modular-fuzzing-epic/ticket-007-MF-025/results/testgraph-specWorkflow/cleanup-failure-probe-test-graph/sdk/java/build.gradle.kts	out-of-scope	ticket_plan.yaml:648-658	none (outside the three project indexes)	unrepresented		Exact-path exclusion; semantic code was not read
1293	specs/.history/modular-fuzzing-epic/ticket-007-MF-025/results/testgraph-specWorkflow/cleanup-failure-probe-test-graph/sdk/java/src/main/java/com/hayden/testgraphsdk/sdk/ContextItem.java	out-of-scope	ticket_plan.yaml:648-658	none (outside the three project indexes)	unrepresented		Exact-path exclusion; semantic code was not read
1294	specs/.history/modular-fuzzing-epic/ticket-007-MF-025/results/testgraph-specWorkflow/cleanup-failure-probe-test-graph/sdk/java/src/main/java/com/hayden/testgraphsdk/sdk/ContextSerde.java	out-of-scope	ticket_plan.yaml:648-658	none (outside the three project indexes)	unrepresented		Exact-path exclusion; semantic code was not read
1295	specs/.history/modular-fuzzing-epic/ticket-007-MF-025/results/testgraph-specWorkflow/cleanup-failure-probe-test-graph/sdk/java/src/main/java/com/hayden/testgraphsdk/sdk/Json.java	out-of-scope	ticket_plan.yaml:648-658	none (outside the three project indexes)	unrepresented		Exact-path exclusion; semantic code was not read
1296	specs/.history/modular-fuzzing-epic/ticket-007-MF-025/results/testgraph-specWorkflow/cleanup-failure-probe-test-graph/sdk/java/src/main/java/com/hayden/testgraphsdk/sdk/JsonMapper.java	out-of-scope	ticket_plan.yaml:648-658	none (outside the three project indexes)	unrepresented		Exact-path exclusion; semantic code was not read
1297	specs/.history/modular-fuzzing-epic/ticket-007-MF-025/results/testgraph-specWorkflow/cleanup-failure-probe-test-graph/sdk/java/src/main/java/com/hayden/testgraphsdk/sdk/Node.java	out-of-scope	ticket_plan.yaml:648-658	none (outside the three project indexes)	unrepresented		Exact-path exclusion; semantic code was not read
1298	specs/.history/modular-fuzzing-epic/ticket-007-MF-025/results/testgraph-specWorkflow/cleanup-failure-probe-test-graph/sdk/java/src/main/java/com/hayden/testgraphsdk/sdk/NodeBody.java	out-of-scope	ticket_plan.yaml:648-658	none (outside the three project indexes)	unrepresented		Exact-path exclusion; semantic code was not read
1299	specs/.history/modular-fuzzing-epic/ticket-007-MF-025/results/testgraph-specWorkflow/cleanup-failure-probe-test-graph/sdk/java/src/main/java/com/hayden/testgraphsdk/sdk/NodeContext.java	out-of-scope	ticket_plan.yaml:648-658	none (outside the three project indexes)	unrepresented		Exact-path exclusion; semantic code was not read
1300	specs/.history/modular-fuzzing-epic/ticket-007-MF-025/results/testgraph-specWorkflow/cleanup-failure-probe-test-graph/sdk/java/src/main/java/com/hayden/testgraphsdk/sdk/NodeResult.java	out-of-scope	ticket_plan.yaml:648-658	none (outside the three project indexes)	unrepresented		Exact-path exclusion; semantic code was not read
1301	specs/.history/modular-fuzzing-epic/ticket-007-MF-025/results/testgraph-specWorkflow/cleanup-failure-probe-test-graph/sdk/java/src/main/java/com/hayden/testgraphsdk/sdk/NodeSpec.java	out-of-scope	ticket_plan.yaml:648-658	none (outside the three project indexes)	unrepresented		Exact-path exclusion; semantic code was not read
1302	specs/.history/modular-fuzzing-epic/ticket-007-MF-025/results/testgraph-specWorkflow/cleanup-failure-probe-test-graph/sdk/java/src/main/java/com/hayden/testgraphsdk/sdk/NodeStatus.java	out-of-scope	ticket_plan.yaml:648-658	none (outside the three project indexes)	unrepresented		Exact-path exclusion; semantic code was not read
1303	specs/.history/modular-fuzzing-epic/ticket-007-MF-025/results/testgraph-specWorkflow/cleanup-failure-probe-test-graph/sdk/java/src/main/java/com/hayden/testgraphsdk/sdk/ProcessRecord.java	out-of-scope	ticket_plan.yaml:648-658	none (outside the three project indexes)	unrepresented		Exact-path exclusion; semantic code was not read
1304	specs/.history/modular-fuzzing-epic/ticket-007-MF-025/results/testgraph-specWorkflow/cleanup-failure-probe-test-graph/sdk/java/src/main/java/com/hayden/testgraphsdk/sdk/Procs.java	out-of-scope	ticket_plan.yaml:648-658	none (outside the three project indexes)	unrepresented		Exact-path exclusion; semantic code was not read
1305	specs/.history/modular-fuzzing-epic/ticket-007-MF-025/results/testgraph-specWorkflow/cleanup-failure-probe-test-graph/sdk/python/src/testgraphsdk/__init__.py	out-of-scope	ticket_plan.yaml:648-658	none (outside the three project indexes)	unrepresented		Exact-path exclusion; semantic code was not read
1306	specs/.history/modular-fuzzing-epic/ticket-007-MF-025/results/testgraph-specWorkflow/cleanup-failure-probe-test-graph/sdk/python/src/testgraphsdk/context.py	out-of-scope	ticket_plan.yaml:648-658	none (outside the three project indexes)	unrepresented		Exact-path exclusion; semantic code was not read
1307	specs/.history/modular-fuzzing-epic/ticket-007-MF-025/results/testgraph-specWorkflow/cleanup-failure-probe-test-graph/sdk/python/src/testgraphsdk/context_item.py	out-of-scope	ticket_plan.yaml:648-658	none (outside the three project indexes)	unrepresented		Exact-path exclusion; semantic code was not read
1308	specs/.history/modular-fuzzing-epic/ticket-007-MF-025/results/testgraph-specWorkflow/cleanup-failure-probe-test-graph/sdk/python/src/testgraphsdk/node_spec.py	out-of-scope	ticket_plan.yaml:648-658	none (outside the three project indexes)	unrepresented		Exact-path exclusion; semantic code was not read
1309	specs/.history/modular-fuzzing-epic/ticket-007-MF-025/results/testgraph-specWorkflow/cleanup-failure-probe-test-graph/sdk/python/src/testgraphsdk/procs.py	out-of-scope	ticket_plan.yaml:648-658	none (outside the three project indexes)	unrepresented		Exact-path exclusion; semantic code was not read
1310	specs/.history/modular-fuzzing-epic/ticket-007-MF-025/results/testgraph-specWorkflow/cleanup-failure-probe-test-graph/sdk/python/src/testgraphsdk/result.py	out-of-scope	ticket_plan.yaml:648-658	none (outside the three project indexes)	unrepresented		Exact-path exclusion; semantic code was not read
1311	specs/.history/modular-fuzzing-epic/ticket-007-MF-025/results/testgraph-specWorkflow/cleanup-failure-probe-test-graph/sdk/python/src/testgraphsdk/runner.py	out-of-scope	ticket_plan.yaml:648-658	none (outside the three project indexes)	unrepresented		Exact-path exclusion; semantic code was not read
1312	specs/.history/modular-fuzzing-epic/ticket-007-MF-025/results/testgraph-specWorkflow/cleanup-failure-probe-test-graph/settings.gradle.kts	out-of-scope	ticket_plan.yaml:648-658	none (outside the three project indexes)	unrepresented		Exact-path exclusion; semantic code was not read
1313	specs/.history/modular-fuzzing-epic/ticket-007-MF-025/results/testgraph-specWorkflow/cleanup-failure-probe-test-graph/sources/spec_workflow_cleanup.py	out-of-scope	ticket_plan.yaml:648-658	none (outside the three project indexes)	unrepresented		Exact-path exclusion; semantic code was not read
1314	specs/.history/modular-fuzzing-epic/ticket-007-MF-025/results/testgraph-specWorkflow/cleanup-failure-probe-test-graph/sources/spec_workflow_close_ticket.py	out-of-scope	ticket_plan.yaml:648-658	none (outside the three project indexes)	unrepresented		Exact-path exclusion; semantic code was not read
1315	specs/.history/modular-fuzzing-epic/ticket-007-MF-025/results/testgraph-specWorkflow/cleanup-failure-probe-test-graph/sources/spec_workflow_complete_ticket.py	out-of-scope	ticket_plan.yaml:648-658	none (outside the three project indexes)	unrepresented		Exact-path exclusion; semantic code was not read
1316	specs/.history/modular-fuzzing-epic/ticket-007-MF-025/results/testgraph-specWorkflow/cleanup-failure-probe-test-graph/sources/spec_workflow_create_repo.py	out-of-scope	ticket_plan.yaml:648-658	none (outside the three project indexes)	unrepresented		Exact-path exclusion; semantic code was not read
1317	specs/.history/modular-fuzzing-epic/ticket-007-MF-025/results/testgraph-specWorkflow/cleanup-failure-probe-test-graph/sources/spec_workflow_failure_cleanup_probe.py	out-of-scope	ticket_plan.yaml:648-658	none (outside the three project indexes)	unrepresented		Exact-path exclusion; semantic code was not read
1318	specs/.history/modular-fuzzing-epic/ticket-007-MF-025/results/testgraph-specWorkflow/cleanup-failure-probe-test-graph/sources/spec_workflow_force_failure.py	out-of-scope	ticket_plan.yaml:648-658	none (outside the three project indexes)	unrepresented		Exact-path exclusion; semantic code was not read
1319	specs/.history/modular-fuzzing-epic/ticket-007-MF-025/results/testgraph-specWorkflow/cleanup-failure-probe-test-graph/sources/spec_workflow_spec_units.py	out-of-scope	ticket_plan.yaml:648-658	none (outside the three project indexes)	unrepresented		Exact-path exclusion; semantic code was not read
1320	specs/.history/modular-fuzzing-epic/ticket-007-MF-025/results/testgraph-specWorkflow/cleanup-failure-probe-test-graph/sources/spec_workflow_start_ticket.py	out-of-scope	ticket_plan.yaml:648-658	none (outside the three project indexes)	unrepresented		Exact-path exclusion; semantic code was not read
1321	specs/.history/modular-fuzzing-epic/ticket-007-MF-025/results/testgraph-specWorkflow/cleanup-failure-probe-test-graph/sources/tla_spec_dev_cli_help.py	out-of-scope	ticket_plan.yaml:648-658	none (outside the three project indexes)	unrepresented		Exact-path exclusion; semantic code was not read
1322	specs/.history/modular-fuzzing-epic/ticket-007-MF-025/results/testgraph-specWorkflow/cleanup-failure-probe-test-graph/sources/tla_spec_dev_cli_install.py	out-of-scope	ticket_plan.yaml:648-658	none (outside the three project indexes)	unrepresented		Exact-path exclusion; semantic code was not read
1323	specs/.history/modular-fuzzing-epic/ticket-007-MF-025/results/testgraph-specWorkflow/tla-spec-dev-bin/tla-spec-dev	out-of-scope	ticket_plan.yaml:648-658	none (outside the three project indexes)	unrepresented		Exact-path exclusion; semantic code was not read
1324	specs/.history/modular-fuzzing-epic/ticket-007-MF-025/snapshots/current/production_adapters.py	out-of-scope	ticket_plan.yaml:648-658	none (outside the three project indexes)	unrepresented		Exact-path exclusion; semantic code was not read
1325	specs/.history/modular-fuzzing-epic/ticket-007-MF-025/snapshots/current/tests/test_current_ticket_workflow.py	out-of-scope	ticket_plan.yaml:648-658	none (outside the three project indexes)	unrepresented		Exact-path exclusion; semantic code was not read
1326	specs/.history/modular-fuzzing-epic/ticket-007-MF-025/snapshots/current/tests/test_tla_spec_dev_analyze_adapter.py	out-of-scope	ticket_plan.yaml:648-658	none (outside the three project indexes)	unrepresented		Exact-path exclusion; semantic code was not read
1327	specs/.history/modular-fuzzing-epic/ticket-007-MF-025/snapshots/current/tests/test_tla_spec_dev_budgets_adapter.py	out-of-scope	ticket_plan.yaml:648-658	none (outside the three project indexes)	unrepresented		Exact-path exclusion; semantic code was not read
1328	specs/.history/modular-fuzzing-epic/ticket-007-MF-025/snapshots/current/tests/test_tla_spec_dev_cli_adapter.py	out-of-scope	ticket_plan.yaml:648-658	none (outside the three project indexes)	unrepresented		Exact-path exclusion; semantic code was not read
1329	specs/.history/modular-fuzzing-epic/ticket-007-MF-025/snapshots/current/tests/test_tla_spec_dev_close_promotion_adapter.py	out-of-scope	ticket_plan.yaml:648-658	none (outside the three project indexes)	unrepresented		Exact-path exclusion; semantic code was not read
1330	specs/.history/modular-fuzzing-epic/ticket-007-MF-025/snapshots/current/tests/test_tla_spec_dev_corpus_adapter.py	out-of-scope	ticket_plan.yaml:648-658	none (outside the three project indexes)	unrepresented		Exact-path exclusion; semantic code was not read
1331	specs/.history/modular-fuzzing-epic/ticket-007-MF-025/snapshots/current/tests/test_tla_spec_dev_run_adapter.py	out-of-scope	ticket_plan.yaml:648-658	none (outside the three project indexes)	unrepresented		Exact-path exclusion; semantic code was not read
1332	specs/.history/modular-fuzzing-epic/ticket-007-MF-025/snapshots/current/tests/test_tla_spec_dev_scaffold_adapter.py	out-of-scope	ticket_plan.yaml:648-658	none (outside the three project indexes)	unrepresented		Exact-path exclusion; semantic code was not read
1333	specs/.history/modular-fuzzing-epic/ticket-007-MF-025/snapshots/current/tests/test_tla_spec_dev_skill_feedback_adapter.py	out-of-scope	ticket_plan.yaml:648-658	none (outside the three project indexes)	unrepresented		Exact-path exclusion; semantic code was not read
1334	specs/.history/modular-fuzzing-epic/ticket-007-MF-025/snapshots/current/tests/test_tla_spec_dev_test_graph_adapter.py	out-of-scope	ticket_plan.yaml:648-658	none (outside the three project indexes)	unrepresented		Exact-path exclusion; semantic code was not read
1335	specs/.history/modular-fuzzing-epic/ticket-007-MF-025/snapshots/current/tests/test_tla_spec_dev_ticket_adapter.py	out-of-scope	ticket_plan.yaml:648-658	none (outside the three project indexes)	unrepresented		Exact-path exclusion; semantic code was not read
1336	specs/.history/modular-fuzzing-epic/ticket-007-MF-025/snapshots/desired_program_model/production_adapters.py	out-of-scope	ticket_plan.yaml:648-658	none (outside the three project indexes)	unrepresented		Exact-path exclusion; semantic code was not read
1337	specs/.history/modular-fuzzing-epic/ticket-007-MF-025/snapshots/desired_program_model/tests/test_tla_spec_dev_cli_adapter.py	out-of-scope	ticket_plan.yaml:648-658	none (outside the three project indexes)	unrepresented		Exact-path exclusion; semantic code was not read
1338	specs/.history/modular-fuzzing-epic/ticket-007-MF-025/snapshots/desired_program_model/tests/test_tla_spec_dev_run_adapter.py	out-of-scope	ticket_plan.yaml:648-658	none (outside the three project indexes)	unrepresented		Exact-path exclusion; semantic code was not read
1339	specs/.history/modular-fuzzing-epic/ticket-007-MF-025/snapshots/desired_program_model/tests/test_tla_spec_dev_scaffold_adapter.py	out-of-scope	ticket_plan.yaml:648-658	none (outside the three project indexes)	unrepresented		Exact-path exclusion; semantic code was not read
1340	specs/.history/modular-fuzzing-epic/ticket-007-MF-025/snapshots/desired_program_model/tests/test_tla_spec_dev_test_graph_adapter.py	out-of-scope	ticket_plan.yaml:648-658	none (outside the three project indexes)	unrepresented		Exact-path exclusion; semantic code was not read
1341	specs/.history/modular-fuzzing-epic/ticket-007-MF-025/snapshots/desired_program_model/tests/test_tla_spec_dev_ticket_adapter.py	out-of-scope	ticket_plan.yaml:648-658	none (outside the three project indexes)	unrepresented		Exact-path exclusion; semantic code was not read
1342	specs/.history/modular-fuzzing-epic/ticket-007-MF-025/snapshots/program_model/production_adapters.py	out-of-scope	ticket_plan.yaml:648-658	none (outside the three project indexes)	unrepresented		Exact-path exclusion; semantic code was not read
1343	specs/.history/modular-fuzzing-epic/ticket-007-MF-025/snapshots/program_model/tests/test_tla_spec_dev_cli_adapter.py	out-of-scope	ticket_plan.yaml:648-658	none (outside the three project indexes)	unrepresented		Exact-path exclusion; semantic code was not read
1344	specs/.history/modular-fuzzing-epic/ticket-007-MF-025/snapshots/program_model/tests/test_tla_spec_dev_run_adapter.py	out-of-scope	ticket_plan.yaml:648-658	none (outside the three project indexes)	unrepresented		Exact-path exclusion; semantic code was not read
1345	specs/.history/modular-fuzzing-epic/ticket-007-MF-025/snapshots/program_model/tests/test_tla_spec_dev_scaffold_adapter.py	out-of-scope	ticket_plan.yaml:648-658	none (outside the three project indexes)	unrepresented		Exact-path exclusion; semantic code was not read
1346	specs/.history/modular-fuzzing-epic/ticket-007-MF-025/snapshots/program_model/tests/test_tla_spec_dev_test_graph_adapter.py	out-of-scope	ticket_plan.yaml:648-658	none (outside the three project indexes)	unrepresented		Exact-path exclusion; semantic code was not read
1347	specs/.history/modular-fuzzing-epic/ticket-007-MF-025/snapshots/program_model/tests/test_tla_spec_dev_ticket_adapter.py	out-of-scope	ticket_plan.yaml:648-658	none (outside the three project indexes)	unrepresented		Exact-path exclusion; semantic code was not read
1348	specs/.history/modular-fuzzing-epic/ticket-007-MF-025/ticket/current/production_adapters.py	out-of-scope	ticket_plan.yaml:648-658	none (outside the three project indexes)	unrepresented		Exact-path exclusion; semantic code was not read
1349	specs/.history/modular-fuzzing-epic/ticket-007-MF-025/ticket/current/tests/test_tla_spec_dev_analyze_adapter.py	out-of-scope	ticket_plan.yaml:648-658	none (outside the three project indexes)	unrepresented		Exact-path exclusion; semantic code was not read
1350	specs/.history/modular-fuzzing-epic/ticket-007-MF-025/ticket/current/tests/test_tla_spec_dev_budgets_adapter.py	out-of-scope	ticket_plan.yaml:648-658	none (outside the three project indexes)	unrepresented		Exact-path exclusion; semantic code was not read
1351	specs/.history/modular-fuzzing-epic/ticket-007-MF-025/ticket/current/tests/test_tla_spec_dev_cli_adapter.py	out-of-scope	ticket_plan.yaml:648-658	none (outside the three project indexes)	unrepresented		Exact-path exclusion; semantic code was not read
1352	specs/.history/modular-fuzzing-epic/ticket-007-MF-025/ticket/current/tests/test_tla_spec_dev_close_promotion_adapter.py	out-of-scope	ticket_plan.yaml:648-658	none (outside the three project indexes)	unrepresented		Exact-path exclusion; semantic code was not read
1353	specs/.history/modular-fuzzing-epic/ticket-007-MF-025/ticket/current/tests/test_tla_spec_dev_corpus_adapter.py	out-of-scope	ticket_plan.yaml:648-658	none (outside the three project indexes)	unrepresented		Exact-path exclusion; semantic code was not read
1354	specs/.history/modular-fuzzing-epic/ticket-007-MF-025/ticket/current/tests/test_tla_spec_dev_run_adapter.py	out-of-scope	ticket_plan.yaml:648-658	none (outside the three project indexes)	unrepresented		Exact-path exclusion; semantic code was not read
1355	specs/.history/modular-fuzzing-epic/ticket-007-MF-025/ticket/current/tests/test_tla_spec_dev_scaffold_adapter.py	out-of-scope	ticket_plan.yaml:648-658	none (outside the three project indexes)	unrepresented		Exact-path exclusion; semantic code was not read
1356	specs/.history/modular-fuzzing-epic/ticket-007-MF-025/ticket/current/tests/test_tla_spec_dev_skill_feedback_adapter.py	out-of-scope	ticket_plan.yaml:648-658	none (outside the three project indexes)	unrepresented		Exact-path exclusion; semantic code was not read
1357	specs/.history/modular-fuzzing-epic/ticket-007-MF-025/ticket/current/tests/test_tla_spec_dev_test_graph_adapter.py	out-of-scope	ticket_plan.yaml:648-658	none (outside the three project indexes)	unrepresented		Exact-path exclusion; semantic code was not read
1358	specs/.history/modular-fuzzing-epic/ticket-007-MF-025/ticket/current/tests/test_tla_spec_dev_ticket_adapter.py	out-of-scope	ticket_plan.yaml:648-658	none (outside the three project indexes)	unrepresented		Exact-path exclusion; semantic code was not read
1359	specs/.history/modular-fuzzing-epic/ticket-007-MF-025/ticket/desired/production_adapters.py	out-of-scope	ticket_plan.yaml:648-658	none (outside the three project indexes)	unrepresented		Exact-path exclusion; semantic code was not read
1360	specs/.history/modular-fuzzing-epic/ticket-007-MF-025/ticket/desired/tests/test_tla_spec_dev_analyze_adapter.py	out-of-scope	ticket_plan.yaml:648-658	none (outside the three project indexes)	unrepresented		Exact-path exclusion; semantic code was not read
1361	specs/.history/modular-fuzzing-epic/ticket-007-MF-025/ticket/desired/tests/test_tla_spec_dev_budgets_adapter.py	out-of-scope	ticket_plan.yaml:648-658	none (outside the three project indexes)	unrepresented		Exact-path exclusion; semantic code was not read
1362	specs/.history/modular-fuzzing-epic/ticket-007-MF-025/ticket/desired/tests/test_tla_spec_dev_cli_adapter.py	out-of-scope	ticket_plan.yaml:648-658	none (outside the three project indexes)	unrepresented		Exact-path exclusion; semantic code was not read
1363	specs/.history/modular-fuzzing-epic/ticket-007-MF-025/ticket/desired/tests/test_tla_spec_dev_close_promotion_adapter.py	out-of-scope	ticket_plan.yaml:648-658	none (outside the three project indexes)	unrepresented		Exact-path exclusion; semantic code was not read
1364	specs/.history/modular-fuzzing-epic/ticket-007-MF-025/ticket/desired/tests/test_tla_spec_dev_corpus_adapter.py	out-of-scope	ticket_plan.yaml:648-658	none (outside the three project indexes)	unrepresented		Exact-path exclusion; semantic code was not read
1365	specs/.history/modular-fuzzing-epic/ticket-007-MF-025/ticket/desired/tests/test_tla_spec_dev_run_adapter.py	out-of-scope	ticket_plan.yaml:648-658	none (outside the three project indexes)	unrepresented		Exact-path exclusion; semantic code was not read
1366	specs/.history/modular-fuzzing-epic/ticket-007-MF-025/ticket/desired/tests/test_tla_spec_dev_scaffold_adapter.py	out-of-scope	ticket_plan.yaml:648-658	none (outside the three project indexes)	unrepresented		Exact-path exclusion; semantic code was not read
1367	specs/.history/modular-fuzzing-epic/ticket-007-MF-025/ticket/desired/tests/test_tla_spec_dev_skill_feedback_adapter.py	out-of-scope	ticket_plan.yaml:648-658	none (outside the three project indexes)	unrepresented		Exact-path exclusion; semantic code was not read
1368	specs/.history/modular-fuzzing-epic/ticket-007-MF-025/ticket/desired/tests/test_tla_spec_dev_test_graph_adapter.py	out-of-scope	ticket_plan.yaml:648-658	none (outside the three project indexes)	unrepresented		Exact-path exclusion; semantic code was not read
1369	specs/.history/modular-fuzzing-epic/ticket-007-MF-025/ticket/desired/tests/test_tla_spec_dev_ticket_adapter.py	out-of-scope	ticket_plan.yaml:648-658	none (outside the three project indexes)	unrepresented		Exact-path exclusion; semantic code was not read
1370	specs/.history/modular-fuzzing-epic/ticket-007-MF-025/ticket/results/testgraph-cliWorkflow/tla-spec-dev-bin/tla-spec-dev	out-of-scope	ticket_plan.yaml:648-658	none (outside the three project indexes)	unrepresented		Exact-path exclusion; semantic code was not read
1371	specs/.history/modular-fuzzing-epic/ticket-007-MF-025/ticket/results/testgraph-specWorkflow/cleanup-failure-probe-test-graph/build-logic/build.gradle.kts	out-of-scope	ticket_plan.yaml:648-658	none (outside the three project indexes)	unrepresented		Exact-path exclusion; semantic code was not read
1372	specs/.history/modular-fuzzing-epic/ticket-007-MF-025/ticket/results/testgraph-specWorkflow/cleanup-failure-probe-test-graph/build-logic/settings.gradle.kts	out-of-scope	ticket_plan.yaml:648-658	none (outside the three project indexes)	unrepresented		Exact-path exclusion; semantic code was not read
1373	specs/.history/modular-fuzzing-epic/ticket-007-MF-025/ticket/results/testgraph-specWorkflow/cleanup-failure-probe-test-graph/build-logic/src/main/kotlin/com/hayden/testgraphsdk/GraphAssembler.kt	out-of-scope	ticket_plan.yaml:648-658	none (outside the three project indexes)	unrepresented		Exact-path exclusion; semantic code was not read
1374	specs/.history/modular-fuzzing-epic/ticket-007-MF-025/ticket/results/testgraph-specWorkflow/cleanup-failure-probe-test-graph/build-logic/src/main/kotlin/com/hayden/testgraphsdk/GraphModel.kt	out-of-scope	ticket_plan.yaml:648-658	none (outside the three project indexes)	unrepresented		Exact-path exclusion; semantic code was not read
1375	specs/.history/modular-fuzzing-epic/ticket-007-MF-025/ticket/results/testgraph-specWorkflow/cleanup-failure-probe-test-graph/build-logic/src/main/kotlin/com/hayden/testgraphsdk/MiniJson.kt	out-of-scope	ticket_plan.yaml:648-658	none (outside the three project indexes)	unrepresented		Exact-path exclusion; semantic code was not read
1376	specs/.history/modular-fuzzing-epic/ticket-007-MF-025/ticket/results/testgraph-specWorkflow/cleanup-failure-probe-test-graph/build-logic/src/main/kotlin/com/hayden/testgraphsdk/NodeDescribeLoader.kt	out-of-scope	ticket_plan.yaml:648-658	none (outside the three project indexes)	unrepresented		Exact-path exclusion; semantic code was not read
1377	specs/.history/modular-fuzzing-epic/ticket-007-MF-025/ticket/results/testgraph-specWorkflow/cleanup-failure-probe-test-graph/build-logic/src/main/kotlin/com/hayden/testgraphsdk/TestGraphSpec.kt	out-of-scope	ticket_plan.yaml:648-658	none (outside the three project indexes)	unrepresented		Exact-path exclusion; semantic code was not read
1378	specs/.history/modular-fuzzing-epic/ticket-007-MF-025/ticket/results/testgraph-specWorkflow/cleanup-failure-probe-test-graph/build-logic/src/main/kotlin/com/hayden/testgraphsdk/Toolchain.kt	out-of-scope	ticket_plan.yaml:648-658	none (outside the three project indexes)	unrepresented		Exact-path exclusion; semantic code was not read
1379	specs/.history/modular-fuzzing-epic/ticket-007-MF-025/ticket/results/testgraph-specWorkflow/cleanup-failure-probe-test-graph/build-logic/src/main/kotlin/com/hayden/testgraphsdk/ValidationGraphExtension.kt	out-of-scope	ticket_plan.yaml:648-658	none (outside the three project indexes)	unrepresented		Exact-path exclusion; semantic code was not read
1380	specs/.history/modular-fuzzing-epic/ticket-007-MF-025/ticket/results/testgraph-specWorkflow/cleanup-failure-probe-test-graph/build-logic/src/main/kotlin/com/hayden/testgraphsdk/ValidationGraphPlugin.kt	out-of-scope	ticket_plan.yaml:648-658	none (outside the three project indexes)	unrepresented		Exact-path exclusion; semantic code was not read
1381	specs/.history/modular-fuzzing-epic/ticket-007-MF-025/ticket/results/testgraph-specWorkflow/cleanup-failure-probe-test-graph/build-logic/src/main/kotlin/com/hayden/testgraphsdk/ValidationNodeSpec.kt	out-of-scope	ticket_plan.yaml:648-658	none (outside the three project indexes)	unrepresented		Exact-path exclusion; semantic code was not read
1382	specs/.history/modular-fuzzing-epic/ticket-007-MF-025/ticket/results/testgraph-specWorkflow/cleanup-failure-probe-test-graph/build-logic/src/main/kotlin/com/hayden/testgraphsdk/ValidationRuntime.kt	out-of-scope	ticket_plan.yaml:648-658	none (outside the three project indexes)	unrepresented		Exact-path exclusion; semantic code was not read
1383	specs/.history/modular-fuzzing-epic/ticket-007-MF-025/ticket/results/testgraph-specWorkflow/cleanup-failure-probe-test-graph/build-logic/src/main/kotlin/com/hayden/testgraphsdk/exec/Context.kt	out-of-scope	ticket_plan.yaml:648-658	none (outside the three project indexes)	unrepresented		Exact-path exclusion; semantic code was not read
1384	specs/.history/modular-fuzzing-epic/ticket-007-MF-025/ticket/results/testgraph-specWorkflow/cleanup-failure-probe-test-graph/build-logic/src/main/kotlin/com/hayden/testgraphsdk/exec/Executors.kt	out-of-scope	ticket_plan.yaml:648-658	none (outside the three project indexes)	unrepresented		Exact-path exclusion; semantic code was not read
1385	specs/.history/modular-fuzzing-epic/ticket-007-MF-025/ticket/results/testgraph-specWorkflow/cleanup-failure-probe-test-graph/build-logic/src/main/kotlin/com/hayden/testgraphsdk/exec/JBangExecutor.kt	out-of-scope	ticket_plan.yaml:648-658	none (outside the three project indexes)	unrepresented		Exact-path exclusion; semantic code was not read
1386	specs/.history/modular-fuzzing-epic/ticket-007-MF-025/ticket/results/testgraph-specWorkflow/cleanup-failure-probe-test-graph/build-logic/src/main/kotlin/com/hayden/testgraphsdk/exec/PlanExecutor.kt	out-of-scope	ticket_plan.yaml:648-658	none (outside the three project indexes)	unrepresented		Exact-path exclusion; semantic code was not read
1387	specs/.history/modular-fuzzing-epic/ticket-007-MF-025/ticket/results/testgraph-specWorkflow/cleanup-failure-probe-test-graph/build-logic/src/main/kotlin/com/hayden/testgraphsdk/exec/TimeoutParser.kt	out-of-scope	ticket_plan.yaml:648-658	none (outside the three project indexes)	unrepresented		Exact-path exclusion; semantic code was not read
1388	specs/.history/modular-fuzzing-epic/ticket-007-MF-025/ticket/results/testgraph-specWorkflow/cleanup-failure-probe-test-graph/build-logic/src/main/kotlin/com/hayden/testgraphsdk/exec/UvExecutor.kt	out-of-scope	ticket_plan.yaml:648-658	none (outside the three project indexes)	unrepresented		Exact-path exclusion; semantic code was not read
1389	specs/.history/modular-fuzzing-epic/ticket-007-MF-025/ticket/results/testgraph-specWorkflow/cleanup-failure-probe-test-graph/build-logic/src/main/kotlin/com/hayden/testgraphsdk/tasks/InspectionTasks.kt	out-of-scope	ticket_plan.yaml:648-658	none (outside the three project indexes)	unrepresented		Exact-path exclusion; semantic code was not read
1390	specs/.history/modular-fuzzing-epic/ticket-007-MF-025/ticket/results/testgraph-specWorkflow/cleanup-failure-probe-test-graph/build-logic/src/main/kotlin/com/hayden/testgraphsdk/tasks/RunReportWriter.kt	out-of-scope	ticket_plan.yaml:648-658	none (outside the three project indexes)	unrepresented		Exact-path exclusion; semantic code was not read
1391	specs/.history/modular-fuzzing-epic/ticket-007-MF-025/ticket/results/testgraph-specWorkflow/cleanup-failure-probe-test-graph/build-logic/src/main/kotlin/com/hayden/testgraphsdk/tasks/RunTestGraphTask.kt	out-of-scope	ticket_plan.yaml:648-658	none (outside the three project indexes)	unrepresented		Exact-path exclusion; semantic code was not read
1392	specs/.history/modular-fuzzing-epic/ticket-007-MF-025/ticket/results/testgraph-specWorkflow/cleanup-failure-probe-test-graph/build-logic/src/main/kotlin/com/hayden/testgraphsdk/tasks/ValidationReportTask.kt	out-of-scope	ticket_plan.yaml:648-658	none (outside the three project indexes)	unrepresented		Exact-path exclusion; semantic code was not read
1393	specs/.history/modular-fuzzing-epic/ticket-007-MF-025/ticket/results/testgraph-specWorkflow/cleanup-failure-probe-test-graph/build-logic/src/test/kotlin/com/hayden/testgraphsdk/exec/PlanExecutorResumeHarnessTest.kt	out-of-scope	ticket_plan.yaml:648-658	none (outside the three project indexes)	unrepresented		Exact-path exclusion; semantic code was not read
1394	specs/.history/modular-fuzzing-epic/ticket-007-MF-025/ticket/results/testgraph-specWorkflow/cleanup-failure-probe-test-graph/build.gradle.kts	out-of-scope	ticket_plan.yaml:648-658	none (outside the three project indexes)	unrepresented		Exact-path exclusion; semantic code was not read
1395	specs/.history/modular-fuzzing-epic/ticket-007-MF-025/ticket/results/testgraph-specWorkflow/cleanup-failure-probe-test-graph/gradlew	out-of-scope	ticket_plan.yaml:648-658	none (outside the three project indexes)	unrepresented		Exact-path exclusion; semantic code was not read
1396	specs/.history/modular-fuzzing-epic/ticket-007-MF-025/ticket/results/testgraph-specWorkflow/cleanup-failure-probe-test-graph/sdk/java/build.gradle.kts	out-of-scope	ticket_plan.yaml:648-658	none (outside the three project indexes)	unrepresented		Exact-path exclusion; semantic code was not read
1397	specs/.history/modular-fuzzing-epic/ticket-007-MF-025/ticket/results/testgraph-specWorkflow/cleanup-failure-probe-test-graph/sdk/java/src/main/java/com/hayden/testgraphsdk/sdk/ContextItem.java	out-of-scope	ticket_plan.yaml:648-658	none (outside the three project indexes)	unrepresented		Exact-path exclusion; semantic code was not read
1398	specs/.history/modular-fuzzing-epic/ticket-007-MF-025/ticket/results/testgraph-specWorkflow/cleanup-failure-probe-test-graph/sdk/java/src/main/java/com/hayden/testgraphsdk/sdk/ContextSerde.java	out-of-scope	ticket_plan.yaml:648-658	none (outside the three project indexes)	unrepresented		Exact-path exclusion; semantic code was not read
1399	specs/.history/modular-fuzzing-epic/ticket-007-MF-025/ticket/results/testgraph-specWorkflow/cleanup-failure-probe-test-graph/sdk/java/src/main/java/com/hayden/testgraphsdk/sdk/Json.java	out-of-scope	ticket_plan.yaml:648-658	none (outside the three project indexes)	unrepresented		Exact-path exclusion; semantic code was not read
1400	specs/.history/modular-fuzzing-epic/ticket-007-MF-025/ticket/results/testgraph-specWorkflow/cleanup-failure-probe-test-graph/sdk/java/src/main/java/com/hayden/testgraphsdk/sdk/JsonMapper.java	out-of-scope	ticket_plan.yaml:648-658	none (outside the three project indexes)	unrepresented		Exact-path exclusion; semantic code was not read
1401	specs/.history/modular-fuzzing-epic/ticket-007-MF-025/ticket/results/testgraph-specWorkflow/cleanup-failure-probe-test-graph/sdk/java/src/main/java/com/hayden/testgraphsdk/sdk/Node.java	out-of-scope	ticket_plan.yaml:648-658	none (outside the three project indexes)	unrepresented		Exact-path exclusion; semantic code was not read
1402	specs/.history/modular-fuzzing-epic/ticket-007-MF-025/ticket/results/testgraph-specWorkflow/cleanup-failure-probe-test-graph/sdk/java/src/main/java/com/hayden/testgraphsdk/sdk/NodeBody.java	out-of-scope	ticket_plan.yaml:648-658	none (outside the three project indexes)	unrepresented		Exact-path exclusion; semantic code was not read
1403	specs/.history/modular-fuzzing-epic/ticket-007-MF-025/ticket/results/testgraph-specWorkflow/cleanup-failure-probe-test-graph/sdk/java/src/main/java/com/hayden/testgraphsdk/sdk/NodeContext.java	out-of-scope	ticket_plan.yaml:648-658	none (outside the three project indexes)	unrepresented		Exact-path exclusion; semantic code was not read
1404	specs/.history/modular-fuzzing-epic/ticket-007-MF-025/ticket/results/testgraph-specWorkflow/cleanup-failure-probe-test-graph/sdk/java/src/main/java/com/hayden/testgraphsdk/sdk/NodeResult.java	out-of-scope	ticket_plan.yaml:648-658	none (outside the three project indexes)	unrepresented		Exact-path exclusion; semantic code was not read
1405	specs/.history/modular-fuzzing-epic/ticket-007-MF-025/ticket/results/testgraph-specWorkflow/cleanup-failure-probe-test-graph/sdk/java/src/main/java/com/hayden/testgraphsdk/sdk/NodeSpec.java	out-of-scope	ticket_plan.yaml:648-658	none (outside the three project indexes)	unrepresented		Exact-path exclusion; semantic code was not read
1406	specs/.history/modular-fuzzing-epic/ticket-007-MF-025/ticket/results/testgraph-specWorkflow/cleanup-failure-probe-test-graph/sdk/java/src/main/java/com/hayden/testgraphsdk/sdk/NodeStatus.java	out-of-scope	ticket_plan.yaml:648-658	none (outside the three project indexes)	unrepresented		Exact-path exclusion; semantic code was not read
1407	specs/.history/modular-fuzzing-epic/ticket-007-MF-025/ticket/results/testgraph-specWorkflow/cleanup-failure-probe-test-graph/sdk/java/src/main/java/com/hayden/testgraphsdk/sdk/ProcessRecord.java	out-of-scope	ticket_plan.yaml:648-658	none (outside the three project indexes)	unrepresented		Exact-path exclusion; semantic code was not read
1408	specs/.history/modular-fuzzing-epic/ticket-007-MF-025/ticket/results/testgraph-specWorkflow/cleanup-failure-probe-test-graph/sdk/java/src/main/java/com/hayden/testgraphsdk/sdk/Procs.java	out-of-scope	ticket_plan.yaml:648-658	none (outside the three project indexes)	unrepresented		Exact-path exclusion; semantic code was not read
1409	specs/.history/modular-fuzzing-epic/ticket-007-MF-025/ticket/results/testgraph-specWorkflow/cleanup-failure-probe-test-graph/sdk/python/src/testgraphsdk/__init__.py	out-of-scope	ticket_plan.yaml:648-658	none (outside the three project indexes)	unrepresented		Exact-path exclusion; semantic code was not read
1410	specs/.history/modular-fuzzing-epic/ticket-007-MF-025/ticket/results/testgraph-specWorkflow/cleanup-failure-probe-test-graph/sdk/python/src/testgraphsdk/context.py	out-of-scope	ticket_plan.yaml:648-658	none (outside the three project indexes)	unrepresented		Exact-path exclusion; semantic code was not read
1411	specs/.history/modular-fuzzing-epic/ticket-007-MF-025/ticket/results/testgraph-specWorkflow/cleanup-failure-probe-test-graph/sdk/python/src/testgraphsdk/context_item.py	out-of-scope	ticket_plan.yaml:648-658	none (outside the three project indexes)	unrepresented		Exact-path exclusion; semantic code was not read
1412	specs/.history/modular-fuzzing-epic/ticket-007-MF-025/ticket/results/testgraph-specWorkflow/cleanup-failure-probe-test-graph/sdk/python/src/testgraphsdk/node_spec.py	out-of-scope	ticket_plan.yaml:648-658	none (outside the three project indexes)	unrepresented		Exact-path exclusion; semantic code was not read
1413	specs/.history/modular-fuzzing-epic/ticket-007-MF-025/ticket/results/testgraph-specWorkflow/cleanup-failure-probe-test-graph/sdk/python/src/testgraphsdk/procs.py	out-of-scope	ticket_plan.yaml:648-658	none (outside the three project indexes)	unrepresented		Exact-path exclusion; semantic code was not read
1414	specs/.history/modular-fuzzing-epic/ticket-007-MF-025/ticket/results/testgraph-specWorkflow/cleanup-failure-probe-test-graph/sdk/python/src/testgraphsdk/result.py	out-of-scope	ticket_plan.yaml:648-658	none (outside the three project indexes)	unrepresented		Exact-path exclusion; semantic code was not read
1415	specs/.history/modular-fuzzing-epic/ticket-007-MF-025/ticket/results/testgraph-specWorkflow/cleanup-failure-probe-test-graph/sdk/python/src/testgraphsdk/runner.py	out-of-scope	ticket_plan.yaml:648-658	none (outside the three project indexes)	unrepresented		Exact-path exclusion; semantic code was not read
1416	specs/.history/modular-fuzzing-epic/ticket-007-MF-025/ticket/results/testgraph-specWorkflow/cleanup-failure-probe-test-graph/settings.gradle.kts	out-of-scope	ticket_plan.yaml:648-658	none (outside the three project indexes)	unrepresented		Exact-path exclusion; semantic code was not read
1417	specs/.history/modular-fuzzing-epic/ticket-007-MF-025/ticket/results/testgraph-specWorkflow/cleanup-failure-probe-test-graph/sources/spec_workflow_cleanup.py	out-of-scope	ticket_plan.yaml:648-658	none (outside the three project indexes)	unrepresented		Exact-path exclusion; semantic code was not read
1418	specs/.history/modular-fuzzing-epic/ticket-007-MF-025/ticket/results/testgraph-specWorkflow/cleanup-failure-probe-test-graph/sources/spec_workflow_close_ticket.py	out-of-scope	ticket_plan.yaml:648-658	none (outside the three project indexes)	unrepresented		Exact-path exclusion; semantic code was not read
1419	specs/.history/modular-fuzzing-epic/ticket-007-MF-025/ticket/results/testgraph-specWorkflow/cleanup-failure-probe-test-graph/sources/spec_workflow_complete_ticket.py	out-of-scope	ticket_plan.yaml:648-658	none (outside the three project indexes)	unrepresented		Exact-path exclusion; semantic code was not read
1420	specs/.history/modular-fuzzing-epic/ticket-007-MF-025/ticket/results/testgraph-specWorkflow/cleanup-failure-probe-test-graph/sources/spec_workflow_create_repo.py	out-of-scope	ticket_plan.yaml:648-658	none (outside the three project indexes)	unrepresented		Exact-path exclusion; semantic code was not read
1421	specs/.history/modular-fuzzing-epic/ticket-007-MF-025/ticket/results/testgraph-specWorkflow/cleanup-failure-probe-test-graph/sources/spec_workflow_failure_cleanup_probe.py	out-of-scope	ticket_plan.yaml:648-658	none (outside the three project indexes)	unrepresented		Exact-path exclusion; semantic code was not read
1422	specs/.history/modular-fuzzing-epic/ticket-007-MF-025/ticket/results/testgraph-specWorkflow/cleanup-failure-probe-test-graph/sources/spec_workflow_force_failure.py	out-of-scope	ticket_plan.yaml:648-658	none (outside the three project indexes)	unrepresented		Exact-path exclusion; semantic code was not read
1423	specs/.history/modular-fuzzing-epic/ticket-007-MF-025/ticket/results/testgraph-specWorkflow/cleanup-failure-probe-test-graph/sources/spec_workflow_spec_units.py	out-of-scope	ticket_plan.yaml:648-658	none (outside the three project indexes)	unrepresented		Exact-path exclusion; semantic code was not read
1424	specs/.history/modular-fuzzing-epic/ticket-007-MF-025/ticket/results/testgraph-specWorkflow/cleanup-failure-probe-test-graph/sources/spec_workflow_start_ticket.py	out-of-scope	ticket_plan.yaml:648-658	none (outside the three project indexes)	unrepresented		Exact-path exclusion; semantic code was not read
1425	specs/.history/modular-fuzzing-epic/ticket-007-MF-025/ticket/results/testgraph-specWorkflow/cleanup-failure-probe-test-graph/sources/tla_spec_dev_cli_help.py	out-of-scope	ticket_plan.yaml:648-658	none (outside the three project indexes)	unrepresented		Exact-path exclusion; semantic code was not read
1426	specs/.history/modular-fuzzing-epic/ticket-007-MF-025/ticket/results/testgraph-specWorkflow/cleanup-failure-probe-test-graph/sources/tla_spec_dev_cli_install.py	out-of-scope	ticket_plan.yaml:648-658	none (outside the three project indexes)	unrepresented		Exact-path exclusion; semantic code was not read
1427	specs/.history/modular-fuzzing-epic/ticket-007-MF-025/ticket/results/testgraph-specWorkflow/tla-spec-dev-bin/tla-spec-dev	out-of-scope	ticket_plan.yaml:648-658	none (outside the three project indexes)	unrepresented		Exact-path exclusion; semantic code was not read
1428	specs/.history/modular-fuzzing-epic/ticket-007-MF-025/ticket/tests/test_ticket_workflow.py	out-of-scope	ticket_plan.yaml:648-658	none (outside the three project indexes)	unrepresented		Exact-path exclusion; semantic code was not read
1429	specs/.history/modular-fuzzing-epic/ticket-008-MF-015/results/testgraph-cliWorkflow/tla-spec-dev-bin/tla-spec-dev	out-of-scope	ticket_plan.yaml:648-658	none (outside the three project indexes)	unrepresented		Exact-path exclusion; semantic code was not read
1430	specs/.history/modular-fuzzing-epic/ticket-008-MF-015/results/testgraph-specWorkflow/cleanup-failure-probe-test-graph/build-logic/build.gradle.kts	out-of-scope	ticket_plan.yaml:648-658	none (outside the three project indexes)	unrepresented		Exact-path exclusion; semantic code was not read
1431	specs/.history/modular-fuzzing-epic/ticket-008-MF-015/results/testgraph-specWorkflow/cleanup-failure-probe-test-graph/build-logic/settings.gradle.kts	out-of-scope	ticket_plan.yaml:648-658	none (outside the three project indexes)	unrepresented		Exact-path exclusion; semantic code was not read
1432	specs/.history/modular-fuzzing-epic/ticket-008-MF-015/results/testgraph-specWorkflow/cleanup-failure-probe-test-graph/build-logic/src/main/kotlin/com/hayden/testgraphsdk/GraphAssembler.kt	out-of-scope	ticket_plan.yaml:648-658	none (outside the three project indexes)	unrepresented		Exact-path exclusion; semantic code was not read
1433	specs/.history/modular-fuzzing-epic/ticket-008-MF-015/results/testgraph-specWorkflow/cleanup-failure-probe-test-graph/build-logic/src/main/kotlin/com/hayden/testgraphsdk/GraphModel.kt	out-of-scope	ticket_plan.yaml:648-658	none (outside the three project indexes)	unrepresented		Exact-path exclusion; semantic code was not read
1434	specs/.history/modular-fuzzing-epic/ticket-008-MF-015/results/testgraph-specWorkflow/cleanup-failure-probe-test-graph/build-logic/src/main/kotlin/com/hayden/testgraphsdk/MiniJson.kt	out-of-scope	ticket_plan.yaml:648-658	none (outside the three project indexes)	unrepresented		Exact-path exclusion; semantic code was not read
1435	specs/.history/modular-fuzzing-epic/ticket-008-MF-015/results/testgraph-specWorkflow/cleanup-failure-probe-test-graph/build-logic/src/main/kotlin/com/hayden/testgraphsdk/NodeDescribeLoader.kt	out-of-scope	ticket_plan.yaml:648-658	none (outside the three project indexes)	unrepresented		Exact-path exclusion; semantic code was not read
1436	specs/.history/modular-fuzzing-epic/ticket-008-MF-015/results/testgraph-specWorkflow/cleanup-failure-probe-test-graph/build-logic/src/main/kotlin/com/hayden/testgraphsdk/TestGraphSpec.kt	out-of-scope	ticket_plan.yaml:648-658	none (outside the three project indexes)	unrepresented		Exact-path exclusion; semantic code was not read
1437	specs/.history/modular-fuzzing-epic/ticket-008-MF-015/results/testgraph-specWorkflow/cleanup-failure-probe-test-graph/build-logic/src/main/kotlin/com/hayden/testgraphsdk/Toolchain.kt	out-of-scope	ticket_plan.yaml:648-658	none (outside the three project indexes)	unrepresented		Exact-path exclusion; semantic code was not read
1438	specs/.history/modular-fuzzing-epic/ticket-008-MF-015/results/testgraph-specWorkflow/cleanup-failure-probe-test-graph/build-logic/src/main/kotlin/com/hayden/testgraphsdk/ValidationGraphExtension.kt	out-of-scope	ticket_plan.yaml:648-658	none (outside the three project indexes)	unrepresented		Exact-path exclusion; semantic code was not read
1439	specs/.history/modular-fuzzing-epic/ticket-008-MF-015/results/testgraph-specWorkflow/cleanup-failure-probe-test-graph/build-logic/src/main/kotlin/com/hayden/testgraphsdk/ValidationGraphPlugin.kt	out-of-scope	ticket_plan.yaml:648-658	none (outside the three project indexes)	unrepresented		Exact-path exclusion; semantic code was not read
1440	specs/.history/modular-fuzzing-epic/ticket-008-MF-015/results/testgraph-specWorkflow/cleanup-failure-probe-test-graph/build-logic/src/main/kotlin/com/hayden/testgraphsdk/ValidationNodeSpec.kt	out-of-scope	ticket_plan.yaml:648-658	none (outside the three project indexes)	unrepresented		Exact-path exclusion; semantic code was not read
1441	specs/.history/modular-fuzzing-epic/ticket-008-MF-015/results/testgraph-specWorkflow/cleanup-failure-probe-test-graph/build-logic/src/main/kotlin/com/hayden/testgraphsdk/ValidationRuntime.kt	out-of-scope	ticket_plan.yaml:648-658	none (outside the three project indexes)	unrepresented		Exact-path exclusion; semantic code was not read
1442	specs/.history/modular-fuzzing-epic/ticket-008-MF-015/results/testgraph-specWorkflow/cleanup-failure-probe-test-graph/build-logic/src/main/kotlin/com/hayden/testgraphsdk/exec/Context.kt	out-of-scope	ticket_plan.yaml:648-658	none (outside the three project indexes)	unrepresented		Exact-path exclusion; semantic code was not read
1443	specs/.history/modular-fuzzing-epic/ticket-008-MF-015/results/testgraph-specWorkflow/cleanup-failure-probe-test-graph/build-logic/src/main/kotlin/com/hayden/testgraphsdk/exec/Executors.kt	out-of-scope	ticket_plan.yaml:648-658	none (outside the three project indexes)	unrepresented		Exact-path exclusion; semantic code was not read
1444	specs/.history/modular-fuzzing-epic/ticket-008-MF-015/results/testgraph-specWorkflow/cleanup-failure-probe-test-graph/build-logic/src/main/kotlin/com/hayden/testgraphsdk/exec/JBangExecutor.kt	out-of-scope	ticket_plan.yaml:648-658	none (outside the three project indexes)	unrepresented		Exact-path exclusion; semantic code was not read
1445	specs/.history/modular-fuzzing-epic/ticket-008-MF-015/results/testgraph-specWorkflow/cleanup-failure-probe-test-graph/build-logic/src/main/kotlin/com/hayden/testgraphsdk/exec/PlanExecutor.kt	out-of-scope	ticket_plan.yaml:648-658	none (outside the three project indexes)	unrepresented		Exact-path exclusion; semantic code was not read
1446	specs/.history/modular-fuzzing-epic/ticket-008-MF-015/results/testgraph-specWorkflow/cleanup-failure-probe-test-graph/build-logic/src/main/kotlin/com/hayden/testgraphsdk/exec/TimeoutParser.kt	out-of-scope	ticket_plan.yaml:648-658	none (outside the three project indexes)	unrepresented		Exact-path exclusion; semantic code was not read
1447	specs/.history/modular-fuzzing-epic/ticket-008-MF-015/results/testgraph-specWorkflow/cleanup-failure-probe-test-graph/build-logic/src/main/kotlin/com/hayden/testgraphsdk/exec/UvExecutor.kt	out-of-scope	ticket_plan.yaml:648-658	none (outside the three project indexes)	unrepresented		Exact-path exclusion; semantic code was not read
1448	specs/.history/modular-fuzzing-epic/ticket-008-MF-015/results/testgraph-specWorkflow/cleanup-failure-probe-test-graph/build-logic/src/main/kotlin/com/hayden/testgraphsdk/tasks/InspectionTasks.kt	out-of-scope	ticket_plan.yaml:648-658	none (outside the three project indexes)	unrepresented		Exact-path exclusion; semantic code was not read
1449	specs/.history/modular-fuzzing-epic/ticket-008-MF-015/results/testgraph-specWorkflow/cleanup-failure-probe-test-graph/build-logic/src/main/kotlin/com/hayden/testgraphsdk/tasks/RunReportWriter.kt	out-of-scope	ticket_plan.yaml:648-658	none (outside the three project indexes)	unrepresented		Exact-path exclusion; semantic code was not read
1450	specs/.history/modular-fuzzing-epic/ticket-008-MF-015/results/testgraph-specWorkflow/cleanup-failure-probe-test-graph/build-logic/src/main/kotlin/com/hayden/testgraphsdk/tasks/RunTestGraphTask.kt	out-of-scope	ticket_plan.yaml:648-658	none (outside the three project indexes)	unrepresented		Exact-path exclusion; semantic code was not read
1451	specs/.history/modular-fuzzing-epic/ticket-008-MF-015/results/testgraph-specWorkflow/cleanup-failure-probe-test-graph/build-logic/src/main/kotlin/com/hayden/testgraphsdk/tasks/ValidationReportTask.kt	out-of-scope	ticket_plan.yaml:648-658	none (outside the three project indexes)	unrepresented		Exact-path exclusion; semantic code was not read
1452	specs/.history/modular-fuzzing-epic/ticket-008-MF-015/results/testgraph-specWorkflow/cleanup-failure-probe-test-graph/build-logic/src/test/kotlin/com/hayden/testgraphsdk/exec/PlanExecutorResumeHarnessTest.kt	out-of-scope	ticket_plan.yaml:648-658	none (outside the three project indexes)	unrepresented		Exact-path exclusion; semantic code was not read
1453	specs/.history/modular-fuzzing-epic/ticket-008-MF-015/results/testgraph-specWorkflow/cleanup-failure-probe-test-graph/build.gradle.kts	out-of-scope	ticket_plan.yaml:648-658	none (outside the three project indexes)	unrepresented		Exact-path exclusion; semantic code was not read
1454	specs/.history/modular-fuzzing-epic/ticket-008-MF-015/results/testgraph-specWorkflow/cleanup-failure-probe-test-graph/gradlew	out-of-scope	ticket_plan.yaml:648-658	none (outside the three project indexes)	unrepresented		Exact-path exclusion; semantic code was not read
1455	specs/.history/modular-fuzzing-epic/ticket-008-MF-015/results/testgraph-specWorkflow/cleanup-failure-probe-test-graph/sdk/java/build.gradle.kts	out-of-scope	ticket_plan.yaml:648-658	none (outside the three project indexes)	unrepresented		Exact-path exclusion; semantic code was not read
1456	specs/.history/modular-fuzzing-epic/ticket-008-MF-015/results/testgraph-specWorkflow/cleanup-failure-probe-test-graph/sdk/java/src/main/java/com/hayden/testgraphsdk/sdk/ContextItem.java	out-of-scope	ticket_plan.yaml:648-658	none (outside the three project indexes)	unrepresented		Exact-path exclusion; semantic code was not read
1457	specs/.history/modular-fuzzing-epic/ticket-008-MF-015/results/testgraph-specWorkflow/cleanup-failure-probe-test-graph/sdk/java/src/main/java/com/hayden/testgraphsdk/sdk/ContextSerde.java	out-of-scope	ticket_plan.yaml:648-658	none (outside the three project indexes)	unrepresented		Exact-path exclusion; semantic code was not read
1458	specs/.history/modular-fuzzing-epic/ticket-008-MF-015/results/testgraph-specWorkflow/cleanup-failure-probe-test-graph/sdk/java/src/main/java/com/hayden/testgraphsdk/sdk/Json.java	out-of-scope	ticket_plan.yaml:648-658	none (outside the three project indexes)	unrepresented		Exact-path exclusion; semantic code was not read
1459	specs/.history/modular-fuzzing-epic/ticket-008-MF-015/results/testgraph-specWorkflow/cleanup-failure-probe-test-graph/sdk/java/src/main/java/com/hayden/testgraphsdk/sdk/JsonMapper.java	out-of-scope	ticket_plan.yaml:648-658	none (outside the three project indexes)	unrepresented		Exact-path exclusion; semantic code was not read
1460	specs/.history/modular-fuzzing-epic/ticket-008-MF-015/results/testgraph-specWorkflow/cleanup-failure-probe-test-graph/sdk/java/src/main/java/com/hayden/testgraphsdk/sdk/Node.java	out-of-scope	ticket_plan.yaml:648-658	none (outside the three project indexes)	unrepresented		Exact-path exclusion; semantic code was not read
1461	specs/.history/modular-fuzzing-epic/ticket-008-MF-015/results/testgraph-specWorkflow/cleanup-failure-probe-test-graph/sdk/java/src/main/java/com/hayden/testgraphsdk/sdk/NodeBody.java	out-of-scope	ticket_plan.yaml:648-658	none (outside the three project indexes)	unrepresented		Exact-path exclusion; semantic code was not read
1462	specs/.history/modular-fuzzing-epic/ticket-008-MF-015/results/testgraph-specWorkflow/cleanup-failure-probe-test-graph/sdk/java/src/main/java/com/hayden/testgraphsdk/sdk/NodeContext.java	out-of-scope	ticket_plan.yaml:648-658	none (outside the three project indexes)	unrepresented		Exact-path exclusion; semantic code was not read
1463	specs/.history/modular-fuzzing-epic/ticket-008-MF-015/results/testgraph-specWorkflow/cleanup-failure-probe-test-graph/sdk/java/src/main/java/com/hayden/testgraphsdk/sdk/NodeResult.java	out-of-scope	ticket_plan.yaml:648-658	none (outside the three project indexes)	unrepresented		Exact-path exclusion; semantic code was not read
1464	specs/.history/modular-fuzzing-epic/ticket-008-MF-015/results/testgraph-specWorkflow/cleanup-failure-probe-test-graph/sdk/java/src/main/java/com/hayden/testgraphsdk/sdk/NodeSpec.java	out-of-scope	ticket_plan.yaml:648-658	none (outside the three project indexes)	unrepresented		Exact-path exclusion; semantic code was not read
1465	specs/.history/modular-fuzzing-epic/ticket-008-MF-015/results/testgraph-specWorkflow/cleanup-failure-probe-test-graph/sdk/java/src/main/java/com/hayden/testgraphsdk/sdk/NodeStatus.java	out-of-scope	ticket_plan.yaml:648-658	none (outside the three project indexes)	unrepresented		Exact-path exclusion; semantic code was not read
1466	specs/.history/modular-fuzzing-epic/ticket-008-MF-015/results/testgraph-specWorkflow/cleanup-failure-probe-test-graph/sdk/java/src/main/java/com/hayden/testgraphsdk/sdk/ProcessRecord.java	out-of-scope	ticket_plan.yaml:648-658	none (outside the three project indexes)	unrepresented		Exact-path exclusion; semantic code was not read
1467	specs/.history/modular-fuzzing-epic/ticket-008-MF-015/results/testgraph-specWorkflow/cleanup-failure-probe-test-graph/sdk/java/src/main/java/com/hayden/testgraphsdk/sdk/Procs.java	out-of-scope	ticket_plan.yaml:648-658	none (outside the three project indexes)	unrepresented		Exact-path exclusion; semantic code was not read
1468	specs/.history/modular-fuzzing-epic/ticket-008-MF-015/results/testgraph-specWorkflow/cleanup-failure-probe-test-graph/sdk/python/src/testgraphsdk/__init__.py	out-of-scope	ticket_plan.yaml:648-658	none (outside the three project indexes)	unrepresented		Exact-path exclusion; semantic code was not read
1469	specs/.history/modular-fuzzing-epic/ticket-008-MF-015/results/testgraph-specWorkflow/cleanup-failure-probe-test-graph/sdk/python/src/testgraphsdk/context.py	out-of-scope	ticket_plan.yaml:648-658	none (outside the three project indexes)	unrepresented		Exact-path exclusion; semantic code was not read
1470	specs/.history/modular-fuzzing-epic/ticket-008-MF-015/results/testgraph-specWorkflow/cleanup-failure-probe-test-graph/sdk/python/src/testgraphsdk/context_item.py	out-of-scope	ticket_plan.yaml:648-658	none (outside the three project indexes)	unrepresented		Exact-path exclusion; semantic code was not read
1471	specs/.history/modular-fuzzing-epic/ticket-008-MF-015/results/testgraph-specWorkflow/cleanup-failure-probe-test-graph/sdk/python/src/testgraphsdk/node_spec.py	out-of-scope	ticket_plan.yaml:648-658	none (outside the three project indexes)	unrepresented		Exact-path exclusion; semantic code was not read
1472	specs/.history/modular-fuzzing-epic/ticket-008-MF-015/results/testgraph-specWorkflow/cleanup-failure-probe-test-graph/sdk/python/src/testgraphsdk/procs.py	out-of-scope	ticket_plan.yaml:648-658	none (outside the three project indexes)	unrepresented		Exact-path exclusion; semantic code was not read
1473	specs/.history/modular-fuzzing-epic/ticket-008-MF-015/results/testgraph-specWorkflow/cleanup-failure-probe-test-graph/sdk/python/src/testgraphsdk/result.py	out-of-scope	ticket_plan.yaml:648-658	none (outside the three project indexes)	unrepresented		Exact-path exclusion; semantic code was not read
1474	specs/.history/modular-fuzzing-epic/ticket-008-MF-015/results/testgraph-specWorkflow/cleanup-failure-probe-test-graph/sdk/python/src/testgraphsdk/runner.py	out-of-scope	ticket_plan.yaml:648-658	none (outside the three project indexes)	unrepresented		Exact-path exclusion; semantic code was not read
1475	specs/.history/modular-fuzzing-epic/ticket-008-MF-015/results/testgraph-specWorkflow/cleanup-failure-probe-test-graph/settings.gradle.kts	out-of-scope	ticket_plan.yaml:648-658	none (outside the three project indexes)	unrepresented		Exact-path exclusion; semantic code was not read
1476	specs/.history/modular-fuzzing-epic/ticket-008-MF-015/results/testgraph-specWorkflow/cleanup-failure-probe-test-graph/sources/spec_workflow_cleanup.py	out-of-scope	ticket_plan.yaml:648-658	none (outside the three project indexes)	unrepresented		Exact-path exclusion; semantic code was not read
1477	specs/.history/modular-fuzzing-epic/ticket-008-MF-015/results/testgraph-specWorkflow/cleanup-failure-probe-test-graph/sources/spec_workflow_close_ticket.py	out-of-scope	ticket_plan.yaml:648-658	none (outside the three project indexes)	unrepresented		Exact-path exclusion; semantic code was not read
1478	specs/.history/modular-fuzzing-epic/ticket-008-MF-015/results/testgraph-specWorkflow/cleanup-failure-probe-test-graph/sources/spec_workflow_complete_ticket.py	out-of-scope	ticket_plan.yaml:648-658	none (outside the three project indexes)	unrepresented		Exact-path exclusion; semantic code was not read
1479	specs/.history/modular-fuzzing-epic/ticket-008-MF-015/results/testgraph-specWorkflow/cleanup-failure-probe-test-graph/sources/spec_workflow_create_repo.py	out-of-scope	ticket_plan.yaml:648-658	none (outside the three project indexes)	unrepresented		Exact-path exclusion; semantic code was not read
1480	specs/.history/modular-fuzzing-epic/ticket-008-MF-015/results/testgraph-specWorkflow/cleanup-failure-probe-test-graph/sources/spec_workflow_failure_cleanup_probe.py	out-of-scope	ticket_plan.yaml:648-658	none (outside the three project indexes)	unrepresented		Exact-path exclusion; semantic code was not read
1481	specs/.history/modular-fuzzing-epic/ticket-008-MF-015/results/testgraph-specWorkflow/cleanup-failure-probe-test-graph/sources/spec_workflow_force_failure.py	out-of-scope	ticket_plan.yaml:648-658	none (outside the three project indexes)	unrepresented		Exact-path exclusion; semantic code was not read
1482	specs/.history/modular-fuzzing-epic/ticket-008-MF-015/results/testgraph-specWorkflow/cleanup-failure-probe-test-graph/sources/spec_workflow_spec_units.py	out-of-scope	ticket_plan.yaml:648-658	none (outside the three project indexes)	unrepresented		Exact-path exclusion; semantic code was not read
1483	specs/.history/modular-fuzzing-epic/ticket-008-MF-015/results/testgraph-specWorkflow/cleanup-failure-probe-test-graph/sources/spec_workflow_start_ticket.py	out-of-scope	ticket_plan.yaml:648-658	none (outside the three project indexes)	unrepresented		Exact-path exclusion; semantic code was not read
1484	specs/.history/modular-fuzzing-epic/ticket-008-MF-015/results/testgraph-specWorkflow/cleanup-failure-probe-test-graph/sources/tla_spec_dev_cli_help.py	out-of-scope	ticket_plan.yaml:648-658	none (outside the three project indexes)	unrepresented		Exact-path exclusion; semantic code was not read
1485	specs/.history/modular-fuzzing-epic/ticket-008-MF-015/results/testgraph-specWorkflow/cleanup-failure-probe-test-graph/sources/tla_spec_dev_cli_install.py	out-of-scope	ticket_plan.yaml:648-658	none (outside the three project indexes)	unrepresented		Exact-path exclusion; semantic code was not read
1486	specs/.history/modular-fuzzing-epic/ticket-008-MF-015/results/testgraph-specWorkflow/tla-spec-dev-bin/tla-spec-dev	out-of-scope	ticket_plan.yaml:648-658	none (outside the three project indexes)	unrepresented		Exact-path exclusion; semantic code was not read
1487	specs/.history/modular-fuzzing-epic/ticket-008-MF-015/snapshots/current/production_adapters.py	out-of-scope	ticket_plan.yaml:648-658	none (outside the three project indexes)	unrepresented		Exact-path exclusion; semantic code was not read
1488	specs/.history/modular-fuzzing-epic/ticket-008-MF-015/snapshots/current/tests/test_current_ticket_workflow.py	out-of-scope	ticket_plan.yaml:648-658	none (outside the three project indexes)	unrepresented		Exact-path exclusion; semantic code was not read
1489	specs/.history/modular-fuzzing-epic/ticket-008-MF-015/snapshots/current/tests/test_tla_spec_dev_analyze_adapter.py	out-of-scope	ticket_plan.yaml:648-658	none (outside the three project indexes)	unrepresented		Exact-path exclusion; semantic code was not read
1490	specs/.history/modular-fuzzing-epic/ticket-008-MF-015/snapshots/current/tests/test_tla_spec_dev_budgets_adapter.py	out-of-scope	ticket_plan.yaml:648-658	none (outside the three project indexes)	unrepresented		Exact-path exclusion; semantic code was not read
1491	specs/.history/modular-fuzzing-epic/ticket-008-MF-015/snapshots/current/tests/test_tla_spec_dev_cli_adapter.py	out-of-scope	ticket_plan.yaml:648-658	none (outside the three project indexes)	unrepresented		Exact-path exclusion; semantic code was not read
1492	specs/.history/modular-fuzzing-epic/ticket-008-MF-015/snapshots/current/tests/test_tla_spec_dev_close_promotion_adapter.py	out-of-scope	ticket_plan.yaml:648-658	none (outside the three project indexes)	unrepresented		Exact-path exclusion; semantic code was not read
1493	specs/.history/modular-fuzzing-epic/ticket-008-MF-015/snapshots/current/tests/test_tla_spec_dev_corpus_adapter.py	out-of-scope	ticket_plan.yaml:648-658	none (outside the three project indexes)	unrepresented		Exact-path exclusion; semantic code was not read
1494	specs/.history/modular-fuzzing-epic/ticket-008-MF-015/snapshots/current/tests/test_tla_spec_dev_run_adapter.py	out-of-scope	ticket_plan.yaml:648-658	none (outside the three project indexes)	unrepresented		Exact-path exclusion; semantic code was not read
1495	specs/.history/modular-fuzzing-epic/ticket-008-MF-015/snapshots/current/tests/test_tla_spec_dev_scaffold_adapter.py	out-of-scope	ticket_plan.yaml:648-658	none (outside the three project indexes)	unrepresented		Exact-path exclusion; semantic code was not read
1496	specs/.history/modular-fuzzing-epic/ticket-008-MF-015/snapshots/current/tests/test_tla_spec_dev_skill_feedback_adapter.py	out-of-scope	ticket_plan.yaml:648-658	none (outside the three project indexes)	unrepresented		Exact-path exclusion; semantic code was not read
1497	specs/.history/modular-fuzzing-epic/ticket-008-MF-015/snapshots/current/tests/test_tla_spec_dev_test_graph_adapter.py	out-of-scope	ticket_plan.yaml:648-658	none (outside the three project indexes)	unrepresented		Exact-path exclusion; semantic code was not read
1498	specs/.history/modular-fuzzing-epic/ticket-008-MF-015/snapshots/current/tests/test_tla_spec_dev_ticket_adapter.py	out-of-scope	ticket_plan.yaml:648-658	none (outside the three project indexes)	unrepresented		Exact-path exclusion; semantic code was not read
1499	specs/.history/modular-fuzzing-epic/ticket-008-MF-015/snapshots/desired_program_model/production_adapters.py	out-of-scope	ticket_plan.yaml:648-658	none (outside the three project indexes)	unrepresented		Exact-path exclusion; semantic code was not read
1500	specs/.history/modular-fuzzing-epic/ticket-008-MF-015/snapshots/desired_program_model/tests/test_tla_spec_dev_cli_adapter.py	out-of-scope	ticket_plan.yaml:648-658	none (outside the three project indexes)	unrepresented		Exact-path exclusion; semantic code was not read
1501	specs/.history/modular-fuzzing-epic/ticket-008-MF-015/snapshots/desired_program_model/tests/test_tla_spec_dev_run_adapter.py	out-of-scope	ticket_plan.yaml:648-658	none (outside the three project indexes)	unrepresented		Exact-path exclusion; semantic code was not read
1502	specs/.history/modular-fuzzing-epic/ticket-008-MF-015/snapshots/desired_program_model/tests/test_tla_spec_dev_scaffold_adapter.py	out-of-scope	ticket_plan.yaml:648-658	none (outside the three project indexes)	unrepresented		Exact-path exclusion; semantic code was not read
1503	specs/.history/modular-fuzzing-epic/ticket-008-MF-015/snapshots/desired_program_model/tests/test_tla_spec_dev_test_graph_adapter.py	out-of-scope	ticket_plan.yaml:648-658	none (outside the three project indexes)	unrepresented		Exact-path exclusion; semantic code was not read
1504	specs/.history/modular-fuzzing-epic/ticket-008-MF-015/snapshots/desired_program_model/tests/test_tla_spec_dev_ticket_adapter.py	out-of-scope	ticket_plan.yaml:648-658	none (outside the three project indexes)	unrepresented		Exact-path exclusion; semantic code was not read
1505	specs/.history/modular-fuzzing-epic/ticket-008-MF-015/snapshots/program_model/production_adapters.py	out-of-scope	ticket_plan.yaml:648-658	none (outside the three project indexes)	unrepresented		Exact-path exclusion; semantic code was not read
1506	specs/.history/modular-fuzzing-epic/ticket-008-MF-015/snapshots/program_model/tests/test_tla_spec_dev_cli_adapter.py	out-of-scope	ticket_plan.yaml:648-658	none (outside the three project indexes)	unrepresented		Exact-path exclusion; semantic code was not read
1507	specs/.history/modular-fuzzing-epic/ticket-008-MF-015/snapshots/program_model/tests/test_tla_spec_dev_run_adapter.py	out-of-scope	ticket_plan.yaml:648-658	none (outside the three project indexes)	unrepresented		Exact-path exclusion; semantic code was not read
1508	specs/.history/modular-fuzzing-epic/ticket-008-MF-015/snapshots/program_model/tests/test_tla_spec_dev_scaffold_adapter.py	out-of-scope	ticket_plan.yaml:648-658	none (outside the three project indexes)	unrepresented		Exact-path exclusion; semantic code was not read
1509	specs/.history/modular-fuzzing-epic/ticket-008-MF-015/snapshots/program_model/tests/test_tla_spec_dev_test_graph_adapter.py	out-of-scope	ticket_plan.yaml:648-658	none (outside the three project indexes)	unrepresented		Exact-path exclusion; semantic code was not read
1510	specs/.history/modular-fuzzing-epic/ticket-008-MF-015/snapshots/program_model/tests/test_tla_spec_dev_ticket_adapter.py	out-of-scope	ticket_plan.yaml:648-658	none (outside the three project indexes)	unrepresented		Exact-path exclusion; semantic code was not read
1511	specs/.history/modular-fuzzing-epic/ticket-008-MF-015/ticket/current/production_adapters.py	out-of-scope	ticket_plan.yaml:648-658	none (outside the three project indexes)	unrepresented		Exact-path exclusion; semantic code was not read
1512	specs/.history/modular-fuzzing-epic/ticket-008-MF-015/ticket/current/tests/test_tla_spec_dev_analyze_adapter.py	out-of-scope	ticket_plan.yaml:648-658	none (outside the three project indexes)	unrepresented		Exact-path exclusion; semantic code was not read
1513	specs/.history/modular-fuzzing-epic/ticket-008-MF-015/ticket/current/tests/test_tla_spec_dev_budgets_adapter.py	out-of-scope	ticket_plan.yaml:648-658	none (outside the three project indexes)	unrepresented		Exact-path exclusion; semantic code was not read
1514	specs/.history/modular-fuzzing-epic/ticket-008-MF-015/ticket/current/tests/test_tla_spec_dev_cli_adapter.py	out-of-scope	ticket_plan.yaml:648-658	none (outside the three project indexes)	unrepresented		Exact-path exclusion; semantic code was not read
1515	specs/.history/modular-fuzzing-epic/ticket-008-MF-015/ticket/current/tests/test_tla_spec_dev_close_promotion_adapter.py	out-of-scope	ticket_plan.yaml:648-658	none (outside the three project indexes)	unrepresented		Exact-path exclusion; semantic code was not read
1516	specs/.history/modular-fuzzing-epic/ticket-008-MF-015/ticket/current/tests/test_tla_spec_dev_corpus_adapter.py	out-of-scope	ticket_plan.yaml:648-658	none (outside the three project indexes)	unrepresented		Exact-path exclusion; semantic code was not read
1517	specs/.history/modular-fuzzing-epic/ticket-008-MF-015/ticket/current/tests/test_tla_spec_dev_run_adapter.py	out-of-scope	ticket_plan.yaml:648-658	none (outside the three project indexes)	unrepresented		Exact-path exclusion; semantic code was not read
1518	specs/.history/modular-fuzzing-epic/ticket-008-MF-015/ticket/current/tests/test_tla_spec_dev_scaffold_adapter.py	out-of-scope	ticket_plan.yaml:648-658	none (outside the three project indexes)	unrepresented		Exact-path exclusion; semantic code was not read
1519	specs/.history/modular-fuzzing-epic/ticket-008-MF-015/ticket/current/tests/test_tla_spec_dev_skill_feedback_adapter.py	out-of-scope	ticket_plan.yaml:648-658	none (outside the three project indexes)	unrepresented		Exact-path exclusion; semantic code was not read
1520	specs/.history/modular-fuzzing-epic/ticket-008-MF-015/ticket/current/tests/test_tla_spec_dev_test_graph_adapter.py	out-of-scope	ticket_plan.yaml:648-658	none (outside the three project indexes)	unrepresented		Exact-path exclusion; semantic code was not read
1521	specs/.history/modular-fuzzing-epic/ticket-008-MF-015/ticket/current/tests/test_tla_spec_dev_ticket_adapter.py	out-of-scope	ticket_plan.yaml:648-658	none (outside the three project indexes)	unrepresented		Exact-path exclusion; semantic code was not read
1522	specs/.history/modular-fuzzing-epic/ticket-008-MF-015/ticket/desired/production_adapters.py	out-of-scope	ticket_plan.yaml:648-658	none (outside the three project indexes)	unrepresented		Exact-path exclusion; semantic code was not read
1523	specs/.history/modular-fuzzing-epic/ticket-008-MF-015/ticket/desired/tests/test_tla_spec_dev_analyze_adapter.py	out-of-scope	ticket_plan.yaml:648-658	none (outside the three project indexes)	unrepresented		Exact-path exclusion; semantic code was not read
1524	specs/.history/modular-fuzzing-epic/ticket-008-MF-015/ticket/desired/tests/test_tla_spec_dev_budgets_adapter.py	out-of-scope	ticket_plan.yaml:648-658	none (outside the three project indexes)	unrepresented		Exact-path exclusion; semantic code was not read
1525	specs/.history/modular-fuzzing-epic/ticket-008-MF-015/ticket/desired/tests/test_tla_spec_dev_cli_adapter.py	out-of-scope	ticket_plan.yaml:648-658	none (outside the three project indexes)	unrepresented		Exact-path exclusion; semantic code was not read
1526	specs/.history/modular-fuzzing-epic/ticket-008-MF-015/ticket/desired/tests/test_tla_spec_dev_close_promotion_adapter.py	out-of-scope	ticket_plan.yaml:648-658	none (outside the three project indexes)	unrepresented		Exact-path exclusion; semantic code was not read
1527	specs/.history/modular-fuzzing-epic/ticket-008-MF-015/ticket/desired/tests/test_tla_spec_dev_corpus_adapter.py	out-of-scope	ticket_plan.yaml:648-658	none (outside the three project indexes)	unrepresented		Exact-path exclusion; semantic code was not read
1528	specs/.history/modular-fuzzing-epic/ticket-008-MF-015/ticket/desired/tests/test_tla_spec_dev_run_adapter.py	out-of-scope	ticket_plan.yaml:648-658	none (outside the three project indexes)	unrepresented		Exact-path exclusion; semantic code was not read
1529	specs/.history/modular-fuzzing-epic/ticket-008-MF-015/ticket/desired/tests/test_tla_spec_dev_scaffold_adapter.py	out-of-scope	ticket_plan.yaml:648-658	none (outside the three project indexes)	unrepresented		Exact-path exclusion; semantic code was not read
1530	specs/.history/modular-fuzzing-epic/ticket-008-MF-015/ticket/desired/tests/test_tla_spec_dev_skill_feedback_adapter.py	out-of-scope	ticket_plan.yaml:648-658	none (outside the three project indexes)	unrepresented		Exact-path exclusion; semantic code was not read
1531	specs/.history/modular-fuzzing-epic/ticket-008-MF-015/ticket/desired/tests/test_tla_spec_dev_test_graph_adapter.py	out-of-scope	ticket_plan.yaml:648-658	none (outside the three project indexes)	unrepresented		Exact-path exclusion; semantic code was not read
1532	specs/.history/modular-fuzzing-epic/ticket-008-MF-015/ticket/desired/tests/test_tla_spec_dev_ticket_adapter.py	out-of-scope	ticket_plan.yaml:648-658	none (outside the three project indexes)	unrepresented		Exact-path exclusion; semantic code was not read
1533	specs/.history/modular-fuzzing-epic/ticket-008-MF-015/ticket/results/testgraph-cliWorkflow/tla-spec-dev-bin/tla-spec-dev	out-of-scope	ticket_plan.yaml:648-658	none (outside the three project indexes)	unrepresented		Exact-path exclusion; semantic code was not read
1534	specs/.history/modular-fuzzing-epic/ticket-008-MF-015/ticket/results/testgraph-specWorkflow/cleanup-failure-probe-test-graph/build-logic/build.gradle.kts	out-of-scope	ticket_plan.yaml:648-658	none (outside the three project indexes)	unrepresented		Exact-path exclusion; semantic code was not read
1535	specs/.history/modular-fuzzing-epic/ticket-008-MF-015/ticket/results/testgraph-specWorkflow/cleanup-failure-probe-test-graph/build-logic/settings.gradle.kts	out-of-scope	ticket_plan.yaml:648-658	none (outside the three project indexes)	unrepresented		Exact-path exclusion; semantic code was not read
1536	specs/.history/modular-fuzzing-epic/ticket-008-MF-015/ticket/results/testgraph-specWorkflow/cleanup-failure-probe-test-graph/build-logic/src/main/kotlin/com/hayden/testgraphsdk/GraphAssembler.kt	out-of-scope	ticket_plan.yaml:648-658	none (outside the three project indexes)	unrepresented		Exact-path exclusion; semantic code was not read
1537	specs/.history/modular-fuzzing-epic/ticket-008-MF-015/ticket/results/testgraph-specWorkflow/cleanup-failure-probe-test-graph/build-logic/src/main/kotlin/com/hayden/testgraphsdk/GraphModel.kt	out-of-scope	ticket_plan.yaml:648-658	none (outside the three project indexes)	unrepresented		Exact-path exclusion; semantic code was not read
1538	specs/.history/modular-fuzzing-epic/ticket-008-MF-015/ticket/results/testgraph-specWorkflow/cleanup-failure-probe-test-graph/build-logic/src/main/kotlin/com/hayden/testgraphsdk/MiniJson.kt	out-of-scope	ticket_plan.yaml:648-658	none (outside the three project indexes)	unrepresented		Exact-path exclusion; semantic code was not read
1539	specs/.history/modular-fuzzing-epic/ticket-008-MF-015/ticket/results/testgraph-specWorkflow/cleanup-failure-probe-test-graph/build-logic/src/main/kotlin/com/hayden/testgraphsdk/NodeDescribeLoader.kt	out-of-scope	ticket_plan.yaml:648-658	none (outside the three project indexes)	unrepresented		Exact-path exclusion; semantic code was not read
1540	specs/.history/modular-fuzzing-epic/ticket-008-MF-015/ticket/results/testgraph-specWorkflow/cleanup-failure-probe-test-graph/build-logic/src/main/kotlin/com/hayden/testgraphsdk/TestGraphSpec.kt	out-of-scope	ticket_plan.yaml:648-658	none (outside the three project indexes)	unrepresented		Exact-path exclusion; semantic code was not read
1541	specs/.history/modular-fuzzing-epic/ticket-008-MF-015/ticket/results/testgraph-specWorkflow/cleanup-failure-probe-test-graph/build-logic/src/main/kotlin/com/hayden/testgraphsdk/Toolchain.kt	out-of-scope	ticket_plan.yaml:648-658	none (outside the three project indexes)	unrepresented		Exact-path exclusion; semantic code was not read
1542	specs/.history/modular-fuzzing-epic/ticket-008-MF-015/ticket/results/testgraph-specWorkflow/cleanup-failure-probe-test-graph/build-logic/src/main/kotlin/com/hayden/testgraphsdk/ValidationGraphExtension.kt	out-of-scope	ticket_plan.yaml:648-658	none (outside the three project indexes)	unrepresented		Exact-path exclusion; semantic code was not read
1543	specs/.history/modular-fuzzing-epic/ticket-008-MF-015/ticket/results/testgraph-specWorkflow/cleanup-failure-probe-test-graph/build-logic/src/main/kotlin/com/hayden/testgraphsdk/ValidationGraphPlugin.kt	out-of-scope	ticket_plan.yaml:648-658	none (outside the three project indexes)	unrepresented		Exact-path exclusion; semantic code was not read
1544	specs/.history/modular-fuzzing-epic/ticket-008-MF-015/ticket/results/testgraph-specWorkflow/cleanup-failure-probe-test-graph/build-logic/src/main/kotlin/com/hayden/testgraphsdk/ValidationNodeSpec.kt	out-of-scope	ticket_plan.yaml:648-658	none (outside the three project indexes)	unrepresented		Exact-path exclusion; semantic code was not read
1545	specs/.history/modular-fuzzing-epic/ticket-008-MF-015/ticket/results/testgraph-specWorkflow/cleanup-failure-probe-test-graph/build-logic/src/main/kotlin/com/hayden/testgraphsdk/ValidationRuntime.kt	out-of-scope	ticket_plan.yaml:648-658	none (outside the three project indexes)	unrepresented		Exact-path exclusion; semantic code was not read
1546	specs/.history/modular-fuzzing-epic/ticket-008-MF-015/ticket/results/testgraph-specWorkflow/cleanup-failure-probe-test-graph/build-logic/src/main/kotlin/com/hayden/testgraphsdk/exec/Context.kt	out-of-scope	ticket_plan.yaml:648-658	none (outside the three project indexes)	unrepresented		Exact-path exclusion; semantic code was not read
1547	specs/.history/modular-fuzzing-epic/ticket-008-MF-015/ticket/results/testgraph-specWorkflow/cleanup-failure-probe-test-graph/build-logic/src/main/kotlin/com/hayden/testgraphsdk/exec/Executors.kt	out-of-scope	ticket_plan.yaml:648-658	none (outside the three project indexes)	unrepresented		Exact-path exclusion; semantic code was not read
1548	specs/.history/modular-fuzzing-epic/ticket-008-MF-015/ticket/results/testgraph-specWorkflow/cleanup-failure-probe-test-graph/build-logic/src/main/kotlin/com/hayden/testgraphsdk/exec/JBangExecutor.kt	out-of-scope	ticket_plan.yaml:648-658	none (outside the three project indexes)	unrepresented		Exact-path exclusion; semantic code was not read
1549	specs/.history/modular-fuzzing-epic/ticket-008-MF-015/ticket/results/testgraph-specWorkflow/cleanup-failure-probe-test-graph/build-logic/src/main/kotlin/com/hayden/testgraphsdk/exec/PlanExecutor.kt	out-of-scope	ticket_plan.yaml:648-658	none (outside the three project indexes)	unrepresented		Exact-path exclusion; semantic code was not read
1550	specs/.history/modular-fuzzing-epic/ticket-008-MF-015/ticket/results/testgraph-specWorkflow/cleanup-failure-probe-test-graph/build-logic/src/main/kotlin/com/hayden/testgraphsdk/exec/TimeoutParser.kt	out-of-scope	ticket_plan.yaml:648-658	none (outside the three project indexes)	unrepresented		Exact-path exclusion; semantic code was not read
1551	specs/.history/modular-fuzzing-epic/ticket-008-MF-015/ticket/results/testgraph-specWorkflow/cleanup-failure-probe-test-graph/build-logic/src/main/kotlin/com/hayden/testgraphsdk/exec/UvExecutor.kt	out-of-scope	ticket_plan.yaml:648-658	none (outside the three project indexes)	unrepresented		Exact-path exclusion; semantic code was not read
1552	specs/.history/modular-fuzzing-epic/ticket-008-MF-015/ticket/results/testgraph-specWorkflow/cleanup-failure-probe-test-graph/build-logic/src/main/kotlin/com/hayden/testgraphsdk/tasks/InspectionTasks.kt	out-of-scope	ticket_plan.yaml:648-658	none (outside the three project indexes)	unrepresented		Exact-path exclusion; semantic code was not read
1553	specs/.history/modular-fuzzing-epic/ticket-008-MF-015/ticket/results/testgraph-specWorkflow/cleanup-failure-probe-test-graph/build-logic/src/main/kotlin/com/hayden/testgraphsdk/tasks/RunReportWriter.kt	out-of-scope	ticket_plan.yaml:648-658	none (outside the three project indexes)	unrepresented		Exact-path exclusion; semantic code was not read
1554	specs/.history/modular-fuzzing-epic/ticket-008-MF-015/ticket/results/testgraph-specWorkflow/cleanup-failure-probe-test-graph/build-logic/src/main/kotlin/com/hayden/testgraphsdk/tasks/RunTestGraphTask.kt	out-of-scope	ticket_plan.yaml:648-658	none (outside the three project indexes)	unrepresented		Exact-path exclusion; semantic code was not read
1555	specs/.history/modular-fuzzing-epic/ticket-008-MF-015/ticket/results/testgraph-specWorkflow/cleanup-failure-probe-test-graph/build-logic/src/main/kotlin/com/hayden/testgraphsdk/tasks/ValidationReportTask.kt	out-of-scope	ticket_plan.yaml:648-658	none (outside the three project indexes)	unrepresented		Exact-path exclusion; semantic code was not read
1556	specs/.history/modular-fuzzing-epic/ticket-008-MF-015/ticket/results/testgraph-specWorkflow/cleanup-failure-probe-test-graph/build-logic/src/test/kotlin/com/hayden/testgraphsdk/exec/PlanExecutorResumeHarnessTest.kt	out-of-scope	ticket_plan.yaml:648-658	none (outside the three project indexes)	unrepresented		Exact-path exclusion; semantic code was not read
1557	specs/.history/modular-fuzzing-epic/ticket-008-MF-015/ticket/results/testgraph-specWorkflow/cleanup-failure-probe-test-graph/build.gradle.kts	out-of-scope	ticket_plan.yaml:648-658	none (outside the three project indexes)	unrepresented		Exact-path exclusion; semantic code was not read
1558	specs/.history/modular-fuzzing-epic/ticket-008-MF-015/ticket/results/testgraph-specWorkflow/cleanup-failure-probe-test-graph/gradlew	out-of-scope	ticket_plan.yaml:648-658	none (outside the three project indexes)	unrepresented		Exact-path exclusion; semantic code was not read
1559	specs/.history/modular-fuzzing-epic/ticket-008-MF-015/ticket/results/testgraph-specWorkflow/cleanup-failure-probe-test-graph/sdk/java/build.gradle.kts	out-of-scope	ticket_plan.yaml:648-658	none (outside the three project indexes)	unrepresented		Exact-path exclusion; semantic code was not read
1560	specs/.history/modular-fuzzing-epic/ticket-008-MF-015/ticket/results/testgraph-specWorkflow/cleanup-failure-probe-test-graph/sdk/java/src/main/java/com/hayden/testgraphsdk/sdk/ContextItem.java	out-of-scope	ticket_plan.yaml:648-658	none (outside the three project indexes)	unrepresented		Exact-path exclusion; semantic code was not read
1561	specs/.history/modular-fuzzing-epic/ticket-008-MF-015/ticket/results/testgraph-specWorkflow/cleanup-failure-probe-test-graph/sdk/java/src/main/java/com/hayden/testgraphsdk/sdk/ContextSerde.java	out-of-scope	ticket_plan.yaml:648-658	none (outside the three project indexes)	unrepresented		Exact-path exclusion; semantic code was not read
1562	specs/.history/modular-fuzzing-epic/ticket-008-MF-015/ticket/results/testgraph-specWorkflow/cleanup-failure-probe-test-graph/sdk/java/src/main/java/com/hayden/testgraphsdk/sdk/Json.java	out-of-scope	ticket_plan.yaml:648-658	none (outside the three project indexes)	unrepresented		Exact-path exclusion; semantic code was not read
1563	specs/.history/modular-fuzzing-epic/ticket-008-MF-015/ticket/results/testgraph-specWorkflow/cleanup-failure-probe-test-graph/sdk/java/src/main/java/com/hayden/testgraphsdk/sdk/JsonMapper.java	out-of-scope	ticket_plan.yaml:648-658	none (outside the three project indexes)	unrepresented		Exact-path exclusion; semantic code was not read
1564	specs/.history/modular-fuzzing-epic/ticket-008-MF-015/ticket/results/testgraph-specWorkflow/cleanup-failure-probe-test-graph/sdk/java/src/main/java/com/hayden/testgraphsdk/sdk/Node.java	out-of-scope	ticket_plan.yaml:648-658	none (outside the three project indexes)	unrepresented		Exact-path exclusion; semantic code was not read
1565	specs/.history/modular-fuzzing-epic/ticket-008-MF-015/ticket/results/testgraph-specWorkflow/cleanup-failure-probe-test-graph/sdk/java/src/main/java/com/hayden/testgraphsdk/sdk/NodeBody.java	out-of-scope	ticket_plan.yaml:648-658	none (outside the three project indexes)	unrepresented		Exact-path exclusion; semantic code was not read
1566	specs/.history/modular-fuzzing-epic/ticket-008-MF-015/ticket/results/testgraph-specWorkflow/cleanup-failure-probe-test-graph/sdk/java/src/main/java/com/hayden/testgraphsdk/sdk/NodeContext.java	out-of-scope	ticket_plan.yaml:648-658	none (outside the three project indexes)	unrepresented		Exact-path exclusion; semantic code was not read
1567	specs/.history/modular-fuzzing-epic/ticket-008-MF-015/ticket/results/testgraph-specWorkflow/cleanup-failure-probe-test-graph/sdk/java/src/main/java/com/hayden/testgraphsdk/sdk/NodeResult.java	out-of-scope	ticket_plan.yaml:648-658	none (outside the three project indexes)	unrepresented		Exact-path exclusion; semantic code was not read
1568	specs/.history/modular-fuzzing-epic/ticket-008-MF-015/ticket/results/testgraph-specWorkflow/cleanup-failure-probe-test-graph/sdk/java/src/main/java/com/hayden/testgraphsdk/sdk/NodeSpec.java	out-of-scope	ticket_plan.yaml:648-658	none (outside the three project indexes)	unrepresented		Exact-path exclusion; semantic code was not read
1569	specs/.history/modular-fuzzing-epic/ticket-008-MF-015/ticket/results/testgraph-specWorkflow/cleanup-failure-probe-test-graph/sdk/java/src/main/java/com/hayden/testgraphsdk/sdk/NodeStatus.java	out-of-scope	ticket_plan.yaml:648-658	none (outside the three project indexes)	unrepresented		Exact-path exclusion; semantic code was not read
1570	specs/.history/modular-fuzzing-epic/ticket-008-MF-015/ticket/results/testgraph-specWorkflow/cleanup-failure-probe-test-graph/sdk/java/src/main/java/com/hayden/testgraphsdk/sdk/ProcessRecord.java	out-of-scope	ticket_plan.yaml:648-658	none (outside the three project indexes)	unrepresented		Exact-path exclusion; semantic code was not read
1571	specs/.history/modular-fuzzing-epic/ticket-008-MF-015/ticket/results/testgraph-specWorkflow/cleanup-failure-probe-test-graph/sdk/java/src/main/java/com/hayden/testgraphsdk/sdk/Procs.java	out-of-scope	ticket_plan.yaml:648-658	none (outside the three project indexes)	unrepresented		Exact-path exclusion; semantic code was not read
1572	specs/.history/modular-fuzzing-epic/ticket-008-MF-015/ticket/results/testgraph-specWorkflow/cleanup-failure-probe-test-graph/sdk/python/src/testgraphsdk/__init__.py	out-of-scope	ticket_plan.yaml:648-658	none (outside the three project indexes)	unrepresented		Exact-path exclusion; semantic code was not read
1573	specs/.history/modular-fuzzing-epic/ticket-008-MF-015/ticket/results/testgraph-specWorkflow/cleanup-failure-probe-test-graph/sdk/python/src/testgraphsdk/context.py	out-of-scope	ticket_plan.yaml:648-658	none (outside the three project indexes)	unrepresented		Exact-path exclusion; semantic code was not read
1574	specs/.history/modular-fuzzing-epic/ticket-008-MF-015/ticket/results/testgraph-specWorkflow/cleanup-failure-probe-test-graph/sdk/python/src/testgraphsdk/context_item.py	out-of-scope	ticket_plan.yaml:648-658	none (outside the three project indexes)	unrepresented		Exact-path exclusion; semantic code was not read
1575	specs/.history/modular-fuzzing-epic/ticket-008-MF-015/ticket/results/testgraph-specWorkflow/cleanup-failure-probe-test-graph/sdk/python/src/testgraphsdk/node_spec.py	out-of-scope	ticket_plan.yaml:648-658	none (outside the three project indexes)	unrepresented		Exact-path exclusion; semantic code was not read
1576	specs/.history/modular-fuzzing-epic/ticket-008-MF-015/ticket/results/testgraph-specWorkflow/cleanup-failure-probe-test-graph/sdk/python/src/testgraphsdk/procs.py	out-of-scope	ticket_plan.yaml:648-658	none (outside the three project indexes)	unrepresented		Exact-path exclusion; semantic code was not read
1577	specs/.history/modular-fuzzing-epic/ticket-008-MF-015/ticket/results/testgraph-specWorkflow/cleanup-failure-probe-test-graph/sdk/python/src/testgraphsdk/result.py	out-of-scope	ticket_plan.yaml:648-658	none (outside the three project indexes)	unrepresented		Exact-path exclusion; semantic code was not read
1578	specs/.history/modular-fuzzing-epic/ticket-008-MF-015/ticket/results/testgraph-specWorkflow/cleanup-failure-probe-test-graph/sdk/python/src/testgraphsdk/runner.py	out-of-scope	ticket_plan.yaml:648-658	none (outside the three project indexes)	unrepresented		Exact-path exclusion; semantic code was not read
1579	specs/.history/modular-fuzzing-epic/ticket-008-MF-015/ticket/results/testgraph-specWorkflow/cleanup-failure-probe-test-graph/settings.gradle.kts	out-of-scope	ticket_plan.yaml:648-658	none (outside the three project indexes)	unrepresented		Exact-path exclusion; semantic code was not read
1580	specs/.history/modular-fuzzing-epic/ticket-008-MF-015/ticket/results/testgraph-specWorkflow/cleanup-failure-probe-test-graph/sources/spec_workflow_cleanup.py	out-of-scope	ticket_plan.yaml:648-658	none (outside the three project indexes)	unrepresented		Exact-path exclusion; semantic code was not read
1581	specs/.history/modular-fuzzing-epic/ticket-008-MF-015/ticket/results/testgraph-specWorkflow/cleanup-failure-probe-test-graph/sources/spec_workflow_close_ticket.py	out-of-scope	ticket_plan.yaml:648-658	none (outside the three project indexes)	unrepresented		Exact-path exclusion; semantic code was not read
1582	specs/.history/modular-fuzzing-epic/ticket-008-MF-015/ticket/results/testgraph-specWorkflow/cleanup-failure-probe-test-graph/sources/spec_workflow_complete_ticket.py	out-of-scope	ticket_plan.yaml:648-658	none (outside the three project indexes)	unrepresented		Exact-path exclusion; semantic code was not read
1583	specs/.history/modular-fuzzing-epic/ticket-008-MF-015/ticket/results/testgraph-specWorkflow/cleanup-failure-probe-test-graph/sources/spec_workflow_create_repo.py	out-of-scope	ticket_plan.yaml:648-658	none (outside the three project indexes)	unrepresented		Exact-path exclusion; semantic code was not read
1584	specs/.history/modular-fuzzing-epic/ticket-008-MF-015/ticket/results/testgraph-specWorkflow/cleanup-failure-probe-test-graph/sources/spec_workflow_failure_cleanup_probe.py	out-of-scope	ticket_plan.yaml:648-658	none (outside the three project indexes)	unrepresented		Exact-path exclusion; semantic code was not read
1585	specs/.history/modular-fuzzing-epic/ticket-008-MF-015/ticket/results/testgraph-specWorkflow/cleanup-failure-probe-test-graph/sources/spec_workflow_force_failure.py	out-of-scope	ticket_plan.yaml:648-658	none (outside the three project indexes)	unrepresented		Exact-path exclusion; semantic code was not read
1586	specs/.history/modular-fuzzing-epic/ticket-008-MF-015/ticket/results/testgraph-specWorkflow/cleanup-failure-probe-test-graph/sources/spec_workflow_spec_units.py	out-of-scope	ticket_plan.yaml:648-658	none (outside the three project indexes)	unrepresented		Exact-path exclusion; semantic code was not read
1587	specs/.history/modular-fuzzing-epic/ticket-008-MF-015/ticket/results/testgraph-specWorkflow/cleanup-failure-probe-test-graph/sources/spec_workflow_start_ticket.py	out-of-scope	ticket_plan.yaml:648-658	none (outside the three project indexes)	unrepresented		Exact-path exclusion; semantic code was not read
1588	specs/.history/modular-fuzzing-epic/ticket-008-MF-015/ticket/results/testgraph-specWorkflow/cleanup-failure-probe-test-graph/sources/tla_spec_dev_cli_help.py	out-of-scope	ticket_plan.yaml:648-658	none (outside the three project indexes)	unrepresented		Exact-path exclusion; semantic code was not read
1589	specs/.history/modular-fuzzing-epic/ticket-008-MF-015/ticket/results/testgraph-specWorkflow/cleanup-failure-probe-test-graph/sources/tla_spec_dev_cli_install.py	out-of-scope	ticket_plan.yaml:648-658	none (outside the three project indexes)	unrepresented		Exact-path exclusion; semantic code was not read
1590	specs/.history/modular-fuzzing-epic/ticket-008-MF-015/ticket/results/testgraph-specWorkflow/tla-spec-dev-bin/tla-spec-dev	out-of-scope	ticket_plan.yaml:648-658	none (outside the three project indexes)	unrepresented		Exact-path exclusion; semantic code was not read
1591	specs/.history/modular-fuzzing-epic/ticket-008-MF-015/ticket/tests/test_ticket_workflow.py	out-of-scope	ticket_plan.yaml:648-658	none (outside the three project indexes)	unrepresented		Exact-path exclusion; semantic code was not read
1592	specs/.history/modular-fuzzing-epic/ticket-009-MF-017/snapshots/current/production_adapters.py	out-of-scope	ticket_plan.yaml:648-658	none (outside the three project indexes)	unrepresented		Exact-path exclusion; semantic code was not read
1593	specs/.history/modular-fuzzing-epic/ticket-009-MF-017/snapshots/current/tests/test_current_ticket_workflow.py	out-of-scope	ticket_plan.yaml:648-658	none (outside the three project indexes)	unrepresented		Exact-path exclusion; semantic code was not read
1594	specs/.history/modular-fuzzing-epic/ticket-009-MF-017/snapshots/current/tests/test_tla_spec_dev_analyze_adapter.py	out-of-scope	ticket_plan.yaml:648-658	none (outside the three project indexes)	unrepresented		Exact-path exclusion; semantic code was not read
1595	specs/.history/modular-fuzzing-epic/ticket-009-MF-017/snapshots/current/tests/test_tla_spec_dev_budgets_adapter.py	out-of-scope	ticket_plan.yaml:648-658	none (outside the three project indexes)	unrepresented		Exact-path exclusion; semantic code was not read
1596	specs/.history/modular-fuzzing-epic/ticket-009-MF-017/snapshots/current/tests/test_tla_spec_dev_cli_adapter.py	out-of-scope	ticket_plan.yaml:648-658	none (outside the three project indexes)	unrepresented		Exact-path exclusion; semantic code was not read
1597	specs/.history/modular-fuzzing-epic/ticket-009-MF-017/snapshots/current/tests/test_tla_spec_dev_close_promotion_adapter.py	out-of-scope	ticket_plan.yaml:648-658	none (outside the three project indexes)	unrepresented		Exact-path exclusion; semantic code was not read
1598	specs/.history/modular-fuzzing-epic/ticket-009-MF-017/snapshots/current/tests/test_tla_spec_dev_run_adapter.py	out-of-scope	ticket_plan.yaml:648-658	none (outside the three project indexes)	unrepresented		Exact-path exclusion; semantic code was not read
1599	specs/.history/modular-fuzzing-epic/ticket-009-MF-017/snapshots/current/tests/test_tla_spec_dev_scaffold_adapter.py	out-of-scope	ticket_plan.yaml:648-658	none (outside the three project indexes)	unrepresented		Exact-path exclusion; semantic code was not read
1600	specs/.history/modular-fuzzing-epic/ticket-009-MF-017/snapshots/current/tests/test_tla_spec_dev_skill_feedback_adapter.py	out-of-scope	ticket_plan.yaml:648-658	none (outside the three project indexes)	unrepresented		Exact-path exclusion; semantic code was not read
1601	specs/.history/modular-fuzzing-epic/ticket-009-MF-017/snapshots/current/tests/test_tla_spec_dev_test_graph_adapter.py	out-of-scope	ticket_plan.yaml:648-658	none (outside the three project indexes)	unrepresented		Exact-path exclusion; semantic code was not read
1602	specs/.history/modular-fuzzing-epic/ticket-009-MF-017/snapshots/current/tests/test_tla_spec_dev_ticket_adapter.py	out-of-scope	ticket_plan.yaml:648-658	none (outside the three project indexes)	unrepresented		Exact-path exclusion; semantic code was not read
1603	specs/.history/modular-fuzzing-epic/ticket-009-MF-017/snapshots/desired_program_model/production_adapters.py	out-of-scope	ticket_plan.yaml:648-658	none (outside the three project indexes)	unrepresented		Exact-path exclusion; semantic code was not read
1604	specs/.history/modular-fuzzing-epic/ticket-009-MF-017/snapshots/desired_program_model/tests/test_tla_spec_dev_cli_adapter.py	out-of-scope	ticket_plan.yaml:648-658	none (outside the three project indexes)	unrepresented		Exact-path exclusion; semantic code was not read
1605	specs/.history/modular-fuzzing-epic/ticket-009-MF-017/snapshots/desired_program_model/tests/test_tla_spec_dev_run_adapter.py	out-of-scope	ticket_plan.yaml:648-658	none (outside the three project indexes)	unrepresented		Exact-path exclusion; semantic code was not read
1606	specs/.history/modular-fuzzing-epic/ticket-009-MF-017/snapshots/desired_program_model/tests/test_tla_spec_dev_scaffold_adapter.py	out-of-scope	ticket_plan.yaml:648-658	none (outside the three project indexes)	unrepresented		Exact-path exclusion; semantic code was not read
1607	specs/.history/modular-fuzzing-epic/ticket-009-MF-017/snapshots/desired_program_model/tests/test_tla_spec_dev_test_graph_adapter.py	out-of-scope	ticket_plan.yaml:648-658	none (outside the three project indexes)	unrepresented		Exact-path exclusion; semantic code was not read
1608	specs/.history/modular-fuzzing-epic/ticket-009-MF-017/snapshots/desired_program_model/tests/test_tla_spec_dev_ticket_adapter.py	out-of-scope	ticket_plan.yaml:648-658	none (outside the three project indexes)	unrepresented		Exact-path exclusion; semantic code was not read
1609	specs/.history/modular-fuzzing-epic/ticket-009-MF-017/snapshots/program_model/production_adapters.py	out-of-scope	ticket_plan.yaml:648-658	none (outside the three project indexes)	unrepresented		Exact-path exclusion; semantic code was not read
1610	specs/.history/modular-fuzzing-epic/ticket-009-MF-017/snapshots/program_model/tests/test_tla_spec_dev_cli_adapter.py	out-of-scope	ticket_plan.yaml:648-658	none (outside the three project indexes)	unrepresented		Exact-path exclusion; semantic code was not read
1611	specs/.history/modular-fuzzing-epic/ticket-009-MF-017/snapshots/program_model/tests/test_tla_spec_dev_run_adapter.py	out-of-scope	ticket_plan.yaml:648-658	none (outside the three project indexes)	unrepresented		Exact-path exclusion; semantic code was not read
1612	specs/.history/modular-fuzzing-epic/ticket-009-MF-017/snapshots/program_model/tests/test_tla_spec_dev_scaffold_adapter.py	out-of-scope	ticket_plan.yaml:648-658	none (outside the three project indexes)	unrepresented		Exact-path exclusion; semantic code was not read
1613	specs/.history/modular-fuzzing-epic/ticket-009-MF-017/snapshots/program_model/tests/test_tla_spec_dev_test_graph_adapter.py	out-of-scope	ticket_plan.yaml:648-658	none (outside the three project indexes)	unrepresented		Exact-path exclusion; semantic code was not read
1614	specs/.history/modular-fuzzing-epic/ticket-009-MF-017/snapshots/program_model/tests/test_tla_spec_dev_ticket_adapter.py	out-of-scope	ticket_plan.yaml:648-658	none (outside the three project indexes)	unrepresented		Exact-path exclusion; semantic code was not read
1615	specs/.history/modular-fuzzing-epic/ticket-009-MF-017/ticket/current/production_adapters.py	out-of-scope	ticket_plan.yaml:648-658	none (outside the three project indexes)	unrepresented		Exact-path exclusion; semantic code was not read
1616	specs/.history/modular-fuzzing-epic/ticket-009-MF-017/ticket/current/tests/test_tla_spec_dev_analyze_adapter.py	out-of-scope	ticket_plan.yaml:648-658	none (outside the three project indexes)	unrepresented		Exact-path exclusion; semantic code was not read
1617	specs/.history/modular-fuzzing-epic/ticket-009-MF-017/ticket/current/tests/test_tla_spec_dev_budgets_adapter.py	out-of-scope	ticket_plan.yaml:648-658	none (outside the three project indexes)	unrepresented		Exact-path exclusion; semantic code was not read
1618	specs/.history/modular-fuzzing-epic/ticket-009-MF-017/ticket/current/tests/test_tla_spec_dev_cli_adapter.py	out-of-scope	ticket_plan.yaml:648-658	none (outside the three project indexes)	unrepresented		Exact-path exclusion; semantic code was not read
1619	specs/.history/modular-fuzzing-epic/ticket-009-MF-017/ticket/current/tests/test_tla_spec_dev_close_promotion_adapter.py	out-of-scope	ticket_plan.yaml:648-658	none (outside the three project indexes)	unrepresented		Exact-path exclusion; semantic code was not read
1620	specs/.history/modular-fuzzing-epic/ticket-009-MF-017/ticket/current/tests/test_tla_spec_dev_run_adapter.py	out-of-scope	ticket_plan.yaml:648-658	none (outside the three project indexes)	unrepresented		Exact-path exclusion; semantic code was not read
1621	specs/.history/modular-fuzzing-epic/ticket-009-MF-017/ticket/current/tests/test_tla_spec_dev_scaffold_adapter.py	out-of-scope	ticket_plan.yaml:648-658	none (outside the three project indexes)	unrepresented		Exact-path exclusion; semantic code was not read
1622	specs/.history/modular-fuzzing-epic/ticket-009-MF-017/ticket/current/tests/test_tla_spec_dev_skill_feedback_adapter.py	out-of-scope	ticket_plan.yaml:648-658	none (outside the three project indexes)	unrepresented		Exact-path exclusion; semantic code was not read
1623	specs/.history/modular-fuzzing-epic/ticket-009-MF-017/ticket/current/tests/test_tla_spec_dev_test_graph_adapter.py	out-of-scope	ticket_plan.yaml:648-658	none (outside the three project indexes)	unrepresented		Exact-path exclusion; semantic code was not read
1624	specs/.history/modular-fuzzing-epic/ticket-009-MF-017/ticket/current/tests/test_tla_spec_dev_ticket_adapter.py	out-of-scope	ticket_plan.yaml:648-658	none (outside the three project indexes)	unrepresented		Exact-path exclusion; semantic code was not read
1625	specs/.history/modular-fuzzing-epic/ticket-009-MF-017/ticket/desired/production_adapters.py	out-of-scope	ticket_plan.yaml:648-658	none (outside the three project indexes)	unrepresented		Exact-path exclusion; semantic code was not read
1626	specs/.history/modular-fuzzing-epic/ticket-009-MF-017/ticket/desired/tests/test_tla_spec_dev_analyze_adapter.py	out-of-scope	ticket_plan.yaml:648-658	none (outside the three project indexes)	unrepresented		Exact-path exclusion; semantic code was not read
1627	specs/.history/modular-fuzzing-epic/ticket-009-MF-017/ticket/desired/tests/test_tla_spec_dev_budgets_adapter.py	out-of-scope	ticket_plan.yaml:648-658	none (outside the three project indexes)	unrepresented		Exact-path exclusion; semantic code was not read
1628	specs/.history/modular-fuzzing-epic/ticket-009-MF-017/ticket/desired/tests/test_tla_spec_dev_cli_adapter.py	out-of-scope	ticket_plan.yaml:648-658	none (outside the three project indexes)	unrepresented		Exact-path exclusion; semantic code was not read
1629	specs/.history/modular-fuzzing-epic/ticket-009-MF-017/ticket/desired/tests/test_tla_spec_dev_close_promotion_adapter.py	out-of-scope	ticket_plan.yaml:648-658	none (outside the three project indexes)	unrepresented		Exact-path exclusion; semantic code was not read
1630	specs/.history/modular-fuzzing-epic/ticket-009-MF-017/ticket/desired/tests/test_tla_spec_dev_run_adapter.py	out-of-scope	ticket_plan.yaml:648-658	none (outside the three project indexes)	unrepresented		Exact-path exclusion; semantic code was not read
1631	specs/.history/modular-fuzzing-epic/ticket-009-MF-017/ticket/desired/tests/test_tla_spec_dev_scaffold_adapter.py	out-of-scope	ticket_plan.yaml:648-658	none (outside the three project indexes)	unrepresented		Exact-path exclusion; semantic code was not read
1632	specs/.history/modular-fuzzing-epic/ticket-009-MF-017/ticket/desired/tests/test_tla_spec_dev_skill_feedback_adapter.py	out-of-scope	ticket_plan.yaml:648-658	none (outside the three project indexes)	unrepresented		Exact-path exclusion; semantic code was not read
1633	specs/.history/modular-fuzzing-epic/ticket-009-MF-017/ticket/desired/tests/test_tla_spec_dev_test_graph_adapter.py	out-of-scope	ticket_plan.yaml:648-658	none (outside the three project indexes)	unrepresented		Exact-path exclusion; semantic code was not read
1634	specs/.history/modular-fuzzing-epic/ticket-009-MF-017/ticket/desired/tests/test_tla_spec_dev_ticket_adapter.py	out-of-scope	ticket_plan.yaml:648-658	none (outside the three project indexes)	unrepresented		Exact-path exclusion; semantic code was not read
1635	specs/.history/modular-fuzzing-epic/ticket-009-MF-017/ticket/results/graph-reports/cliWorkflow-20260718-213826-7bba7aa7/tla-spec-dev-bin/tla-spec-dev	out-of-scope	ticket_plan.yaml:648-658	none (outside the three project indexes)	unrepresented		Exact-path exclusion; semantic code was not read
1636	specs/.history/modular-fuzzing-epic/ticket-009-MF-017/ticket/results/graph-reports/specWorkflow-20260718-213733-cd7fff06/cleanup-failure-probe-test-graph/build-logic/build.gradle.kts	out-of-scope	ticket_plan.yaml:648-658	none (outside the three project indexes)	unrepresented		Exact-path exclusion; semantic code was not read
1637	specs/.history/modular-fuzzing-epic/ticket-009-MF-017/ticket/results/graph-reports/specWorkflow-20260718-213733-cd7fff06/cleanup-failure-probe-test-graph/build-logic/settings.gradle.kts	out-of-scope	ticket_plan.yaml:648-658	none (outside the three project indexes)	unrepresented		Exact-path exclusion; semantic code was not read
1638	specs/.history/modular-fuzzing-epic/ticket-009-MF-017/ticket/results/graph-reports/specWorkflow-20260718-213733-cd7fff06/cleanup-failure-probe-test-graph/build-logic/src/main/kotlin/com/hayden/testgraphsdk/GraphAssembler.kt	out-of-scope	ticket_plan.yaml:648-658	none (outside the three project indexes)	unrepresented		Exact-path exclusion; semantic code was not read
1639	specs/.history/modular-fuzzing-epic/ticket-009-MF-017/ticket/results/graph-reports/specWorkflow-20260718-213733-cd7fff06/cleanup-failure-probe-test-graph/build-logic/src/main/kotlin/com/hayden/testgraphsdk/GraphModel.kt	out-of-scope	ticket_plan.yaml:648-658	none (outside the three project indexes)	unrepresented		Exact-path exclusion; semantic code was not read
1640	specs/.history/modular-fuzzing-epic/ticket-009-MF-017/ticket/results/graph-reports/specWorkflow-20260718-213733-cd7fff06/cleanup-failure-probe-test-graph/build-logic/src/main/kotlin/com/hayden/testgraphsdk/MiniJson.kt	out-of-scope	ticket_plan.yaml:648-658	none (outside the three project indexes)	unrepresented		Exact-path exclusion; semantic code was not read
1641	specs/.history/modular-fuzzing-epic/ticket-009-MF-017/ticket/results/graph-reports/specWorkflow-20260718-213733-cd7fff06/cleanup-failure-probe-test-graph/build-logic/src/main/kotlin/com/hayden/testgraphsdk/NodeDescribeLoader.kt	out-of-scope	ticket_plan.yaml:648-658	none (outside the three project indexes)	unrepresented		Exact-path exclusion; semantic code was not read
1642	specs/.history/modular-fuzzing-epic/ticket-009-MF-017/ticket/results/graph-reports/specWorkflow-20260718-213733-cd7fff06/cleanup-failure-probe-test-graph/build-logic/src/main/kotlin/com/hayden/testgraphsdk/TestGraphSpec.kt	out-of-scope	ticket_plan.yaml:648-658	none (outside the three project indexes)	unrepresented		Exact-path exclusion; semantic code was not read
1643	specs/.history/modular-fuzzing-epic/ticket-009-MF-017/ticket/results/graph-reports/specWorkflow-20260718-213733-cd7fff06/cleanup-failure-probe-test-graph/build-logic/src/main/kotlin/com/hayden/testgraphsdk/Toolchain.kt	out-of-scope	ticket_plan.yaml:648-658	none (outside the three project indexes)	unrepresented		Exact-path exclusion; semantic code was not read
1644	specs/.history/modular-fuzzing-epic/ticket-009-MF-017/ticket/results/graph-reports/specWorkflow-20260718-213733-cd7fff06/cleanup-failure-probe-test-graph/build-logic/src/main/kotlin/com/hayden/testgraphsdk/ValidationGraphExtension.kt	out-of-scope	ticket_plan.yaml:648-658	none (outside the three project indexes)	unrepresented		Exact-path exclusion; semantic code was not read
1645	specs/.history/modular-fuzzing-epic/ticket-009-MF-017/ticket/results/graph-reports/specWorkflow-20260718-213733-cd7fff06/cleanup-failure-probe-test-graph/build-logic/src/main/kotlin/com/hayden/testgraphsdk/ValidationGraphPlugin.kt	out-of-scope	ticket_plan.yaml:648-658	none (outside the three project indexes)	unrepresented		Exact-path exclusion; semantic code was not read
1646	specs/.history/modular-fuzzing-epic/ticket-009-MF-017/ticket/results/graph-reports/specWorkflow-20260718-213733-cd7fff06/cleanup-failure-probe-test-graph/build-logic/src/main/kotlin/com/hayden/testgraphsdk/ValidationNodeSpec.kt	out-of-scope	ticket_plan.yaml:648-658	none (outside the three project indexes)	unrepresented		Exact-path exclusion; semantic code was not read
1647	specs/.history/modular-fuzzing-epic/ticket-009-MF-017/ticket/results/graph-reports/specWorkflow-20260718-213733-cd7fff06/cleanup-failure-probe-test-graph/build-logic/src/main/kotlin/com/hayden/testgraphsdk/ValidationRuntime.kt	out-of-scope	ticket_plan.yaml:648-658	none (outside the three project indexes)	unrepresented		Exact-path exclusion; semantic code was not read
1648	specs/.history/modular-fuzzing-epic/ticket-009-MF-017/ticket/results/graph-reports/specWorkflow-20260718-213733-cd7fff06/cleanup-failure-probe-test-graph/build-logic/src/main/kotlin/com/hayden/testgraphsdk/exec/Context.kt	out-of-scope	ticket_plan.yaml:648-658	none (outside the three project indexes)	unrepresented		Exact-path exclusion; semantic code was not read
1649	specs/.history/modular-fuzzing-epic/ticket-009-MF-017/ticket/results/graph-reports/specWorkflow-20260718-213733-cd7fff06/cleanup-failure-probe-test-graph/build-logic/src/main/kotlin/com/hayden/testgraphsdk/exec/Executors.kt	out-of-scope	ticket_plan.yaml:648-658	none (outside the three project indexes)	unrepresented		Exact-path exclusion; semantic code was not read
1650	specs/.history/modular-fuzzing-epic/ticket-009-MF-017/ticket/results/graph-reports/specWorkflow-20260718-213733-cd7fff06/cleanup-failure-probe-test-graph/build-logic/src/main/kotlin/com/hayden/testgraphsdk/exec/JBangExecutor.kt	out-of-scope	ticket_plan.yaml:648-658	none (outside the three project indexes)	unrepresented		Exact-path exclusion; semantic code was not read
1651	specs/.history/modular-fuzzing-epic/ticket-009-MF-017/ticket/results/graph-reports/specWorkflow-20260718-213733-cd7fff06/cleanup-failure-probe-test-graph/build-logic/src/main/kotlin/com/hayden/testgraphsdk/exec/PlanExecutor.kt	out-of-scope	ticket_plan.yaml:648-658	none (outside the three project indexes)	unrepresented		Exact-path exclusion; semantic code was not read
1652	specs/.history/modular-fuzzing-epic/ticket-009-MF-017/ticket/results/graph-reports/specWorkflow-20260718-213733-cd7fff06/cleanup-failure-probe-test-graph/build-logic/src/main/kotlin/com/hayden/testgraphsdk/exec/TimeoutParser.kt	out-of-scope	ticket_plan.yaml:648-658	none (outside the three project indexes)	unrepresented		Exact-path exclusion; semantic code was not read
1653	specs/.history/modular-fuzzing-epic/ticket-009-MF-017/ticket/results/graph-reports/specWorkflow-20260718-213733-cd7fff06/cleanup-failure-probe-test-graph/build-logic/src/main/kotlin/com/hayden/testgraphsdk/exec/UvExecutor.kt	out-of-scope	ticket_plan.yaml:648-658	none (outside the three project indexes)	unrepresented		Exact-path exclusion; semantic code was not read
1654	specs/.history/modular-fuzzing-epic/ticket-009-MF-017/ticket/results/graph-reports/specWorkflow-20260718-213733-cd7fff06/cleanup-failure-probe-test-graph/build-logic/src/main/kotlin/com/hayden/testgraphsdk/tasks/InspectionTasks.kt	out-of-scope	ticket_plan.yaml:648-658	none (outside the three project indexes)	unrepresented		Exact-path exclusion; semantic code was not read
1655	specs/.history/modular-fuzzing-epic/ticket-009-MF-017/ticket/results/graph-reports/specWorkflow-20260718-213733-cd7fff06/cleanup-failure-probe-test-graph/build-logic/src/main/kotlin/com/hayden/testgraphsdk/tasks/RunReportWriter.kt	out-of-scope	ticket_plan.yaml:648-658	none (outside the three project indexes)	unrepresented		Exact-path exclusion; semantic code was not read
1656	specs/.history/modular-fuzzing-epic/ticket-009-MF-017/ticket/results/graph-reports/specWorkflow-20260718-213733-cd7fff06/cleanup-failure-probe-test-graph/build-logic/src/main/kotlin/com/hayden/testgraphsdk/tasks/RunTestGraphTask.kt	out-of-scope	ticket_plan.yaml:648-658	none (outside the three project indexes)	unrepresented		Exact-path exclusion; semantic code was not read
1657	specs/.history/modular-fuzzing-epic/ticket-009-MF-017/ticket/results/graph-reports/specWorkflow-20260718-213733-cd7fff06/cleanup-failure-probe-test-graph/build-logic/src/main/kotlin/com/hayden/testgraphsdk/tasks/ValidationReportTask.kt	out-of-scope	ticket_plan.yaml:648-658	none (outside the three project indexes)	unrepresented		Exact-path exclusion; semantic code was not read
1658	specs/.history/modular-fuzzing-epic/ticket-009-MF-017/ticket/results/graph-reports/specWorkflow-20260718-213733-cd7fff06/cleanup-failure-probe-test-graph/build-logic/src/test/kotlin/com/hayden/testgraphsdk/exec/PlanExecutorResumeHarnessTest.kt	out-of-scope	ticket_plan.yaml:648-658	none (outside the three project indexes)	unrepresented		Exact-path exclusion; semantic code was not read
1659	specs/.history/modular-fuzzing-epic/ticket-009-MF-017/ticket/results/graph-reports/specWorkflow-20260718-213733-cd7fff06/cleanup-failure-probe-test-graph/build.gradle.kts	out-of-scope	ticket_plan.yaml:648-658	none (outside the three project indexes)	unrepresented		Exact-path exclusion; semantic code was not read
1660	specs/.history/modular-fuzzing-epic/ticket-009-MF-017/ticket/results/graph-reports/specWorkflow-20260718-213733-cd7fff06/cleanup-failure-probe-test-graph/gradlew	out-of-scope	ticket_plan.yaml:648-658	none (outside the three project indexes)	unrepresented		Exact-path exclusion; semantic code was not read
1661	specs/.history/modular-fuzzing-epic/ticket-009-MF-017/ticket/results/graph-reports/specWorkflow-20260718-213733-cd7fff06/cleanup-failure-probe-test-graph/sdk/java/build.gradle.kts	out-of-scope	ticket_plan.yaml:648-658	none (outside the three project indexes)	unrepresented		Exact-path exclusion; semantic code was not read
1662	specs/.history/modular-fuzzing-epic/ticket-009-MF-017/ticket/results/graph-reports/specWorkflow-20260718-213733-cd7fff06/cleanup-failure-probe-test-graph/sdk/java/src/main/java/com/hayden/testgraphsdk/sdk/ContextItem.java	out-of-scope	ticket_plan.yaml:648-658	none (outside the three project indexes)	unrepresented		Exact-path exclusion; semantic code was not read
1663	specs/.history/modular-fuzzing-epic/ticket-009-MF-017/ticket/results/graph-reports/specWorkflow-20260718-213733-cd7fff06/cleanup-failure-probe-test-graph/sdk/java/src/main/java/com/hayden/testgraphsdk/sdk/ContextSerde.java	out-of-scope	ticket_plan.yaml:648-658	none (outside the three project indexes)	unrepresented		Exact-path exclusion; semantic code was not read
1664	specs/.history/modular-fuzzing-epic/ticket-009-MF-017/ticket/results/graph-reports/specWorkflow-20260718-213733-cd7fff06/cleanup-failure-probe-test-graph/sdk/java/src/main/java/com/hayden/testgraphsdk/sdk/Json.java	out-of-scope	ticket_plan.yaml:648-658	none (outside the three project indexes)	unrepresented		Exact-path exclusion; semantic code was not read
1665	specs/.history/modular-fuzzing-epic/ticket-009-MF-017/ticket/results/graph-reports/specWorkflow-20260718-213733-cd7fff06/cleanup-failure-probe-test-graph/sdk/java/src/main/java/com/hayden/testgraphsdk/sdk/JsonMapper.java	out-of-scope	ticket_plan.yaml:648-658	none (outside the three project indexes)	unrepresented		Exact-path exclusion; semantic code was not read
1666	specs/.history/modular-fuzzing-epic/ticket-009-MF-017/ticket/results/graph-reports/specWorkflow-20260718-213733-cd7fff06/cleanup-failure-probe-test-graph/sdk/java/src/main/java/com/hayden/testgraphsdk/sdk/Node.java	out-of-scope	ticket_plan.yaml:648-658	none (outside the three project indexes)	unrepresented		Exact-path exclusion; semantic code was not read
1667	specs/.history/modular-fuzzing-epic/ticket-009-MF-017/ticket/results/graph-reports/specWorkflow-20260718-213733-cd7fff06/cleanup-failure-probe-test-graph/sdk/java/src/main/java/com/hayden/testgraphsdk/sdk/NodeBody.java	out-of-scope	ticket_plan.yaml:648-658	none (outside the three project indexes)	unrepresented		Exact-path exclusion; semantic code was not read
1668	specs/.history/modular-fuzzing-epic/ticket-009-MF-017/ticket/results/graph-reports/specWorkflow-20260718-213733-cd7fff06/cleanup-failure-probe-test-graph/sdk/java/src/main/java/com/hayden/testgraphsdk/sdk/NodeContext.java	out-of-scope	ticket_plan.yaml:648-658	none (outside the three project indexes)	unrepresented		Exact-path exclusion; semantic code was not read
1669	specs/.history/modular-fuzzing-epic/ticket-009-MF-017/ticket/results/graph-reports/specWorkflow-20260718-213733-cd7fff06/cleanup-failure-probe-test-graph/sdk/java/src/main/java/com/hayden/testgraphsdk/sdk/NodeResult.java	out-of-scope	ticket_plan.yaml:648-658	none (outside the three project indexes)	unrepresented		Exact-path exclusion; semantic code was not read
1670	specs/.history/modular-fuzzing-epic/ticket-009-MF-017/ticket/results/graph-reports/specWorkflow-20260718-213733-cd7fff06/cleanup-failure-probe-test-graph/sdk/java/src/main/java/com/hayden/testgraphsdk/sdk/NodeSpec.java	out-of-scope	ticket_plan.yaml:648-658	none (outside the three project indexes)	unrepresented		Exact-path exclusion; semantic code was not read
1671	specs/.history/modular-fuzzing-epic/ticket-009-MF-017/ticket/results/graph-reports/specWorkflow-20260718-213733-cd7fff06/cleanup-failure-probe-test-graph/sdk/java/src/main/java/com/hayden/testgraphsdk/sdk/NodeStatus.java	out-of-scope	ticket_plan.yaml:648-658	none (outside the three project indexes)	unrepresented		Exact-path exclusion; semantic code was not read
1672	specs/.history/modular-fuzzing-epic/ticket-009-MF-017/ticket/results/graph-reports/specWorkflow-20260718-213733-cd7fff06/cleanup-failure-probe-test-graph/sdk/java/src/main/java/com/hayden/testgraphsdk/sdk/ProcessRecord.java	out-of-scope	ticket_plan.yaml:648-658	none (outside the three project indexes)	unrepresented		Exact-path exclusion; semantic code was not read
1673	specs/.history/modular-fuzzing-epic/ticket-009-MF-017/ticket/results/graph-reports/specWorkflow-20260718-213733-cd7fff06/cleanup-failure-probe-test-graph/sdk/java/src/main/java/com/hayden/testgraphsdk/sdk/Procs.java	out-of-scope	ticket_plan.yaml:648-658	none (outside the three project indexes)	unrepresented		Exact-path exclusion; semantic code was not read
1674	specs/.history/modular-fuzzing-epic/ticket-009-MF-017/ticket/results/graph-reports/specWorkflow-20260718-213733-cd7fff06/cleanup-failure-probe-test-graph/sdk/python/src/testgraphsdk/__init__.py	out-of-scope	ticket_plan.yaml:648-658	none (outside the three project indexes)	unrepresented		Exact-path exclusion; semantic code was not read
1675	specs/.history/modular-fuzzing-epic/ticket-009-MF-017/ticket/results/graph-reports/specWorkflow-20260718-213733-cd7fff06/cleanup-failure-probe-test-graph/sdk/python/src/testgraphsdk/context.py	out-of-scope	ticket_plan.yaml:648-658	none (outside the three project indexes)	unrepresented		Exact-path exclusion; semantic code was not read
1676	specs/.history/modular-fuzzing-epic/ticket-009-MF-017/ticket/results/graph-reports/specWorkflow-20260718-213733-cd7fff06/cleanup-failure-probe-test-graph/sdk/python/src/testgraphsdk/context_item.py	out-of-scope	ticket_plan.yaml:648-658	none (outside the three project indexes)	unrepresented		Exact-path exclusion; semantic code was not read
1677	specs/.history/modular-fuzzing-epic/ticket-009-MF-017/ticket/results/graph-reports/specWorkflow-20260718-213733-cd7fff06/cleanup-failure-probe-test-graph/sdk/python/src/testgraphsdk/node_spec.py	out-of-scope	ticket_plan.yaml:648-658	none (outside the three project indexes)	unrepresented		Exact-path exclusion; semantic code was not read
1678	specs/.history/modular-fuzzing-epic/ticket-009-MF-017/ticket/results/graph-reports/specWorkflow-20260718-213733-cd7fff06/cleanup-failure-probe-test-graph/sdk/python/src/testgraphsdk/procs.py	out-of-scope	ticket_plan.yaml:648-658	none (outside the three project indexes)	unrepresented		Exact-path exclusion; semantic code was not read
1679	specs/.history/modular-fuzzing-epic/ticket-009-MF-017/ticket/results/graph-reports/specWorkflow-20260718-213733-cd7fff06/cleanup-failure-probe-test-graph/sdk/python/src/testgraphsdk/result.py	out-of-scope	ticket_plan.yaml:648-658	none (outside the three project indexes)	unrepresented		Exact-path exclusion; semantic code was not read
1680	specs/.history/modular-fuzzing-epic/ticket-009-MF-017/ticket/results/graph-reports/specWorkflow-20260718-213733-cd7fff06/cleanup-failure-probe-test-graph/sdk/python/src/testgraphsdk/runner.py	out-of-scope	ticket_plan.yaml:648-658	none (outside the three project indexes)	unrepresented		Exact-path exclusion; semantic code was not read
1681	specs/.history/modular-fuzzing-epic/ticket-009-MF-017/ticket/results/graph-reports/specWorkflow-20260718-213733-cd7fff06/cleanup-failure-probe-test-graph/settings.gradle.kts	out-of-scope	ticket_plan.yaml:648-658	none (outside the three project indexes)	unrepresented		Exact-path exclusion; semantic code was not read
1682	specs/.history/modular-fuzzing-epic/ticket-009-MF-017/ticket/results/graph-reports/specWorkflow-20260718-213733-cd7fff06/cleanup-failure-probe-test-graph/sources/spec_workflow_cleanup.py	out-of-scope	ticket_plan.yaml:648-658	none (outside the three project indexes)	unrepresented		Exact-path exclusion; semantic code was not read
1683	specs/.history/modular-fuzzing-epic/ticket-009-MF-017/ticket/results/graph-reports/specWorkflow-20260718-213733-cd7fff06/cleanup-failure-probe-test-graph/sources/spec_workflow_close_ticket.py	out-of-scope	ticket_plan.yaml:648-658	none (outside the three project indexes)	unrepresented		Exact-path exclusion; semantic code was not read
1684	specs/.history/modular-fuzzing-epic/ticket-009-MF-017/ticket/results/graph-reports/specWorkflow-20260718-213733-cd7fff06/cleanup-failure-probe-test-graph/sources/spec_workflow_complete_ticket.py	out-of-scope	ticket_plan.yaml:648-658	none (outside the three project indexes)	unrepresented		Exact-path exclusion; semantic code was not read
1685	specs/.history/modular-fuzzing-epic/ticket-009-MF-017/ticket/results/graph-reports/specWorkflow-20260718-213733-cd7fff06/cleanup-failure-probe-test-graph/sources/spec_workflow_create_repo.py	out-of-scope	ticket_plan.yaml:648-658	none (outside the three project indexes)	unrepresented		Exact-path exclusion; semantic code was not read
1686	specs/.history/modular-fuzzing-epic/ticket-009-MF-017/ticket/results/graph-reports/specWorkflow-20260718-213733-cd7fff06/cleanup-failure-probe-test-graph/sources/spec_workflow_failure_cleanup_probe.py	out-of-scope	ticket_plan.yaml:648-658	none (outside the three project indexes)	unrepresented		Exact-path exclusion; semantic code was not read
1687	specs/.history/modular-fuzzing-epic/ticket-009-MF-017/ticket/results/graph-reports/specWorkflow-20260718-213733-cd7fff06/cleanup-failure-probe-test-graph/sources/spec_workflow_force_failure.py	out-of-scope	ticket_plan.yaml:648-658	none (outside the three project indexes)	unrepresented		Exact-path exclusion; semantic code was not read
1688	specs/.history/modular-fuzzing-epic/ticket-009-MF-017/ticket/results/graph-reports/specWorkflow-20260718-213733-cd7fff06/cleanup-failure-probe-test-graph/sources/spec_workflow_spec_units.py	out-of-scope	ticket_plan.yaml:648-658	none (outside the three project indexes)	unrepresented		Exact-path exclusion; semantic code was not read
1689	specs/.history/modular-fuzzing-epic/ticket-009-MF-017/ticket/results/graph-reports/specWorkflow-20260718-213733-cd7fff06/cleanup-failure-probe-test-graph/sources/spec_workflow_start_ticket.py	out-of-scope	ticket_plan.yaml:648-658	none (outside the three project indexes)	unrepresented		Exact-path exclusion; semantic code was not read
1690	specs/.history/modular-fuzzing-epic/ticket-009-MF-017/ticket/results/graph-reports/specWorkflow-20260718-213733-cd7fff06/cleanup-failure-probe-test-graph/sources/tla_spec_dev_cli_help.py	out-of-scope	ticket_plan.yaml:648-658	none (outside the three project indexes)	unrepresented		Exact-path exclusion; semantic code was not read
1691	specs/.history/modular-fuzzing-epic/ticket-009-MF-017/ticket/results/graph-reports/specWorkflow-20260718-213733-cd7fff06/cleanup-failure-probe-test-graph/sources/tla_spec_dev_cli_install.py	out-of-scope	ticket_plan.yaml:648-658	none (outside the three project indexes)	unrepresented		Exact-path exclusion; semantic code was not read
1692	specs/.history/modular-fuzzing-epic/ticket-009-MF-017/ticket/results/graph-reports/specWorkflow-20260718-213733-cd7fff06/tla-spec-dev-bin/tla-spec-dev	out-of-scope	ticket_plan.yaml:648-658	none (outside the three project indexes)	unrepresented		Exact-path exclusion; semantic code was not read
1693	specs/.history/modular-fuzzing-epic/ticket-009-MF-017/ticket/tests/test_ticket_workflow.py	out-of-scope	ticket_plan.yaml:648-658	none (outside the three project indexes)	unrepresented		Exact-path exclusion; semantic code was not read
1694	specs/.history/modular-fuzzing-epic/ticket-009-MF-027/snapshots/current/production_adapters.py	out-of-scope	ticket_plan.yaml:648-658	none (outside the three project indexes)	unrepresented		Exact-path exclusion; semantic code was not read
1695	specs/.history/modular-fuzzing-epic/ticket-009-MF-027/snapshots/current/tests/test_current_ticket_workflow.py	out-of-scope	ticket_plan.yaml:648-658	none (outside the three project indexes)	unrepresented		Exact-path exclusion; semantic code was not read
1696	specs/.history/modular-fuzzing-epic/ticket-009-MF-027/snapshots/current/tests/test_tla_spec_dev_analyze_adapter.py	out-of-scope	ticket_plan.yaml:648-658	none (outside the three project indexes)	unrepresented		Exact-path exclusion; semantic code was not read
1697	specs/.history/modular-fuzzing-epic/ticket-009-MF-027/snapshots/current/tests/test_tla_spec_dev_budgets_adapter.py	out-of-scope	ticket_plan.yaml:648-658	none (outside the three project indexes)	unrepresented		Exact-path exclusion; semantic code was not read
1698	specs/.history/modular-fuzzing-epic/ticket-009-MF-027/snapshots/current/tests/test_tla_spec_dev_cli_adapter.py	out-of-scope	ticket_plan.yaml:648-658	none (outside the three project indexes)	unrepresented		Exact-path exclusion; semantic code was not read
1699	specs/.history/modular-fuzzing-epic/ticket-009-MF-027/snapshots/current/tests/test_tla_spec_dev_close_promotion_adapter.py	out-of-scope	ticket_plan.yaml:648-658	none (outside the three project indexes)	unrepresented		Exact-path exclusion; semantic code was not read
1700	specs/.history/modular-fuzzing-epic/ticket-009-MF-027/snapshots/current/tests/test_tla_spec_dev_corpus_adapter.py	out-of-scope	ticket_plan.yaml:648-658	none (outside the three project indexes)	unrepresented		Exact-path exclusion; semantic code was not read
1701	specs/.history/modular-fuzzing-epic/ticket-009-MF-027/snapshots/current/tests/test_tla_spec_dev_effect_conformance_adapter.py	out-of-scope	ticket_plan.yaml:648-658	none (outside the three project indexes)	unrepresented		Exact-path exclusion; semantic code was not read
1702	specs/.history/modular-fuzzing-epic/ticket-009-MF-027/snapshots/current/tests/test_tla_spec_dev_run_adapter.py	out-of-scope	ticket_plan.yaml:648-658	none (outside the three project indexes)	unrepresented		Exact-path exclusion; semantic code was not read
1703	specs/.history/modular-fuzzing-epic/ticket-009-MF-027/snapshots/current/tests/test_tla_spec_dev_scaffold_adapter.py	out-of-scope	ticket_plan.yaml:648-658	none (outside the three project indexes)	unrepresented		Exact-path exclusion; semantic code was not read
1704	specs/.history/modular-fuzzing-epic/ticket-009-MF-027/snapshots/current/tests/test_tla_spec_dev_skill_feedback_adapter.py	out-of-scope	ticket_plan.yaml:648-658	none (outside the three project indexes)	unrepresented		Exact-path exclusion; semantic code was not read
1705	specs/.history/modular-fuzzing-epic/ticket-009-MF-027/snapshots/current/tests/test_tla_spec_dev_test_graph_adapter.py	out-of-scope	ticket_plan.yaml:648-658	none (outside the three project indexes)	unrepresented		Exact-path exclusion; semantic code was not read
1706	specs/.history/modular-fuzzing-epic/ticket-009-MF-027/snapshots/current/tests/test_tla_spec_dev_ticket_adapter.py	out-of-scope	ticket_plan.yaml:648-658	none (outside the three project indexes)	unrepresented		Exact-path exclusion; semantic code was not read
1707	specs/.history/modular-fuzzing-epic/ticket-009-MF-027/snapshots/desired_program_model/production_adapters.py	out-of-scope	ticket_plan.yaml:648-658	none (outside the three project indexes)	unrepresented		Exact-path exclusion; semantic code was not read
1708	specs/.history/modular-fuzzing-epic/ticket-009-MF-027/snapshots/desired_program_model/tests/test_tla_spec_dev_cli_adapter.py	out-of-scope	ticket_plan.yaml:648-658	none (outside the three project indexes)	unrepresented		Exact-path exclusion; semantic code was not read
1709	specs/.history/modular-fuzzing-epic/ticket-009-MF-027/snapshots/desired_program_model/tests/test_tla_spec_dev_run_adapter.py	out-of-scope	ticket_plan.yaml:648-658	none (outside the three project indexes)	unrepresented		Exact-path exclusion; semantic code was not read
1710	specs/.history/modular-fuzzing-epic/ticket-009-MF-027/snapshots/desired_program_model/tests/test_tla_spec_dev_scaffold_adapter.py	out-of-scope	ticket_plan.yaml:648-658	none (outside the three project indexes)	unrepresented		Exact-path exclusion; semantic code was not read
1711	specs/.history/modular-fuzzing-epic/ticket-009-MF-027/snapshots/desired_program_model/tests/test_tla_spec_dev_test_graph_adapter.py	out-of-scope	ticket_plan.yaml:648-658	none (outside the three project indexes)	unrepresented		Exact-path exclusion; semantic code was not read
1712	specs/.history/modular-fuzzing-epic/ticket-009-MF-027/snapshots/desired_program_model/tests/test_tla_spec_dev_ticket_adapter.py	out-of-scope	ticket_plan.yaml:648-658	none (outside the three project indexes)	unrepresented		Exact-path exclusion; semantic code was not read
1713	specs/.history/modular-fuzzing-epic/ticket-009-MF-027/snapshots/program_model/production_adapters.py	out-of-scope	ticket_plan.yaml:648-658	none (outside the three project indexes)	unrepresented		Exact-path exclusion; semantic code was not read
1714	specs/.history/modular-fuzzing-epic/ticket-009-MF-027/snapshots/program_model/tests/test_tla_spec_dev_cli_adapter.py	out-of-scope	ticket_plan.yaml:648-658	none (outside the three project indexes)	unrepresented		Exact-path exclusion; semantic code was not read
1715	specs/.history/modular-fuzzing-epic/ticket-009-MF-027/snapshots/program_model/tests/test_tla_spec_dev_run_adapter.py	out-of-scope	ticket_plan.yaml:648-658	none (outside the three project indexes)	unrepresented		Exact-path exclusion; semantic code was not read
1716	specs/.history/modular-fuzzing-epic/ticket-009-MF-027/snapshots/program_model/tests/test_tla_spec_dev_scaffold_adapter.py	out-of-scope	ticket_plan.yaml:648-658	none (outside the three project indexes)	unrepresented		Exact-path exclusion; semantic code was not read
1717	specs/.history/modular-fuzzing-epic/ticket-009-MF-027/snapshots/program_model/tests/test_tla_spec_dev_test_graph_adapter.py	out-of-scope	ticket_plan.yaml:648-658	none (outside the three project indexes)	unrepresented		Exact-path exclusion; semantic code was not read
1718	specs/.history/modular-fuzzing-epic/ticket-009-MF-027/snapshots/program_model/tests/test_tla_spec_dev_ticket_adapter.py	out-of-scope	ticket_plan.yaml:648-658	none (outside the three project indexes)	unrepresented		Exact-path exclusion; semantic code was not read
1719	specs/.history/modular-fuzzing-epic/ticket-009-MF-027/ticket/current/production_adapters.py	out-of-scope	ticket_plan.yaml:648-658	none (outside the three project indexes)	unrepresented		Exact-path exclusion; semantic code was not read
1720	specs/.history/modular-fuzzing-epic/ticket-009-MF-027/ticket/current/tests/test_tla_spec_dev_analyze_adapter.py	out-of-scope	ticket_plan.yaml:648-658	none (outside the three project indexes)	unrepresented		Exact-path exclusion; semantic code was not read
1721	specs/.history/modular-fuzzing-epic/ticket-009-MF-027/ticket/current/tests/test_tla_spec_dev_budgets_adapter.py	out-of-scope	ticket_plan.yaml:648-658	none (outside the three project indexes)	unrepresented		Exact-path exclusion; semantic code was not read
1722	specs/.history/modular-fuzzing-epic/ticket-009-MF-027/ticket/current/tests/test_tla_spec_dev_cli_adapter.py	out-of-scope	ticket_plan.yaml:648-658	none (outside the three project indexes)	unrepresented		Exact-path exclusion; semantic code was not read
1723	specs/.history/modular-fuzzing-epic/ticket-009-MF-027/ticket/current/tests/test_tla_spec_dev_close_promotion_adapter.py	out-of-scope	ticket_plan.yaml:648-658	none (outside the three project indexes)	unrepresented		Exact-path exclusion; semantic code was not read
1724	specs/.history/modular-fuzzing-epic/ticket-009-MF-027/ticket/current/tests/test_tla_spec_dev_corpus_adapter.py	out-of-scope	ticket_plan.yaml:648-658	none (outside the three project indexes)	unrepresented		Exact-path exclusion; semantic code was not read
1725	specs/.history/modular-fuzzing-epic/ticket-009-MF-027/ticket/current/tests/test_tla_spec_dev_effect_conformance_adapter.py	out-of-scope	ticket_plan.yaml:648-658	none (outside the three project indexes)	unrepresented		Exact-path exclusion; semantic code was not read
1726	specs/.history/modular-fuzzing-epic/ticket-009-MF-027/ticket/current/tests/test_tla_spec_dev_run_adapter.py	out-of-scope	ticket_plan.yaml:648-658	none (outside the three project indexes)	unrepresented		Exact-path exclusion; semantic code was not read
1727	specs/.history/modular-fuzzing-epic/ticket-009-MF-027/ticket/current/tests/test_tla_spec_dev_scaffold_adapter.py	out-of-scope	ticket_plan.yaml:648-658	none (outside the three project indexes)	unrepresented		Exact-path exclusion; semantic code was not read
1728	specs/.history/modular-fuzzing-epic/ticket-009-MF-027/ticket/current/tests/test_tla_spec_dev_skill_feedback_adapter.py	out-of-scope	ticket_plan.yaml:648-658	none (outside the three project indexes)	unrepresented		Exact-path exclusion; semantic code was not read
1729	specs/.history/modular-fuzzing-epic/ticket-009-MF-027/ticket/current/tests/test_tla_spec_dev_test_graph_adapter.py	out-of-scope	ticket_plan.yaml:648-658	none (outside the three project indexes)	unrepresented		Exact-path exclusion; semantic code was not read
1730	specs/.history/modular-fuzzing-epic/ticket-009-MF-027/ticket/current/tests/test_tla_spec_dev_ticket_adapter.py	out-of-scope	ticket_plan.yaml:648-658	none (outside the three project indexes)	unrepresented		Exact-path exclusion; semantic code was not read
1731	specs/.history/modular-fuzzing-epic/ticket-009-MF-027/ticket/desired/production_adapters.py	out-of-scope	ticket_plan.yaml:648-658	none (outside the three project indexes)	unrepresented		Exact-path exclusion; semantic code was not read
1732	specs/.history/modular-fuzzing-epic/ticket-009-MF-027/ticket/desired/tests/test_tla_spec_dev_analyze_adapter.py	out-of-scope	ticket_plan.yaml:648-658	none (outside the three project indexes)	unrepresented		Exact-path exclusion; semantic code was not read
1733	specs/.history/modular-fuzzing-epic/ticket-009-MF-027/ticket/desired/tests/test_tla_spec_dev_budgets_adapter.py	out-of-scope	ticket_plan.yaml:648-658	none (outside the three project indexes)	unrepresented		Exact-path exclusion; semantic code was not read
1734	specs/.history/modular-fuzzing-epic/ticket-009-MF-027/ticket/desired/tests/test_tla_spec_dev_cli_adapter.py	out-of-scope	ticket_plan.yaml:648-658	none (outside the three project indexes)	unrepresented		Exact-path exclusion; semantic code was not read
1735	specs/.history/modular-fuzzing-epic/ticket-009-MF-027/ticket/desired/tests/test_tla_spec_dev_close_promotion_adapter.py	out-of-scope	ticket_plan.yaml:648-658	none (outside the three project indexes)	unrepresented		Exact-path exclusion; semantic code was not read
1736	specs/.history/modular-fuzzing-epic/ticket-009-MF-027/ticket/desired/tests/test_tla_spec_dev_corpus_adapter.py	out-of-scope	ticket_plan.yaml:648-658	none (outside the three project indexes)	unrepresented		Exact-path exclusion; semantic code was not read
1737	specs/.history/modular-fuzzing-epic/ticket-009-MF-027/ticket/desired/tests/test_tla_spec_dev_effect_conformance_adapter.py	out-of-scope	ticket_plan.yaml:648-658	none (outside the three project indexes)	unrepresented		Exact-path exclusion; semantic code was not read
1738	specs/.history/modular-fuzzing-epic/ticket-009-MF-027/ticket/desired/tests/test_tla_spec_dev_run_adapter.py	out-of-scope	ticket_plan.yaml:648-658	none (outside the three project indexes)	unrepresented		Exact-path exclusion; semantic code was not read
1739	specs/.history/modular-fuzzing-epic/ticket-009-MF-027/ticket/desired/tests/test_tla_spec_dev_scaffold_adapter.py	out-of-scope	ticket_plan.yaml:648-658	none (outside the three project indexes)	unrepresented		Exact-path exclusion; semantic code was not read
1740	specs/.history/modular-fuzzing-epic/ticket-009-MF-027/ticket/desired/tests/test_tla_spec_dev_skill_feedback_adapter.py	out-of-scope	ticket_plan.yaml:648-658	none (outside the three project indexes)	unrepresented		Exact-path exclusion; semantic code was not read
1741	specs/.history/modular-fuzzing-epic/ticket-009-MF-027/ticket/desired/tests/test_tla_spec_dev_test_graph_adapter.py	out-of-scope	ticket_plan.yaml:648-658	none (outside the three project indexes)	unrepresented		Exact-path exclusion; semantic code was not read
1742	specs/.history/modular-fuzzing-epic/ticket-009-MF-027/ticket/desired/tests/test_tla_spec_dev_ticket_adapter.py	out-of-scope	ticket_plan.yaml:648-658	none (outside the three project indexes)	unrepresented		Exact-path exclusion; semantic code was not read
1743	specs/.history/modular-fuzzing-epic/ticket-009-MF-027/ticket/results/graph-reports/cliWorkflow-20260719-194517-b9c84eff/tla-spec-dev-bin/tla-spec-dev	out-of-scope	ticket_plan.yaml:648-658	none (outside the three project indexes)	unrepresented		Exact-path exclusion; semantic code was not read
1744	specs/.history/modular-fuzzing-epic/ticket-009-MF-027/ticket/results/graph-reports/specWorkflow-20260719-194428-2cebfb33/cleanup-failure-probe-test-graph/build-logic/build.gradle.kts	out-of-scope	ticket_plan.yaml:648-658	none (outside the three project indexes)	unrepresented		Exact-path exclusion; semantic code was not read
1745	specs/.history/modular-fuzzing-epic/ticket-009-MF-027/ticket/results/graph-reports/specWorkflow-20260719-194428-2cebfb33/cleanup-failure-probe-test-graph/build-logic/settings.gradle.kts	out-of-scope	ticket_plan.yaml:648-658	none (outside the three project indexes)	unrepresented		Exact-path exclusion; semantic code was not read
1746	specs/.history/modular-fuzzing-epic/ticket-009-MF-027/ticket/results/graph-reports/specWorkflow-20260719-194428-2cebfb33/cleanup-failure-probe-test-graph/build-logic/src/main/kotlin/com/hayden/testgraphsdk/GraphAssembler.kt	out-of-scope	ticket_plan.yaml:648-658	none (outside the three project indexes)	unrepresented		Exact-path exclusion; semantic code was not read
1747	specs/.history/modular-fuzzing-epic/ticket-009-MF-027/ticket/results/graph-reports/specWorkflow-20260719-194428-2cebfb33/cleanup-failure-probe-test-graph/build-logic/src/main/kotlin/com/hayden/testgraphsdk/GraphModel.kt	out-of-scope	ticket_plan.yaml:648-658	none (outside the three project indexes)	unrepresented		Exact-path exclusion; semantic code was not read
1748	specs/.history/modular-fuzzing-epic/ticket-009-MF-027/ticket/results/graph-reports/specWorkflow-20260719-194428-2cebfb33/cleanup-failure-probe-test-graph/build-logic/src/main/kotlin/com/hayden/testgraphsdk/MiniJson.kt	out-of-scope	ticket_plan.yaml:648-658	none (outside the three project indexes)	unrepresented		Exact-path exclusion; semantic code was not read
1749	specs/.history/modular-fuzzing-epic/ticket-009-MF-027/ticket/results/graph-reports/specWorkflow-20260719-194428-2cebfb33/cleanup-failure-probe-test-graph/build-logic/src/main/kotlin/com/hayden/testgraphsdk/NodeDescribeLoader.kt	out-of-scope	ticket_plan.yaml:648-658	none (outside the three project indexes)	unrepresented		Exact-path exclusion; semantic code was not read
1750	specs/.history/modular-fuzzing-epic/ticket-009-MF-027/ticket/results/graph-reports/specWorkflow-20260719-194428-2cebfb33/cleanup-failure-probe-test-graph/build-logic/src/main/kotlin/com/hayden/testgraphsdk/TestGraphSpec.kt	out-of-scope	ticket_plan.yaml:648-658	none (outside the three project indexes)	unrepresented		Exact-path exclusion; semantic code was not read
1751	specs/.history/modular-fuzzing-epic/ticket-009-MF-027/ticket/results/graph-reports/specWorkflow-20260719-194428-2cebfb33/cleanup-failure-probe-test-graph/build-logic/src/main/kotlin/com/hayden/testgraphsdk/Toolchain.kt	out-of-scope	ticket_plan.yaml:648-658	none (outside the three project indexes)	unrepresented		Exact-path exclusion; semantic code was not read
1752	specs/.history/modular-fuzzing-epic/ticket-009-MF-027/ticket/results/graph-reports/specWorkflow-20260719-194428-2cebfb33/cleanup-failure-probe-test-graph/build-logic/src/main/kotlin/com/hayden/testgraphsdk/ValidationGraphExtension.kt	out-of-scope	ticket_plan.yaml:648-658	none (outside the three project indexes)	unrepresented		Exact-path exclusion; semantic code was not read
1753	specs/.history/modular-fuzzing-epic/ticket-009-MF-027/ticket/results/graph-reports/specWorkflow-20260719-194428-2cebfb33/cleanup-failure-probe-test-graph/build-logic/src/main/kotlin/com/hayden/testgraphsdk/ValidationGraphPlugin.kt	out-of-scope	ticket_plan.yaml:648-658	none (outside the three project indexes)	unrepresented		Exact-path exclusion; semantic code was not read
1754	specs/.history/modular-fuzzing-epic/ticket-009-MF-027/ticket/results/graph-reports/specWorkflow-20260719-194428-2cebfb33/cleanup-failure-probe-test-graph/build-logic/src/main/kotlin/com/hayden/testgraphsdk/ValidationNodeSpec.kt	out-of-scope	ticket_plan.yaml:648-658	none (outside the three project indexes)	unrepresented		Exact-path exclusion; semantic code was not read
1755	specs/.history/modular-fuzzing-epic/ticket-009-MF-027/ticket/results/graph-reports/specWorkflow-20260719-194428-2cebfb33/cleanup-failure-probe-test-graph/build-logic/src/main/kotlin/com/hayden/testgraphsdk/ValidationRuntime.kt	out-of-scope	ticket_plan.yaml:648-658	none (outside the three project indexes)	unrepresented		Exact-path exclusion; semantic code was not read
1756	specs/.history/modular-fuzzing-epic/ticket-009-MF-027/ticket/results/graph-reports/specWorkflow-20260719-194428-2cebfb33/cleanup-failure-probe-test-graph/build-logic/src/main/kotlin/com/hayden/testgraphsdk/exec/Context.kt	out-of-scope	ticket_plan.yaml:648-658	none (outside the three project indexes)	unrepresented		Exact-path exclusion; semantic code was not read
1757	specs/.history/modular-fuzzing-epic/ticket-009-MF-027/ticket/results/graph-reports/specWorkflow-20260719-194428-2cebfb33/cleanup-failure-probe-test-graph/build-logic/src/main/kotlin/com/hayden/testgraphsdk/exec/Executors.kt	out-of-scope	ticket_plan.yaml:648-658	none (outside the three project indexes)	unrepresented		Exact-path exclusion; semantic code was not read
1758	specs/.history/modular-fuzzing-epic/ticket-009-MF-027/ticket/results/graph-reports/specWorkflow-20260719-194428-2cebfb33/cleanup-failure-probe-test-graph/build-logic/src/main/kotlin/com/hayden/testgraphsdk/exec/JBangExecutor.kt	out-of-scope	ticket_plan.yaml:648-658	none (outside the three project indexes)	unrepresented		Exact-path exclusion; semantic code was not read
1759	specs/.history/modular-fuzzing-epic/ticket-009-MF-027/ticket/results/graph-reports/specWorkflow-20260719-194428-2cebfb33/cleanup-failure-probe-test-graph/build-logic/src/main/kotlin/com/hayden/testgraphsdk/exec/PlanExecutor.kt	out-of-scope	ticket_plan.yaml:648-658	none (outside the three project indexes)	unrepresented		Exact-path exclusion; semantic code was not read
1760	specs/.history/modular-fuzzing-epic/ticket-009-MF-027/ticket/results/graph-reports/specWorkflow-20260719-194428-2cebfb33/cleanup-failure-probe-test-graph/build-logic/src/main/kotlin/com/hayden/testgraphsdk/exec/TimeoutParser.kt	out-of-scope	ticket_plan.yaml:648-658	none (outside the three project indexes)	unrepresented		Exact-path exclusion; semantic code was not read
1761	specs/.history/modular-fuzzing-epic/ticket-009-MF-027/ticket/results/graph-reports/specWorkflow-20260719-194428-2cebfb33/cleanup-failure-probe-test-graph/build-logic/src/main/kotlin/com/hayden/testgraphsdk/exec/UvExecutor.kt	out-of-scope	ticket_plan.yaml:648-658	none (outside the three project indexes)	unrepresented		Exact-path exclusion; semantic code was not read
1762	specs/.history/modular-fuzzing-epic/ticket-009-MF-027/ticket/results/graph-reports/specWorkflow-20260719-194428-2cebfb33/cleanup-failure-probe-test-graph/build-logic/src/main/kotlin/com/hayden/testgraphsdk/tasks/InspectionTasks.kt	out-of-scope	ticket_plan.yaml:648-658	none (outside the three project indexes)	unrepresented		Exact-path exclusion; semantic code was not read
1763	specs/.history/modular-fuzzing-epic/ticket-009-MF-027/ticket/results/graph-reports/specWorkflow-20260719-194428-2cebfb33/cleanup-failure-probe-test-graph/build-logic/src/main/kotlin/com/hayden/testgraphsdk/tasks/RunReportWriter.kt	out-of-scope	ticket_plan.yaml:648-658	none (outside the three project indexes)	unrepresented		Exact-path exclusion; semantic code was not read
1764	specs/.history/modular-fuzzing-epic/ticket-009-MF-027/ticket/results/graph-reports/specWorkflow-20260719-194428-2cebfb33/cleanup-failure-probe-test-graph/build-logic/src/main/kotlin/com/hayden/testgraphsdk/tasks/RunTestGraphTask.kt	out-of-scope	ticket_plan.yaml:648-658	none (outside the three project indexes)	unrepresented		Exact-path exclusion; semantic code was not read
1765	specs/.history/modular-fuzzing-epic/ticket-009-MF-027/ticket/results/graph-reports/specWorkflow-20260719-194428-2cebfb33/cleanup-failure-probe-test-graph/build-logic/src/main/kotlin/com/hayden/testgraphsdk/tasks/ValidationReportTask.kt	out-of-scope	ticket_plan.yaml:648-658	none (outside the three project indexes)	unrepresented		Exact-path exclusion; semantic code was not read
1766	specs/.history/modular-fuzzing-epic/ticket-009-MF-027/ticket/results/graph-reports/specWorkflow-20260719-194428-2cebfb33/cleanup-failure-probe-test-graph/build-logic/src/test/kotlin/com/hayden/testgraphsdk/exec/PlanExecutorResumeHarnessTest.kt	out-of-scope	ticket_plan.yaml:648-658	none (outside the three project indexes)	unrepresented		Exact-path exclusion; semantic code was not read
1767	specs/.history/modular-fuzzing-epic/ticket-009-MF-027/ticket/results/graph-reports/specWorkflow-20260719-194428-2cebfb33/cleanup-failure-probe-test-graph/build.gradle.kts	out-of-scope	ticket_plan.yaml:648-658	none (outside the three project indexes)	unrepresented		Exact-path exclusion; semantic code was not read
1768	specs/.history/modular-fuzzing-epic/ticket-009-MF-027/ticket/results/graph-reports/specWorkflow-20260719-194428-2cebfb33/cleanup-failure-probe-test-graph/gradlew	out-of-scope	ticket_plan.yaml:648-658	none (outside the three project indexes)	unrepresented		Exact-path exclusion; semantic code was not read
1769	specs/.history/modular-fuzzing-epic/ticket-009-MF-027/ticket/results/graph-reports/specWorkflow-20260719-194428-2cebfb33/cleanup-failure-probe-test-graph/sdk/java/build.gradle.kts	out-of-scope	ticket_plan.yaml:648-658	none (outside the three project indexes)	unrepresented		Exact-path exclusion; semantic code was not read
1770	specs/.history/modular-fuzzing-epic/ticket-009-MF-027/ticket/results/graph-reports/specWorkflow-20260719-194428-2cebfb33/cleanup-failure-probe-test-graph/sdk/java/src/main/java/com/hayden/testgraphsdk/sdk/ContextItem.java	out-of-scope	ticket_plan.yaml:648-658	none (outside the three project indexes)	unrepresented		Exact-path exclusion; semantic code was not read
1771	specs/.history/modular-fuzzing-epic/ticket-009-MF-027/ticket/results/graph-reports/specWorkflow-20260719-194428-2cebfb33/cleanup-failure-probe-test-graph/sdk/java/src/main/java/com/hayden/testgraphsdk/sdk/ContextSerde.java	out-of-scope	ticket_plan.yaml:648-658	none (outside the three project indexes)	unrepresented		Exact-path exclusion; semantic code was not read
1772	specs/.history/modular-fuzzing-epic/ticket-009-MF-027/ticket/results/graph-reports/specWorkflow-20260719-194428-2cebfb33/cleanup-failure-probe-test-graph/sdk/java/src/main/java/com/hayden/testgraphsdk/sdk/Json.java	out-of-scope	ticket_plan.yaml:648-658	none (outside the three project indexes)	unrepresented		Exact-path exclusion; semantic code was not read
1773	specs/.history/modular-fuzzing-epic/ticket-009-MF-027/ticket/results/graph-reports/specWorkflow-20260719-194428-2cebfb33/cleanup-failure-probe-test-graph/sdk/java/src/main/java/com/hayden/testgraphsdk/sdk/JsonMapper.java	out-of-scope	ticket_plan.yaml:648-658	none (outside the three project indexes)	unrepresented		Exact-path exclusion; semantic code was not read
1774	specs/.history/modular-fuzzing-epic/ticket-009-MF-027/ticket/results/graph-reports/specWorkflow-20260719-194428-2cebfb33/cleanup-failure-probe-test-graph/sdk/java/src/main/java/com/hayden/testgraphsdk/sdk/Node.java	out-of-scope	ticket_plan.yaml:648-658	none (outside the three project indexes)	unrepresented		Exact-path exclusion; semantic code was not read
1775	specs/.history/modular-fuzzing-epic/ticket-009-MF-027/ticket/results/graph-reports/specWorkflow-20260719-194428-2cebfb33/cleanup-failure-probe-test-graph/sdk/java/src/main/java/com/hayden/testgraphsdk/sdk/NodeBody.java	out-of-scope	ticket_plan.yaml:648-658	none (outside the three project indexes)	unrepresented		Exact-path exclusion; semantic code was not read
1776	specs/.history/modular-fuzzing-epic/ticket-009-MF-027/ticket/results/graph-reports/specWorkflow-20260719-194428-2cebfb33/cleanup-failure-probe-test-graph/sdk/java/src/main/java/com/hayden/testgraphsdk/sdk/NodeContext.java	out-of-scope	ticket_plan.yaml:648-658	none (outside the three project indexes)	unrepresented		Exact-path exclusion; semantic code was not read
1777	specs/.history/modular-fuzzing-epic/ticket-009-MF-027/ticket/results/graph-reports/specWorkflow-20260719-194428-2cebfb33/cleanup-failure-probe-test-graph/sdk/java/src/main/java/com/hayden/testgraphsdk/sdk/NodeResult.java	out-of-scope	ticket_plan.yaml:648-658	none (outside the three project indexes)	unrepresented		Exact-path exclusion; semantic code was not read
1778	specs/.history/modular-fuzzing-epic/ticket-009-MF-027/ticket/results/graph-reports/specWorkflow-20260719-194428-2cebfb33/cleanup-failure-probe-test-graph/sdk/java/src/main/java/com/hayden/testgraphsdk/sdk/NodeSpec.java	out-of-scope	ticket_plan.yaml:648-658	none (outside the three project indexes)	unrepresented		Exact-path exclusion; semantic code was not read
1779	specs/.history/modular-fuzzing-epic/ticket-009-MF-027/ticket/results/graph-reports/specWorkflow-20260719-194428-2cebfb33/cleanup-failure-probe-test-graph/sdk/java/src/main/java/com/hayden/testgraphsdk/sdk/NodeStatus.java	out-of-scope	ticket_plan.yaml:648-658	none (outside the three project indexes)	unrepresented		Exact-path exclusion; semantic code was not read
1780	specs/.history/modular-fuzzing-epic/ticket-009-MF-027/ticket/results/graph-reports/specWorkflow-20260719-194428-2cebfb33/cleanup-failure-probe-test-graph/sdk/java/src/main/java/com/hayden/testgraphsdk/sdk/ProcessRecord.java	out-of-scope	ticket_plan.yaml:648-658	none (outside the three project indexes)	unrepresented		Exact-path exclusion; semantic code was not read
1781	specs/.history/modular-fuzzing-epic/ticket-009-MF-027/ticket/results/graph-reports/specWorkflow-20260719-194428-2cebfb33/cleanup-failure-probe-test-graph/sdk/java/src/main/java/com/hayden/testgraphsdk/sdk/Procs.java	out-of-scope	ticket_plan.yaml:648-658	none (outside the three project indexes)	unrepresented		Exact-path exclusion; semantic code was not read
1782	specs/.history/modular-fuzzing-epic/ticket-009-MF-027/ticket/results/graph-reports/specWorkflow-20260719-194428-2cebfb33/cleanup-failure-probe-test-graph/sdk/python/src/testgraphsdk/__init__.py	out-of-scope	ticket_plan.yaml:648-658	none (outside the three project indexes)	unrepresented		Exact-path exclusion; semantic code was not read
1783	specs/.history/modular-fuzzing-epic/ticket-009-MF-027/ticket/results/graph-reports/specWorkflow-20260719-194428-2cebfb33/cleanup-failure-probe-test-graph/sdk/python/src/testgraphsdk/context.py	out-of-scope	ticket_plan.yaml:648-658	none (outside the three project indexes)	unrepresented		Exact-path exclusion; semantic code was not read
1784	specs/.history/modular-fuzzing-epic/ticket-009-MF-027/ticket/results/graph-reports/specWorkflow-20260719-194428-2cebfb33/cleanup-failure-probe-test-graph/sdk/python/src/testgraphsdk/context_item.py	out-of-scope	ticket_plan.yaml:648-658	none (outside the three project indexes)	unrepresented		Exact-path exclusion; semantic code was not read
1785	specs/.history/modular-fuzzing-epic/ticket-009-MF-027/ticket/results/graph-reports/specWorkflow-20260719-194428-2cebfb33/cleanup-failure-probe-test-graph/sdk/python/src/testgraphsdk/node_spec.py	out-of-scope	ticket_plan.yaml:648-658	none (outside the three project indexes)	unrepresented		Exact-path exclusion; semantic code was not read
1786	specs/.history/modular-fuzzing-epic/ticket-009-MF-027/ticket/results/graph-reports/specWorkflow-20260719-194428-2cebfb33/cleanup-failure-probe-test-graph/sdk/python/src/testgraphsdk/procs.py	out-of-scope	ticket_plan.yaml:648-658	none (outside the three project indexes)	unrepresented		Exact-path exclusion; semantic code was not read
1787	specs/.history/modular-fuzzing-epic/ticket-009-MF-027/ticket/results/graph-reports/specWorkflow-20260719-194428-2cebfb33/cleanup-failure-probe-test-graph/sdk/python/src/testgraphsdk/result.py	out-of-scope	ticket_plan.yaml:648-658	none (outside the three project indexes)	unrepresented		Exact-path exclusion; semantic code was not read
1788	specs/.history/modular-fuzzing-epic/ticket-009-MF-027/ticket/results/graph-reports/specWorkflow-20260719-194428-2cebfb33/cleanup-failure-probe-test-graph/sdk/python/src/testgraphsdk/runner.py	out-of-scope	ticket_plan.yaml:648-658	none (outside the three project indexes)	unrepresented		Exact-path exclusion; semantic code was not read
1789	specs/.history/modular-fuzzing-epic/ticket-009-MF-027/ticket/results/graph-reports/specWorkflow-20260719-194428-2cebfb33/cleanup-failure-probe-test-graph/settings.gradle.kts	out-of-scope	ticket_plan.yaml:648-658	none (outside the three project indexes)	unrepresented		Exact-path exclusion; semantic code was not read
1790	specs/.history/modular-fuzzing-epic/ticket-009-MF-027/ticket/results/graph-reports/specWorkflow-20260719-194428-2cebfb33/cleanup-failure-probe-test-graph/sources/spec_workflow_cleanup.py	out-of-scope	ticket_plan.yaml:648-658	none (outside the three project indexes)	unrepresented		Exact-path exclusion; semantic code was not read
1791	specs/.history/modular-fuzzing-epic/ticket-009-MF-027/ticket/results/graph-reports/specWorkflow-20260719-194428-2cebfb33/cleanup-failure-probe-test-graph/sources/spec_workflow_close_ticket.py	out-of-scope	ticket_plan.yaml:648-658	none (outside the three project indexes)	unrepresented		Exact-path exclusion; semantic code was not read
1792	specs/.history/modular-fuzzing-epic/ticket-009-MF-027/ticket/results/graph-reports/specWorkflow-20260719-194428-2cebfb33/cleanup-failure-probe-test-graph/sources/spec_workflow_complete_ticket.py	out-of-scope	ticket_plan.yaml:648-658	none (outside the three project indexes)	unrepresented		Exact-path exclusion; semantic code was not read
1793	specs/.history/modular-fuzzing-epic/ticket-009-MF-027/ticket/results/graph-reports/specWorkflow-20260719-194428-2cebfb33/cleanup-failure-probe-test-graph/sources/spec_workflow_create_repo.py	out-of-scope	ticket_plan.yaml:648-658	none (outside the three project indexes)	unrepresented		Exact-path exclusion; semantic code was not read
1794	specs/.history/modular-fuzzing-epic/ticket-009-MF-027/ticket/results/graph-reports/specWorkflow-20260719-194428-2cebfb33/cleanup-failure-probe-test-graph/sources/spec_workflow_failure_cleanup_probe.py	out-of-scope	ticket_plan.yaml:648-658	none (outside the three project indexes)	unrepresented		Exact-path exclusion; semantic code was not read
1795	specs/.history/modular-fuzzing-epic/ticket-009-MF-027/ticket/results/graph-reports/specWorkflow-20260719-194428-2cebfb33/cleanup-failure-probe-test-graph/sources/spec_workflow_force_failure.py	out-of-scope	ticket_plan.yaml:648-658	none (outside the three project indexes)	unrepresented		Exact-path exclusion; semantic code was not read
1796	specs/.history/modular-fuzzing-epic/ticket-009-MF-027/ticket/results/graph-reports/specWorkflow-20260719-194428-2cebfb33/cleanup-failure-probe-test-graph/sources/spec_workflow_spec_units.py	out-of-scope	ticket_plan.yaml:648-658	none (outside the three project indexes)	unrepresented		Exact-path exclusion; semantic code was not read
1797	specs/.history/modular-fuzzing-epic/ticket-009-MF-027/ticket/results/graph-reports/specWorkflow-20260719-194428-2cebfb33/cleanup-failure-probe-test-graph/sources/spec_workflow_start_ticket.py	out-of-scope	ticket_plan.yaml:648-658	none (outside the three project indexes)	unrepresented		Exact-path exclusion; semantic code was not read
1798	specs/.history/modular-fuzzing-epic/ticket-009-MF-027/ticket/results/graph-reports/specWorkflow-20260719-194428-2cebfb33/cleanup-failure-probe-test-graph/sources/tla_spec_dev_cli_help.py	out-of-scope	ticket_plan.yaml:648-658	none (outside the three project indexes)	unrepresented		Exact-path exclusion; semantic code was not read
1799	specs/.history/modular-fuzzing-epic/ticket-009-MF-027/ticket/results/graph-reports/specWorkflow-20260719-194428-2cebfb33/cleanup-failure-probe-test-graph/sources/tla_spec_dev_cli_install.py	out-of-scope	ticket_plan.yaml:648-658	none (outside the three project indexes)	unrepresented		Exact-path exclusion; semantic code was not read
1800	specs/.history/modular-fuzzing-epic/ticket-009-MF-027/ticket/results/graph-reports/specWorkflow-20260719-194428-2cebfb33/tla-spec-dev-bin/tla-spec-dev	out-of-scope	ticket_plan.yaml:648-658	none (outside the three project indexes)	unrepresented		Exact-path exclusion; semantic code was not read
1801	specs/.history/modular-fuzzing-epic/ticket-009-MF-027/ticket/tests/test_ticket_workflow.py	out-of-scope	ticket_plan.yaml:648-658	none (outside the three project indexes)	unrepresented		Exact-path exclusion; semantic code was not read
1802	specs/.history/modular-fuzzing-epic/ticket-010-MF-016/snapshots/current/production_adapters.py	out-of-scope	ticket_plan.yaml:648-658	none (outside the three project indexes)	unrepresented		Exact-path exclusion; semantic code was not read
1803	specs/.history/modular-fuzzing-epic/ticket-010-MF-016/snapshots/current/tests/test_current_ticket_workflow.py	out-of-scope	ticket_plan.yaml:648-658	none (outside the three project indexes)	unrepresented		Exact-path exclusion; semantic code was not read
1804	specs/.history/modular-fuzzing-epic/ticket-010-MF-016/snapshots/current/tests/test_tla_spec_dev_analyze_adapter.py	out-of-scope	ticket_plan.yaml:648-658	none (outside the three project indexes)	unrepresented		Exact-path exclusion; semantic code was not read
1805	specs/.history/modular-fuzzing-epic/ticket-010-MF-016/snapshots/current/tests/test_tla_spec_dev_budgets_adapter.py	out-of-scope	ticket_plan.yaml:648-658	none (outside the three project indexes)	unrepresented		Exact-path exclusion; semantic code was not read
1806	specs/.history/modular-fuzzing-epic/ticket-010-MF-016/snapshots/current/tests/test_tla_spec_dev_cli_adapter.py	out-of-scope	ticket_plan.yaml:648-658	none (outside the three project indexes)	unrepresented		Exact-path exclusion; semantic code was not read
1807	specs/.history/modular-fuzzing-epic/ticket-010-MF-016/snapshots/current/tests/test_tla_spec_dev_close_promotion_adapter.py	out-of-scope	ticket_plan.yaml:648-658	none (outside the three project indexes)	unrepresented		Exact-path exclusion; semantic code was not read
1808	specs/.history/modular-fuzzing-epic/ticket-010-MF-016/snapshots/current/tests/test_tla_spec_dev_corpus_adapter.py	out-of-scope	ticket_plan.yaml:648-658	none (outside the three project indexes)	unrepresented		Exact-path exclusion; semantic code was not read
1809	specs/.history/modular-fuzzing-epic/ticket-010-MF-016/snapshots/current/tests/test_tla_spec_dev_effect_conformance_adapter.py	out-of-scope	ticket_plan.yaml:648-658	none (outside the three project indexes)	unrepresented		Exact-path exclusion; semantic code was not read
1810	specs/.history/modular-fuzzing-epic/ticket-010-MF-016/snapshots/current/tests/test_tla_spec_dev_kill_test_adapter.py	out-of-scope	ticket_plan.yaml:648-658	none (outside the three project indexes)	unrepresented		Exact-path exclusion; semantic code was not read
1811	specs/.history/modular-fuzzing-epic/ticket-010-MF-016/snapshots/current/tests/test_tla_spec_dev_run_adapter.py	out-of-scope	ticket_plan.yaml:648-658	none (outside the three project indexes)	unrepresented		Exact-path exclusion; semantic code was not read
1812	specs/.history/modular-fuzzing-epic/ticket-010-MF-016/snapshots/current/tests/test_tla_spec_dev_scaffold_adapter.py	out-of-scope	ticket_plan.yaml:648-658	none (outside the three project indexes)	unrepresented		Exact-path exclusion; semantic code was not read
1813	specs/.history/modular-fuzzing-epic/ticket-010-MF-016/snapshots/current/tests/test_tla_spec_dev_skill_feedback_adapter.py	out-of-scope	ticket_plan.yaml:648-658	none (outside the three project indexes)	unrepresented		Exact-path exclusion; semantic code was not read
1814	specs/.history/modular-fuzzing-epic/ticket-010-MF-016/snapshots/current/tests/test_tla_spec_dev_test_graph_adapter.py	out-of-scope	ticket_plan.yaml:648-658	none (outside the three project indexes)	unrepresented		Exact-path exclusion; semantic code was not read
1815	specs/.history/modular-fuzzing-epic/ticket-010-MF-016/snapshots/current/tests/test_tla_spec_dev_ticket_adapter.py	out-of-scope	ticket_plan.yaml:648-658	none (outside the three project indexes)	unrepresented		Exact-path exclusion; semantic code was not read
1816	specs/.history/modular-fuzzing-epic/ticket-010-MF-016/snapshots/desired_program_model/production_adapters.py	out-of-scope	ticket_plan.yaml:648-658	none (outside the three project indexes)	unrepresented		Exact-path exclusion; semantic code was not read
1817	specs/.history/modular-fuzzing-epic/ticket-010-MF-016/snapshots/desired_program_model/tests/test_tla_spec_dev_cli_adapter.py	out-of-scope	ticket_plan.yaml:648-658	none (outside the three project indexes)	unrepresented		Exact-path exclusion; semantic code was not read
1818	specs/.history/modular-fuzzing-epic/ticket-010-MF-016/snapshots/desired_program_model/tests/test_tla_spec_dev_run_adapter.py	out-of-scope	ticket_plan.yaml:648-658	none (outside the three project indexes)	unrepresented		Exact-path exclusion; semantic code was not read
1819	specs/.history/modular-fuzzing-epic/ticket-010-MF-016/snapshots/desired_program_model/tests/test_tla_spec_dev_scaffold_adapter.py	out-of-scope	ticket_plan.yaml:648-658	none (outside the three project indexes)	unrepresented		Exact-path exclusion; semantic code was not read
1820	specs/.history/modular-fuzzing-epic/ticket-010-MF-016/snapshots/desired_program_model/tests/test_tla_spec_dev_test_graph_adapter.py	out-of-scope	ticket_plan.yaml:648-658	none (outside the three project indexes)	unrepresented		Exact-path exclusion; semantic code was not read
1821	specs/.history/modular-fuzzing-epic/ticket-010-MF-016/snapshots/desired_program_model/tests/test_tla_spec_dev_ticket_adapter.py	out-of-scope	ticket_plan.yaml:648-658	none (outside the three project indexes)	unrepresented		Exact-path exclusion; semantic code was not read
1822	specs/.history/modular-fuzzing-epic/ticket-010-MF-016/snapshots/program_model/production_adapters.py	out-of-scope	ticket_plan.yaml:648-658	none (outside the three project indexes)	unrepresented		Exact-path exclusion; semantic code was not read
1823	specs/.history/modular-fuzzing-epic/ticket-010-MF-016/snapshots/program_model/tests/test_tla_spec_dev_cli_adapter.py	out-of-scope	ticket_plan.yaml:648-658	none (outside the three project indexes)	unrepresented		Exact-path exclusion; semantic code was not read
1824	specs/.history/modular-fuzzing-epic/ticket-010-MF-016/snapshots/program_model/tests/test_tla_spec_dev_run_adapter.py	out-of-scope	ticket_plan.yaml:648-658	none (outside the three project indexes)	unrepresented		Exact-path exclusion; semantic code was not read
1825	specs/.history/modular-fuzzing-epic/ticket-010-MF-016/snapshots/program_model/tests/test_tla_spec_dev_scaffold_adapter.py	out-of-scope	ticket_plan.yaml:648-658	none (outside the three project indexes)	unrepresented		Exact-path exclusion; semantic code was not read
1826	specs/.history/modular-fuzzing-epic/ticket-010-MF-016/snapshots/program_model/tests/test_tla_spec_dev_test_graph_adapter.py	out-of-scope	ticket_plan.yaml:648-658	none (outside the three project indexes)	unrepresented		Exact-path exclusion; semantic code was not read
1827	specs/.history/modular-fuzzing-epic/ticket-010-MF-016/snapshots/program_model/tests/test_tla_spec_dev_ticket_adapter.py	out-of-scope	ticket_plan.yaml:648-658	none (outside the three project indexes)	unrepresented		Exact-path exclusion; semantic code was not read
1828	specs/.history/modular-fuzzing-epic/ticket-010-MF-016/ticket/current/production_adapters.py	out-of-scope	ticket_plan.yaml:648-658	none (outside the three project indexes)	unrepresented		Exact-path exclusion; semantic code was not read
1829	specs/.history/modular-fuzzing-epic/ticket-010-MF-016/ticket/current/tests/test_tla_spec_dev_analyze_adapter.py	out-of-scope	ticket_plan.yaml:648-658	none (outside the three project indexes)	unrepresented		Exact-path exclusion; semantic code was not read
1830	specs/.history/modular-fuzzing-epic/ticket-010-MF-016/ticket/current/tests/test_tla_spec_dev_budgets_adapter.py	out-of-scope	ticket_plan.yaml:648-658	none (outside the three project indexes)	unrepresented		Exact-path exclusion; semantic code was not read
1831	specs/.history/modular-fuzzing-epic/ticket-010-MF-016/ticket/current/tests/test_tla_spec_dev_cli_adapter.py	out-of-scope	ticket_plan.yaml:648-658	none (outside the three project indexes)	unrepresented		Exact-path exclusion; semantic code was not read
1832	specs/.history/modular-fuzzing-epic/ticket-010-MF-016/ticket/current/tests/test_tla_spec_dev_close_promotion_adapter.py	out-of-scope	ticket_plan.yaml:648-658	none (outside the three project indexes)	unrepresented		Exact-path exclusion; semantic code was not read
1833	specs/.history/modular-fuzzing-epic/ticket-010-MF-016/ticket/current/tests/test_tla_spec_dev_corpus_adapter.py	out-of-scope	ticket_plan.yaml:648-658	none (outside the three project indexes)	unrepresented		Exact-path exclusion; semantic code was not read
1834	specs/.history/modular-fuzzing-epic/ticket-010-MF-016/ticket/current/tests/test_tla_spec_dev_effect_conformance_adapter.py	out-of-scope	ticket_plan.yaml:648-658	none (outside the three project indexes)	unrepresented		Exact-path exclusion; semantic code was not read
1835	specs/.history/modular-fuzzing-epic/ticket-010-MF-016/ticket/current/tests/test_tla_spec_dev_kill_test_adapter.py	out-of-scope	ticket_plan.yaml:648-658	none (outside the three project indexes)	unrepresented		Exact-path exclusion; semantic code was not read
1836	specs/.history/modular-fuzzing-epic/ticket-010-MF-016/ticket/current/tests/test_tla_spec_dev_run_adapter.py	out-of-scope	ticket_plan.yaml:648-658	none (outside the three project indexes)	unrepresented		Exact-path exclusion; semantic code was not read
1837	specs/.history/modular-fuzzing-epic/ticket-010-MF-016/ticket/current/tests/test_tla_spec_dev_scaffold_adapter.py	out-of-scope	ticket_plan.yaml:648-658	none (outside the three project indexes)	unrepresented		Exact-path exclusion; semantic code was not read
1838	specs/.history/modular-fuzzing-epic/ticket-010-MF-016/ticket/current/tests/test_tla_spec_dev_skill_feedback_adapter.py	out-of-scope	ticket_plan.yaml:648-658	none (outside the three project indexes)	unrepresented		Exact-path exclusion; semantic code was not read
1839	specs/.history/modular-fuzzing-epic/ticket-010-MF-016/ticket/current/tests/test_tla_spec_dev_test_graph_adapter.py	out-of-scope	ticket_plan.yaml:648-658	none (outside the three project indexes)	unrepresented		Exact-path exclusion; semantic code was not read
1840	specs/.history/modular-fuzzing-epic/ticket-010-MF-016/ticket/current/tests/test_tla_spec_dev_ticket_adapter.py	out-of-scope	ticket_plan.yaml:648-658	none (outside the three project indexes)	unrepresented		Exact-path exclusion; semantic code was not read
1841	specs/.history/modular-fuzzing-epic/ticket-010-MF-016/ticket/desired/production_adapters.py	out-of-scope	ticket_plan.yaml:648-658	none (outside the three project indexes)	unrepresented		Exact-path exclusion; semantic code was not read
1842	specs/.history/modular-fuzzing-epic/ticket-010-MF-016/ticket/desired/tests/test_tla_spec_dev_analyze_adapter.py	out-of-scope	ticket_plan.yaml:648-658	none (outside the three project indexes)	unrepresented		Exact-path exclusion; semantic code was not read
1843	specs/.history/modular-fuzzing-epic/ticket-010-MF-016/ticket/desired/tests/test_tla_spec_dev_budgets_adapter.py	out-of-scope	ticket_plan.yaml:648-658	none (outside the three project indexes)	unrepresented		Exact-path exclusion; semantic code was not read
1844	specs/.history/modular-fuzzing-epic/ticket-010-MF-016/ticket/desired/tests/test_tla_spec_dev_cli_adapter.py	out-of-scope	ticket_plan.yaml:648-658	none (outside the three project indexes)	unrepresented		Exact-path exclusion; semantic code was not read
1845	specs/.history/modular-fuzzing-epic/ticket-010-MF-016/ticket/desired/tests/test_tla_spec_dev_close_promotion_adapter.py	out-of-scope	ticket_plan.yaml:648-658	none (outside the three project indexes)	unrepresented		Exact-path exclusion; semantic code was not read
1846	specs/.history/modular-fuzzing-epic/ticket-010-MF-016/ticket/desired/tests/test_tla_spec_dev_corpus_adapter.py	out-of-scope	ticket_plan.yaml:648-658	none (outside the three project indexes)	unrepresented		Exact-path exclusion; semantic code was not read
1847	specs/.history/modular-fuzzing-epic/ticket-010-MF-016/ticket/desired/tests/test_tla_spec_dev_effect_conformance_adapter.py	out-of-scope	ticket_plan.yaml:648-658	none (outside the three project indexes)	unrepresented		Exact-path exclusion; semantic code was not read
1848	specs/.history/modular-fuzzing-epic/ticket-010-MF-016/ticket/desired/tests/test_tla_spec_dev_kill_test_adapter.py	out-of-scope	ticket_plan.yaml:648-658	none (outside the three project indexes)	unrepresented		Exact-path exclusion; semantic code was not read
1849	specs/.history/modular-fuzzing-epic/ticket-010-MF-016/ticket/desired/tests/test_tla_spec_dev_run_adapter.py	out-of-scope	ticket_plan.yaml:648-658	none (outside the three project indexes)	unrepresented		Exact-path exclusion; semantic code was not read
1850	specs/.history/modular-fuzzing-epic/ticket-010-MF-016/ticket/desired/tests/test_tla_spec_dev_scaffold_adapter.py	out-of-scope	ticket_plan.yaml:648-658	none (outside the three project indexes)	unrepresented		Exact-path exclusion; semantic code was not read
1851	specs/.history/modular-fuzzing-epic/ticket-010-MF-016/ticket/desired/tests/test_tla_spec_dev_skill_feedback_adapter.py	out-of-scope	ticket_plan.yaml:648-658	none (outside the three project indexes)	unrepresented		Exact-path exclusion; semantic code was not read
1852	specs/.history/modular-fuzzing-epic/ticket-010-MF-016/ticket/desired/tests/test_tla_spec_dev_test_graph_adapter.py	out-of-scope	ticket_plan.yaml:648-658	none (outside the three project indexes)	unrepresented		Exact-path exclusion; semantic code was not read
1853	specs/.history/modular-fuzzing-epic/ticket-010-MF-016/ticket/desired/tests/test_tla_spec_dev_ticket_adapter.py	out-of-scope	ticket_plan.yaml:648-658	none (outside the three project indexes)	unrepresented		Exact-path exclusion; semantic code was not read
1854	specs/.history/modular-fuzzing-epic/ticket-010-MF-016/ticket/tests/test_ticket_workflow.py	out-of-scope	ticket_plan.yaml:648-658	none (outside the three project indexes)	unrepresented		Exact-path exclusion; semantic code was not read
1855	specs/.history/modular-fuzzing-epic/ticket-012-MF-019/snapshots/current/production_adapters.py	out-of-scope	ticket_plan.yaml:648-658	none (outside the three project indexes)	unrepresented		Exact-path exclusion; semantic code was not read
1856	specs/.history/modular-fuzzing-epic/ticket-012-MF-019/snapshots/current/tests/test_current_ticket_workflow.py	out-of-scope	ticket_plan.yaml:648-658	none (outside the three project indexes)	unrepresented		Exact-path exclusion; semantic code was not read
1857	specs/.history/modular-fuzzing-epic/ticket-012-MF-019/snapshots/current/tests/test_tla_spec_dev_analyze_adapter.py	out-of-scope	ticket_plan.yaml:648-658	none (outside the three project indexes)	unrepresented		Exact-path exclusion; semantic code was not read
1858	specs/.history/modular-fuzzing-epic/ticket-012-MF-019/snapshots/current/tests/test_tla_spec_dev_budgets_adapter.py	out-of-scope	ticket_plan.yaml:648-658	none (outside the three project indexes)	unrepresented		Exact-path exclusion; semantic code was not read
1859	specs/.history/modular-fuzzing-epic/ticket-012-MF-019/snapshots/current/tests/test_tla_spec_dev_cli_adapter.py	out-of-scope	ticket_plan.yaml:648-658	none (outside the three project indexes)	unrepresented		Exact-path exclusion; semantic code was not read
1860	specs/.history/modular-fuzzing-epic/ticket-012-MF-019/snapshots/current/tests/test_tla_spec_dev_close_promotion_adapter.py	out-of-scope	ticket_plan.yaml:648-658	none (outside the three project indexes)	unrepresented		Exact-path exclusion; semantic code was not read
1861	specs/.history/modular-fuzzing-epic/ticket-012-MF-019/snapshots/current/tests/test_tla_spec_dev_complexity_ledger_adapter.py	out-of-scope	ticket_plan.yaml:648-658	none (outside the three project indexes)	unrepresented		Exact-path exclusion; semantic code was not read
1862	specs/.history/modular-fuzzing-epic/ticket-012-MF-019/snapshots/current/tests/test_tla_spec_dev_corpus_adapter.py	out-of-scope	ticket_plan.yaml:648-658	none (outside the three project indexes)	unrepresented		Exact-path exclusion; semantic code was not read
1863	specs/.history/modular-fuzzing-epic/ticket-012-MF-019/snapshots/current/tests/test_tla_spec_dev_effect_conformance_adapter.py	out-of-scope	ticket_plan.yaml:648-658	none (outside the three project indexes)	unrepresented		Exact-path exclusion; semantic code was not read
1864	specs/.history/modular-fuzzing-epic/ticket-012-MF-019/snapshots/current/tests/test_tla_spec_dev_kill_test_adapter.py	out-of-scope	ticket_plan.yaml:648-658	none (outside the three project indexes)	unrepresented		Exact-path exclusion; semantic code was not read
1865	specs/.history/modular-fuzzing-epic/ticket-012-MF-019/snapshots/current/tests/test_tla_spec_dev_run_adapter.py	out-of-scope	ticket_plan.yaml:648-658	none (outside the three project indexes)	unrepresented		Exact-path exclusion; semantic code was not read
1866	specs/.history/modular-fuzzing-epic/ticket-012-MF-019/snapshots/current/tests/test_tla_spec_dev_scaffold_adapter.py	out-of-scope	ticket_plan.yaml:648-658	none (outside the three project indexes)	unrepresented		Exact-path exclusion; semantic code was not read
1867	specs/.history/modular-fuzzing-epic/ticket-012-MF-019/snapshots/current/tests/test_tla_spec_dev_skill_feedback_adapter.py	out-of-scope	ticket_plan.yaml:648-658	none (outside the three project indexes)	unrepresented		Exact-path exclusion; semantic code was not read
1868	specs/.history/modular-fuzzing-epic/ticket-012-MF-019/snapshots/current/tests/test_tla_spec_dev_test_graph_adapter.py	out-of-scope	ticket_plan.yaml:648-658	none (outside the three project indexes)	unrepresented		Exact-path exclusion; semantic code was not read
1869	specs/.history/modular-fuzzing-epic/ticket-012-MF-019/snapshots/current/tests/test_tla_spec_dev_ticket_adapter.py	out-of-scope	ticket_plan.yaml:648-658	none (outside the three project indexes)	unrepresented		Exact-path exclusion; semantic code was not read
1870	specs/.history/modular-fuzzing-epic/ticket-012-MF-019/snapshots/desired_program_model/production_adapters.py	out-of-scope	ticket_plan.yaml:648-658	none (outside the three project indexes)	unrepresented		Exact-path exclusion; semantic code was not read
1871	specs/.history/modular-fuzzing-epic/ticket-012-MF-019/snapshots/desired_program_model/tests/test_tla_spec_dev_cli_adapter.py	out-of-scope	ticket_plan.yaml:648-658	none (outside the three project indexes)	unrepresented		Exact-path exclusion; semantic code was not read
1872	specs/.history/modular-fuzzing-epic/ticket-012-MF-019/snapshots/desired_program_model/tests/test_tla_spec_dev_run_adapter.py	out-of-scope	ticket_plan.yaml:648-658	none (outside the three project indexes)	unrepresented		Exact-path exclusion; semantic code was not read
1873	specs/.history/modular-fuzzing-epic/ticket-012-MF-019/snapshots/desired_program_model/tests/test_tla_spec_dev_scaffold_adapter.py	out-of-scope	ticket_plan.yaml:648-658	none (outside the three project indexes)	unrepresented		Exact-path exclusion; semantic code was not read
1874	specs/.history/modular-fuzzing-epic/ticket-012-MF-019/snapshots/desired_program_model/tests/test_tla_spec_dev_test_graph_adapter.py	out-of-scope	ticket_plan.yaml:648-658	none (outside the three project indexes)	unrepresented		Exact-path exclusion; semantic code was not read
1875	specs/.history/modular-fuzzing-epic/ticket-012-MF-019/snapshots/desired_program_model/tests/test_tla_spec_dev_ticket_adapter.py	out-of-scope	ticket_plan.yaml:648-658	none (outside the three project indexes)	unrepresented		Exact-path exclusion; semantic code was not read
1876	specs/.history/modular-fuzzing-epic/ticket-012-MF-019/snapshots/program_model/production_adapters.py	out-of-scope	ticket_plan.yaml:648-658	none (outside the three project indexes)	unrepresented		Exact-path exclusion; semantic code was not read
1877	specs/.history/modular-fuzzing-epic/ticket-012-MF-019/snapshots/program_model/tests/test_tla_spec_dev_cli_adapter.py	out-of-scope	ticket_plan.yaml:648-658	none (outside the three project indexes)	unrepresented		Exact-path exclusion; semantic code was not read
1878	specs/.history/modular-fuzzing-epic/ticket-012-MF-019/snapshots/program_model/tests/test_tla_spec_dev_run_adapter.py	out-of-scope	ticket_plan.yaml:648-658	none (outside the three project indexes)	unrepresented		Exact-path exclusion; semantic code was not read
1879	specs/.history/modular-fuzzing-epic/ticket-012-MF-019/snapshots/program_model/tests/test_tla_spec_dev_scaffold_adapter.py	out-of-scope	ticket_plan.yaml:648-658	none (outside the three project indexes)	unrepresented		Exact-path exclusion; semantic code was not read
1880	specs/.history/modular-fuzzing-epic/ticket-012-MF-019/snapshots/program_model/tests/test_tla_spec_dev_test_graph_adapter.py	out-of-scope	ticket_plan.yaml:648-658	none (outside the three project indexes)	unrepresented		Exact-path exclusion; semantic code was not read
1881	specs/.history/modular-fuzzing-epic/ticket-012-MF-019/snapshots/program_model/tests/test_tla_spec_dev_ticket_adapter.py	out-of-scope	ticket_plan.yaml:648-658	none (outside the three project indexes)	unrepresented		Exact-path exclusion; semantic code was not read
1882	specs/.history/modular-fuzzing-epic/ticket-012-MF-019/ticket/current/production_adapters.py	out-of-scope	ticket_plan.yaml:648-658	none (outside the three project indexes)	unrepresented		Exact-path exclusion; semantic code was not read
1883	specs/.history/modular-fuzzing-epic/ticket-012-MF-019/ticket/current/tests/test_tla_spec_dev_analyze_adapter.py	out-of-scope	ticket_plan.yaml:648-658	none (outside the three project indexes)	unrepresented		Exact-path exclusion; semantic code was not read
1884	specs/.history/modular-fuzzing-epic/ticket-012-MF-019/ticket/current/tests/test_tla_spec_dev_budgets_adapter.py	out-of-scope	ticket_plan.yaml:648-658	none (outside the three project indexes)	unrepresented		Exact-path exclusion; semantic code was not read
1885	specs/.history/modular-fuzzing-epic/ticket-012-MF-019/ticket/current/tests/test_tla_spec_dev_cli_adapter.py	out-of-scope	ticket_plan.yaml:648-658	none (outside the three project indexes)	unrepresented		Exact-path exclusion; semantic code was not read
1886	specs/.history/modular-fuzzing-epic/ticket-012-MF-019/ticket/current/tests/test_tla_spec_dev_close_promotion_adapter.py	out-of-scope	ticket_plan.yaml:648-658	none (outside the three project indexes)	unrepresented		Exact-path exclusion; semantic code was not read
1887	specs/.history/modular-fuzzing-epic/ticket-012-MF-019/ticket/current/tests/test_tla_spec_dev_complexity_ledger_adapter.py	out-of-scope	ticket_plan.yaml:648-658	none (outside the three project indexes)	unrepresented		Exact-path exclusion; semantic code was not read
1888	specs/.history/modular-fuzzing-epic/ticket-012-MF-019/ticket/current/tests/test_tla_spec_dev_corpus_adapter.py	out-of-scope	ticket_plan.yaml:648-658	none (outside the three project indexes)	unrepresented		Exact-path exclusion; semantic code was not read
1889	specs/.history/modular-fuzzing-epic/ticket-012-MF-019/ticket/current/tests/test_tla_spec_dev_effect_conformance_adapter.py	out-of-scope	ticket_plan.yaml:648-658	none (outside the three project indexes)	unrepresented		Exact-path exclusion; semantic code was not read
1890	specs/.history/modular-fuzzing-epic/ticket-012-MF-019/ticket/current/tests/test_tla_spec_dev_kill_test_adapter.py	out-of-scope	ticket_plan.yaml:648-658	none (outside the three project indexes)	unrepresented		Exact-path exclusion; semantic code was not read
1891	specs/.history/modular-fuzzing-epic/ticket-012-MF-019/ticket/current/tests/test_tla_spec_dev_run_adapter.py	out-of-scope	ticket_plan.yaml:648-658	none (outside the three project indexes)	unrepresented		Exact-path exclusion; semantic code was not read
1892	specs/.history/modular-fuzzing-epic/ticket-012-MF-019/ticket/current/tests/test_tla_spec_dev_scaffold_adapter.py	out-of-scope	ticket_plan.yaml:648-658	none (outside the three project indexes)	unrepresented		Exact-path exclusion; semantic code was not read
1893	specs/.history/modular-fuzzing-epic/ticket-012-MF-019/ticket/current/tests/test_tla_spec_dev_skill_feedback_adapter.py	out-of-scope	ticket_plan.yaml:648-658	none (outside the three project indexes)	unrepresented		Exact-path exclusion; semantic code was not read
1894	specs/.history/modular-fuzzing-epic/ticket-012-MF-019/ticket/current/tests/test_tla_spec_dev_test_graph_adapter.py	out-of-scope	ticket_plan.yaml:648-658	none (outside the three project indexes)	unrepresented		Exact-path exclusion; semantic code was not read
1895	specs/.history/modular-fuzzing-epic/ticket-012-MF-019/ticket/current/tests/test_tla_spec_dev_ticket_adapter.py	out-of-scope	ticket_plan.yaml:648-658	none (outside the three project indexes)	unrepresented		Exact-path exclusion; semantic code was not read
1896	specs/.history/modular-fuzzing-epic/ticket-012-MF-019/ticket/desired/production_adapters.py	out-of-scope	ticket_plan.yaml:648-658	none (outside the three project indexes)	unrepresented		Exact-path exclusion; semantic code was not read
1897	specs/.history/modular-fuzzing-epic/ticket-012-MF-019/ticket/desired/tests/test_tla_spec_dev_analyze_adapter.py	out-of-scope	ticket_plan.yaml:648-658	none (outside the three project indexes)	unrepresented		Exact-path exclusion; semantic code was not read
1898	specs/.history/modular-fuzzing-epic/ticket-012-MF-019/ticket/desired/tests/test_tla_spec_dev_budgets_adapter.py	out-of-scope	ticket_plan.yaml:648-658	none (outside the three project indexes)	unrepresented		Exact-path exclusion; semantic code was not read
1899	specs/.history/modular-fuzzing-epic/ticket-012-MF-019/ticket/desired/tests/test_tla_spec_dev_cli_adapter.py	out-of-scope	ticket_plan.yaml:648-658	none (outside the three project indexes)	unrepresented		Exact-path exclusion; semantic code was not read
1900	specs/.history/modular-fuzzing-epic/ticket-012-MF-019/ticket/desired/tests/test_tla_spec_dev_close_promotion_adapter.py	out-of-scope	ticket_plan.yaml:648-658	none (outside the three project indexes)	unrepresented		Exact-path exclusion; semantic code was not read
1901	specs/.history/modular-fuzzing-epic/ticket-012-MF-019/ticket/desired/tests/test_tla_spec_dev_complexity_ledger_adapter.py	out-of-scope	ticket_plan.yaml:648-658	none (outside the three project indexes)	unrepresented		Exact-path exclusion; semantic code was not read
1902	specs/.history/modular-fuzzing-epic/ticket-012-MF-019/ticket/desired/tests/test_tla_spec_dev_corpus_adapter.py	out-of-scope	ticket_plan.yaml:648-658	none (outside the three project indexes)	unrepresented		Exact-path exclusion; semantic code was not read
1903	specs/.history/modular-fuzzing-epic/ticket-012-MF-019/ticket/desired/tests/test_tla_spec_dev_effect_conformance_adapter.py	out-of-scope	ticket_plan.yaml:648-658	none (outside the three project indexes)	unrepresented		Exact-path exclusion; semantic code was not read
1904	specs/.history/modular-fuzzing-epic/ticket-012-MF-019/ticket/desired/tests/test_tla_spec_dev_kill_test_adapter.py	out-of-scope	ticket_plan.yaml:648-658	none (outside the three project indexes)	unrepresented		Exact-path exclusion; semantic code was not read
1905	specs/.history/modular-fuzzing-epic/ticket-012-MF-019/ticket/desired/tests/test_tla_spec_dev_run_adapter.py	out-of-scope	ticket_plan.yaml:648-658	none (outside the three project indexes)	unrepresented		Exact-path exclusion; semantic code was not read
1906	specs/.history/modular-fuzzing-epic/ticket-012-MF-019/ticket/desired/tests/test_tla_spec_dev_scaffold_adapter.py	out-of-scope	ticket_plan.yaml:648-658	none (outside the three project indexes)	unrepresented		Exact-path exclusion; semantic code was not read
1907	specs/.history/modular-fuzzing-epic/ticket-012-MF-019/ticket/desired/tests/test_tla_spec_dev_skill_feedback_adapter.py	out-of-scope	ticket_plan.yaml:648-658	none (outside the three project indexes)	unrepresented		Exact-path exclusion; semantic code was not read
1908	specs/.history/modular-fuzzing-epic/ticket-012-MF-019/ticket/desired/tests/test_tla_spec_dev_test_graph_adapter.py	out-of-scope	ticket_plan.yaml:648-658	none (outside the three project indexes)	unrepresented		Exact-path exclusion; semantic code was not read
1909	specs/.history/modular-fuzzing-epic/ticket-012-MF-019/ticket/desired/tests/test_tla_spec_dev_ticket_adapter.py	out-of-scope	ticket_plan.yaml:648-658	none (outside the three project indexes)	unrepresented		Exact-path exclusion; semantic code was not read
1910	specs/.history/modular-fuzzing-epic/ticket-012-MF-019/ticket/tests/test_ticket_workflow.py	out-of-scope	ticket_plan.yaml:648-658	none (outside the three project indexes)	unrepresented		Exact-path exclusion; semantic code was not read
1911	specs/.history/modular-fuzzing-epic/ticket-013-MF-026/results/testgraph/cliWorkflow/tla-spec-dev-bin/tla-spec-dev	out-of-scope	ticket_plan.yaml:648-658	none (outside the three project indexes)	unrepresented		Exact-path exclusion; semantic code was not read
1912	specs/.history/modular-fuzzing-epic/ticket-013-MF-026/results/testgraph/specWorkflow/cleanup-failure-probe-test-graph/build-logic/build.gradle.kts	out-of-scope	ticket_plan.yaml:648-658	none (outside the three project indexes)	unrepresented		Exact-path exclusion; semantic code was not read
1913	specs/.history/modular-fuzzing-epic/ticket-013-MF-026/results/testgraph/specWorkflow/cleanup-failure-probe-test-graph/build-logic/settings.gradle.kts	out-of-scope	ticket_plan.yaml:648-658	none (outside the three project indexes)	unrepresented		Exact-path exclusion; semantic code was not read
1914	specs/.history/modular-fuzzing-epic/ticket-013-MF-026/results/testgraph/specWorkflow/cleanup-failure-probe-test-graph/build-logic/src/main/kotlin/com/hayden/testgraphsdk/GraphAssembler.kt	out-of-scope	ticket_plan.yaml:648-658	none (outside the three project indexes)	unrepresented		Exact-path exclusion; semantic code was not read
1915	specs/.history/modular-fuzzing-epic/ticket-013-MF-026/results/testgraph/specWorkflow/cleanup-failure-probe-test-graph/build-logic/src/main/kotlin/com/hayden/testgraphsdk/GraphModel.kt	out-of-scope	ticket_plan.yaml:648-658	none (outside the three project indexes)	unrepresented		Exact-path exclusion; semantic code was not read
1916	specs/.history/modular-fuzzing-epic/ticket-013-MF-026/results/testgraph/specWorkflow/cleanup-failure-probe-test-graph/build-logic/src/main/kotlin/com/hayden/testgraphsdk/MiniJson.kt	out-of-scope	ticket_plan.yaml:648-658	none (outside the three project indexes)	unrepresented		Exact-path exclusion; semantic code was not read
1917	specs/.history/modular-fuzzing-epic/ticket-013-MF-026/results/testgraph/specWorkflow/cleanup-failure-probe-test-graph/build-logic/src/main/kotlin/com/hayden/testgraphsdk/NodeDescribeLoader.kt	out-of-scope	ticket_plan.yaml:648-658	none (outside the three project indexes)	unrepresented		Exact-path exclusion; semantic code was not read
1918	specs/.history/modular-fuzzing-epic/ticket-013-MF-026/results/testgraph/specWorkflow/cleanup-failure-probe-test-graph/build-logic/src/main/kotlin/com/hayden/testgraphsdk/TestGraphSpec.kt	out-of-scope	ticket_plan.yaml:648-658	none (outside the three project indexes)	unrepresented		Exact-path exclusion; semantic code was not read
1919	specs/.history/modular-fuzzing-epic/ticket-013-MF-026/results/testgraph/specWorkflow/cleanup-failure-probe-test-graph/build-logic/src/main/kotlin/com/hayden/testgraphsdk/Toolchain.kt	out-of-scope	ticket_plan.yaml:648-658	none (outside the three project indexes)	unrepresented		Exact-path exclusion; semantic code was not read
1920	specs/.history/modular-fuzzing-epic/ticket-013-MF-026/results/testgraph/specWorkflow/cleanup-failure-probe-test-graph/build-logic/src/main/kotlin/com/hayden/testgraphsdk/ValidationGraphExtension.kt	out-of-scope	ticket_plan.yaml:648-658	none (outside the three project indexes)	unrepresented		Exact-path exclusion; semantic code was not read
1921	specs/.history/modular-fuzzing-epic/ticket-013-MF-026/results/testgraph/specWorkflow/cleanup-failure-probe-test-graph/build-logic/src/main/kotlin/com/hayden/testgraphsdk/ValidationGraphPlugin.kt	out-of-scope	ticket_plan.yaml:648-658	none (outside the three project indexes)	unrepresented		Exact-path exclusion; semantic code was not read
1922	specs/.history/modular-fuzzing-epic/ticket-013-MF-026/results/testgraph/specWorkflow/cleanup-failure-probe-test-graph/build-logic/src/main/kotlin/com/hayden/testgraphsdk/ValidationNodeSpec.kt	out-of-scope	ticket_plan.yaml:648-658	none (outside the three project indexes)	unrepresented		Exact-path exclusion; semantic code was not read
1923	specs/.history/modular-fuzzing-epic/ticket-013-MF-026/results/testgraph/specWorkflow/cleanup-failure-probe-test-graph/build-logic/src/main/kotlin/com/hayden/testgraphsdk/ValidationRuntime.kt	out-of-scope	ticket_plan.yaml:648-658	none (outside the three project indexes)	unrepresented		Exact-path exclusion; semantic code was not read
1924	specs/.history/modular-fuzzing-epic/ticket-013-MF-026/results/testgraph/specWorkflow/cleanup-failure-probe-test-graph/build-logic/src/main/kotlin/com/hayden/testgraphsdk/exec/Context.kt	out-of-scope	ticket_plan.yaml:648-658	none (outside the three project indexes)	unrepresented		Exact-path exclusion; semantic code was not read
1925	specs/.history/modular-fuzzing-epic/ticket-013-MF-026/results/testgraph/specWorkflow/cleanup-failure-probe-test-graph/build-logic/src/main/kotlin/com/hayden/testgraphsdk/exec/Executors.kt	out-of-scope	ticket_plan.yaml:648-658	none (outside the three project indexes)	unrepresented		Exact-path exclusion; semantic code was not read
1926	specs/.history/modular-fuzzing-epic/ticket-013-MF-026/results/testgraph/specWorkflow/cleanup-failure-probe-test-graph/build-logic/src/main/kotlin/com/hayden/testgraphsdk/exec/JBangExecutor.kt	out-of-scope	ticket_plan.yaml:648-658	none (outside the three project indexes)	unrepresented		Exact-path exclusion; semantic code was not read
1927	specs/.history/modular-fuzzing-epic/ticket-013-MF-026/results/testgraph/specWorkflow/cleanup-failure-probe-test-graph/build-logic/src/main/kotlin/com/hayden/testgraphsdk/exec/PlanExecutor.kt	out-of-scope	ticket_plan.yaml:648-658	none (outside the three project indexes)	unrepresented		Exact-path exclusion; semantic code was not read
1928	specs/.history/modular-fuzzing-epic/ticket-013-MF-026/results/testgraph/specWorkflow/cleanup-failure-probe-test-graph/build-logic/src/main/kotlin/com/hayden/testgraphsdk/exec/TimeoutParser.kt	out-of-scope	ticket_plan.yaml:648-658	none (outside the three project indexes)	unrepresented		Exact-path exclusion; semantic code was not read
1929	specs/.history/modular-fuzzing-epic/ticket-013-MF-026/results/testgraph/specWorkflow/cleanup-failure-probe-test-graph/build-logic/src/main/kotlin/com/hayden/testgraphsdk/exec/UvExecutor.kt	out-of-scope	ticket_plan.yaml:648-658	none (outside the three project indexes)	unrepresented		Exact-path exclusion; semantic code was not read
1930	specs/.history/modular-fuzzing-epic/ticket-013-MF-026/results/testgraph/specWorkflow/cleanup-failure-probe-test-graph/build-logic/src/main/kotlin/com/hayden/testgraphsdk/tasks/InspectionTasks.kt	out-of-scope	ticket_plan.yaml:648-658	none (outside the three project indexes)	unrepresented		Exact-path exclusion; semantic code was not read
1931	specs/.history/modular-fuzzing-epic/ticket-013-MF-026/results/testgraph/specWorkflow/cleanup-failure-probe-test-graph/build-logic/src/main/kotlin/com/hayden/testgraphsdk/tasks/RunReportWriter.kt	out-of-scope	ticket_plan.yaml:648-658	none (outside the three project indexes)	unrepresented		Exact-path exclusion; semantic code was not read
1932	specs/.history/modular-fuzzing-epic/ticket-013-MF-026/results/testgraph/specWorkflow/cleanup-failure-probe-test-graph/build-logic/src/main/kotlin/com/hayden/testgraphsdk/tasks/RunTestGraphTask.kt	out-of-scope	ticket_plan.yaml:648-658	none (outside the three project indexes)	unrepresented		Exact-path exclusion; semantic code was not read
1933	specs/.history/modular-fuzzing-epic/ticket-013-MF-026/results/testgraph/specWorkflow/cleanup-failure-probe-test-graph/build-logic/src/main/kotlin/com/hayden/testgraphsdk/tasks/ValidationReportTask.kt	out-of-scope	ticket_plan.yaml:648-658	none (outside the three project indexes)	unrepresented		Exact-path exclusion; semantic code was not read
1934	specs/.history/modular-fuzzing-epic/ticket-013-MF-026/results/testgraph/specWorkflow/cleanup-failure-probe-test-graph/build-logic/src/test/kotlin/com/hayden/testgraphsdk/exec/PlanExecutorResumeHarnessTest.kt	out-of-scope	ticket_plan.yaml:648-658	none (outside the three project indexes)	unrepresented		Exact-path exclusion; semantic code was not read
1935	specs/.history/modular-fuzzing-epic/ticket-013-MF-026/results/testgraph/specWorkflow/cleanup-failure-probe-test-graph/build.gradle.kts	out-of-scope	ticket_plan.yaml:648-658	none (outside the three project indexes)	unrepresented		Exact-path exclusion; semantic code was not read
1936	specs/.history/modular-fuzzing-epic/ticket-013-MF-026/results/testgraph/specWorkflow/cleanup-failure-probe-test-graph/gradlew	out-of-scope	ticket_plan.yaml:648-658	none (outside the three project indexes)	unrepresented		Exact-path exclusion; semantic code was not read
1937	specs/.history/modular-fuzzing-epic/ticket-013-MF-026/results/testgraph/specWorkflow/cleanup-failure-probe-test-graph/sdk/java/build.gradle.kts	out-of-scope	ticket_plan.yaml:648-658	none (outside the three project indexes)	unrepresented		Exact-path exclusion; semantic code was not read
1938	specs/.history/modular-fuzzing-epic/ticket-013-MF-026/results/testgraph/specWorkflow/cleanup-failure-probe-test-graph/sdk/java/src/main/java/com/hayden/testgraphsdk/sdk/ContextItem.java	out-of-scope	ticket_plan.yaml:648-658	none (outside the three project indexes)	unrepresented		Exact-path exclusion; semantic code was not read
1939	specs/.history/modular-fuzzing-epic/ticket-013-MF-026/results/testgraph/specWorkflow/cleanup-failure-probe-test-graph/sdk/java/src/main/java/com/hayden/testgraphsdk/sdk/ContextSerde.java	out-of-scope	ticket_plan.yaml:648-658	none (outside the three project indexes)	unrepresented		Exact-path exclusion; semantic code was not read
1940	specs/.history/modular-fuzzing-epic/ticket-013-MF-026/results/testgraph/specWorkflow/cleanup-failure-probe-test-graph/sdk/java/src/main/java/com/hayden/testgraphsdk/sdk/Json.java	out-of-scope	ticket_plan.yaml:648-658	none (outside the three project indexes)	unrepresented		Exact-path exclusion; semantic code was not read
1941	specs/.history/modular-fuzzing-epic/ticket-013-MF-026/results/testgraph/specWorkflow/cleanup-failure-probe-test-graph/sdk/java/src/main/java/com/hayden/testgraphsdk/sdk/JsonMapper.java	out-of-scope	ticket_plan.yaml:648-658	none (outside the three project indexes)	unrepresented		Exact-path exclusion; semantic code was not read
1942	specs/.history/modular-fuzzing-epic/ticket-013-MF-026/results/testgraph/specWorkflow/cleanup-failure-probe-test-graph/sdk/java/src/main/java/com/hayden/testgraphsdk/sdk/Node.java	out-of-scope	ticket_plan.yaml:648-658	none (outside the three project indexes)	unrepresented		Exact-path exclusion; semantic code was not read
1943	specs/.history/modular-fuzzing-epic/ticket-013-MF-026/results/testgraph/specWorkflow/cleanup-failure-probe-test-graph/sdk/java/src/main/java/com/hayden/testgraphsdk/sdk/NodeBody.java	out-of-scope	ticket_plan.yaml:648-658	none (outside the three project indexes)	unrepresented		Exact-path exclusion; semantic code was not read
1944	specs/.history/modular-fuzzing-epic/ticket-013-MF-026/results/testgraph/specWorkflow/cleanup-failure-probe-test-graph/sdk/java/src/main/java/com/hayden/testgraphsdk/sdk/NodeContext.java	out-of-scope	ticket_plan.yaml:648-658	none (outside the three project indexes)	unrepresented		Exact-path exclusion; semantic code was not read
1945	specs/.history/modular-fuzzing-epic/ticket-013-MF-026/results/testgraph/specWorkflow/cleanup-failure-probe-test-graph/sdk/java/src/main/java/com/hayden/testgraphsdk/sdk/NodeResult.java	out-of-scope	ticket_plan.yaml:648-658	none (outside the three project indexes)	unrepresented		Exact-path exclusion; semantic code was not read
1946	specs/.history/modular-fuzzing-epic/ticket-013-MF-026/results/testgraph/specWorkflow/cleanup-failure-probe-test-graph/sdk/java/src/main/java/com/hayden/testgraphsdk/sdk/NodeSpec.java	out-of-scope	ticket_plan.yaml:648-658	none (outside the three project indexes)	unrepresented		Exact-path exclusion; semantic code was not read
1947	specs/.history/modular-fuzzing-epic/ticket-013-MF-026/results/testgraph/specWorkflow/cleanup-failure-probe-test-graph/sdk/java/src/main/java/com/hayden/testgraphsdk/sdk/NodeStatus.java	out-of-scope	ticket_plan.yaml:648-658	none (outside the three project indexes)	unrepresented		Exact-path exclusion; semantic code was not read
1948	specs/.history/modular-fuzzing-epic/ticket-013-MF-026/results/testgraph/specWorkflow/cleanup-failure-probe-test-graph/sdk/java/src/main/java/com/hayden/testgraphsdk/sdk/ProcessRecord.java	out-of-scope	ticket_plan.yaml:648-658	none (outside the three project indexes)	unrepresented		Exact-path exclusion; semantic code was not read
1949	specs/.history/modular-fuzzing-epic/ticket-013-MF-026/results/testgraph/specWorkflow/cleanup-failure-probe-test-graph/sdk/java/src/main/java/com/hayden/testgraphsdk/sdk/Procs.java	out-of-scope	ticket_plan.yaml:648-658	none (outside the three project indexes)	unrepresented		Exact-path exclusion; semantic code was not read
1950	specs/.history/modular-fuzzing-epic/ticket-013-MF-026/results/testgraph/specWorkflow/cleanup-failure-probe-test-graph/sdk/python/src/testgraphsdk/__init__.py	out-of-scope	ticket_plan.yaml:648-658	none (outside the three project indexes)	unrepresented		Exact-path exclusion; semantic code was not read
1951	specs/.history/modular-fuzzing-epic/ticket-013-MF-026/results/testgraph/specWorkflow/cleanup-failure-probe-test-graph/sdk/python/src/testgraphsdk/context.py	out-of-scope	ticket_plan.yaml:648-658	none (outside the three project indexes)	unrepresented		Exact-path exclusion; semantic code was not read
1952	specs/.history/modular-fuzzing-epic/ticket-013-MF-026/results/testgraph/specWorkflow/cleanup-failure-probe-test-graph/sdk/python/src/testgraphsdk/context_item.py	out-of-scope	ticket_plan.yaml:648-658	none (outside the three project indexes)	unrepresented		Exact-path exclusion; semantic code was not read
1953	specs/.history/modular-fuzzing-epic/ticket-013-MF-026/results/testgraph/specWorkflow/cleanup-failure-probe-test-graph/sdk/python/src/testgraphsdk/node_spec.py	out-of-scope	ticket_plan.yaml:648-658	none (outside the three project indexes)	unrepresented		Exact-path exclusion; semantic code was not read
1954	specs/.history/modular-fuzzing-epic/ticket-013-MF-026/results/testgraph/specWorkflow/cleanup-failure-probe-test-graph/sdk/python/src/testgraphsdk/procs.py	out-of-scope	ticket_plan.yaml:648-658	none (outside the three project indexes)	unrepresented		Exact-path exclusion; semantic code was not read
1955	specs/.history/modular-fuzzing-epic/ticket-013-MF-026/results/testgraph/specWorkflow/cleanup-failure-probe-test-graph/sdk/python/src/testgraphsdk/result.py	out-of-scope	ticket_plan.yaml:648-658	none (outside the three project indexes)	unrepresented		Exact-path exclusion; semantic code was not read
1956	specs/.history/modular-fuzzing-epic/ticket-013-MF-026/results/testgraph/specWorkflow/cleanup-failure-probe-test-graph/sdk/python/src/testgraphsdk/runner.py	out-of-scope	ticket_plan.yaml:648-658	none (outside the three project indexes)	unrepresented		Exact-path exclusion; semantic code was not read
1957	specs/.history/modular-fuzzing-epic/ticket-013-MF-026/results/testgraph/specWorkflow/cleanup-failure-probe-test-graph/settings.gradle.kts	out-of-scope	ticket_plan.yaml:648-658	none (outside the three project indexes)	unrepresented		Exact-path exclusion; semantic code was not read
1958	specs/.history/modular-fuzzing-epic/ticket-013-MF-026/results/testgraph/specWorkflow/cleanup-failure-probe-test-graph/sources/spec_workflow_cleanup.py	out-of-scope	ticket_plan.yaml:648-658	none (outside the three project indexes)	unrepresented		Exact-path exclusion; semantic code was not read
1959	specs/.history/modular-fuzzing-epic/ticket-013-MF-026/results/testgraph/specWorkflow/cleanup-failure-probe-test-graph/sources/spec_workflow_close_ticket.py	out-of-scope	ticket_plan.yaml:648-658	none (outside the three project indexes)	unrepresented		Exact-path exclusion; semantic code was not read
1960	specs/.history/modular-fuzzing-epic/ticket-013-MF-026/results/testgraph/specWorkflow/cleanup-failure-probe-test-graph/sources/spec_workflow_complete_ticket.py	out-of-scope	ticket_plan.yaml:648-658	none (outside the three project indexes)	unrepresented		Exact-path exclusion; semantic code was not read
1961	specs/.history/modular-fuzzing-epic/ticket-013-MF-026/results/testgraph/specWorkflow/cleanup-failure-probe-test-graph/sources/spec_workflow_create_repo.py	out-of-scope	ticket_plan.yaml:648-658	none (outside the three project indexes)	unrepresented		Exact-path exclusion; semantic code was not read
1962	specs/.history/modular-fuzzing-epic/ticket-013-MF-026/results/testgraph/specWorkflow/cleanup-failure-probe-test-graph/sources/spec_workflow_failure_cleanup_probe.py	out-of-scope	ticket_plan.yaml:648-658	none (outside the three project indexes)	unrepresented		Exact-path exclusion; semantic code was not read
1963	specs/.history/modular-fuzzing-epic/ticket-013-MF-026/results/testgraph/specWorkflow/cleanup-failure-probe-test-graph/sources/spec_workflow_force_failure.py	out-of-scope	ticket_plan.yaml:648-658	none (outside the three project indexes)	unrepresented		Exact-path exclusion; semantic code was not read
1964	specs/.history/modular-fuzzing-epic/ticket-013-MF-026/results/testgraph/specWorkflow/cleanup-failure-probe-test-graph/sources/spec_workflow_spec_units.py	out-of-scope	ticket_plan.yaml:648-658	none (outside the three project indexes)	unrepresented		Exact-path exclusion; semantic code was not read
1965	specs/.history/modular-fuzzing-epic/ticket-013-MF-026/results/testgraph/specWorkflow/cleanup-failure-probe-test-graph/sources/spec_workflow_start_ticket.py	out-of-scope	ticket_plan.yaml:648-658	none (outside the three project indexes)	unrepresented		Exact-path exclusion; semantic code was not read
1966	specs/.history/modular-fuzzing-epic/ticket-013-MF-026/results/testgraph/specWorkflow/cleanup-failure-probe-test-graph/sources/tla_spec_dev_cli_help.py	out-of-scope	ticket_plan.yaml:648-658	none (outside the three project indexes)	unrepresented		Exact-path exclusion; semantic code was not read
1967	specs/.history/modular-fuzzing-epic/ticket-013-MF-026/results/testgraph/specWorkflow/cleanup-failure-probe-test-graph/sources/tla_spec_dev_cli_install.py	out-of-scope	ticket_plan.yaml:648-658	none (outside the three project indexes)	unrepresented		Exact-path exclusion; semantic code was not read
1968	specs/.history/modular-fuzzing-epic/ticket-013-MF-026/results/testgraph/specWorkflow/tla-spec-dev-bin/tla-spec-dev	out-of-scope	ticket_plan.yaml:648-658	none (outside the three project indexes)	unrepresented		Exact-path exclusion; semantic code was not read
1969	specs/.history/modular-fuzzing-epic/ticket-013-MF-026/snapshots/current/production_adapters.py	out-of-scope	ticket_plan.yaml:648-658	none (outside the three project indexes)	unrepresented		Exact-path exclusion; semantic code was not read
1970	specs/.history/modular-fuzzing-epic/ticket-013-MF-026/snapshots/current/tests/test_current_ticket_workflow.py	out-of-scope	ticket_plan.yaml:648-658	none (outside the three project indexes)	unrepresented		Exact-path exclusion; semantic code was not read
1971	specs/.history/modular-fuzzing-epic/ticket-013-MF-026/snapshots/current/tests/test_tla_spec_dev_analyze_adapter.py	out-of-scope	ticket_plan.yaml:648-658	none (outside the three project indexes)	unrepresented		Exact-path exclusion; semantic code was not read
1972	specs/.history/modular-fuzzing-epic/ticket-013-MF-026/snapshots/current/tests/test_tla_spec_dev_budgets_adapter.py	out-of-scope	ticket_plan.yaml:648-658	none (outside the three project indexes)	unrepresented		Exact-path exclusion; semantic code was not read
1973	specs/.history/modular-fuzzing-epic/ticket-013-MF-026/snapshots/current/tests/test_tla_spec_dev_cli_adapter.py	out-of-scope	ticket_plan.yaml:648-658	none (outside the three project indexes)	unrepresented		Exact-path exclusion; semantic code was not read
1974	specs/.history/modular-fuzzing-epic/ticket-013-MF-026/snapshots/current/tests/test_tla_spec_dev_close_promotion_adapter.py	out-of-scope	ticket_plan.yaml:648-658	none (outside the three project indexes)	unrepresented		Exact-path exclusion; semantic code was not read
1975	specs/.history/modular-fuzzing-epic/ticket-013-MF-026/snapshots/current/tests/test_tla_spec_dev_complexity_ledger_adapter.py	out-of-scope	ticket_plan.yaml:648-658	none (outside the three project indexes)	unrepresented		Exact-path exclusion; semantic code was not read
1976	specs/.history/modular-fuzzing-epic/ticket-013-MF-026/snapshots/current/tests/test_tla_spec_dev_corpus_adapter.py	out-of-scope	ticket_plan.yaml:648-658	none (outside the three project indexes)	unrepresented		Exact-path exclusion; semantic code was not read
1977	specs/.history/modular-fuzzing-epic/ticket-013-MF-026/snapshots/current/tests/test_tla_spec_dev_effect_conformance_adapter.py	out-of-scope	ticket_plan.yaml:648-658	none (outside the three project indexes)	unrepresented		Exact-path exclusion; semantic code was not read
1978	specs/.history/modular-fuzzing-epic/ticket-013-MF-026/snapshots/current/tests/test_tla_spec_dev_kill_test_adapter.py	out-of-scope	ticket_plan.yaml:648-658	none (outside the three project indexes)	unrepresented		Exact-path exclusion; semantic code was not read
1979	specs/.history/modular-fuzzing-epic/ticket-013-MF-026/snapshots/current/tests/test_tla_spec_dev_run_adapter.py	out-of-scope	ticket_plan.yaml:648-658	none (outside the three project indexes)	unrepresented		Exact-path exclusion; semantic code was not read
1980	specs/.history/modular-fuzzing-epic/ticket-013-MF-026/snapshots/current/tests/test_tla_spec_dev_scaffold_adapter.py	out-of-scope	ticket_plan.yaml:648-658	none (outside the three project indexes)	unrepresented		Exact-path exclusion; semantic code was not read
1981	specs/.history/modular-fuzzing-epic/ticket-013-MF-026/snapshots/current/tests/test_tla_spec_dev_skill_feedback_adapter.py	out-of-scope	ticket_plan.yaml:648-658	none (outside the three project indexes)	unrepresented		Exact-path exclusion; semantic code was not read
1982	specs/.history/modular-fuzzing-epic/ticket-013-MF-026/snapshots/current/tests/test_tla_spec_dev_test_graph_adapter.py	out-of-scope	ticket_plan.yaml:648-658	none (outside the three project indexes)	unrepresented		Exact-path exclusion; semantic code was not read
1983	specs/.history/modular-fuzzing-epic/ticket-013-MF-026/snapshots/current/tests/test_tla_spec_dev_ticket_adapter.py	out-of-scope	ticket_plan.yaml:648-658	none (outside the three project indexes)	unrepresented		Exact-path exclusion; semantic code was not read
1984	specs/.history/modular-fuzzing-epic/ticket-013-MF-026/snapshots/desired_program_model/production_adapters.py	out-of-scope	ticket_plan.yaml:648-658	none (outside the three project indexes)	unrepresented		Exact-path exclusion; semantic code was not read
1985	specs/.history/modular-fuzzing-epic/ticket-013-MF-026/snapshots/desired_program_model/tests/test_tla_spec_dev_cli_adapter.py	out-of-scope	ticket_plan.yaml:648-658	none (outside the three project indexes)	unrepresented		Exact-path exclusion; semantic code was not read
1986	specs/.history/modular-fuzzing-epic/ticket-013-MF-026/snapshots/desired_program_model/tests/test_tla_spec_dev_run_adapter.py	out-of-scope	ticket_plan.yaml:648-658	none (outside the three project indexes)	unrepresented		Exact-path exclusion; semantic code was not read
1987	specs/.history/modular-fuzzing-epic/ticket-013-MF-026/snapshots/desired_program_model/tests/test_tla_spec_dev_scaffold_adapter.py	out-of-scope	ticket_plan.yaml:648-658	none (outside the three project indexes)	unrepresented		Exact-path exclusion; semantic code was not read
1988	specs/.history/modular-fuzzing-epic/ticket-013-MF-026/snapshots/desired_program_model/tests/test_tla_spec_dev_test_graph_adapter.py	out-of-scope	ticket_plan.yaml:648-658	none (outside the three project indexes)	unrepresented		Exact-path exclusion; semantic code was not read
1989	specs/.history/modular-fuzzing-epic/ticket-013-MF-026/snapshots/desired_program_model/tests/test_tla_spec_dev_ticket_adapter.py	out-of-scope	ticket_plan.yaml:648-658	none (outside the three project indexes)	unrepresented		Exact-path exclusion; semantic code was not read
1990	specs/.history/modular-fuzzing-epic/ticket-013-MF-026/snapshots/program_model/production_adapters.py	out-of-scope	ticket_plan.yaml:648-658	none (outside the three project indexes)	unrepresented		Exact-path exclusion; semantic code was not read
1991	specs/.history/modular-fuzzing-epic/ticket-013-MF-026/snapshots/program_model/tests/test_tla_spec_dev_cli_adapter.py	out-of-scope	ticket_plan.yaml:648-658	none (outside the three project indexes)	unrepresented		Exact-path exclusion; semantic code was not read
1992	specs/.history/modular-fuzzing-epic/ticket-013-MF-026/snapshots/program_model/tests/test_tla_spec_dev_run_adapter.py	out-of-scope	ticket_plan.yaml:648-658	none (outside the three project indexes)	unrepresented		Exact-path exclusion; semantic code was not read
1993	specs/.history/modular-fuzzing-epic/ticket-013-MF-026/snapshots/program_model/tests/test_tla_spec_dev_scaffold_adapter.py	out-of-scope	ticket_plan.yaml:648-658	none (outside the three project indexes)	unrepresented		Exact-path exclusion; semantic code was not read
1994	specs/.history/modular-fuzzing-epic/ticket-013-MF-026/snapshots/program_model/tests/test_tla_spec_dev_test_graph_adapter.py	out-of-scope	ticket_plan.yaml:648-658	none (outside the three project indexes)	unrepresented		Exact-path exclusion; semantic code was not read
1995	specs/.history/modular-fuzzing-epic/ticket-013-MF-026/snapshots/program_model/tests/test_tla_spec_dev_ticket_adapter.py	out-of-scope	ticket_plan.yaml:648-658	none (outside the three project indexes)	unrepresented		Exact-path exclusion; semantic code was not read
1996	specs/.history/modular-fuzzing-epic/ticket-013-MF-026/ticket/current/production_adapters.py	out-of-scope	ticket_plan.yaml:648-658	none (outside the three project indexes)	unrepresented		Exact-path exclusion; semantic code was not read
1997	specs/.history/modular-fuzzing-epic/ticket-013-MF-026/ticket/current/tests/test_tla_spec_dev_analyze_adapter.py	out-of-scope	ticket_plan.yaml:648-658	none (outside the three project indexes)	unrepresented		Exact-path exclusion; semantic code was not read
1998	specs/.history/modular-fuzzing-epic/ticket-013-MF-026/ticket/current/tests/test_tla_spec_dev_budgets_adapter.py	out-of-scope	ticket_plan.yaml:648-658	none (outside the three project indexes)	unrepresented		Exact-path exclusion; semantic code was not read
1999	specs/.history/modular-fuzzing-epic/ticket-013-MF-026/ticket/current/tests/test_tla_spec_dev_cli_adapter.py	out-of-scope	ticket_plan.yaml:648-658	none (outside the three project indexes)	unrepresented		Exact-path exclusion; semantic code was not read
2000	specs/.history/modular-fuzzing-epic/ticket-013-MF-026/ticket/current/tests/test_tla_spec_dev_close_promotion_adapter.py	out-of-scope	ticket_plan.yaml:648-658	none (outside the three project indexes)	unrepresented		Exact-path exclusion; semantic code was not read
2001	specs/.history/modular-fuzzing-epic/ticket-013-MF-026/ticket/current/tests/test_tla_spec_dev_complexity_ledger_adapter.py	out-of-scope	ticket_plan.yaml:648-658	none (outside the three project indexes)	unrepresented		Exact-path exclusion; semantic code was not read
2002	specs/.history/modular-fuzzing-epic/ticket-013-MF-026/ticket/current/tests/test_tla_spec_dev_corpus_adapter.py	out-of-scope	ticket_plan.yaml:648-658	none (outside the three project indexes)	unrepresented		Exact-path exclusion; semantic code was not read
2003	specs/.history/modular-fuzzing-epic/ticket-013-MF-026/ticket/current/tests/test_tla_spec_dev_effect_conformance_adapter.py	out-of-scope	ticket_plan.yaml:648-658	none (outside the three project indexes)	unrepresented		Exact-path exclusion; semantic code was not read
2004	specs/.history/modular-fuzzing-epic/ticket-013-MF-026/ticket/current/tests/test_tla_spec_dev_kill_test_adapter.py	out-of-scope	ticket_plan.yaml:648-658	none (outside the three project indexes)	unrepresented		Exact-path exclusion; semantic code was not read
2005	specs/.history/modular-fuzzing-epic/ticket-013-MF-026/ticket/current/tests/test_tla_spec_dev_run_adapter.py	out-of-scope	ticket_plan.yaml:648-658	none (outside the three project indexes)	unrepresented		Exact-path exclusion; semantic code was not read
2006	specs/.history/modular-fuzzing-epic/ticket-013-MF-026/ticket/current/tests/test_tla_spec_dev_scaffold_adapter.py	out-of-scope	ticket_plan.yaml:648-658	none (outside the three project indexes)	unrepresented		Exact-path exclusion; semantic code was not read
2007	specs/.history/modular-fuzzing-epic/ticket-013-MF-026/ticket/current/tests/test_tla_spec_dev_skill_feedback_adapter.py	out-of-scope	ticket_plan.yaml:648-658	none (outside the three project indexes)	unrepresented		Exact-path exclusion; semantic code was not read
2008	specs/.history/modular-fuzzing-epic/ticket-013-MF-026/ticket/current/tests/test_tla_spec_dev_test_graph_adapter.py	out-of-scope	ticket_plan.yaml:648-658	none (outside the three project indexes)	unrepresented		Exact-path exclusion; semantic code was not read
2009	specs/.history/modular-fuzzing-epic/ticket-013-MF-026/ticket/current/tests/test_tla_spec_dev_ticket_adapter.py	out-of-scope	ticket_plan.yaml:648-658	none (outside the three project indexes)	unrepresented		Exact-path exclusion; semantic code was not read
2010	specs/.history/modular-fuzzing-epic/ticket-013-MF-026/ticket/desired/production_adapters.py	out-of-scope	ticket_plan.yaml:648-658	none (outside the three project indexes)	unrepresented		Exact-path exclusion; semantic code was not read
2011	specs/.history/modular-fuzzing-epic/ticket-013-MF-026/ticket/desired/tests/test_tla_spec_dev_analyze_adapter.py	out-of-scope	ticket_plan.yaml:648-658	none (outside the three project indexes)	unrepresented		Exact-path exclusion; semantic code was not read
2012	specs/.history/modular-fuzzing-epic/ticket-013-MF-026/ticket/desired/tests/test_tla_spec_dev_budgets_adapter.py	out-of-scope	ticket_plan.yaml:648-658	none (outside the three project indexes)	unrepresented		Exact-path exclusion; semantic code was not read
2013	specs/.history/modular-fuzzing-epic/ticket-013-MF-026/ticket/desired/tests/test_tla_spec_dev_cli_adapter.py	out-of-scope	ticket_plan.yaml:648-658	none (outside the three project indexes)	unrepresented		Exact-path exclusion; semantic code was not read
2014	specs/.history/modular-fuzzing-epic/ticket-013-MF-026/ticket/desired/tests/test_tla_spec_dev_close_promotion_adapter.py	out-of-scope	ticket_plan.yaml:648-658	none (outside the three project indexes)	unrepresented		Exact-path exclusion; semantic code was not read
2015	specs/.history/modular-fuzzing-epic/ticket-013-MF-026/ticket/desired/tests/test_tla_spec_dev_complexity_ledger_adapter.py	out-of-scope	ticket_plan.yaml:648-658	none (outside the three project indexes)	unrepresented		Exact-path exclusion; semantic code was not read
2016	specs/.history/modular-fuzzing-epic/ticket-013-MF-026/ticket/desired/tests/test_tla_spec_dev_corpus_adapter.py	out-of-scope	ticket_plan.yaml:648-658	none (outside the three project indexes)	unrepresented		Exact-path exclusion; semantic code was not read
2017	specs/.history/modular-fuzzing-epic/ticket-013-MF-026/ticket/desired/tests/test_tla_spec_dev_effect_conformance_adapter.py	out-of-scope	ticket_plan.yaml:648-658	none (outside the three project indexes)	unrepresented		Exact-path exclusion; semantic code was not read
2018	specs/.history/modular-fuzzing-epic/ticket-013-MF-026/ticket/desired/tests/test_tla_spec_dev_kill_test_adapter.py	out-of-scope	ticket_plan.yaml:648-658	none (outside the three project indexes)	unrepresented		Exact-path exclusion; semantic code was not read
2019	specs/.history/modular-fuzzing-epic/ticket-013-MF-026/ticket/desired/tests/test_tla_spec_dev_run_adapter.py	out-of-scope	ticket_plan.yaml:648-658	none (outside the three project indexes)	unrepresented		Exact-path exclusion; semantic code was not read
2020	specs/.history/modular-fuzzing-epic/ticket-013-MF-026/ticket/desired/tests/test_tla_spec_dev_scaffold_adapter.py	out-of-scope	ticket_plan.yaml:648-658	none (outside the three project indexes)	unrepresented		Exact-path exclusion; semantic code was not read
2021	specs/.history/modular-fuzzing-epic/ticket-013-MF-026/ticket/desired/tests/test_tla_spec_dev_skill_feedback_adapter.py	out-of-scope	ticket_plan.yaml:648-658	none (outside the three project indexes)	unrepresented		Exact-path exclusion; semantic code was not read
2022	specs/.history/modular-fuzzing-epic/ticket-013-MF-026/ticket/desired/tests/test_tla_spec_dev_test_graph_adapter.py	out-of-scope	ticket_plan.yaml:648-658	none (outside the three project indexes)	unrepresented		Exact-path exclusion; semantic code was not read
2023	specs/.history/modular-fuzzing-epic/ticket-013-MF-026/ticket/desired/tests/test_tla_spec_dev_ticket_adapter.py	out-of-scope	ticket_plan.yaml:648-658	none (outside the three project indexes)	unrepresented		Exact-path exclusion; semantic code was not read
2024	specs/.history/modular-fuzzing-epic/ticket-013-MF-026/ticket/results/testgraph/cliWorkflow/tla-spec-dev-bin/tla-spec-dev	out-of-scope	ticket_plan.yaml:648-658	none (outside the three project indexes)	unrepresented		Exact-path exclusion; semantic code was not read
2025	specs/.history/modular-fuzzing-epic/ticket-013-MF-026/ticket/results/testgraph/specWorkflow/cleanup-failure-probe-test-graph/build-logic/build.gradle.kts	out-of-scope	ticket_plan.yaml:648-658	none (outside the three project indexes)	unrepresented		Exact-path exclusion; semantic code was not read
2026	specs/.history/modular-fuzzing-epic/ticket-013-MF-026/ticket/results/testgraph/specWorkflow/cleanup-failure-probe-test-graph/build-logic/settings.gradle.kts	out-of-scope	ticket_plan.yaml:648-658	none (outside the three project indexes)	unrepresented		Exact-path exclusion; semantic code was not read
2027	specs/.history/modular-fuzzing-epic/ticket-013-MF-026/ticket/results/testgraph/specWorkflow/cleanup-failure-probe-test-graph/build-logic/src/main/kotlin/com/hayden/testgraphsdk/GraphAssembler.kt	out-of-scope	ticket_plan.yaml:648-658	none (outside the three project indexes)	unrepresented		Exact-path exclusion; semantic code was not read
2028	specs/.history/modular-fuzzing-epic/ticket-013-MF-026/ticket/results/testgraph/specWorkflow/cleanup-failure-probe-test-graph/build-logic/src/main/kotlin/com/hayden/testgraphsdk/GraphModel.kt	out-of-scope	ticket_plan.yaml:648-658	none (outside the three project indexes)	unrepresented		Exact-path exclusion; semantic code was not read
2029	specs/.history/modular-fuzzing-epic/ticket-013-MF-026/ticket/results/testgraph/specWorkflow/cleanup-failure-probe-test-graph/build-logic/src/main/kotlin/com/hayden/testgraphsdk/MiniJson.kt	out-of-scope	ticket_plan.yaml:648-658	none (outside the three project indexes)	unrepresented		Exact-path exclusion; semantic code was not read
2030	specs/.history/modular-fuzzing-epic/ticket-013-MF-026/ticket/results/testgraph/specWorkflow/cleanup-failure-probe-test-graph/build-logic/src/main/kotlin/com/hayden/testgraphsdk/NodeDescribeLoader.kt	out-of-scope	ticket_plan.yaml:648-658	none (outside the three project indexes)	unrepresented		Exact-path exclusion; semantic code was not read
2031	specs/.history/modular-fuzzing-epic/ticket-013-MF-026/ticket/results/testgraph/specWorkflow/cleanup-failure-probe-test-graph/build-logic/src/main/kotlin/com/hayden/testgraphsdk/TestGraphSpec.kt	out-of-scope	ticket_plan.yaml:648-658	none (outside the three project indexes)	unrepresented		Exact-path exclusion; semantic code was not read
2032	specs/.history/modular-fuzzing-epic/ticket-013-MF-026/ticket/results/testgraph/specWorkflow/cleanup-failure-probe-test-graph/build-logic/src/main/kotlin/com/hayden/testgraphsdk/Toolchain.kt	out-of-scope	ticket_plan.yaml:648-658	none (outside the three project indexes)	unrepresented		Exact-path exclusion; semantic code was not read
2033	specs/.history/modular-fuzzing-epic/ticket-013-MF-026/ticket/results/testgraph/specWorkflow/cleanup-failure-probe-test-graph/build-logic/src/main/kotlin/com/hayden/testgraphsdk/ValidationGraphExtension.kt	out-of-scope	ticket_plan.yaml:648-658	none (outside the three project indexes)	unrepresented		Exact-path exclusion; semantic code was not read
2034	specs/.history/modular-fuzzing-epic/ticket-013-MF-026/ticket/results/testgraph/specWorkflow/cleanup-failure-probe-test-graph/build-logic/src/main/kotlin/com/hayden/testgraphsdk/ValidationGraphPlugin.kt	out-of-scope	ticket_plan.yaml:648-658	none (outside the three project indexes)	unrepresented		Exact-path exclusion; semantic code was not read
2035	specs/.history/modular-fuzzing-epic/ticket-013-MF-026/ticket/results/testgraph/specWorkflow/cleanup-failure-probe-test-graph/build-logic/src/main/kotlin/com/hayden/testgraphsdk/ValidationNodeSpec.kt	out-of-scope	ticket_plan.yaml:648-658	none (outside the three project indexes)	unrepresented		Exact-path exclusion; semantic code was not read
2036	specs/.history/modular-fuzzing-epic/ticket-013-MF-026/ticket/results/testgraph/specWorkflow/cleanup-failure-probe-test-graph/build-logic/src/main/kotlin/com/hayden/testgraphsdk/ValidationRuntime.kt	out-of-scope	ticket_plan.yaml:648-658	none (outside the three project indexes)	unrepresented		Exact-path exclusion; semantic code was not read
2037	specs/.history/modular-fuzzing-epic/ticket-013-MF-026/ticket/results/testgraph/specWorkflow/cleanup-failure-probe-test-graph/build-logic/src/main/kotlin/com/hayden/testgraphsdk/exec/Context.kt	out-of-scope	ticket_plan.yaml:648-658	none (outside the three project indexes)	unrepresented		Exact-path exclusion; semantic code was not read
2038	specs/.history/modular-fuzzing-epic/ticket-013-MF-026/ticket/results/testgraph/specWorkflow/cleanup-failure-probe-test-graph/build-logic/src/main/kotlin/com/hayden/testgraphsdk/exec/Executors.kt	out-of-scope	ticket_plan.yaml:648-658	none (outside the three project indexes)	unrepresented		Exact-path exclusion; semantic code was not read
2039	specs/.history/modular-fuzzing-epic/ticket-013-MF-026/ticket/results/testgraph/specWorkflow/cleanup-failure-probe-test-graph/build-logic/src/main/kotlin/com/hayden/testgraphsdk/exec/JBangExecutor.kt	out-of-scope	ticket_plan.yaml:648-658	none (outside the three project indexes)	unrepresented		Exact-path exclusion; semantic code was not read
2040	specs/.history/modular-fuzzing-epic/ticket-013-MF-026/ticket/results/testgraph/specWorkflow/cleanup-failure-probe-test-graph/build-logic/src/main/kotlin/com/hayden/testgraphsdk/exec/PlanExecutor.kt	out-of-scope	ticket_plan.yaml:648-658	none (outside the three project indexes)	unrepresented		Exact-path exclusion; semantic code was not read
2041	specs/.history/modular-fuzzing-epic/ticket-013-MF-026/ticket/results/testgraph/specWorkflow/cleanup-failure-probe-test-graph/build-logic/src/main/kotlin/com/hayden/testgraphsdk/exec/TimeoutParser.kt	out-of-scope	ticket_plan.yaml:648-658	none (outside the three project indexes)	unrepresented		Exact-path exclusion; semantic code was not read
2042	specs/.history/modular-fuzzing-epic/ticket-013-MF-026/ticket/results/testgraph/specWorkflow/cleanup-failure-probe-test-graph/build-logic/src/main/kotlin/com/hayden/testgraphsdk/exec/UvExecutor.kt	out-of-scope	ticket_plan.yaml:648-658	none (outside the three project indexes)	unrepresented		Exact-path exclusion; semantic code was not read
2043	specs/.history/modular-fuzzing-epic/ticket-013-MF-026/ticket/results/testgraph/specWorkflow/cleanup-failure-probe-test-graph/build-logic/src/main/kotlin/com/hayden/testgraphsdk/tasks/InspectionTasks.kt	out-of-scope	ticket_plan.yaml:648-658	none (outside the three project indexes)	unrepresented		Exact-path exclusion; semantic code was not read
2044	specs/.history/modular-fuzzing-epic/ticket-013-MF-026/ticket/results/testgraph/specWorkflow/cleanup-failure-probe-test-graph/build-logic/src/main/kotlin/com/hayden/testgraphsdk/tasks/RunReportWriter.kt	out-of-scope	ticket_plan.yaml:648-658	none (outside the three project indexes)	unrepresented		Exact-path exclusion; semantic code was not read
2045	specs/.history/modular-fuzzing-epic/ticket-013-MF-026/ticket/results/testgraph/specWorkflow/cleanup-failure-probe-test-graph/build-logic/src/main/kotlin/com/hayden/testgraphsdk/tasks/RunTestGraphTask.kt	out-of-scope	ticket_plan.yaml:648-658	none (outside the three project indexes)	unrepresented		Exact-path exclusion; semantic code was not read
2046	specs/.history/modular-fuzzing-epic/ticket-013-MF-026/ticket/results/testgraph/specWorkflow/cleanup-failure-probe-test-graph/build-logic/src/main/kotlin/com/hayden/testgraphsdk/tasks/ValidationReportTask.kt	out-of-scope	ticket_plan.yaml:648-658	none (outside the three project indexes)	unrepresented		Exact-path exclusion; semantic code was not read
2047	specs/.history/modular-fuzzing-epic/ticket-013-MF-026/ticket/results/testgraph/specWorkflow/cleanup-failure-probe-test-graph/build-logic/src/test/kotlin/com/hayden/testgraphsdk/exec/PlanExecutorResumeHarnessTest.kt	out-of-scope	ticket_plan.yaml:648-658	none (outside the three project indexes)	unrepresented		Exact-path exclusion; semantic code was not read
2048	specs/.history/modular-fuzzing-epic/ticket-013-MF-026/ticket/results/testgraph/specWorkflow/cleanup-failure-probe-test-graph/build.gradle.kts	out-of-scope	ticket_plan.yaml:648-658	none (outside the three project indexes)	unrepresented		Exact-path exclusion; semantic code was not read
2049	specs/.history/modular-fuzzing-epic/ticket-013-MF-026/ticket/results/testgraph/specWorkflow/cleanup-failure-probe-test-graph/gradlew	out-of-scope	ticket_plan.yaml:648-658	none (outside the three project indexes)	unrepresented		Exact-path exclusion; semantic code was not read
2050	specs/.history/modular-fuzzing-epic/ticket-013-MF-026/ticket/results/testgraph/specWorkflow/cleanup-failure-probe-test-graph/sdk/java/build.gradle.kts	out-of-scope	ticket_plan.yaml:648-658	none (outside the three project indexes)	unrepresented		Exact-path exclusion; semantic code was not read
2051	specs/.history/modular-fuzzing-epic/ticket-013-MF-026/ticket/results/testgraph/specWorkflow/cleanup-failure-probe-test-graph/sdk/java/src/main/java/com/hayden/testgraphsdk/sdk/ContextItem.java	out-of-scope	ticket_plan.yaml:648-658	none (outside the three project indexes)	unrepresented		Exact-path exclusion; semantic code was not read
2052	specs/.history/modular-fuzzing-epic/ticket-013-MF-026/ticket/results/testgraph/specWorkflow/cleanup-failure-probe-test-graph/sdk/java/src/main/java/com/hayden/testgraphsdk/sdk/ContextSerde.java	out-of-scope	ticket_plan.yaml:648-658	none (outside the three project indexes)	unrepresented		Exact-path exclusion; semantic code was not read
2053	specs/.history/modular-fuzzing-epic/ticket-013-MF-026/ticket/results/testgraph/specWorkflow/cleanup-failure-probe-test-graph/sdk/java/src/main/java/com/hayden/testgraphsdk/sdk/Json.java	out-of-scope	ticket_plan.yaml:648-658	none (outside the three project indexes)	unrepresented		Exact-path exclusion; semantic code was not read
2054	specs/.history/modular-fuzzing-epic/ticket-013-MF-026/ticket/results/testgraph/specWorkflow/cleanup-failure-probe-test-graph/sdk/java/src/main/java/com/hayden/testgraphsdk/sdk/JsonMapper.java	out-of-scope	ticket_plan.yaml:648-658	none (outside the three project indexes)	unrepresented		Exact-path exclusion; semantic code was not read
2055	specs/.history/modular-fuzzing-epic/ticket-013-MF-026/ticket/results/testgraph/specWorkflow/cleanup-failure-probe-test-graph/sdk/java/src/main/java/com/hayden/testgraphsdk/sdk/Node.java	out-of-scope	ticket_plan.yaml:648-658	none (outside the three project indexes)	unrepresented		Exact-path exclusion; semantic code was not read
2056	specs/.history/modular-fuzzing-epic/ticket-013-MF-026/ticket/results/testgraph/specWorkflow/cleanup-failure-probe-test-graph/sdk/java/src/main/java/com/hayden/testgraphsdk/sdk/NodeBody.java	out-of-scope	ticket_plan.yaml:648-658	none (outside the three project indexes)	unrepresented		Exact-path exclusion; semantic code was not read
2057	specs/.history/modular-fuzzing-epic/ticket-013-MF-026/ticket/results/testgraph/specWorkflow/cleanup-failure-probe-test-graph/sdk/java/src/main/java/com/hayden/testgraphsdk/sdk/NodeContext.java	out-of-scope	ticket_plan.yaml:648-658	none (outside the three project indexes)	unrepresented		Exact-path exclusion; semantic code was not read
2058	specs/.history/modular-fuzzing-epic/ticket-013-MF-026/ticket/results/testgraph/specWorkflow/cleanup-failure-probe-test-graph/sdk/java/src/main/java/com/hayden/testgraphsdk/sdk/NodeResult.java	out-of-scope	ticket_plan.yaml:648-658	none (outside the three project indexes)	unrepresented		Exact-path exclusion; semantic code was not read
2059	specs/.history/modular-fuzzing-epic/ticket-013-MF-026/ticket/results/testgraph/specWorkflow/cleanup-failure-probe-test-graph/sdk/java/src/main/java/com/hayden/testgraphsdk/sdk/NodeSpec.java	out-of-scope	ticket_plan.yaml:648-658	none (outside the three project indexes)	unrepresented		Exact-path exclusion; semantic code was not read
2060	specs/.history/modular-fuzzing-epic/ticket-013-MF-026/ticket/results/testgraph/specWorkflow/cleanup-failure-probe-test-graph/sdk/java/src/main/java/com/hayden/testgraphsdk/sdk/NodeStatus.java	out-of-scope	ticket_plan.yaml:648-658	none (outside the three project indexes)	unrepresented		Exact-path exclusion; semantic code was not read
2061	specs/.history/modular-fuzzing-epic/ticket-013-MF-026/ticket/results/testgraph/specWorkflow/cleanup-failure-probe-test-graph/sdk/java/src/main/java/com/hayden/testgraphsdk/sdk/ProcessRecord.java	out-of-scope	ticket_plan.yaml:648-658	none (outside the three project indexes)	unrepresented		Exact-path exclusion; semantic code was not read
2062	specs/.history/modular-fuzzing-epic/ticket-013-MF-026/ticket/results/testgraph/specWorkflow/cleanup-failure-probe-test-graph/sdk/java/src/main/java/com/hayden/testgraphsdk/sdk/Procs.java	out-of-scope	ticket_plan.yaml:648-658	none (outside the three project indexes)	unrepresented		Exact-path exclusion; semantic code was not read
2063	specs/.history/modular-fuzzing-epic/ticket-013-MF-026/ticket/results/testgraph/specWorkflow/cleanup-failure-probe-test-graph/sdk/python/src/testgraphsdk/__init__.py	out-of-scope	ticket_plan.yaml:648-658	none (outside the three project indexes)	unrepresented		Exact-path exclusion; semantic code was not read
2064	specs/.history/modular-fuzzing-epic/ticket-013-MF-026/ticket/results/testgraph/specWorkflow/cleanup-failure-probe-test-graph/sdk/python/src/testgraphsdk/context.py	out-of-scope	ticket_plan.yaml:648-658	none (outside the three project indexes)	unrepresented		Exact-path exclusion; semantic code was not read
2065	specs/.history/modular-fuzzing-epic/ticket-013-MF-026/ticket/results/testgraph/specWorkflow/cleanup-failure-probe-test-graph/sdk/python/src/testgraphsdk/context_item.py	out-of-scope	ticket_plan.yaml:648-658	none (outside the three project indexes)	unrepresented		Exact-path exclusion; semantic code was not read
2066	specs/.history/modular-fuzzing-epic/ticket-013-MF-026/ticket/results/testgraph/specWorkflow/cleanup-failure-probe-test-graph/sdk/python/src/testgraphsdk/node_spec.py	out-of-scope	ticket_plan.yaml:648-658	none (outside the three project indexes)	unrepresented		Exact-path exclusion; semantic code was not read
2067	specs/.history/modular-fuzzing-epic/ticket-013-MF-026/ticket/results/testgraph/specWorkflow/cleanup-failure-probe-test-graph/sdk/python/src/testgraphsdk/procs.py	out-of-scope	ticket_plan.yaml:648-658	none (outside the three project indexes)	unrepresented		Exact-path exclusion; semantic code was not read
2068	specs/.history/modular-fuzzing-epic/ticket-013-MF-026/ticket/results/testgraph/specWorkflow/cleanup-failure-probe-test-graph/sdk/python/src/testgraphsdk/result.py	out-of-scope	ticket_plan.yaml:648-658	none (outside the three project indexes)	unrepresented		Exact-path exclusion; semantic code was not read
2069	specs/.history/modular-fuzzing-epic/ticket-013-MF-026/ticket/results/testgraph/specWorkflow/cleanup-failure-probe-test-graph/sdk/python/src/testgraphsdk/runner.py	out-of-scope	ticket_plan.yaml:648-658	none (outside the three project indexes)	unrepresented		Exact-path exclusion; semantic code was not read
2070	specs/.history/modular-fuzzing-epic/ticket-013-MF-026/ticket/results/testgraph/specWorkflow/cleanup-failure-probe-test-graph/settings.gradle.kts	out-of-scope	ticket_plan.yaml:648-658	none (outside the three project indexes)	unrepresented		Exact-path exclusion; semantic code was not read
2071	specs/.history/modular-fuzzing-epic/ticket-013-MF-026/ticket/results/testgraph/specWorkflow/cleanup-failure-probe-test-graph/sources/spec_workflow_cleanup.py	out-of-scope	ticket_plan.yaml:648-658	none (outside the three project indexes)	unrepresented		Exact-path exclusion; semantic code was not read
2072	specs/.history/modular-fuzzing-epic/ticket-013-MF-026/ticket/results/testgraph/specWorkflow/cleanup-failure-probe-test-graph/sources/spec_workflow_close_ticket.py	out-of-scope	ticket_plan.yaml:648-658	none (outside the three project indexes)	unrepresented		Exact-path exclusion; semantic code was not read
2073	specs/.history/modular-fuzzing-epic/ticket-013-MF-026/ticket/results/testgraph/specWorkflow/cleanup-failure-probe-test-graph/sources/spec_workflow_complete_ticket.py	out-of-scope	ticket_plan.yaml:648-658	none (outside the three project indexes)	unrepresented		Exact-path exclusion; semantic code was not read
2074	specs/.history/modular-fuzzing-epic/ticket-013-MF-026/ticket/results/testgraph/specWorkflow/cleanup-failure-probe-test-graph/sources/spec_workflow_create_repo.py	out-of-scope	ticket_plan.yaml:648-658	none (outside the three project indexes)	unrepresented		Exact-path exclusion; semantic code was not read
2075	specs/.history/modular-fuzzing-epic/ticket-013-MF-026/ticket/results/testgraph/specWorkflow/cleanup-failure-probe-test-graph/sources/spec_workflow_failure_cleanup_probe.py	out-of-scope	ticket_plan.yaml:648-658	none (outside the three project indexes)	unrepresented		Exact-path exclusion; semantic code was not read
2076	specs/.history/modular-fuzzing-epic/ticket-013-MF-026/ticket/results/testgraph/specWorkflow/cleanup-failure-probe-test-graph/sources/spec_workflow_force_failure.py	out-of-scope	ticket_plan.yaml:648-658	none (outside the three project indexes)	unrepresented		Exact-path exclusion; semantic code was not read
2077	specs/.history/modular-fuzzing-epic/ticket-013-MF-026/ticket/results/testgraph/specWorkflow/cleanup-failure-probe-test-graph/sources/spec_workflow_spec_units.py	out-of-scope	ticket_plan.yaml:648-658	none (outside the three project indexes)	unrepresented		Exact-path exclusion; semantic code was not read
2078	specs/.history/modular-fuzzing-epic/ticket-013-MF-026/ticket/results/testgraph/specWorkflow/cleanup-failure-probe-test-graph/sources/spec_workflow_start_ticket.py	out-of-scope	ticket_plan.yaml:648-658	none (outside the three project indexes)	unrepresented		Exact-path exclusion; semantic code was not read
2079	specs/.history/modular-fuzzing-epic/ticket-013-MF-026/ticket/results/testgraph/specWorkflow/cleanup-failure-probe-test-graph/sources/tla_spec_dev_cli_help.py	out-of-scope	ticket_plan.yaml:648-658	none (outside the three project indexes)	unrepresented		Exact-path exclusion; semantic code was not read
2080	specs/.history/modular-fuzzing-epic/ticket-013-MF-026/ticket/results/testgraph/specWorkflow/cleanup-failure-probe-test-graph/sources/tla_spec_dev_cli_install.py	out-of-scope	ticket_plan.yaml:648-658	none (outside the three project indexes)	unrepresented		Exact-path exclusion; semantic code was not read
2081	specs/.history/modular-fuzzing-epic/ticket-013-MF-026/ticket/results/testgraph/specWorkflow/tla-spec-dev-bin/tla-spec-dev	out-of-scope	ticket_plan.yaml:648-658	none (outside the three project indexes)	unrepresented		Exact-path exclusion; semantic code was not read
2082	specs/.history/modular-fuzzing-epic/ticket-013-MF-026/ticket/tests/test_ticket_workflow.py	out-of-scope	ticket_plan.yaml:648-658	none (outside the three project indexes)	unrepresented		Exact-path exclusion; semantic code was not read
2083	specs/.history/modular-fuzzing-epic/ticket-014-MF-028/snapshots/current/production_adapters.py	out-of-scope	ticket_plan.yaml:648-658	none (outside the three project indexes)	unrepresented		Exact-path exclusion; semantic code was not read
2084	specs/.history/modular-fuzzing-epic/ticket-014-MF-028/snapshots/current/tests/test_current_ticket_workflow.py	out-of-scope	ticket_plan.yaml:648-658	none (outside the three project indexes)	unrepresented		Exact-path exclusion; semantic code was not read
2085	specs/.history/modular-fuzzing-epic/ticket-014-MF-028/snapshots/current/tests/test_tla_spec_dev_analyze_adapter.py	out-of-scope	ticket_plan.yaml:648-658	none (outside the three project indexes)	unrepresented		Exact-path exclusion; semantic code was not read
2086	specs/.history/modular-fuzzing-epic/ticket-014-MF-028/snapshots/current/tests/test_tla_spec_dev_budgets_adapter.py	out-of-scope	ticket_plan.yaml:648-658	none (outside the three project indexes)	unrepresented		Exact-path exclusion; semantic code was not read
2087	specs/.history/modular-fuzzing-epic/ticket-014-MF-028/snapshots/current/tests/test_tla_spec_dev_cli_adapter.py	out-of-scope	ticket_plan.yaml:648-658	none (outside the three project indexes)	unrepresented		Exact-path exclusion; semantic code was not read
2088	specs/.history/modular-fuzzing-epic/ticket-014-MF-028/snapshots/current/tests/test_tla_spec_dev_close_promotion_adapter.py	out-of-scope	ticket_plan.yaml:648-658	none (outside the three project indexes)	unrepresented		Exact-path exclusion; semantic code was not read
2089	specs/.history/modular-fuzzing-epic/ticket-014-MF-028/snapshots/current/tests/test_tla_spec_dev_complexity_ledger_adapter.py	out-of-scope	ticket_plan.yaml:648-658	none (outside the three project indexes)	unrepresented		Exact-path exclusion; semantic code was not read
2090	specs/.history/modular-fuzzing-epic/ticket-014-MF-028/snapshots/current/tests/test_tla_spec_dev_corpus_adapter.py	out-of-scope	ticket_plan.yaml:648-658	none (outside the three project indexes)	unrepresented		Exact-path exclusion; semantic code was not read
2091	specs/.history/modular-fuzzing-epic/ticket-014-MF-028/snapshots/current/tests/test_tla_spec_dev_effect_conformance_adapter.py	out-of-scope	ticket_plan.yaml:648-658	none (outside the three project indexes)	unrepresented		Exact-path exclusion; semantic code was not read
2092	specs/.history/modular-fuzzing-epic/ticket-014-MF-028/snapshots/current/tests/test_tla_spec_dev_kill_test_adapter.py	out-of-scope	ticket_plan.yaml:648-658	none (outside the three project indexes)	unrepresented		Exact-path exclusion; semantic code was not read
2093	specs/.history/modular-fuzzing-epic/ticket-014-MF-028/snapshots/current/tests/test_tla_spec_dev_run_adapter.py	out-of-scope	ticket_plan.yaml:648-658	none (outside the three project indexes)	unrepresented		Exact-path exclusion; semantic code was not read
2094	specs/.history/modular-fuzzing-epic/ticket-014-MF-028/snapshots/current/tests/test_tla_spec_dev_scaffold_adapter.py	out-of-scope	ticket_plan.yaml:648-658	none (outside the three project indexes)	unrepresented		Exact-path exclusion; semantic code was not read
2095	specs/.history/modular-fuzzing-epic/ticket-014-MF-028/snapshots/current/tests/test_tla_spec_dev_skill_feedback_adapter.py	out-of-scope	ticket_plan.yaml:648-658	none (outside the three project indexes)	unrepresented		Exact-path exclusion; semantic code was not read
2096	specs/.history/modular-fuzzing-epic/ticket-014-MF-028/snapshots/current/tests/test_tla_spec_dev_test_graph_adapter.py	out-of-scope	ticket_plan.yaml:648-658	none (outside the three project indexes)	unrepresented		Exact-path exclusion; semantic code was not read
2097	specs/.history/modular-fuzzing-epic/ticket-014-MF-028/snapshots/current/tests/test_tla_spec_dev_ticket_adapter.py	out-of-scope	ticket_plan.yaml:648-658	none (outside the three project indexes)	unrepresented		Exact-path exclusion; semantic code was not read
2098	specs/.history/modular-fuzzing-epic/ticket-014-MF-028/snapshots/desired_program_model/production_adapters.py	out-of-scope	ticket_plan.yaml:648-658	none (outside the three project indexes)	unrepresented		Exact-path exclusion; semantic code was not read
2099	specs/.history/modular-fuzzing-epic/ticket-014-MF-028/snapshots/desired_program_model/tests/test_tla_spec_dev_cli_adapter.py	out-of-scope	ticket_plan.yaml:648-658	none (outside the three project indexes)	unrepresented		Exact-path exclusion; semantic code was not read
2100	specs/.history/modular-fuzzing-epic/ticket-014-MF-028/snapshots/desired_program_model/tests/test_tla_spec_dev_run_adapter.py	out-of-scope	ticket_plan.yaml:648-658	none (outside the three project indexes)	unrepresented		Exact-path exclusion; semantic code was not read
2101	specs/.history/modular-fuzzing-epic/ticket-014-MF-028/snapshots/desired_program_model/tests/test_tla_spec_dev_scaffold_adapter.py	out-of-scope	ticket_plan.yaml:648-658	none (outside the three project indexes)	unrepresented		Exact-path exclusion; semantic code was not read
2102	specs/.history/modular-fuzzing-epic/ticket-014-MF-028/snapshots/desired_program_model/tests/test_tla_spec_dev_test_graph_adapter.py	out-of-scope	ticket_plan.yaml:648-658	none (outside the three project indexes)	unrepresented		Exact-path exclusion; semantic code was not read
2103	specs/.history/modular-fuzzing-epic/ticket-014-MF-028/snapshots/desired_program_model/tests/test_tla_spec_dev_ticket_adapter.py	out-of-scope	ticket_plan.yaml:648-658	none (outside the three project indexes)	unrepresented		Exact-path exclusion; semantic code was not read
2104	specs/.history/modular-fuzzing-epic/ticket-014-MF-028/snapshots/program_model/production_adapters.py	out-of-scope	ticket_plan.yaml:648-658	none (outside the three project indexes)	unrepresented		Exact-path exclusion; semantic code was not read
2105	specs/.history/modular-fuzzing-epic/ticket-014-MF-028/snapshots/program_model/tests/test_tla_spec_dev_cli_adapter.py	out-of-scope	ticket_plan.yaml:648-658	none (outside the three project indexes)	unrepresented		Exact-path exclusion; semantic code was not read
2106	specs/.history/modular-fuzzing-epic/ticket-014-MF-028/snapshots/program_model/tests/test_tla_spec_dev_run_adapter.py	out-of-scope	ticket_plan.yaml:648-658	none (outside the three project indexes)	unrepresented		Exact-path exclusion; semantic code was not read
2107	specs/.history/modular-fuzzing-epic/ticket-014-MF-028/snapshots/program_model/tests/test_tla_spec_dev_scaffold_adapter.py	out-of-scope	ticket_plan.yaml:648-658	none (outside the three project indexes)	unrepresented		Exact-path exclusion; semantic code was not read
2108	specs/.history/modular-fuzzing-epic/ticket-014-MF-028/snapshots/program_model/tests/test_tla_spec_dev_test_graph_adapter.py	out-of-scope	ticket_plan.yaml:648-658	none (outside the three project indexes)	unrepresented		Exact-path exclusion; semantic code was not read
2109	specs/.history/modular-fuzzing-epic/ticket-014-MF-028/snapshots/program_model/tests/test_tla_spec_dev_ticket_adapter.py	out-of-scope	ticket_plan.yaml:648-658	none (outside the three project indexes)	unrepresented		Exact-path exclusion; semantic code was not read
2110	specs/.history/modular-fuzzing-epic/ticket-014-MF-028/ticket/current/production_adapters.py	out-of-scope	ticket_plan.yaml:648-658	none (outside the three project indexes)	unrepresented		Exact-path exclusion; semantic code was not read
2111	specs/.history/modular-fuzzing-epic/ticket-014-MF-028/ticket/current/tests/test_tla_spec_dev_analyze_adapter.py	out-of-scope	ticket_plan.yaml:648-658	none (outside the three project indexes)	unrepresented		Exact-path exclusion; semantic code was not read
2112	specs/.history/modular-fuzzing-epic/ticket-014-MF-028/ticket/current/tests/test_tla_spec_dev_budgets_adapter.py	out-of-scope	ticket_plan.yaml:648-658	none (outside the three project indexes)	unrepresented		Exact-path exclusion; semantic code was not read
2113	specs/.history/modular-fuzzing-epic/ticket-014-MF-028/ticket/current/tests/test_tla_spec_dev_cli_adapter.py	out-of-scope	ticket_plan.yaml:648-658	none (outside the three project indexes)	unrepresented		Exact-path exclusion; semantic code was not read
2114	specs/.history/modular-fuzzing-epic/ticket-014-MF-028/ticket/current/tests/test_tla_spec_dev_close_promotion_adapter.py	out-of-scope	ticket_plan.yaml:648-658	none (outside the three project indexes)	unrepresented		Exact-path exclusion; semantic code was not read
2115	specs/.history/modular-fuzzing-epic/ticket-014-MF-028/ticket/current/tests/test_tla_spec_dev_complexity_ledger_adapter.py	out-of-scope	ticket_plan.yaml:648-658	none (outside the three project indexes)	unrepresented		Exact-path exclusion; semantic code was not read
2116	specs/.history/modular-fuzzing-epic/ticket-014-MF-028/ticket/current/tests/test_tla_spec_dev_corpus_adapter.py	out-of-scope	ticket_plan.yaml:648-658	none (outside the three project indexes)	unrepresented		Exact-path exclusion; semantic code was not read
2117	specs/.history/modular-fuzzing-epic/ticket-014-MF-028/ticket/current/tests/test_tla_spec_dev_effect_conformance_adapter.py	out-of-scope	ticket_plan.yaml:648-658	none (outside the three project indexes)	unrepresented		Exact-path exclusion; semantic code was not read
2118	specs/.history/modular-fuzzing-epic/ticket-014-MF-028/ticket/current/tests/test_tla_spec_dev_kill_test_adapter.py	out-of-scope	ticket_plan.yaml:648-658	none (outside the three project indexes)	unrepresented		Exact-path exclusion; semantic code was not read
2119	specs/.history/modular-fuzzing-epic/ticket-014-MF-028/ticket/current/tests/test_tla_spec_dev_run_adapter.py	out-of-scope	ticket_plan.yaml:648-658	none (outside the three project indexes)	unrepresented		Exact-path exclusion; semantic code was not read
2120	specs/.history/modular-fuzzing-epic/ticket-014-MF-028/ticket/current/tests/test_tla_spec_dev_scaffold_adapter.py	out-of-scope	ticket_plan.yaml:648-658	none (outside the three project indexes)	unrepresented		Exact-path exclusion; semantic code was not read
2121	specs/.history/modular-fuzzing-epic/ticket-014-MF-028/ticket/current/tests/test_tla_spec_dev_skill_feedback_adapter.py	out-of-scope	ticket_plan.yaml:648-658	none (outside the three project indexes)	unrepresented		Exact-path exclusion; semantic code was not read
2122	specs/.history/modular-fuzzing-epic/ticket-014-MF-028/ticket/current/tests/test_tla_spec_dev_test_graph_adapter.py	out-of-scope	ticket_plan.yaml:648-658	none (outside the three project indexes)	unrepresented		Exact-path exclusion; semantic code was not read
2123	specs/.history/modular-fuzzing-epic/ticket-014-MF-028/ticket/current/tests/test_tla_spec_dev_ticket_adapter.py	out-of-scope	ticket_plan.yaml:648-658	none (outside the three project indexes)	unrepresented		Exact-path exclusion; semantic code was not read
2124	specs/.history/modular-fuzzing-epic/ticket-014-MF-028/ticket/desired/production_adapters.py	out-of-scope	ticket_plan.yaml:648-658	none (outside the three project indexes)	unrepresented		Exact-path exclusion; semantic code was not read
2125	specs/.history/modular-fuzzing-epic/ticket-014-MF-028/ticket/desired/tests/test_tla_spec_dev_analyze_adapter.py	out-of-scope	ticket_plan.yaml:648-658	none (outside the three project indexes)	unrepresented		Exact-path exclusion; semantic code was not read
2126	specs/.history/modular-fuzzing-epic/ticket-014-MF-028/ticket/desired/tests/test_tla_spec_dev_budgets_adapter.py	out-of-scope	ticket_plan.yaml:648-658	none (outside the three project indexes)	unrepresented		Exact-path exclusion; semantic code was not read
2127	specs/.history/modular-fuzzing-epic/ticket-014-MF-028/ticket/desired/tests/test_tla_spec_dev_cli_adapter.py	out-of-scope	ticket_plan.yaml:648-658	none (outside the three project indexes)	unrepresented		Exact-path exclusion; semantic code was not read
2128	specs/.history/modular-fuzzing-epic/ticket-014-MF-028/ticket/desired/tests/test_tla_spec_dev_close_promotion_adapter.py	out-of-scope	ticket_plan.yaml:648-658	none (outside the three project indexes)	unrepresented		Exact-path exclusion; semantic code was not read
2129	specs/.history/modular-fuzzing-epic/ticket-014-MF-028/ticket/desired/tests/test_tla_spec_dev_complexity_ledger_adapter.py	out-of-scope	ticket_plan.yaml:648-658	none (outside the three project indexes)	unrepresented		Exact-path exclusion; semantic code was not read
2130	specs/.history/modular-fuzzing-epic/ticket-014-MF-028/ticket/desired/tests/test_tla_spec_dev_corpus_adapter.py	out-of-scope	ticket_plan.yaml:648-658	none (outside the three project indexes)	unrepresented		Exact-path exclusion; semantic code was not read
2131	specs/.history/modular-fuzzing-epic/ticket-014-MF-028/ticket/desired/tests/test_tla_spec_dev_effect_conformance_adapter.py	out-of-scope	ticket_plan.yaml:648-658	none (outside the three project indexes)	unrepresented		Exact-path exclusion; semantic code was not read
2132	specs/.history/modular-fuzzing-epic/ticket-014-MF-028/ticket/desired/tests/test_tla_spec_dev_kill_test_adapter.py	out-of-scope	ticket_plan.yaml:648-658	none (outside the three project indexes)	unrepresented		Exact-path exclusion; semantic code was not read
2133	specs/.history/modular-fuzzing-epic/ticket-014-MF-028/ticket/desired/tests/test_tla_spec_dev_run_adapter.py	out-of-scope	ticket_plan.yaml:648-658	none (outside the three project indexes)	unrepresented		Exact-path exclusion; semantic code was not read
2134	specs/.history/modular-fuzzing-epic/ticket-014-MF-028/ticket/desired/tests/test_tla_spec_dev_scaffold_adapter.py	out-of-scope	ticket_plan.yaml:648-658	none (outside the three project indexes)	unrepresented		Exact-path exclusion; semantic code was not read
2135	specs/.history/modular-fuzzing-epic/ticket-014-MF-028/ticket/desired/tests/test_tla_spec_dev_skill_feedback_adapter.py	out-of-scope	ticket_plan.yaml:648-658	none (outside the three project indexes)	unrepresented		Exact-path exclusion; semantic code was not read
2136	specs/.history/modular-fuzzing-epic/ticket-014-MF-028/ticket/desired/tests/test_tla_spec_dev_test_graph_adapter.py	out-of-scope	ticket_plan.yaml:648-658	none (outside the three project indexes)	unrepresented		Exact-path exclusion; semantic code was not read
2137	specs/.history/modular-fuzzing-epic/ticket-014-MF-028/ticket/desired/tests/test_tla_spec_dev_ticket_adapter.py	out-of-scope	ticket_plan.yaml:648-658	none (outside the three project indexes)	unrepresented		Exact-path exclusion; semantic code was not read
2138	specs/.history/modular-fuzzing-epic/ticket-014-MF-028/ticket/results/capture_projection.py	out-of-scope	ticket_plan.yaml:648-658	none (outside the three project indexes)	unrepresented		Exact-path exclusion; semantic code was not read
2139	specs/.history/modular-fuzzing-epic/ticket-014-MF-028/ticket/tests/test_ticket_workflow.py	out-of-scope	ticket_plan.yaml:648-658	none (outside the three project indexes)	unrepresented		Exact-path exclusion; semantic code was not read
2140	specs/.history/modular-fuzzing-epic/ticket-015-MF-029/snapshots/current/production_adapters.py	out-of-scope	ticket_plan.yaml:648-658	none (outside the three project indexes)	unrepresented		Exact-path exclusion; semantic code was not read
2141	specs/.history/modular-fuzzing-epic/ticket-015-MF-029/snapshots/current/tests/test_current_ticket_workflow.py	out-of-scope	ticket_plan.yaml:648-658	none (outside the three project indexes)	unrepresented		Exact-path exclusion; semantic code was not read
2142	specs/.history/modular-fuzzing-epic/ticket-015-MF-029/snapshots/current/tests/test_tla_spec_dev_analyze_adapter.py	out-of-scope	ticket_plan.yaml:648-658	none (outside the three project indexes)	unrepresented		Exact-path exclusion; semantic code was not read
2143	specs/.history/modular-fuzzing-epic/ticket-015-MF-029/snapshots/current/tests/test_tla_spec_dev_budgets_adapter.py	out-of-scope	ticket_plan.yaml:648-658	none (outside the three project indexes)	unrepresented		Exact-path exclusion; semantic code was not read
2144	specs/.history/modular-fuzzing-epic/ticket-015-MF-029/snapshots/current/tests/test_tla_spec_dev_cli_adapter.py	out-of-scope	ticket_plan.yaml:648-658	none (outside the three project indexes)	unrepresented		Exact-path exclusion; semantic code was not read
2145	specs/.history/modular-fuzzing-epic/ticket-015-MF-029/snapshots/current/tests/test_tla_spec_dev_close_promotion_adapter.py	out-of-scope	ticket_plan.yaml:648-658	none (outside the three project indexes)	unrepresented		Exact-path exclusion; semantic code was not read
2146	specs/.history/modular-fuzzing-epic/ticket-015-MF-029/snapshots/current/tests/test_tla_spec_dev_complexity_ledger_adapter.py	out-of-scope	ticket_plan.yaml:648-658	none (outside the three project indexes)	unrepresented		Exact-path exclusion; semantic code was not read
2147	specs/.history/modular-fuzzing-epic/ticket-015-MF-029/snapshots/current/tests/test_tla_spec_dev_corpus_adapter.py	out-of-scope	ticket_plan.yaml:648-658	none (outside the three project indexes)	unrepresented		Exact-path exclusion; semantic code was not read
2148	specs/.history/modular-fuzzing-epic/ticket-015-MF-029/snapshots/current/tests/test_tla_spec_dev_effect_conformance_adapter.py	out-of-scope	ticket_plan.yaml:648-658	none (outside the three project indexes)	unrepresented		Exact-path exclusion; semantic code was not read
2149	specs/.history/modular-fuzzing-epic/ticket-015-MF-029/snapshots/current/tests/test_tla_spec_dev_kill_test_adapter.py	out-of-scope	ticket_plan.yaml:648-658	none (outside the three project indexes)	unrepresented		Exact-path exclusion; semantic code was not read
2150	specs/.history/modular-fuzzing-epic/ticket-015-MF-029/snapshots/current/tests/test_tla_spec_dev_run_adapter.py	out-of-scope	ticket_plan.yaml:648-658	none (outside the three project indexes)	unrepresented		Exact-path exclusion; semantic code was not read
2151	specs/.history/modular-fuzzing-epic/ticket-015-MF-029/snapshots/current/tests/test_tla_spec_dev_scaffold_adapter.py	out-of-scope	ticket_plan.yaml:648-658	none (outside the three project indexes)	unrepresented		Exact-path exclusion; semantic code was not read
2152	specs/.history/modular-fuzzing-epic/ticket-015-MF-029/snapshots/current/tests/test_tla_spec_dev_skill_feedback_adapter.py	out-of-scope	ticket_plan.yaml:648-658	none (outside the three project indexes)	unrepresented		Exact-path exclusion; semantic code was not read
2153	specs/.history/modular-fuzzing-epic/ticket-015-MF-029/snapshots/current/tests/test_tla_spec_dev_test_graph_adapter.py	out-of-scope	ticket_plan.yaml:648-658	none (outside the three project indexes)	unrepresented		Exact-path exclusion; semantic code was not read
2154	specs/.history/modular-fuzzing-epic/ticket-015-MF-029/snapshots/current/tests/test_tla_spec_dev_ticket_adapter.py	out-of-scope	ticket_plan.yaml:648-658	none (outside the three project indexes)	unrepresented		Exact-path exclusion; semantic code was not read
2155	specs/.history/modular-fuzzing-epic/ticket-015-MF-029/snapshots/desired_program_model/production_adapters.py	out-of-scope	ticket_plan.yaml:648-658	none (outside the three project indexes)	unrepresented		Exact-path exclusion; semantic code was not read
2156	specs/.history/modular-fuzzing-epic/ticket-015-MF-029/snapshots/desired_program_model/tests/test_tla_spec_dev_cli_adapter.py	out-of-scope	ticket_plan.yaml:648-658	none (outside the three project indexes)	unrepresented		Exact-path exclusion; semantic code was not read
2157	specs/.history/modular-fuzzing-epic/ticket-015-MF-029/snapshots/desired_program_model/tests/test_tla_spec_dev_run_adapter.py	out-of-scope	ticket_plan.yaml:648-658	none (outside the three project indexes)	unrepresented		Exact-path exclusion; semantic code was not read
2158	specs/.history/modular-fuzzing-epic/ticket-015-MF-029/snapshots/desired_program_model/tests/test_tla_spec_dev_scaffold_adapter.py	out-of-scope	ticket_plan.yaml:648-658	none (outside the three project indexes)	unrepresented		Exact-path exclusion; semantic code was not read
2159	specs/.history/modular-fuzzing-epic/ticket-015-MF-029/snapshots/desired_program_model/tests/test_tla_spec_dev_test_graph_adapter.py	out-of-scope	ticket_plan.yaml:648-658	none (outside the three project indexes)	unrepresented		Exact-path exclusion; semantic code was not read
2160	specs/.history/modular-fuzzing-epic/ticket-015-MF-029/snapshots/desired_program_model/tests/test_tla_spec_dev_ticket_adapter.py	out-of-scope	ticket_plan.yaml:648-658	none (outside the three project indexes)	unrepresented		Exact-path exclusion; semantic code was not read
2161	specs/.history/modular-fuzzing-epic/ticket-015-MF-029/snapshots/program_model/production_adapters.py	out-of-scope	ticket_plan.yaml:648-658	none (outside the three project indexes)	unrepresented		Exact-path exclusion; semantic code was not read
2162	specs/.history/modular-fuzzing-epic/ticket-015-MF-029/snapshots/program_model/tests/test_tla_spec_dev_cli_adapter.py	out-of-scope	ticket_plan.yaml:648-658	none (outside the three project indexes)	unrepresented		Exact-path exclusion; semantic code was not read
2163	specs/.history/modular-fuzzing-epic/ticket-015-MF-029/snapshots/program_model/tests/test_tla_spec_dev_run_adapter.py	out-of-scope	ticket_plan.yaml:648-658	none (outside the three project indexes)	unrepresented		Exact-path exclusion; semantic code was not read
2164	specs/.history/modular-fuzzing-epic/ticket-015-MF-029/snapshots/program_model/tests/test_tla_spec_dev_scaffold_adapter.py	out-of-scope	ticket_plan.yaml:648-658	none (outside the three project indexes)	unrepresented		Exact-path exclusion; semantic code was not read
2165	specs/.history/modular-fuzzing-epic/ticket-015-MF-029/snapshots/program_model/tests/test_tla_spec_dev_test_graph_adapter.py	out-of-scope	ticket_plan.yaml:648-658	none (outside the three project indexes)	unrepresented		Exact-path exclusion; semantic code was not read
2166	specs/.history/modular-fuzzing-epic/ticket-015-MF-029/snapshots/program_model/tests/test_tla_spec_dev_ticket_adapter.py	out-of-scope	ticket_plan.yaml:648-658	none (outside the three project indexes)	unrepresented		Exact-path exclusion; semantic code was not read
2167	specs/.history/modular-fuzzing-epic/ticket-015-MF-029/ticket/current/production_adapters.py	out-of-scope	ticket_plan.yaml:648-658	none (outside the three project indexes)	unrepresented		Exact-path exclusion; semantic code was not read
2168	specs/.history/modular-fuzzing-epic/ticket-015-MF-029/ticket/current/tests/test_tla_spec_dev_analyze_adapter.py	out-of-scope	ticket_plan.yaml:648-658	none (outside the three project indexes)	unrepresented		Exact-path exclusion; semantic code was not read
2169	specs/.history/modular-fuzzing-epic/ticket-015-MF-029/ticket/current/tests/test_tla_spec_dev_budgets_adapter.py	out-of-scope	ticket_plan.yaml:648-658	none (outside the three project indexes)	unrepresented		Exact-path exclusion; semantic code was not read
2170	specs/.history/modular-fuzzing-epic/ticket-015-MF-029/ticket/current/tests/test_tla_spec_dev_cli_adapter.py	out-of-scope	ticket_plan.yaml:648-658	none (outside the three project indexes)	unrepresented		Exact-path exclusion; semantic code was not read
2171	specs/.history/modular-fuzzing-epic/ticket-015-MF-029/ticket/current/tests/test_tla_spec_dev_close_promotion_adapter.py	out-of-scope	ticket_plan.yaml:648-658	none (outside the three project indexes)	unrepresented		Exact-path exclusion; semantic code was not read
2172	specs/.history/modular-fuzzing-epic/ticket-015-MF-029/ticket/current/tests/test_tla_spec_dev_complexity_ledger_adapter.py	out-of-scope	ticket_plan.yaml:648-658	none (outside the three project indexes)	unrepresented		Exact-path exclusion; semantic code was not read
2173	specs/.history/modular-fuzzing-epic/ticket-015-MF-029/ticket/current/tests/test_tla_spec_dev_corpus_adapter.py	out-of-scope	ticket_plan.yaml:648-658	none (outside the three project indexes)	unrepresented		Exact-path exclusion; semantic code was not read
2174	specs/.history/modular-fuzzing-epic/ticket-015-MF-029/ticket/current/tests/test_tla_spec_dev_effect_conformance_adapter.py	out-of-scope	ticket_plan.yaml:648-658	none (outside the three project indexes)	unrepresented		Exact-path exclusion; semantic code was not read
2175	specs/.history/modular-fuzzing-epic/ticket-015-MF-029/ticket/current/tests/test_tla_spec_dev_kill_test_adapter.py	out-of-scope	ticket_plan.yaml:648-658	none (outside the three project indexes)	unrepresented		Exact-path exclusion; semantic code was not read
2176	specs/.history/modular-fuzzing-epic/ticket-015-MF-029/ticket/current/tests/test_tla_spec_dev_run_adapter.py	out-of-scope	ticket_plan.yaml:648-658	none (outside the three project indexes)	unrepresented		Exact-path exclusion; semantic code was not read
2177	specs/.history/modular-fuzzing-epic/ticket-015-MF-029/ticket/current/tests/test_tla_spec_dev_scaffold_adapter.py	out-of-scope	ticket_plan.yaml:648-658	none (outside the three project indexes)	unrepresented		Exact-path exclusion; semantic code was not read
2178	specs/.history/modular-fuzzing-epic/ticket-015-MF-029/ticket/current/tests/test_tla_spec_dev_skill_feedback_adapter.py	out-of-scope	ticket_plan.yaml:648-658	none (outside the three project indexes)	unrepresented		Exact-path exclusion; semantic code was not read
2179	specs/.history/modular-fuzzing-epic/ticket-015-MF-029/ticket/current/tests/test_tla_spec_dev_test_graph_adapter.py	out-of-scope	ticket_plan.yaml:648-658	none (outside the three project indexes)	unrepresented		Exact-path exclusion; semantic code was not read
2180	specs/.history/modular-fuzzing-epic/ticket-015-MF-029/ticket/current/tests/test_tla_spec_dev_ticket_adapter.py	out-of-scope	ticket_plan.yaml:648-658	none (outside the three project indexes)	unrepresented		Exact-path exclusion; semantic code was not read
2181	specs/.history/modular-fuzzing-epic/ticket-015-MF-029/ticket/desired/production_adapters.py	out-of-scope	ticket_plan.yaml:648-658	none (outside the three project indexes)	unrepresented		Exact-path exclusion; semantic code was not read
2182	specs/.history/modular-fuzzing-epic/ticket-015-MF-029/ticket/desired/tests/test_tla_spec_dev_analyze_adapter.py	out-of-scope	ticket_plan.yaml:648-658	none (outside the three project indexes)	unrepresented		Exact-path exclusion; semantic code was not read
2183	specs/.history/modular-fuzzing-epic/ticket-015-MF-029/ticket/desired/tests/test_tla_spec_dev_budgets_adapter.py	out-of-scope	ticket_plan.yaml:648-658	none (outside the three project indexes)	unrepresented		Exact-path exclusion; semantic code was not read
2184	specs/.history/modular-fuzzing-epic/ticket-015-MF-029/ticket/desired/tests/test_tla_spec_dev_cli_adapter.py	out-of-scope	ticket_plan.yaml:648-658	none (outside the three project indexes)	unrepresented		Exact-path exclusion; semantic code was not read
2185	specs/.history/modular-fuzzing-epic/ticket-015-MF-029/ticket/desired/tests/test_tla_spec_dev_close_promotion_adapter.py	out-of-scope	ticket_plan.yaml:648-658	none (outside the three project indexes)	unrepresented		Exact-path exclusion; semantic code was not read
2186	specs/.history/modular-fuzzing-epic/ticket-015-MF-029/ticket/desired/tests/test_tla_spec_dev_complexity_ledger_adapter.py	out-of-scope	ticket_plan.yaml:648-658	none (outside the three project indexes)	unrepresented		Exact-path exclusion; semantic code was not read
2187	specs/.history/modular-fuzzing-epic/ticket-015-MF-029/ticket/desired/tests/test_tla_spec_dev_corpus_adapter.py	out-of-scope	ticket_plan.yaml:648-658	none (outside the three project indexes)	unrepresented		Exact-path exclusion; semantic code was not read
2188	specs/.history/modular-fuzzing-epic/ticket-015-MF-029/ticket/desired/tests/test_tla_spec_dev_effect_conformance_adapter.py	out-of-scope	ticket_plan.yaml:648-658	none (outside the three project indexes)	unrepresented		Exact-path exclusion; semantic code was not read
2189	specs/.history/modular-fuzzing-epic/ticket-015-MF-029/ticket/desired/tests/test_tla_spec_dev_kill_test_adapter.py	out-of-scope	ticket_plan.yaml:648-658	none (outside the three project indexes)	unrepresented		Exact-path exclusion; semantic code was not read
2190	specs/.history/modular-fuzzing-epic/ticket-015-MF-029/ticket/desired/tests/test_tla_spec_dev_run_adapter.py	out-of-scope	ticket_plan.yaml:648-658	none (outside the three project indexes)	unrepresented		Exact-path exclusion; semantic code was not read
2191	specs/.history/modular-fuzzing-epic/ticket-015-MF-029/ticket/desired/tests/test_tla_spec_dev_scaffold_adapter.py	out-of-scope	ticket_plan.yaml:648-658	none (outside the three project indexes)	unrepresented		Exact-path exclusion; semantic code was not read
2192	specs/.history/modular-fuzzing-epic/ticket-015-MF-029/ticket/desired/tests/test_tla_spec_dev_skill_feedback_adapter.py	out-of-scope	ticket_plan.yaml:648-658	none (outside the three project indexes)	unrepresented		Exact-path exclusion; semantic code was not read
2193	specs/.history/modular-fuzzing-epic/ticket-015-MF-029/ticket/desired/tests/test_tla_spec_dev_test_graph_adapter.py	out-of-scope	ticket_plan.yaml:648-658	none (outside the three project indexes)	unrepresented		Exact-path exclusion; semantic code was not read
2194	specs/.history/modular-fuzzing-epic/ticket-015-MF-029/ticket/desired/tests/test_tla_spec_dev_ticket_adapter.py	out-of-scope	ticket_plan.yaml:648-658	none (outside the three project indexes)	unrepresented		Exact-path exclusion; semantic code was not read
2195	specs/.history/modular-fuzzing-epic/ticket-015-MF-029/ticket/tests/test_ticket_workflow.py	out-of-scope	ticket_plan.yaml:648-658	none (outside the three project indexes)	unrepresented		Exact-path exclusion; semantic code was not read
2196	specs/.history/modular-fuzzing-epic/ticket-016-MF-030/snapshots/current/production_adapters.py	out-of-scope	ticket_plan.yaml:648-658	none (outside the three project indexes)	unrepresented		Exact-path exclusion; semantic code was not read
2197	specs/.history/modular-fuzzing-epic/ticket-016-MF-030/snapshots/current/tests/test_current_ticket_workflow.py	out-of-scope	ticket_plan.yaml:648-658	none (outside the three project indexes)	unrepresented		Exact-path exclusion; semantic code was not read
2198	specs/.history/modular-fuzzing-epic/ticket-016-MF-030/snapshots/current/tests/test_tla_spec_dev_analyze_adapter.py	out-of-scope	ticket_plan.yaml:648-658	none (outside the three project indexes)	unrepresented		Exact-path exclusion; semantic code was not read
2199	specs/.history/modular-fuzzing-epic/ticket-016-MF-030/snapshots/current/tests/test_tla_spec_dev_budgets_adapter.py	out-of-scope	ticket_plan.yaml:648-658	none (outside the three project indexes)	unrepresented		Exact-path exclusion; semantic code was not read
2200	specs/.history/modular-fuzzing-epic/ticket-016-MF-030/snapshots/current/tests/test_tla_spec_dev_cli_adapter.py	out-of-scope	ticket_plan.yaml:648-658	none (outside the three project indexes)	unrepresented		Exact-path exclusion; semantic code was not read
2201	specs/.history/modular-fuzzing-epic/ticket-016-MF-030/snapshots/current/tests/test_tla_spec_dev_close_promotion_adapter.py	out-of-scope	ticket_plan.yaml:648-658	none (outside the three project indexes)	unrepresented		Exact-path exclusion; semantic code was not read
2202	specs/.history/modular-fuzzing-epic/ticket-016-MF-030/snapshots/current/tests/test_tla_spec_dev_complexity_ledger_adapter.py	out-of-scope	ticket_plan.yaml:648-658	none (outside the three project indexes)	unrepresented		Exact-path exclusion; semantic code was not read
2203	specs/.history/modular-fuzzing-epic/ticket-016-MF-030/snapshots/current/tests/test_tla_spec_dev_corpus_adapter.py	out-of-scope	ticket_plan.yaml:648-658	none (outside the three project indexes)	unrepresented		Exact-path exclusion; semantic code was not read
2204	specs/.history/modular-fuzzing-epic/ticket-016-MF-030/snapshots/current/tests/test_tla_spec_dev_effect_conformance_adapter.py	out-of-scope	ticket_plan.yaml:648-658	none (outside the three project indexes)	unrepresented		Exact-path exclusion; semantic code was not read
2205	specs/.history/modular-fuzzing-epic/ticket-016-MF-030/snapshots/current/tests/test_tla_spec_dev_kill_test_adapter.py	out-of-scope	ticket_plan.yaml:648-658	none (outside the three project indexes)	unrepresented		Exact-path exclusion; semantic code was not read
2206	specs/.history/modular-fuzzing-epic/ticket-016-MF-030/snapshots/current/tests/test_tla_spec_dev_run_adapter.py	out-of-scope	ticket_plan.yaml:648-658	none (outside the three project indexes)	unrepresented		Exact-path exclusion; semantic code was not read
2207	specs/.history/modular-fuzzing-epic/ticket-016-MF-030/snapshots/current/tests/test_tla_spec_dev_scaffold_adapter.py	out-of-scope	ticket_plan.yaml:648-658	none (outside the three project indexes)	unrepresented		Exact-path exclusion; semantic code was not read
2208	specs/.history/modular-fuzzing-epic/ticket-016-MF-030/snapshots/current/tests/test_tla_spec_dev_skill_feedback_adapter.py	out-of-scope	ticket_plan.yaml:648-658	none (outside the three project indexes)	unrepresented		Exact-path exclusion; semantic code was not read
2209	specs/.history/modular-fuzzing-epic/ticket-016-MF-030/snapshots/current/tests/test_tla_spec_dev_test_graph_adapter.py	out-of-scope	ticket_plan.yaml:648-658	none (outside the three project indexes)	unrepresented		Exact-path exclusion; semantic code was not read
2210	specs/.history/modular-fuzzing-epic/ticket-016-MF-030/snapshots/current/tests/test_tla_spec_dev_ticket_adapter.py	out-of-scope	ticket_plan.yaml:648-658	none (outside the three project indexes)	unrepresented		Exact-path exclusion; semantic code was not read
2211	specs/.history/modular-fuzzing-epic/ticket-016-MF-030/snapshots/desired_program_model/production_adapters.py	out-of-scope	ticket_plan.yaml:648-658	none (outside the three project indexes)	unrepresented		Exact-path exclusion; semantic code was not read
2212	specs/.history/modular-fuzzing-epic/ticket-016-MF-030/snapshots/desired_program_model/tests/test_tla_spec_dev_cli_adapter.py	out-of-scope	ticket_plan.yaml:648-658	none (outside the three project indexes)	unrepresented		Exact-path exclusion; semantic code was not read
2213	specs/.history/modular-fuzzing-epic/ticket-016-MF-030/snapshots/desired_program_model/tests/test_tla_spec_dev_run_adapter.py	out-of-scope	ticket_plan.yaml:648-658	none (outside the three project indexes)	unrepresented		Exact-path exclusion; semantic code was not read
2214	specs/.history/modular-fuzzing-epic/ticket-016-MF-030/snapshots/desired_program_model/tests/test_tla_spec_dev_scaffold_adapter.py	out-of-scope	ticket_plan.yaml:648-658	none (outside the three project indexes)	unrepresented		Exact-path exclusion; semantic code was not read
2215	specs/.history/modular-fuzzing-epic/ticket-016-MF-030/snapshots/desired_program_model/tests/test_tla_spec_dev_test_graph_adapter.py	out-of-scope	ticket_plan.yaml:648-658	none (outside the three project indexes)	unrepresented		Exact-path exclusion; semantic code was not read
2216	specs/.history/modular-fuzzing-epic/ticket-016-MF-030/snapshots/desired_program_model/tests/test_tla_spec_dev_ticket_adapter.py	out-of-scope	ticket_plan.yaml:648-658	none (outside the three project indexes)	unrepresented		Exact-path exclusion; semantic code was not read
2217	specs/.history/modular-fuzzing-epic/ticket-016-MF-030/snapshots/program_model/production_adapters.py	out-of-scope	ticket_plan.yaml:648-658	none (outside the three project indexes)	unrepresented		Exact-path exclusion; semantic code was not read
2218	specs/.history/modular-fuzzing-epic/ticket-016-MF-030/snapshots/program_model/tests/test_tla_spec_dev_cli_adapter.py	out-of-scope	ticket_plan.yaml:648-658	none (outside the three project indexes)	unrepresented		Exact-path exclusion; semantic code was not read
2219	specs/.history/modular-fuzzing-epic/ticket-016-MF-030/snapshots/program_model/tests/test_tla_spec_dev_run_adapter.py	out-of-scope	ticket_plan.yaml:648-658	none (outside the three project indexes)	unrepresented		Exact-path exclusion; semantic code was not read
2220	specs/.history/modular-fuzzing-epic/ticket-016-MF-030/snapshots/program_model/tests/test_tla_spec_dev_scaffold_adapter.py	out-of-scope	ticket_plan.yaml:648-658	none (outside the three project indexes)	unrepresented		Exact-path exclusion; semantic code was not read
2221	specs/.history/modular-fuzzing-epic/ticket-016-MF-030/snapshots/program_model/tests/test_tla_spec_dev_test_graph_adapter.py	out-of-scope	ticket_plan.yaml:648-658	none (outside the three project indexes)	unrepresented		Exact-path exclusion; semantic code was not read
2222	specs/.history/modular-fuzzing-epic/ticket-016-MF-030/snapshots/program_model/tests/test_tla_spec_dev_ticket_adapter.py	out-of-scope	ticket_plan.yaml:648-658	none (outside the three project indexes)	unrepresented		Exact-path exclusion; semantic code was not read
2223	specs/.history/modular-fuzzing-epic/ticket-016-MF-030/ticket/current/production_adapters.py	out-of-scope	ticket_plan.yaml:648-658	none (outside the three project indexes)	unrepresented		Exact-path exclusion; semantic code was not read
2224	specs/.history/modular-fuzzing-epic/ticket-016-MF-030/ticket/current/tests/test_tla_spec_dev_analyze_adapter.py	out-of-scope	ticket_plan.yaml:648-658	none (outside the three project indexes)	unrepresented		Exact-path exclusion; semantic code was not read
2225	specs/.history/modular-fuzzing-epic/ticket-016-MF-030/ticket/current/tests/test_tla_spec_dev_budgets_adapter.py	out-of-scope	ticket_plan.yaml:648-658	none (outside the three project indexes)	unrepresented		Exact-path exclusion; semantic code was not read
2226	specs/.history/modular-fuzzing-epic/ticket-016-MF-030/ticket/current/tests/test_tla_spec_dev_cli_adapter.py	out-of-scope	ticket_plan.yaml:648-658	none (outside the three project indexes)	unrepresented		Exact-path exclusion; semantic code was not read
2227	specs/.history/modular-fuzzing-epic/ticket-016-MF-030/ticket/current/tests/test_tla_spec_dev_close_promotion_adapter.py	out-of-scope	ticket_plan.yaml:648-658	none (outside the three project indexes)	unrepresented		Exact-path exclusion; semantic code was not read
2228	specs/.history/modular-fuzzing-epic/ticket-016-MF-030/ticket/current/tests/test_tla_spec_dev_complexity_ledger_adapter.py	out-of-scope	ticket_plan.yaml:648-658	none (outside the three project indexes)	unrepresented		Exact-path exclusion; semantic code was not read
2229	specs/.history/modular-fuzzing-epic/ticket-016-MF-030/ticket/current/tests/test_tla_spec_dev_corpus_adapter.py	out-of-scope	ticket_plan.yaml:648-658	none (outside the three project indexes)	unrepresented		Exact-path exclusion; semantic code was not read
2230	specs/.history/modular-fuzzing-epic/ticket-016-MF-030/ticket/current/tests/test_tla_spec_dev_effect_conformance_adapter.py	out-of-scope	ticket_plan.yaml:648-658	none (outside the three project indexes)	unrepresented		Exact-path exclusion; semantic code was not read
2231	specs/.history/modular-fuzzing-epic/ticket-016-MF-030/ticket/current/tests/test_tla_spec_dev_kill_test_adapter.py	out-of-scope	ticket_plan.yaml:648-658	none (outside the three project indexes)	unrepresented		Exact-path exclusion; semantic code was not read
2232	specs/.history/modular-fuzzing-epic/ticket-016-MF-030/ticket/current/tests/test_tla_spec_dev_run_adapter.py	out-of-scope	ticket_plan.yaml:648-658	none (outside the three project indexes)	unrepresented		Exact-path exclusion; semantic code was not read
2233	specs/.history/modular-fuzzing-epic/ticket-016-MF-030/ticket/current/tests/test_tla_spec_dev_scaffold_adapter.py	out-of-scope	ticket_plan.yaml:648-658	none (outside the three project indexes)	unrepresented		Exact-path exclusion; semantic code was not read
2234	specs/.history/modular-fuzzing-epic/ticket-016-MF-030/ticket/current/tests/test_tla_spec_dev_skill_feedback_adapter.py	out-of-scope	ticket_plan.yaml:648-658	none (outside the three project indexes)	unrepresented		Exact-path exclusion; semantic code was not read
2235	specs/.history/modular-fuzzing-epic/ticket-016-MF-030/ticket/current/tests/test_tla_spec_dev_test_graph_adapter.py	out-of-scope	ticket_plan.yaml:648-658	none (outside the three project indexes)	unrepresented		Exact-path exclusion; semantic code was not read
2236	specs/.history/modular-fuzzing-epic/ticket-016-MF-030/ticket/current/tests/test_tla_spec_dev_ticket_adapter.py	out-of-scope	ticket_plan.yaml:648-658	none (outside the three project indexes)	unrepresented		Exact-path exclusion; semantic code was not read
2237	specs/.history/modular-fuzzing-epic/ticket-016-MF-030/ticket/desired/production_adapters.py	out-of-scope	ticket_plan.yaml:648-658	none (outside the three project indexes)	unrepresented		Exact-path exclusion; semantic code was not read
2238	specs/.history/modular-fuzzing-epic/ticket-016-MF-030/ticket/desired/tests/test_tla_spec_dev_analyze_adapter.py	out-of-scope	ticket_plan.yaml:648-658	none (outside the three project indexes)	unrepresented		Exact-path exclusion; semantic code was not read
2239	specs/.history/modular-fuzzing-epic/ticket-016-MF-030/ticket/desired/tests/test_tla_spec_dev_budgets_adapter.py	out-of-scope	ticket_plan.yaml:648-658	none (outside the three project indexes)	unrepresented		Exact-path exclusion; semantic code was not read
2240	specs/.history/modular-fuzzing-epic/ticket-016-MF-030/ticket/desired/tests/test_tla_spec_dev_cli_adapter.py	out-of-scope	ticket_plan.yaml:648-658	none (outside the three project indexes)	unrepresented		Exact-path exclusion; semantic code was not read
2241	specs/.history/modular-fuzzing-epic/ticket-016-MF-030/ticket/desired/tests/test_tla_spec_dev_close_promotion_adapter.py	out-of-scope	ticket_plan.yaml:648-658	none (outside the three project indexes)	unrepresented		Exact-path exclusion; semantic code was not read
2242	specs/.history/modular-fuzzing-epic/ticket-016-MF-030/ticket/desired/tests/test_tla_spec_dev_complexity_ledger_adapter.py	out-of-scope	ticket_plan.yaml:648-658	none (outside the three project indexes)	unrepresented		Exact-path exclusion; semantic code was not read
2243	specs/.history/modular-fuzzing-epic/ticket-016-MF-030/ticket/desired/tests/test_tla_spec_dev_corpus_adapter.py	out-of-scope	ticket_plan.yaml:648-658	none (outside the three project indexes)	unrepresented		Exact-path exclusion; semantic code was not read
2244	specs/.history/modular-fuzzing-epic/ticket-016-MF-030/ticket/desired/tests/test_tla_spec_dev_effect_conformance_adapter.py	out-of-scope	ticket_plan.yaml:648-658	none (outside the three project indexes)	unrepresented		Exact-path exclusion; semantic code was not read
2245	specs/.history/modular-fuzzing-epic/ticket-016-MF-030/ticket/desired/tests/test_tla_spec_dev_kill_test_adapter.py	out-of-scope	ticket_plan.yaml:648-658	none (outside the three project indexes)	unrepresented		Exact-path exclusion; semantic code was not read
2246	specs/.history/modular-fuzzing-epic/ticket-016-MF-030/ticket/desired/tests/test_tla_spec_dev_run_adapter.py	out-of-scope	ticket_plan.yaml:648-658	none (outside the three project indexes)	unrepresented		Exact-path exclusion; semantic code was not read
2247	specs/.history/modular-fuzzing-epic/ticket-016-MF-030/ticket/desired/tests/test_tla_spec_dev_scaffold_adapter.py	out-of-scope	ticket_plan.yaml:648-658	none (outside the three project indexes)	unrepresented		Exact-path exclusion; semantic code was not read
2248	specs/.history/modular-fuzzing-epic/ticket-016-MF-030/ticket/desired/tests/test_tla_spec_dev_skill_feedback_adapter.py	out-of-scope	ticket_plan.yaml:648-658	none (outside the three project indexes)	unrepresented		Exact-path exclusion; semantic code was not read
2249	specs/.history/modular-fuzzing-epic/ticket-016-MF-030/ticket/desired/tests/test_tla_spec_dev_test_graph_adapter.py	out-of-scope	ticket_plan.yaml:648-658	none (outside the three project indexes)	unrepresented		Exact-path exclusion; semantic code was not read
2250	specs/.history/modular-fuzzing-epic/ticket-016-MF-030/ticket/desired/tests/test_tla_spec_dev_ticket_adapter.py	out-of-scope	ticket_plan.yaml:648-658	none (outside the three project indexes)	unrepresented		Exact-path exclusion; semantic code was not read
2251	specs/.history/modular-fuzzing-epic/ticket-016-MF-030/ticket/tests/test_ticket_workflow.py	out-of-scope	ticket_plan.yaml:648-658	none (outside the three project indexes)	unrepresented		Exact-path exclusion; semantic code was not read
2252	specs/.history/modular-fuzzing-epic/ticket-017-MF-031/snapshots/current/production_adapters.py	out-of-scope	ticket_plan.yaml:648-658	none (outside the three project indexes)	unrepresented		Exact-path exclusion; semantic code was not read
2253	specs/.history/modular-fuzzing-epic/ticket-017-MF-031/snapshots/current/tests/test_current_ticket_workflow.py	out-of-scope	ticket_plan.yaml:648-658	none (outside the three project indexes)	unrepresented		Exact-path exclusion; semantic code was not read
2254	specs/.history/modular-fuzzing-epic/ticket-017-MF-031/snapshots/current/tests/test_tla_spec_dev_analyze_adapter.py	out-of-scope	ticket_plan.yaml:648-658	none (outside the three project indexes)	unrepresented		Exact-path exclusion; semantic code was not read
2255	specs/.history/modular-fuzzing-epic/ticket-017-MF-031/snapshots/current/tests/test_tla_spec_dev_budgets_adapter.py	out-of-scope	ticket_plan.yaml:648-658	none (outside the three project indexes)	unrepresented		Exact-path exclusion; semantic code was not read
2256	specs/.history/modular-fuzzing-epic/ticket-017-MF-031/snapshots/current/tests/test_tla_spec_dev_cli_adapter.py	out-of-scope	ticket_plan.yaml:648-658	none (outside the three project indexes)	unrepresented		Exact-path exclusion; semantic code was not read
2257	specs/.history/modular-fuzzing-epic/ticket-017-MF-031/snapshots/current/tests/test_tla_spec_dev_close_promotion_adapter.py	out-of-scope	ticket_plan.yaml:648-658	none (outside the three project indexes)	unrepresented		Exact-path exclusion; semantic code was not read
2258	specs/.history/modular-fuzzing-epic/ticket-017-MF-031/snapshots/current/tests/test_tla_spec_dev_complexity_ledger_adapter.py	out-of-scope	ticket_plan.yaml:648-658	none (outside the three project indexes)	unrepresented		Exact-path exclusion; semantic code was not read
2259	specs/.history/modular-fuzzing-epic/ticket-017-MF-031/snapshots/current/tests/test_tla_spec_dev_corpus_adapter.py	out-of-scope	ticket_plan.yaml:648-658	none (outside the three project indexes)	unrepresented		Exact-path exclusion; semantic code was not read
2260	specs/.history/modular-fuzzing-epic/ticket-017-MF-031/snapshots/current/tests/test_tla_spec_dev_effect_conformance_adapter.py	out-of-scope	ticket_plan.yaml:648-658	none (outside the three project indexes)	unrepresented		Exact-path exclusion; semantic code was not read
2261	specs/.history/modular-fuzzing-epic/ticket-017-MF-031/snapshots/current/tests/test_tla_spec_dev_kill_test_adapter.py	out-of-scope	ticket_plan.yaml:648-658	none (outside the three project indexes)	unrepresented		Exact-path exclusion; semantic code was not read
2262	specs/.history/modular-fuzzing-epic/ticket-017-MF-031/snapshots/current/tests/test_tla_spec_dev_run_adapter.py	out-of-scope	ticket_plan.yaml:648-658	none (outside the three project indexes)	unrepresented		Exact-path exclusion; semantic code was not read
2263	specs/.history/modular-fuzzing-epic/ticket-017-MF-031/snapshots/current/tests/test_tla_spec_dev_scaffold_adapter.py	out-of-scope	ticket_plan.yaml:648-658	none (outside the three project indexes)	unrepresented		Exact-path exclusion; semantic code was not read
2264	specs/.history/modular-fuzzing-epic/ticket-017-MF-031/snapshots/current/tests/test_tla_spec_dev_skill_feedback_adapter.py	out-of-scope	ticket_plan.yaml:648-658	none (outside the three project indexes)	unrepresented		Exact-path exclusion; semantic code was not read
2265	specs/.history/modular-fuzzing-epic/ticket-017-MF-031/snapshots/current/tests/test_tla_spec_dev_test_graph_adapter.py	out-of-scope	ticket_plan.yaml:648-658	none (outside the three project indexes)	unrepresented		Exact-path exclusion; semantic code was not read
2266	specs/.history/modular-fuzzing-epic/ticket-017-MF-031/snapshots/current/tests/test_tla_spec_dev_ticket_adapter.py	out-of-scope	ticket_plan.yaml:648-658	none (outside the three project indexes)	unrepresented		Exact-path exclusion; semantic code was not read
2267	specs/.history/modular-fuzzing-epic/ticket-017-MF-031/snapshots/current/tests/test_tla_spec_dev_update_ticket_adapter.py	out-of-scope	ticket_plan.yaml:648-658	none (outside the three project indexes)	unrepresented		Exact-path exclusion; semantic code was not read
2268	specs/.history/modular-fuzzing-epic/ticket-017-MF-031/snapshots/desired_program_model/production_adapters.py	out-of-scope	ticket_plan.yaml:648-658	none (outside the three project indexes)	unrepresented		Exact-path exclusion; semantic code was not read
2269	specs/.history/modular-fuzzing-epic/ticket-017-MF-031/snapshots/desired_program_model/tests/test_tla_spec_dev_cli_adapter.py	out-of-scope	ticket_plan.yaml:648-658	none (outside the three project indexes)	unrepresented		Exact-path exclusion; semantic code was not read
2270	specs/.history/modular-fuzzing-epic/ticket-017-MF-031/snapshots/desired_program_model/tests/test_tla_spec_dev_run_adapter.py	out-of-scope	ticket_plan.yaml:648-658	none (outside the three project indexes)	unrepresented		Exact-path exclusion; semantic code was not read
2271	specs/.history/modular-fuzzing-epic/ticket-017-MF-031/snapshots/desired_program_model/tests/test_tla_spec_dev_scaffold_adapter.py	out-of-scope	ticket_plan.yaml:648-658	none (outside the three project indexes)	unrepresented		Exact-path exclusion; semantic code was not read
2272	specs/.history/modular-fuzzing-epic/ticket-017-MF-031/snapshots/desired_program_model/tests/test_tla_spec_dev_test_graph_adapter.py	out-of-scope	ticket_plan.yaml:648-658	none (outside the three project indexes)	unrepresented		Exact-path exclusion; semantic code was not read
2273	specs/.history/modular-fuzzing-epic/ticket-017-MF-031/snapshots/desired_program_model/tests/test_tla_spec_dev_ticket_adapter.py	out-of-scope	ticket_plan.yaml:648-658	none (outside the three project indexes)	unrepresented		Exact-path exclusion; semantic code was not read
2274	specs/.history/modular-fuzzing-epic/ticket-017-MF-031/snapshots/program_model/production_adapters.py	out-of-scope	ticket_plan.yaml:648-658	none (outside the three project indexes)	unrepresented		Exact-path exclusion; semantic code was not read
2275	specs/.history/modular-fuzzing-epic/ticket-017-MF-031/snapshots/program_model/tests/test_tla_spec_dev_cli_adapter.py	out-of-scope	ticket_plan.yaml:648-658	none (outside the three project indexes)	unrepresented		Exact-path exclusion; semantic code was not read
2276	specs/.history/modular-fuzzing-epic/ticket-017-MF-031/snapshots/program_model/tests/test_tla_spec_dev_run_adapter.py	out-of-scope	ticket_plan.yaml:648-658	none (outside the three project indexes)	unrepresented		Exact-path exclusion; semantic code was not read
2277	specs/.history/modular-fuzzing-epic/ticket-017-MF-031/snapshots/program_model/tests/test_tla_spec_dev_scaffold_adapter.py	out-of-scope	ticket_plan.yaml:648-658	none (outside the three project indexes)	unrepresented		Exact-path exclusion; semantic code was not read
2278	specs/.history/modular-fuzzing-epic/ticket-017-MF-031/snapshots/program_model/tests/test_tla_spec_dev_test_graph_adapter.py	out-of-scope	ticket_plan.yaml:648-658	none (outside the three project indexes)	unrepresented		Exact-path exclusion; semantic code was not read
2279	specs/.history/modular-fuzzing-epic/ticket-017-MF-031/snapshots/program_model/tests/test_tla_spec_dev_ticket_adapter.py	out-of-scope	ticket_plan.yaml:648-658	none (outside the three project indexes)	unrepresented		Exact-path exclusion; semantic code was not read
2280	specs/.history/modular-fuzzing-epic/ticket-017-MF-031/ticket/current/production_adapters.py	out-of-scope	ticket_plan.yaml:648-658	none (outside the three project indexes)	unrepresented		Exact-path exclusion; semantic code was not read
2281	specs/.history/modular-fuzzing-epic/ticket-017-MF-031/ticket/current/tests/test_tla_spec_dev_analyze_adapter.py	out-of-scope	ticket_plan.yaml:648-658	none (outside the three project indexes)	unrepresented		Exact-path exclusion; semantic code was not read
2282	specs/.history/modular-fuzzing-epic/ticket-017-MF-031/ticket/current/tests/test_tla_spec_dev_budgets_adapter.py	out-of-scope	ticket_plan.yaml:648-658	none (outside the three project indexes)	unrepresented		Exact-path exclusion; semantic code was not read
2283	specs/.history/modular-fuzzing-epic/ticket-017-MF-031/ticket/current/tests/test_tla_spec_dev_cli_adapter.py	out-of-scope	ticket_plan.yaml:648-658	none (outside the three project indexes)	unrepresented		Exact-path exclusion; semantic code was not read
2284	specs/.history/modular-fuzzing-epic/ticket-017-MF-031/ticket/current/tests/test_tla_spec_dev_close_promotion_adapter.py	out-of-scope	ticket_plan.yaml:648-658	none (outside the three project indexes)	unrepresented		Exact-path exclusion; semantic code was not read
2285	specs/.history/modular-fuzzing-epic/ticket-017-MF-031/ticket/current/tests/test_tla_spec_dev_complexity_ledger_adapter.py	out-of-scope	ticket_plan.yaml:648-658	none (outside the three project indexes)	unrepresented		Exact-path exclusion; semantic code was not read
2286	specs/.history/modular-fuzzing-epic/ticket-017-MF-031/ticket/current/tests/test_tla_spec_dev_corpus_adapter.py	out-of-scope	ticket_plan.yaml:648-658	none (outside the three project indexes)	unrepresented		Exact-path exclusion; semantic code was not read
2287	specs/.history/modular-fuzzing-epic/ticket-017-MF-031/ticket/current/tests/test_tla_spec_dev_effect_conformance_adapter.py	out-of-scope	ticket_plan.yaml:648-658	none (outside the three project indexes)	unrepresented		Exact-path exclusion; semantic code was not read
2288	specs/.history/modular-fuzzing-epic/ticket-017-MF-031/ticket/current/tests/test_tla_spec_dev_kill_test_adapter.py	out-of-scope	ticket_plan.yaml:648-658	none (outside the three project indexes)	unrepresented		Exact-path exclusion; semantic code was not read
2289	specs/.history/modular-fuzzing-epic/ticket-017-MF-031/ticket/current/tests/test_tla_spec_dev_run_adapter.py	out-of-scope	ticket_plan.yaml:648-658	none (outside the three project indexes)	unrepresented		Exact-path exclusion; semantic code was not read
2290	specs/.history/modular-fuzzing-epic/ticket-017-MF-031/ticket/current/tests/test_tla_spec_dev_scaffold_adapter.py	out-of-scope	ticket_plan.yaml:648-658	none (outside the three project indexes)	unrepresented		Exact-path exclusion; semantic code was not read
2291	specs/.history/modular-fuzzing-epic/ticket-017-MF-031/ticket/current/tests/test_tla_spec_dev_skill_feedback_adapter.py	out-of-scope	ticket_plan.yaml:648-658	none (outside the three project indexes)	unrepresented		Exact-path exclusion; semantic code was not read
2292	specs/.history/modular-fuzzing-epic/ticket-017-MF-031/ticket/current/tests/test_tla_spec_dev_test_graph_adapter.py	out-of-scope	ticket_plan.yaml:648-658	none (outside the three project indexes)	unrepresented		Exact-path exclusion; semantic code was not read
2293	specs/.history/modular-fuzzing-epic/ticket-017-MF-031/ticket/current/tests/test_tla_spec_dev_ticket_adapter.py	out-of-scope	ticket_plan.yaml:648-658	none (outside the three project indexes)	unrepresented		Exact-path exclusion; semantic code was not read
2294	specs/.history/modular-fuzzing-epic/ticket-017-MF-031/ticket/current/tests/test_tla_spec_dev_update_ticket_adapter.py	out-of-scope	ticket_plan.yaml:648-658	none (outside the three project indexes)	unrepresented		Exact-path exclusion; semantic code was not read
2295	specs/.history/modular-fuzzing-epic/ticket-017-MF-031/ticket/desired/production_adapters.py	out-of-scope	ticket_plan.yaml:648-658	none (outside the three project indexes)	unrepresented		Exact-path exclusion; semantic code was not read
2296	specs/.history/modular-fuzzing-epic/ticket-017-MF-031/ticket/desired/tests/test_tla_spec_dev_analyze_adapter.py	out-of-scope	ticket_plan.yaml:648-658	none (outside the three project indexes)	unrepresented		Exact-path exclusion; semantic code was not read
2297	specs/.history/modular-fuzzing-epic/ticket-017-MF-031/ticket/desired/tests/test_tla_spec_dev_budgets_adapter.py	out-of-scope	ticket_plan.yaml:648-658	none (outside the three project indexes)	unrepresented		Exact-path exclusion; semantic code was not read
2298	specs/.history/modular-fuzzing-epic/ticket-017-MF-031/ticket/desired/tests/test_tla_spec_dev_cli_adapter.py	out-of-scope	ticket_plan.yaml:648-658	none (outside the three project indexes)	unrepresented		Exact-path exclusion; semantic code was not read
2299	specs/.history/modular-fuzzing-epic/ticket-017-MF-031/ticket/desired/tests/test_tla_spec_dev_close_promotion_adapter.py	out-of-scope	ticket_plan.yaml:648-658	none (outside the three project indexes)	unrepresented		Exact-path exclusion; semantic code was not read
2300	specs/.history/modular-fuzzing-epic/ticket-017-MF-031/ticket/desired/tests/test_tla_spec_dev_complexity_ledger_adapter.py	out-of-scope	ticket_plan.yaml:648-658	none (outside the three project indexes)	unrepresented		Exact-path exclusion; semantic code was not read
2301	specs/.history/modular-fuzzing-epic/ticket-017-MF-031/ticket/desired/tests/test_tla_spec_dev_corpus_adapter.py	out-of-scope	ticket_plan.yaml:648-658	none (outside the three project indexes)	unrepresented		Exact-path exclusion; semantic code was not read
2302	specs/.history/modular-fuzzing-epic/ticket-017-MF-031/ticket/desired/tests/test_tla_spec_dev_effect_conformance_adapter.py	out-of-scope	ticket_plan.yaml:648-658	none (outside the three project indexes)	unrepresented		Exact-path exclusion; semantic code was not read
2303	specs/.history/modular-fuzzing-epic/ticket-017-MF-031/ticket/desired/tests/test_tla_spec_dev_kill_test_adapter.py	out-of-scope	ticket_plan.yaml:648-658	none (outside the three project indexes)	unrepresented		Exact-path exclusion; semantic code was not read
2304	specs/.history/modular-fuzzing-epic/ticket-017-MF-031/ticket/desired/tests/test_tla_spec_dev_run_adapter.py	out-of-scope	ticket_plan.yaml:648-658	none (outside the three project indexes)	unrepresented		Exact-path exclusion; semantic code was not read
2305	specs/.history/modular-fuzzing-epic/ticket-017-MF-031/ticket/desired/tests/test_tla_spec_dev_scaffold_adapter.py	out-of-scope	ticket_plan.yaml:648-658	none (outside the three project indexes)	unrepresented		Exact-path exclusion; semantic code was not read
2306	specs/.history/modular-fuzzing-epic/ticket-017-MF-031/ticket/desired/tests/test_tla_spec_dev_skill_feedback_adapter.py	out-of-scope	ticket_plan.yaml:648-658	none (outside the three project indexes)	unrepresented		Exact-path exclusion; semantic code was not read
2307	specs/.history/modular-fuzzing-epic/ticket-017-MF-031/ticket/desired/tests/test_tla_spec_dev_test_graph_adapter.py	out-of-scope	ticket_plan.yaml:648-658	none (outside the three project indexes)	unrepresented		Exact-path exclusion; semantic code was not read
2308	specs/.history/modular-fuzzing-epic/ticket-017-MF-031/ticket/desired/tests/test_tla_spec_dev_ticket_adapter.py	out-of-scope	ticket_plan.yaml:648-658	none (outside the three project indexes)	unrepresented		Exact-path exclusion; semantic code was not read
2309	specs/.history/modular-fuzzing-epic/ticket-017-MF-031/ticket/desired/tests/test_tla_spec_dev_update_ticket_adapter.py	out-of-scope	ticket_plan.yaml:648-658	none (outside the three project indexes)	unrepresented		Exact-path exclusion; semantic code was not read
2310	specs/.history/modular-fuzzing-epic/ticket-017-MF-031/ticket/results/capture_projection.py	out-of-scope	ticket_plan.yaml:648-658	none (outside the three project indexes)	unrepresented		Exact-path exclusion; semantic code was not read
2311	specs/.history/modular-fuzzing-epic/ticket-017-MF-031/ticket/results/closeticket_collision.py	out-of-scope	ticket_plan.yaml:648-658	none (outside the three project indexes)	unrepresented		Exact-path exclusion; semantic code was not read
2312	specs/.history/modular-fuzzing-epic/ticket-017-MF-031/ticket/results/measure_coverage.py	out-of-scope	ticket_plan.yaml:648-658	none (outside the three project indexes)	unrepresented		Exact-path exclusion; semantic code was not read
2313	specs/.history/modular-fuzzing-epic/ticket-017-MF-031/ticket/tests/test_ticket_workflow.py	out-of-scope	ticket_plan.yaml:648-658	none (outside the three project indexes)	unrepresented		Exact-path exclusion; semantic code was not read
2314	specs/.history/modular-fuzzing-epic/ticket-018-MF-032/snapshots/current/adapter_case_runtime.py	out-of-scope	ticket_plan.yaml:648-658	none (outside the three project indexes)	unrepresented		Exact-path exclusion; semantic code was not read
2315	specs/.history/modular-fuzzing-epic/ticket-018-MF-032/snapshots/current/production_adapters.py	out-of-scope	ticket_plan.yaml:648-658	none (outside the three project indexes)	unrepresented		Exact-path exclusion; semantic code was not read
2316	specs/.history/modular-fuzzing-epic/ticket-018-MF-032/snapshots/current/tests/test_current_ticket_workflow.py	out-of-scope	ticket_plan.yaml:648-658	none (outside the three project indexes)	unrepresented		Exact-path exclusion; semantic code was not read
2317	specs/.history/modular-fuzzing-epic/ticket-018-MF-032/snapshots/current/tests/test_tla_spec_dev_analyze_adapter.py	out-of-scope	ticket_plan.yaml:648-658	none (outside the three project indexes)	unrepresented		Exact-path exclusion; semantic code was not read
2318	specs/.history/modular-fuzzing-epic/ticket-018-MF-032/snapshots/current/tests/test_tla_spec_dev_budgets_adapter.py	out-of-scope	ticket_plan.yaml:648-658	none (outside the three project indexes)	unrepresented		Exact-path exclusion; semantic code was not read
2319	specs/.history/modular-fuzzing-epic/ticket-018-MF-032/snapshots/current/tests/test_tla_spec_dev_case_execution_run.py	out-of-scope	ticket_plan.yaml:648-658	none (outside the three project indexes)	unrepresented		Exact-path exclusion; semantic code was not read
2320	specs/.history/modular-fuzzing-epic/ticket-018-MF-032/snapshots/current/tests/test_tla_spec_dev_cli_adapter.py	out-of-scope	ticket_plan.yaml:648-658	none (outside the three project indexes)	unrepresented		Exact-path exclusion; semantic code was not read
2321	specs/.history/modular-fuzzing-epic/ticket-018-MF-032/snapshots/current/tests/test_tla_spec_dev_close_promotion_adapter.py	out-of-scope	ticket_plan.yaml:648-658	none (outside the three project indexes)	unrepresented		Exact-path exclusion; semantic code was not read
2322	specs/.history/modular-fuzzing-epic/ticket-018-MF-032/snapshots/current/tests/test_tla_spec_dev_complexity_ledger_adapter.py	out-of-scope	ticket_plan.yaml:648-658	none (outside the three project indexes)	unrepresented		Exact-path exclusion; semantic code was not read
2323	specs/.history/modular-fuzzing-epic/ticket-018-MF-032/snapshots/current/tests/test_tla_spec_dev_corpus_adapter.py	out-of-scope	ticket_plan.yaml:648-658	none (outside the three project indexes)	unrepresented		Exact-path exclusion; semantic code was not read
2324	specs/.history/modular-fuzzing-epic/ticket-018-MF-032/snapshots/current/tests/test_tla_spec_dev_effect_conformance_adapter.py	out-of-scope	ticket_plan.yaml:648-658	none (outside the three project indexes)	unrepresented		Exact-path exclusion; semantic code was not read
2325	specs/.history/modular-fuzzing-epic/ticket-018-MF-032/snapshots/current/tests/test_tla_spec_dev_kill_test_adapter.py	out-of-scope	ticket_plan.yaml:648-658	none (outside the three project indexes)	unrepresented		Exact-path exclusion; semantic code was not read
2326	specs/.history/modular-fuzzing-epic/ticket-018-MF-032/snapshots/current/tests/test_tla_spec_dev_run_adapter.py	out-of-scope	ticket_plan.yaml:648-658	none (outside the three project indexes)	unrepresented		Exact-path exclusion; semantic code was not read
2327	specs/.history/modular-fuzzing-epic/ticket-018-MF-032/snapshots/current/tests/test_tla_spec_dev_scaffold_adapter.py	out-of-scope	ticket_plan.yaml:648-658	none (outside the three project indexes)	unrepresented		Exact-path exclusion; semantic code was not read
2328	specs/.history/modular-fuzzing-epic/ticket-018-MF-032/snapshots/current/tests/test_tla_spec_dev_skill_feedback_adapter.py	out-of-scope	ticket_plan.yaml:648-658	none (outside the three project indexes)	unrepresented		Exact-path exclusion; semantic code was not read
2329	specs/.history/modular-fuzzing-epic/ticket-018-MF-032/snapshots/current/tests/test_tla_spec_dev_test_graph_adapter.py	out-of-scope	ticket_plan.yaml:648-658	none (outside the three project indexes)	unrepresented		Exact-path exclusion; semantic code was not read
2330	specs/.history/modular-fuzzing-epic/ticket-018-MF-032/snapshots/current/tests/test_tla_spec_dev_ticket_adapter.py	out-of-scope	ticket_plan.yaml:648-658	none (outside the three project indexes)	unrepresented		Exact-path exclusion; semantic code was not read
2331	specs/.history/modular-fuzzing-epic/ticket-018-MF-032/snapshots/current/tests/test_tla_spec_dev_update_ticket_adapter.py	out-of-scope	ticket_plan.yaml:648-658	none (outside the three project indexes)	unrepresented		Exact-path exclusion; semantic code was not read
2332	specs/.history/modular-fuzzing-epic/ticket-018-MF-032/snapshots/desired_program_model/production_adapters.py	out-of-scope	ticket_plan.yaml:648-658	none (outside the three project indexes)	unrepresented		Exact-path exclusion; semantic code was not read
2333	specs/.history/modular-fuzzing-epic/ticket-018-MF-032/snapshots/desired_program_model/tests/test_tla_spec_dev_cli_adapter.py	out-of-scope	ticket_plan.yaml:648-658	none (outside the three project indexes)	unrepresented		Exact-path exclusion; semantic code was not read
2334	specs/.history/modular-fuzzing-epic/ticket-018-MF-032/snapshots/desired_program_model/tests/test_tla_spec_dev_run_adapter.py	out-of-scope	ticket_plan.yaml:648-658	none (outside the three project indexes)	unrepresented		Exact-path exclusion; semantic code was not read
2335	specs/.history/modular-fuzzing-epic/ticket-018-MF-032/snapshots/desired_program_model/tests/test_tla_spec_dev_scaffold_adapter.py	out-of-scope	ticket_plan.yaml:648-658	none (outside the three project indexes)	unrepresented		Exact-path exclusion; semantic code was not read
2336	specs/.history/modular-fuzzing-epic/ticket-018-MF-032/snapshots/desired_program_model/tests/test_tla_spec_dev_test_graph_adapter.py	out-of-scope	ticket_plan.yaml:648-658	none (outside the three project indexes)	unrepresented		Exact-path exclusion; semantic code was not read
2337	specs/.history/modular-fuzzing-epic/ticket-018-MF-032/snapshots/desired_program_model/tests/test_tla_spec_dev_ticket_adapter.py	out-of-scope	ticket_plan.yaml:648-658	none (outside the three project indexes)	unrepresented		Exact-path exclusion; semantic code was not read
2338	specs/.history/modular-fuzzing-epic/ticket-018-MF-032/snapshots/program_model/production_adapters.py	out-of-scope	ticket_plan.yaml:648-658	none (outside the three project indexes)	unrepresented		Exact-path exclusion; semantic code was not read
2339	specs/.history/modular-fuzzing-epic/ticket-018-MF-032/snapshots/program_model/tests/test_tla_spec_dev_cli_adapter.py	out-of-scope	ticket_plan.yaml:648-658	none (outside the three project indexes)	unrepresented		Exact-path exclusion; semantic code was not read
2340	specs/.history/modular-fuzzing-epic/ticket-018-MF-032/snapshots/program_model/tests/test_tla_spec_dev_run_adapter.py	out-of-scope	ticket_plan.yaml:648-658	none (outside the three project indexes)	unrepresented		Exact-path exclusion; semantic code was not read
2341	specs/.history/modular-fuzzing-epic/ticket-018-MF-032/snapshots/program_model/tests/test_tla_spec_dev_scaffold_adapter.py	out-of-scope	ticket_plan.yaml:648-658	none (outside the three project indexes)	unrepresented		Exact-path exclusion; semantic code was not read
2342	specs/.history/modular-fuzzing-epic/ticket-018-MF-032/snapshots/program_model/tests/test_tla_spec_dev_test_graph_adapter.py	out-of-scope	ticket_plan.yaml:648-658	none (outside the three project indexes)	unrepresented		Exact-path exclusion; semantic code was not read
2343	specs/.history/modular-fuzzing-epic/ticket-018-MF-032/snapshots/program_model/tests/test_tla_spec_dev_ticket_adapter.py	out-of-scope	ticket_plan.yaml:648-658	none (outside the three project indexes)	unrepresented		Exact-path exclusion; semantic code was not read
2344	specs/.history/modular-fuzzing-epic/ticket-018-MF-032/ticket/current/adapter_case_runtime.py	out-of-scope	ticket_plan.yaml:648-658	none (outside the three project indexes)	unrepresented		Exact-path exclusion; semantic code was not read
2345	specs/.history/modular-fuzzing-epic/ticket-018-MF-032/ticket/current/production_adapters.py	out-of-scope	ticket_plan.yaml:648-658	none (outside the three project indexes)	unrepresented		Exact-path exclusion; semantic code was not read
2346	specs/.history/modular-fuzzing-epic/ticket-018-MF-032/ticket/current/tests/test_tla_spec_dev_analyze_adapter.py	out-of-scope	ticket_plan.yaml:648-658	none (outside the three project indexes)	unrepresented		Exact-path exclusion; semantic code was not read
2347	specs/.history/modular-fuzzing-epic/ticket-018-MF-032/ticket/current/tests/test_tla_spec_dev_budgets_adapter.py	out-of-scope	ticket_plan.yaml:648-658	none (outside the three project indexes)	unrepresented		Exact-path exclusion; semantic code was not read
2348	specs/.history/modular-fuzzing-epic/ticket-018-MF-032/ticket/current/tests/test_tla_spec_dev_case_execution_run.py	out-of-scope	ticket_plan.yaml:648-658	none (outside the three project indexes)	unrepresented		Exact-path exclusion; semantic code was not read
2349	specs/.history/modular-fuzzing-epic/ticket-018-MF-032/ticket/current/tests/test_tla_spec_dev_cli_adapter.py	out-of-scope	ticket_plan.yaml:648-658	none (outside the three project indexes)	unrepresented		Exact-path exclusion; semantic code was not read
2350	specs/.history/modular-fuzzing-epic/ticket-018-MF-032/ticket/current/tests/test_tla_spec_dev_close_promotion_adapter.py	out-of-scope	ticket_plan.yaml:648-658	none (outside the three project indexes)	unrepresented		Exact-path exclusion; semantic code was not read
2351	specs/.history/modular-fuzzing-epic/ticket-018-MF-032/ticket/current/tests/test_tla_spec_dev_complexity_ledger_adapter.py	out-of-scope	ticket_plan.yaml:648-658	none (outside the three project indexes)	unrepresented		Exact-path exclusion; semantic code was not read
2352	specs/.history/modular-fuzzing-epic/ticket-018-MF-032/ticket/current/tests/test_tla_spec_dev_corpus_adapter.py	out-of-scope	ticket_plan.yaml:648-658	none (outside the three project indexes)	unrepresented		Exact-path exclusion; semantic code was not read
2353	specs/.history/modular-fuzzing-epic/ticket-018-MF-032/ticket/current/tests/test_tla_spec_dev_effect_conformance_adapter.py	out-of-scope	ticket_plan.yaml:648-658	none (outside the three project indexes)	unrepresented		Exact-path exclusion; semantic code was not read
2354	specs/.history/modular-fuzzing-epic/ticket-018-MF-032/ticket/current/tests/test_tla_spec_dev_kill_test_adapter.py	out-of-scope	ticket_plan.yaml:648-658	none (outside the three project indexes)	unrepresented		Exact-path exclusion; semantic code was not read
2355	specs/.history/modular-fuzzing-epic/ticket-018-MF-032/ticket/current/tests/test_tla_spec_dev_run_adapter.py	out-of-scope	ticket_plan.yaml:648-658	none (outside the three project indexes)	unrepresented		Exact-path exclusion; semantic code was not read
2356	specs/.history/modular-fuzzing-epic/ticket-018-MF-032/ticket/current/tests/test_tla_spec_dev_scaffold_adapter.py	out-of-scope	ticket_plan.yaml:648-658	none (outside the three project indexes)	unrepresented		Exact-path exclusion; semantic code was not read
2357	specs/.history/modular-fuzzing-epic/ticket-018-MF-032/ticket/current/tests/test_tla_spec_dev_skill_feedback_adapter.py	out-of-scope	ticket_plan.yaml:648-658	none (outside the three project indexes)	unrepresented		Exact-path exclusion; semantic code was not read
2358	specs/.history/modular-fuzzing-epic/ticket-018-MF-032/ticket/current/tests/test_tla_spec_dev_test_graph_adapter.py	out-of-scope	ticket_plan.yaml:648-658	none (outside the three project indexes)	unrepresented		Exact-path exclusion; semantic code was not read
2359	specs/.history/modular-fuzzing-epic/ticket-018-MF-032/ticket/current/tests/test_tla_spec_dev_ticket_adapter.py	out-of-scope	ticket_plan.yaml:648-658	none (outside the three project indexes)	unrepresented		Exact-path exclusion; semantic code was not read
2360	specs/.history/modular-fuzzing-epic/ticket-018-MF-032/ticket/current/tests/test_tla_spec_dev_update_ticket_adapter.py	out-of-scope	ticket_plan.yaml:648-658	none (outside the three project indexes)	unrepresented		Exact-path exclusion; semantic code was not read
2361	specs/.history/modular-fuzzing-epic/ticket-018-MF-032/ticket/desired/adapter_case_runtime.py	out-of-scope	ticket_plan.yaml:648-658	none (outside the three project indexes)	unrepresented		Exact-path exclusion; semantic code was not read
2362	specs/.history/modular-fuzzing-epic/ticket-018-MF-032/ticket/desired/production_adapters.py	out-of-scope	ticket_plan.yaml:648-658	none (outside the three project indexes)	unrepresented		Exact-path exclusion; semantic code was not read
2363	specs/.history/modular-fuzzing-epic/ticket-018-MF-032/ticket/desired/tests/test_tla_spec_dev_analyze_adapter.py	out-of-scope	ticket_plan.yaml:648-658	none (outside the three project indexes)	unrepresented		Exact-path exclusion; semantic code was not read
2364	specs/.history/modular-fuzzing-epic/ticket-018-MF-032/ticket/desired/tests/test_tla_spec_dev_budgets_adapter.py	out-of-scope	ticket_plan.yaml:648-658	none (outside the three project indexes)	unrepresented		Exact-path exclusion; semantic code was not read
2365	specs/.history/modular-fuzzing-epic/ticket-018-MF-032/ticket/desired/tests/test_tla_spec_dev_case_execution_run.py	out-of-scope	ticket_plan.yaml:648-658	none (outside the three project indexes)	unrepresented		Exact-path exclusion; semantic code was not read
2366	specs/.history/modular-fuzzing-epic/ticket-018-MF-032/ticket/desired/tests/test_tla_spec_dev_cli_adapter.py	out-of-scope	ticket_plan.yaml:648-658	none (outside the three project indexes)	unrepresented		Exact-path exclusion; semantic code was not read
2367	specs/.history/modular-fuzzing-epic/ticket-018-MF-032/ticket/desired/tests/test_tla_spec_dev_close_promotion_adapter.py	out-of-scope	ticket_plan.yaml:648-658	none (outside the three project indexes)	unrepresented		Exact-path exclusion; semantic code was not read
2368	specs/.history/modular-fuzzing-epic/ticket-018-MF-032/ticket/desired/tests/test_tla_spec_dev_complexity_ledger_adapter.py	out-of-scope	ticket_plan.yaml:648-658	none (outside the three project indexes)	unrepresented		Exact-path exclusion; semantic code was not read
2369	specs/.history/modular-fuzzing-epic/ticket-018-MF-032/ticket/desired/tests/test_tla_spec_dev_corpus_adapter.py	out-of-scope	ticket_plan.yaml:648-658	none (outside the three project indexes)	unrepresented		Exact-path exclusion; semantic code was not read
2370	specs/.history/modular-fuzzing-epic/ticket-018-MF-032/ticket/desired/tests/test_tla_spec_dev_effect_conformance_adapter.py	out-of-scope	ticket_plan.yaml:648-658	none (outside the three project indexes)	unrepresented		Exact-path exclusion; semantic code was not read
2371	specs/.history/modular-fuzzing-epic/ticket-018-MF-032/ticket/desired/tests/test_tla_spec_dev_kill_test_adapter.py	out-of-scope	ticket_plan.yaml:648-658	none (outside the three project indexes)	unrepresented		Exact-path exclusion; semantic code was not read
2372	specs/.history/modular-fuzzing-epic/ticket-018-MF-032/ticket/desired/tests/test_tla_spec_dev_run_adapter.py	out-of-scope	ticket_plan.yaml:648-658	none (outside the three project indexes)	unrepresented		Exact-path exclusion; semantic code was not read
2373	specs/.history/modular-fuzzing-epic/ticket-018-MF-032/ticket/desired/tests/test_tla_spec_dev_scaffold_adapter.py	out-of-scope	ticket_plan.yaml:648-658	none (outside the three project indexes)	unrepresented		Exact-path exclusion; semantic code was not read
2374	specs/.history/modular-fuzzing-epic/ticket-018-MF-032/ticket/desired/tests/test_tla_spec_dev_skill_feedback_adapter.py	out-of-scope	ticket_plan.yaml:648-658	none (outside the three project indexes)	unrepresented		Exact-path exclusion; semantic code was not read
2375	specs/.history/modular-fuzzing-epic/ticket-018-MF-032/ticket/desired/tests/test_tla_spec_dev_test_graph_adapter.py	out-of-scope	ticket_plan.yaml:648-658	none (outside the three project indexes)	unrepresented		Exact-path exclusion; semantic code was not read
2376	specs/.history/modular-fuzzing-epic/ticket-018-MF-032/ticket/desired/tests/test_tla_spec_dev_ticket_adapter.py	out-of-scope	ticket_plan.yaml:648-658	none (outside the three project indexes)	unrepresented		Exact-path exclusion; semantic code was not read
2377	specs/.history/modular-fuzzing-epic/ticket-018-MF-032/ticket/desired/tests/test_tla_spec_dev_update_ticket_adapter.py	out-of-scope	ticket_plan.yaml:648-658	none (outside the three project indexes)	unrepresented		Exact-path exclusion; semantic code was not read
2378	specs/.history/modular-fuzzing-epic/ticket-018-MF-032/ticket/results/capture_projection.py	out-of-scope	ticket_plan.yaml:648-658	none (outside the three project indexes)	unrepresented		Exact-path exclusion; semantic code was not read
2379	specs/.history/modular-fuzzing-epic/ticket-018-MF-032/ticket/results/measure_executability.py	out-of-scope	ticket_plan.yaml:648-658	none (outside the three project indexes)	unrepresented		Exact-path exclusion; semantic code was not read
2380	specs/.history/modular-fuzzing-epic/ticket-018-MF-032/ticket/tests/test_ticket_workflow.py	out-of-scope	ticket_plan.yaml:648-658	none (outside the three project indexes)	unrepresented		Exact-path exclusion; semantic code was not read
2381	specs/.history/modular-fuzzing-epic/ticket-019-MF-033/snapshots/current/adapter_case_runtime.py	out-of-scope	ticket_plan.yaml:648-658	none (outside the three project indexes)	unrepresented		Exact-path exclusion; semantic code was not read
2382	specs/.history/modular-fuzzing-epic/ticket-019-MF-033/snapshots/current/production_adapters.py	out-of-scope	ticket_plan.yaml:648-658	none (outside the three project indexes)	unrepresented		Exact-path exclusion; semantic code was not read
2383	specs/.history/modular-fuzzing-epic/ticket-019-MF-033/snapshots/current/tests/test_current_ticket_workflow.py	out-of-scope	ticket_plan.yaml:648-658	none (outside the three project indexes)	unrepresented		Exact-path exclusion; semantic code was not read
2384	specs/.history/modular-fuzzing-epic/ticket-019-MF-033/snapshots/current/tests/test_tla_spec_dev_analyze_adapter.py	out-of-scope	ticket_plan.yaml:648-658	none (outside the three project indexes)	unrepresented		Exact-path exclusion; semantic code was not read
2385	specs/.history/modular-fuzzing-epic/ticket-019-MF-033/snapshots/current/tests/test_tla_spec_dev_budgets_adapter.py	out-of-scope	ticket_plan.yaml:648-658	none (outside the three project indexes)	unrepresented		Exact-path exclusion; semantic code was not read
2386	specs/.history/modular-fuzzing-epic/ticket-019-MF-033/snapshots/current/tests/test_tla_spec_dev_case_execution_run.py	out-of-scope	ticket_plan.yaml:648-658	none (outside the three project indexes)	unrepresented		Exact-path exclusion; semantic code was not read
2387	specs/.history/modular-fuzzing-epic/ticket-019-MF-033/snapshots/current/tests/test_tla_spec_dev_cli_adapter.py	out-of-scope	ticket_plan.yaml:648-658	none (outside the three project indexes)	unrepresented		Exact-path exclusion; semantic code was not read
2388	specs/.history/modular-fuzzing-epic/ticket-019-MF-033/snapshots/current/tests/test_tla_spec_dev_close_promotion_adapter.py	out-of-scope	ticket_plan.yaml:648-658	none (outside the three project indexes)	unrepresented		Exact-path exclusion; semantic code was not read
2389	specs/.history/modular-fuzzing-epic/ticket-019-MF-033/snapshots/current/tests/test_tla_spec_dev_complexity_ledger_adapter.py	out-of-scope	ticket_plan.yaml:648-658	none (outside the three project indexes)	unrepresented		Exact-path exclusion; semantic code was not read
2390	specs/.history/modular-fuzzing-epic/ticket-019-MF-033/snapshots/current/tests/test_tla_spec_dev_corpus_adapter.py	out-of-scope	ticket_plan.yaml:648-658	none (outside the three project indexes)	unrepresented		Exact-path exclusion; semantic code was not read
2391	specs/.history/modular-fuzzing-epic/ticket-019-MF-033/snapshots/current/tests/test_tla_spec_dev_effect_conformance_adapter.py	out-of-scope	ticket_plan.yaml:648-658	none (outside the three project indexes)	unrepresented		Exact-path exclusion; semantic code was not read
2392	specs/.history/modular-fuzzing-epic/ticket-019-MF-033/snapshots/current/tests/test_tla_spec_dev_kill_test_adapter.py	out-of-scope	ticket_plan.yaml:648-658	none (outside the three project indexes)	unrepresented		Exact-path exclusion; semantic code was not read
2393	specs/.history/modular-fuzzing-epic/ticket-019-MF-033/snapshots/current/tests/test_tla_spec_dev_run_adapter.py	out-of-scope	ticket_plan.yaml:648-658	none (outside the three project indexes)	unrepresented		Exact-path exclusion; semantic code was not read
2394	specs/.history/modular-fuzzing-epic/ticket-019-MF-033/snapshots/current/tests/test_tla_spec_dev_scaffold_adapter.py	out-of-scope	ticket_plan.yaml:648-658	none (outside the three project indexes)	unrepresented		Exact-path exclusion; semantic code was not read
2395	specs/.history/modular-fuzzing-epic/ticket-019-MF-033/snapshots/current/tests/test_tla_spec_dev_skill_feedback_adapter.py	out-of-scope	ticket_plan.yaml:648-658	none (outside the three project indexes)	unrepresented		Exact-path exclusion; semantic code was not read
2396	specs/.history/modular-fuzzing-epic/ticket-019-MF-033/snapshots/current/tests/test_tla_spec_dev_test_graph_adapter.py	out-of-scope	ticket_plan.yaml:648-658	none (outside the three project indexes)	unrepresented		Exact-path exclusion; semantic code was not read
2397	specs/.history/modular-fuzzing-epic/ticket-019-MF-033/snapshots/current/tests/test_tla_spec_dev_ticket_adapter.py	out-of-scope	ticket_plan.yaml:648-658	none (outside the three project indexes)	unrepresented		Exact-path exclusion; semantic code was not read
2398	specs/.history/modular-fuzzing-epic/ticket-019-MF-033/snapshots/current/tests/test_tla_spec_dev_update_ticket_adapter.py	out-of-scope	ticket_plan.yaml:648-658	none (outside the three project indexes)	unrepresented		Exact-path exclusion; semantic code was not read
2399	specs/.history/modular-fuzzing-epic/ticket-019-MF-033/snapshots/desired_program_model/production_adapters.py	out-of-scope	ticket_plan.yaml:648-658	none (outside the three project indexes)	unrepresented		Exact-path exclusion; semantic code was not read
2400	specs/.history/modular-fuzzing-epic/ticket-019-MF-033/snapshots/desired_program_model/tests/test_tla_spec_dev_cli_adapter.py	out-of-scope	ticket_plan.yaml:648-658	none (outside the three project indexes)	unrepresented		Exact-path exclusion; semantic code was not read
2401	specs/.history/modular-fuzzing-epic/ticket-019-MF-033/snapshots/desired_program_model/tests/test_tla_spec_dev_run_adapter.py	out-of-scope	ticket_plan.yaml:648-658	none (outside the three project indexes)	unrepresented		Exact-path exclusion; semantic code was not read
2402	specs/.history/modular-fuzzing-epic/ticket-019-MF-033/snapshots/desired_program_model/tests/test_tla_spec_dev_scaffold_adapter.py	out-of-scope	ticket_plan.yaml:648-658	none (outside the three project indexes)	unrepresented		Exact-path exclusion; semantic code was not read
2403	specs/.history/modular-fuzzing-epic/ticket-019-MF-033/snapshots/desired_program_model/tests/test_tla_spec_dev_test_graph_adapter.py	out-of-scope	ticket_plan.yaml:648-658	none (outside the three project indexes)	unrepresented		Exact-path exclusion; semantic code was not read
2404	specs/.history/modular-fuzzing-epic/ticket-019-MF-033/snapshots/desired_program_model/tests/test_tla_spec_dev_ticket_adapter.py	out-of-scope	ticket_plan.yaml:648-658	none (outside the three project indexes)	unrepresented		Exact-path exclusion; semantic code was not read
2405	specs/.history/modular-fuzzing-epic/ticket-019-MF-033/snapshots/program_model/production_adapters.py	out-of-scope	ticket_plan.yaml:648-658	none (outside the three project indexes)	unrepresented		Exact-path exclusion; semantic code was not read
2406	specs/.history/modular-fuzzing-epic/ticket-019-MF-033/snapshots/program_model/tests/test_tla_spec_dev_cli_adapter.py	out-of-scope	ticket_plan.yaml:648-658	none (outside the three project indexes)	unrepresented		Exact-path exclusion; semantic code was not read
2407	specs/.history/modular-fuzzing-epic/ticket-019-MF-033/snapshots/program_model/tests/test_tla_spec_dev_run_adapter.py	out-of-scope	ticket_plan.yaml:648-658	none (outside the three project indexes)	unrepresented		Exact-path exclusion; semantic code was not read
2408	specs/.history/modular-fuzzing-epic/ticket-019-MF-033/snapshots/program_model/tests/test_tla_spec_dev_scaffold_adapter.py	out-of-scope	ticket_plan.yaml:648-658	none (outside the three project indexes)	unrepresented		Exact-path exclusion; semantic code was not read
2409	specs/.history/modular-fuzzing-epic/ticket-019-MF-033/snapshots/program_model/tests/test_tla_spec_dev_test_graph_adapter.py	out-of-scope	ticket_plan.yaml:648-658	none (outside the three project indexes)	unrepresented		Exact-path exclusion; semantic code was not read
2410	specs/.history/modular-fuzzing-epic/ticket-019-MF-033/snapshots/program_model/tests/test_tla_spec_dev_ticket_adapter.py	out-of-scope	ticket_plan.yaml:648-658	none (outside the three project indexes)	unrepresented		Exact-path exclusion; semantic code was not read
2411	specs/.history/modular-fuzzing-epic/ticket-019-MF-033/ticket/current/adapter_case_runtime.py	out-of-scope	ticket_plan.yaml:648-658	none (outside the three project indexes)	unrepresented		Exact-path exclusion; semantic code was not read
2412	specs/.history/modular-fuzzing-epic/ticket-019-MF-033/ticket/current/production_adapters.py	out-of-scope	ticket_plan.yaml:648-658	none (outside the three project indexes)	unrepresented		Exact-path exclusion; semantic code was not read
2413	specs/.history/modular-fuzzing-epic/ticket-019-MF-033/ticket/current/tests/test_tla_spec_dev_analyze_adapter.py	out-of-scope	ticket_plan.yaml:648-658	none (outside the three project indexes)	unrepresented		Exact-path exclusion; semantic code was not read
2414	specs/.history/modular-fuzzing-epic/ticket-019-MF-033/ticket/current/tests/test_tla_spec_dev_budgets_adapter.py	out-of-scope	ticket_plan.yaml:648-658	none (outside the three project indexes)	unrepresented		Exact-path exclusion; semantic code was not read
2415	specs/.history/modular-fuzzing-epic/ticket-019-MF-033/ticket/current/tests/test_tla_spec_dev_case_execution_run.py	out-of-scope	ticket_plan.yaml:648-658	none (outside the three project indexes)	unrepresented		Exact-path exclusion; semantic code was not read
2416	specs/.history/modular-fuzzing-epic/ticket-019-MF-033/ticket/current/tests/test_tla_spec_dev_cli_adapter.py	out-of-scope	ticket_plan.yaml:648-658	none (outside the three project indexes)	unrepresented		Exact-path exclusion; semantic code was not read
2417	specs/.history/modular-fuzzing-epic/ticket-019-MF-033/ticket/current/tests/test_tla_spec_dev_close_promotion_adapter.py	out-of-scope	ticket_plan.yaml:648-658	none (outside the three project indexes)	unrepresented		Exact-path exclusion; semantic code was not read
2418	specs/.history/modular-fuzzing-epic/ticket-019-MF-033/ticket/current/tests/test_tla_spec_dev_complexity_ledger_adapter.py	out-of-scope	ticket_plan.yaml:648-658	none (outside the three project indexes)	unrepresented		Exact-path exclusion; semantic code was not read
2419	specs/.history/modular-fuzzing-epic/ticket-019-MF-033/ticket/current/tests/test_tla_spec_dev_corpus_adapter.py	out-of-scope	ticket_plan.yaml:648-658	none (outside the three project indexes)	unrepresented		Exact-path exclusion; semantic code was not read
2420	specs/.history/modular-fuzzing-epic/ticket-019-MF-033/ticket/current/tests/test_tla_spec_dev_effect_conformance_adapter.py	out-of-scope	ticket_plan.yaml:648-658	none (outside the three project indexes)	unrepresented		Exact-path exclusion; semantic code was not read
2421	specs/.history/modular-fuzzing-epic/ticket-019-MF-033/ticket/current/tests/test_tla_spec_dev_kill_test_adapter.py	out-of-scope	ticket_plan.yaml:648-658	none (outside the three project indexes)	unrepresented		Exact-path exclusion; semantic code was not read
2422	specs/.history/modular-fuzzing-epic/ticket-019-MF-033/ticket/current/tests/test_tla_spec_dev_run_adapter.py	out-of-scope	ticket_plan.yaml:648-658	none (outside the three project indexes)	unrepresented		Exact-path exclusion; semantic code was not read
2423	specs/.history/modular-fuzzing-epic/ticket-019-MF-033/ticket/current/tests/test_tla_spec_dev_scaffold_adapter.py	out-of-scope	ticket_plan.yaml:648-658	none (outside the three project indexes)	unrepresented		Exact-path exclusion; semantic code was not read
2424	specs/.history/modular-fuzzing-epic/ticket-019-MF-033/ticket/current/tests/test_tla_spec_dev_skill_feedback_adapter.py	out-of-scope	ticket_plan.yaml:648-658	none (outside the three project indexes)	unrepresented		Exact-path exclusion; semantic code was not read
2425	specs/.history/modular-fuzzing-epic/ticket-019-MF-033/ticket/current/tests/test_tla_spec_dev_test_graph_adapter.py	out-of-scope	ticket_plan.yaml:648-658	none (outside the three project indexes)	unrepresented		Exact-path exclusion; semantic code was not read
2426	specs/.history/modular-fuzzing-epic/ticket-019-MF-033/ticket/current/tests/test_tla_spec_dev_ticket_adapter.py	out-of-scope	ticket_plan.yaml:648-658	none (outside the three project indexes)	unrepresented		Exact-path exclusion; semantic code was not read
2427	specs/.history/modular-fuzzing-epic/ticket-019-MF-033/ticket/current/tests/test_tla_spec_dev_update_ticket_adapter.py	out-of-scope	ticket_plan.yaml:648-658	none (outside the three project indexes)	unrepresented		Exact-path exclusion; semantic code was not read
2428	specs/.history/modular-fuzzing-epic/ticket-019-MF-033/ticket/desired/adapter_case_runtime.py	out-of-scope	ticket_plan.yaml:648-658	none (outside the three project indexes)	unrepresented		Exact-path exclusion; semantic code was not read
2429	specs/.history/modular-fuzzing-epic/ticket-019-MF-033/ticket/desired/production_adapters.py	out-of-scope	ticket_plan.yaml:648-658	none (outside the three project indexes)	unrepresented		Exact-path exclusion; semantic code was not read
2430	specs/.history/modular-fuzzing-epic/ticket-019-MF-033/ticket/desired/tests/test_tla_spec_dev_analyze_adapter.py	out-of-scope	ticket_plan.yaml:648-658	none (outside the three project indexes)	unrepresented		Exact-path exclusion; semantic code was not read
2431	specs/.history/modular-fuzzing-epic/ticket-019-MF-033/ticket/desired/tests/test_tla_spec_dev_budgets_adapter.py	out-of-scope	ticket_plan.yaml:648-658	none (outside the three project indexes)	unrepresented		Exact-path exclusion; semantic code was not read
2432	specs/.history/modular-fuzzing-epic/ticket-019-MF-033/ticket/desired/tests/test_tla_spec_dev_case_execution_run.py	out-of-scope	ticket_plan.yaml:648-658	none (outside the three project indexes)	unrepresented		Exact-path exclusion; semantic code was not read
2433	specs/.history/modular-fuzzing-epic/ticket-019-MF-033/ticket/desired/tests/test_tla_spec_dev_cli_adapter.py	out-of-scope	ticket_plan.yaml:648-658	none (outside the three project indexes)	unrepresented		Exact-path exclusion; semantic code was not read
2434	specs/.history/modular-fuzzing-epic/ticket-019-MF-033/ticket/desired/tests/test_tla_spec_dev_close_promotion_adapter.py	out-of-scope	ticket_plan.yaml:648-658	none (outside the three project indexes)	unrepresented		Exact-path exclusion; semantic code was not read
2435	specs/.history/modular-fuzzing-epic/ticket-019-MF-033/ticket/desired/tests/test_tla_spec_dev_complexity_ledger_adapter.py	out-of-scope	ticket_plan.yaml:648-658	none (outside the three project indexes)	unrepresented		Exact-path exclusion; semantic code was not read
2436	specs/.history/modular-fuzzing-epic/ticket-019-MF-033/ticket/desired/tests/test_tla_spec_dev_corpus_adapter.py	out-of-scope	ticket_plan.yaml:648-658	none (outside the three project indexes)	unrepresented		Exact-path exclusion; semantic code was not read
2437	specs/.history/modular-fuzzing-epic/ticket-019-MF-033/ticket/desired/tests/test_tla_spec_dev_effect_conformance_adapter.py	out-of-scope	ticket_plan.yaml:648-658	none (outside the three project indexes)	unrepresented		Exact-path exclusion; semantic code was not read
2438	specs/.history/modular-fuzzing-epic/ticket-019-MF-033/ticket/desired/tests/test_tla_spec_dev_kill_test_adapter.py	out-of-scope	ticket_plan.yaml:648-658	none (outside the three project indexes)	unrepresented		Exact-path exclusion; semantic code was not read
2439	specs/.history/modular-fuzzing-epic/ticket-019-MF-033/ticket/desired/tests/test_tla_spec_dev_run_adapter.py	out-of-scope	ticket_plan.yaml:648-658	none (outside the three project indexes)	unrepresented		Exact-path exclusion; semantic code was not read
2440	specs/.history/modular-fuzzing-epic/ticket-019-MF-033/ticket/desired/tests/test_tla_spec_dev_scaffold_adapter.py	out-of-scope	ticket_plan.yaml:648-658	none (outside the three project indexes)	unrepresented		Exact-path exclusion; semantic code was not read
2441	specs/.history/modular-fuzzing-epic/ticket-019-MF-033/ticket/desired/tests/test_tla_spec_dev_skill_feedback_adapter.py	out-of-scope	ticket_plan.yaml:648-658	none (outside the three project indexes)	unrepresented		Exact-path exclusion; semantic code was not read
2442	specs/.history/modular-fuzzing-epic/ticket-019-MF-033/ticket/desired/tests/test_tla_spec_dev_test_graph_adapter.py	out-of-scope	ticket_plan.yaml:648-658	none (outside the three project indexes)	unrepresented		Exact-path exclusion; semantic code was not read
2443	specs/.history/modular-fuzzing-epic/ticket-019-MF-033/ticket/desired/tests/test_tla_spec_dev_ticket_adapter.py	out-of-scope	ticket_plan.yaml:648-658	none (outside the three project indexes)	unrepresented		Exact-path exclusion; semantic code was not read
2444	specs/.history/modular-fuzzing-epic/ticket-019-MF-033/ticket/desired/tests/test_tla_spec_dev_update_ticket_adapter.py	out-of-scope	ticket_plan.yaml:648-658	none (outside the three project indexes)	unrepresented		Exact-path exclusion; semantic code was not read
2445	specs/.history/modular-fuzzing-epic/ticket-019-MF-033/ticket/results/observe_out_of_process.py	out-of-scope	ticket_plan.yaml:648-658	none (outside the three project indexes)	unrepresented		Exact-path exclusion; semantic code was not read
2446	specs/.history/modular-fuzzing-epic/ticket-019-MF-033/ticket/tests/test_ticket_workflow.py	out-of-scope	ticket_plan.yaml:648-658	none (outside the three project indexes)	unrepresented		Exact-path exclusion; semantic code was not read
2447	specs/.history/modular-fuzzing-epic/ticket-020-MF-038/snapshots/current/adapter_case_runtime.py	out-of-scope	ticket_plan.yaml:648-658	none (outside the three project indexes)	unrepresented		Exact-path exclusion; semantic code was not read
2448	specs/.history/modular-fuzzing-epic/ticket-020-MF-038/snapshots/current/production_adapters.py	out-of-scope	ticket_plan.yaml:648-658	none (outside the three project indexes)	unrepresented		Exact-path exclusion; semantic code was not read
2449	specs/.history/modular-fuzzing-epic/ticket-020-MF-038/snapshots/current/tests/test_current_ticket_workflow.py	out-of-scope	ticket_plan.yaml:648-658	none (outside the three project indexes)	unrepresented		Exact-path exclusion; semantic code was not read
2450	specs/.history/modular-fuzzing-epic/ticket-020-MF-038/snapshots/current/tests/test_tla_spec_dev_analyze_adapter.py	out-of-scope	ticket_plan.yaml:648-658	none (outside the three project indexes)	unrepresented		Exact-path exclusion; semantic code was not read
2451	specs/.history/modular-fuzzing-epic/ticket-020-MF-038/snapshots/current/tests/test_tla_spec_dev_budgets_adapter.py	out-of-scope	ticket_plan.yaml:648-658	none (outside the three project indexes)	unrepresented		Exact-path exclusion; semantic code was not read
2452	specs/.history/modular-fuzzing-epic/ticket-020-MF-038/snapshots/current/tests/test_tla_spec_dev_case_execution_run.py	out-of-scope	ticket_plan.yaml:648-658	none (outside the three project indexes)	unrepresented		Exact-path exclusion; semantic code was not read
2453	specs/.history/modular-fuzzing-epic/ticket-020-MF-038/snapshots/current/tests/test_tla_spec_dev_cli_adapter.py	out-of-scope	ticket_plan.yaml:648-658	none (outside the three project indexes)	unrepresented		Exact-path exclusion; semantic code was not read
2454	specs/.history/modular-fuzzing-epic/ticket-020-MF-038/snapshots/current/tests/test_tla_spec_dev_close_promotion_adapter.py	out-of-scope	ticket_plan.yaml:648-658	none (outside the three project indexes)	unrepresented		Exact-path exclusion; semantic code was not read
2455	specs/.history/modular-fuzzing-epic/ticket-020-MF-038/snapshots/current/tests/test_tla_spec_dev_complexity_ledger_adapter.py	out-of-scope	ticket_plan.yaml:648-658	none (outside the three project indexes)	unrepresented		Exact-path exclusion; semantic code was not read
2456	specs/.history/modular-fuzzing-epic/ticket-020-MF-038/snapshots/current/tests/test_tla_spec_dev_corpus_adapter.py	out-of-scope	ticket_plan.yaml:648-658	none (outside the three project indexes)	unrepresented		Exact-path exclusion; semantic code was not read
2457	specs/.history/modular-fuzzing-epic/ticket-020-MF-038/snapshots/current/tests/test_tla_spec_dev_effect_conformance_adapter.py	out-of-scope	ticket_plan.yaml:648-658	none (outside the three project indexes)	unrepresented		Exact-path exclusion; semantic code was not read
2458	specs/.history/modular-fuzzing-epic/ticket-020-MF-038/snapshots/current/tests/test_tla_spec_dev_kill_test_adapter.py	out-of-scope	ticket_plan.yaml:648-658	none (outside the three project indexes)	unrepresented		Exact-path exclusion; semantic code was not read
2459	specs/.history/modular-fuzzing-epic/ticket-020-MF-038/snapshots/current/tests/test_tla_spec_dev_run_adapter.py	out-of-scope	ticket_plan.yaml:648-658	none (outside the three project indexes)	unrepresented		Exact-path exclusion; semantic code was not read
2460	specs/.history/modular-fuzzing-epic/ticket-020-MF-038/snapshots/current/tests/test_tla_spec_dev_scaffold_adapter.py	out-of-scope	ticket_plan.yaml:648-658	none (outside the three project indexes)	unrepresented		Exact-path exclusion; semantic code was not read
2461	specs/.history/modular-fuzzing-epic/ticket-020-MF-038/snapshots/current/tests/test_tla_spec_dev_skill_feedback_adapter.py	out-of-scope	ticket_plan.yaml:648-658	none (outside the three project indexes)	unrepresented		Exact-path exclusion; semantic code was not read
2462	specs/.history/modular-fuzzing-epic/ticket-020-MF-038/snapshots/current/tests/test_tla_spec_dev_test_graph_adapter.py	out-of-scope	ticket_plan.yaml:648-658	none (outside the three project indexes)	unrepresented		Exact-path exclusion; semantic code was not read
2463	specs/.history/modular-fuzzing-epic/ticket-020-MF-038/snapshots/current/tests/test_tla_spec_dev_ticket_adapter.py	out-of-scope	ticket_plan.yaml:648-658	none (outside the three project indexes)	unrepresented		Exact-path exclusion; semantic code was not read
2464	specs/.history/modular-fuzzing-epic/ticket-020-MF-038/snapshots/current/tests/test_tla_spec_dev_update_ticket_adapter.py	out-of-scope	ticket_plan.yaml:648-658	none (outside the three project indexes)	unrepresented		Exact-path exclusion; semantic code was not read
2465	specs/.history/modular-fuzzing-epic/ticket-020-MF-038/snapshots/desired_program_model/production_adapters.py	out-of-scope	ticket_plan.yaml:648-658	none (outside the three project indexes)	unrepresented		Exact-path exclusion; semantic code was not read
2466	specs/.history/modular-fuzzing-epic/ticket-020-MF-038/snapshots/desired_program_model/tests/test_tla_spec_dev_cli_adapter.py	out-of-scope	ticket_plan.yaml:648-658	none (outside the three project indexes)	unrepresented		Exact-path exclusion; semantic code was not read
2467	specs/.history/modular-fuzzing-epic/ticket-020-MF-038/snapshots/desired_program_model/tests/test_tla_spec_dev_run_adapter.py	out-of-scope	ticket_plan.yaml:648-658	none (outside the three project indexes)	unrepresented		Exact-path exclusion; semantic code was not read
2468	specs/.history/modular-fuzzing-epic/ticket-020-MF-038/snapshots/desired_program_model/tests/test_tla_spec_dev_scaffold_adapter.py	out-of-scope	ticket_plan.yaml:648-658	none (outside the three project indexes)	unrepresented		Exact-path exclusion; semantic code was not read
2469	specs/.history/modular-fuzzing-epic/ticket-020-MF-038/snapshots/desired_program_model/tests/test_tla_spec_dev_test_graph_adapter.py	out-of-scope	ticket_plan.yaml:648-658	none (outside the three project indexes)	unrepresented		Exact-path exclusion; semantic code was not read
2470	specs/.history/modular-fuzzing-epic/ticket-020-MF-038/snapshots/desired_program_model/tests/test_tla_spec_dev_ticket_adapter.py	out-of-scope	ticket_plan.yaml:648-658	none (outside the three project indexes)	unrepresented		Exact-path exclusion; semantic code was not read
2471	specs/.history/modular-fuzzing-epic/ticket-020-MF-038/snapshots/program_model/production_adapters.py	out-of-scope	ticket_plan.yaml:648-658	none (outside the three project indexes)	unrepresented		Exact-path exclusion; semantic code was not read
2472	specs/.history/modular-fuzzing-epic/ticket-020-MF-038/snapshots/program_model/tests/test_tla_spec_dev_cli_adapter.py	out-of-scope	ticket_plan.yaml:648-658	none (outside the three project indexes)	unrepresented		Exact-path exclusion; semantic code was not read
2473	specs/.history/modular-fuzzing-epic/ticket-020-MF-038/snapshots/program_model/tests/test_tla_spec_dev_run_adapter.py	out-of-scope	ticket_plan.yaml:648-658	none (outside the three project indexes)	unrepresented		Exact-path exclusion; semantic code was not read
2474	specs/.history/modular-fuzzing-epic/ticket-020-MF-038/snapshots/program_model/tests/test_tla_spec_dev_scaffold_adapter.py	out-of-scope	ticket_plan.yaml:648-658	none (outside the three project indexes)	unrepresented		Exact-path exclusion; semantic code was not read
2475	specs/.history/modular-fuzzing-epic/ticket-020-MF-038/snapshots/program_model/tests/test_tla_spec_dev_test_graph_adapter.py	out-of-scope	ticket_plan.yaml:648-658	none (outside the three project indexes)	unrepresented		Exact-path exclusion; semantic code was not read
2476	specs/.history/modular-fuzzing-epic/ticket-020-MF-038/snapshots/program_model/tests/test_tla_spec_dev_ticket_adapter.py	out-of-scope	ticket_plan.yaml:648-658	none (outside the three project indexes)	unrepresented		Exact-path exclusion; semantic code was not read
2477	specs/.history/modular-fuzzing-epic/ticket-020-MF-038/ticket/current/adapter_case_runtime.py	out-of-scope	ticket_plan.yaml:648-658	none (outside the three project indexes)	unrepresented		Exact-path exclusion; semantic code was not read
2478	specs/.history/modular-fuzzing-epic/ticket-020-MF-038/ticket/current/production_adapters.py	out-of-scope	ticket_plan.yaml:648-658	none (outside the three project indexes)	unrepresented		Exact-path exclusion; semantic code was not read
2479	specs/.history/modular-fuzzing-epic/ticket-020-MF-038/ticket/current/tests/test_tla_spec_dev_analyze_adapter.py	out-of-scope	ticket_plan.yaml:648-658	none (outside the three project indexes)	unrepresented		Exact-path exclusion; semantic code was not read
2480	specs/.history/modular-fuzzing-epic/ticket-020-MF-038/ticket/current/tests/test_tla_spec_dev_budgets_adapter.py	out-of-scope	ticket_plan.yaml:648-658	none (outside the three project indexes)	unrepresented		Exact-path exclusion; semantic code was not read
2481	specs/.history/modular-fuzzing-epic/ticket-020-MF-038/ticket/current/tests/test_tla_spec_dev_case_execution_run.py	out-of-scope	ticket_plan.yaml:648-658	none (outside the three project indexes)	unrepresented		Exact-path exclusion; semantic code was not read
2482	specs/.history/modular-fuzzing-epic/ticket-020-MF-038/ticket/current/tests/test_tla_spec_dev_cli_adapter.py	out-of-scope	ticket_plan.yaml:648-658	none (outside the three project indexes)	unrepresented		Exact-path exclusion; semantic code was not read
2483	specs/.history/modular-fuzzing-epic/ticket-020-MF-038/ticket/current/tests/test_tla_spec_dev_close_promotion_adapter.py	out-of-scope	ticket_plan.yaml:648-658	none (outside the three project indexes)	unrepresented		Exact-path exclusion; semantic code was not read
2484	specs/.history/modular-fuzzing-epic/ticket-020-MF-038/ticket/current/tests/test_tla_spec_dev_complexity_ledger_adapter.py	out-of-scope	ticket_plan.yaml:648-658	none (outside the three project indexes)	unrepresented		Exact-path exclusion; semantic code was not read
2485	specs/.history/modular-fuzzing-epic/ticket-020-MF-038/ticket/current/tests/test_tla_spec_dev_corpus_adapter.py	out-of-scope	ticket_plan.yaml:648-658	none (outside the three project indexes)	unrepresented		Exact-path exclusion; semantic code was not read
2486	specs/.history/modular-fuzzing-epic/ticket-020-MF-038/ticket/current/tests/test_tla_spec_dev_effect_conformance_adapter.py	out-of-scope	ticket_plan.yaml:648-658	none (outside the three project indexes)	unrepresented		Exact-path exclusion; semantic code was not read
2487	specs/.history/modular-fuzzing-epic/ticket-020-MF-038/ticket/current/tests/test_tla_spec_dev_kill_test_adapter.py	out-of-scope	ticket_plan.yaml:648-658	none (outside the three project indexes)	unrepresented		Exact-path exclusion; semantic code was not read
2488	specs/.history/modular-fuzzing-epic/ticket-020-MF-038/ticket/current/tests/test_tla_spec_dev_run_adapter.py	out-of-scope	ticket_plan.yaml:648-658	none (outside the three project indexes)	unrepresented		Exact-path exclusion; semantic code was not read
2489	specs/.history/modular-fuzzing-epic/ticket-020-MF-038/ticket/current/tests/test_tla_spec_dev_scaffold_adapter.py	out-of-scope	ticket_plan.yaml:648-658	none (outside the three project indexes)	unrepresented		Exact-path exclusion; semantic code was not read
2490	specs/.history/modular-fuzzing-epic/ticket-020-MF-038/ticket/current/tests/test_tla_spec_dev_skill_feedback_adapter.py	out-of-scope	ticket_plan.yaml:648-658	none (outside the three project indexes)	unrepresented		Exact-path exclusion; semantic code was not read
2491	specs/.history/modular-fuzzing-epic/ticket-020-MF-038/ticket/current/tests/test_tla_spec_dev_test_graph_adapter.py	out-of-scope	ticket_plan.yaml:648-658	none (outside the three project indexes)	unrepresented		Exact-path exclusion; semantic code was not read
2492	specs/.history/modular-fuzzing-epic/ticket-020-MF-038/ticket/current/tests/test_tla_spec_dev_ticket_adapter.py	out-of-scope	ticket_plan.yaml:648-658	none (outside the three project indexes)	unrepresented		Exact-path exclusion; semantic code was not read
2493	specs/.history/modular-fuzzing-epic/ticket-020-MF-038/ticket/current/tests/test_tla_spec_dev_update_ticket_adapter.py	out-of-scope	ticket_plan.yaml:648-658	none (outside the three project indexes)	unrepresented		Exact-path exclusion; semantic code was not read
2494	specs/.history/modular-fuzzing-epic/ticket-020-MF-038/ticket/desired/adapter_case_runtime.py	out-of-scope	ticket_plan.yaml:648-658	none (outside the three project indexes)	unrepresented		Exact-path exclusion; semantic code was not read
2495	specs/.history/modular-fuzzing-epic/ticket-020-MF-038/ticket/desired/production_adapters.py	out-of-scope	ticket_plan.yaml:648-658	none (outside the three project indexes)	unrepresented		Exact-path exclusion; semantic code was not read
2496	specs/.history/modular-fuzzing-epic/ticket-020-MF-038/ticket/desired/tests/test_tla_spec_dev_analyze_adapter.py	out-of-scope	ticket_plan.yaml:648-658	none (outside the three project indexes)	unrepresented		Exact-path exclusion; semantic code was not read
2497	specs/.history/modular-fuzzing-epic/ticket-020-MF-038/ticket/desired/tests/test_tla_spec_dev_budgets_adapter.py	out-of-scope	ticket_plan.yaml:648-658	none (outside the three project indexes)	unrepresented		Exact-path exclusion; semantic code was not read
2498	specs/.history/modular-fuzzing-epic/ticket-020-MF-038/ticket/desired/tests/test_tla_spec_dev_case_execution_run.py	out-of-scope	ticket_plan.yaml:648-658	none (outside the three project indexes)	unrepresented		Exact-path exclusion; semantic code was not read
2499	specs/.history/modular-fuzzing-epic/ticket-020-MF-038/ticket/desired/tests/test_tla_spec_dev_cli_adapter.py	out-of-scope	ticket_plan.yaml:648-658	none (outside the three project indexes)	unrepresented		Exact-path exclusion; semantic code was not read
2500	specs/.history/modular-fuzzing-epic/ticket-020-MF-038/ticket/desired/tests/test_tla_spec_dev_close_promotion_adapter.py	out-of-scope	ticket_plan.yaml:648-658	none (outside the three project indexes)	unrepresented		Exact-path exclusion; semantic code was not read
2501	specs/.history/modular-fuzzing-epic/ticket-020-MF-038/ticket/desired/tests/test_tla_spec_dev_complexity_ledger_adapter.py	out-of-scope	ticket_plan.yaml:648-658	none (outside the three project indexes)	unrepresented		Exact-path exclusion; semantic code was not read
2502	specs/.history/modular-fuzzing-epic/ticket-020-MF-038/ticket/desired/tests/test_tla_spec_dev_corpus_adapter.py	out-of-scope	ticket_plan.yaml:648-658	none (outside the three project indexes)	unrepresented		Exact-path exclusion; semantic code was not read
2503	specs/.history/modular-fuzzing-epic/ticket-020-MF-038/ticket/desired/tests/test_tla_spec_dev_effect_conformance_adapter.py	out-of-scope	ticket_plan.yaml:648-658	none (outside the three project indexes)	unrepresented		Exact-path exclusion; semantic code was not read
2504	specs/.history/modular-fuzzing-epic/ticket-020-MF-038/ticket/desired/tests/test_tla_spec_dev_kill_test_adapter.py	out-of-scope	ticket_plan.yaml:648-658	none (outside the three project indexes)	unrepresented		Exact-path exclusion; semantic code was not read
2505	specs/.history/modular-fuzzing-epic/ticket-020-MF-038/ticket/desired/tests/test_tla_spec_dev_run_adapter.py	out-of-scope	ticket_plan.yaml:648-658	none (outside the three project indexes)	unrepresented		Exact-path exclusion; semantic code was not read
2506	specs/.history/modular-fuzzing-epic/ticket-020-MF-038/ticket/desired/tests/test_tla_spec_dev_scaffold_adapter.py	out-of-scope	ticket_plan.yaml:648-658	none (outside the three project indexes)	unrepresented		Exact-path exclusion; semantic code was not read
2507	specs/.history/modular-fuzzing-epic/ticket-020-MF-038/ticket/desired/tests/test_tla_spec_dev_skill_feedback_adapter.py	out-of-scope	ticket_plan.yaml:648-658	none (outside the three project indexes)	unrepresented		Exact-path exclusion; semantic code was not read
2508	specs/.history/modular-fuzzing-epic/ticket-020-MF-038/ticket/desired/tests/test_tla_spec_dev_test_graph_adapter.py	out-of-scope	ticket_plan.yaml:648-658	none (outside the three project indexes)	unrepresented		Exact-path exclusion; semantic code was not read
2509	specs/.history/modular-fuzzing-epic/ticket-020-MF-038/ticket/desired/tests/test_tla_spec_dev_ticket_adapter.py	out-of-scope	ticket_plan.yaml:648-658	none (outside the three project indexes)	unrepresented		Exact-path exclusion; semantic code was not read
2510	specs/.history/modular-fuzzing-epic/ticket-020-MF-038/ticket/desired/tests/test_tla_spec_dev_update_ticket_adapter.py	out-of-scope	ticket_plan.yaml:648-658	none (outside the three project indexes)	unrepresented		Exact-path exclusion; semantic code was not read
2511	specs/.history/modular-fuzzing-epic/ticket-020-MF-038/ticket/results/measure_kill_rate.py	out-of-scope	ticket_plan.yaml:648-658	none (outside the three project indexes)	unrepresented		Exact-path exclusion; semantic code was not read
2512	specs/.history/modular-fuzzing-epic/ticket-020-MF-038/ticket/tests/test_ticket_workflow.py	out-of-scope	ticket_plan.yaml:648-658	none (outside the three project indexes)	unrepresented		Exact-path exclusion; semantic code was not read
2513	specs/.history/modular-fuzzing-epic/ticket-022-MF-036/snapshots/current/production_adapters.py	out-of-scope	ticket_plan.yaml:648-658	none (outside the three project indexes)	unrepresented		Exact-path exclusion; semantic code was not read
2514	specs/.history/modular-fuzzing-epic/ticket-022-MF-036/snapshots/current/tests/test_current_ticket_workflow.py	out-of-scope	ticket_plan.yaml:648-658	none (outside the three project indexes)	unrepresented		Exact-path exclusion; semantic code was not read
2515	specs/.history/modular-fuzzing-epic/ticket-022-MF-036/snapshots/current/tests/test_tla_spec_dev_analyze_adapter.py	out-of-scope	ticket_plan.yaml:648-658	none (outside the three project indexes)	unrepresented		Exact-path exclusion; semantic code was not read
2516	specs/.history/modular-fuzzing-epic/ticket-022-MF-036/snapshots/current/tests/test_tla_spec_dev_budgets_adapter.py	out-of-scope	ticket_plan.yaml:648-658	none (outside the three project indexes)	unrepresented		Exact-path exclusion; semantic code was not read
2517	specs/.history/modular-fuzzing-epic/ticket-022-MF-036/snapshots/current/tests/test_tla_spec_dev_cli_adapter.py	out-of-scope	ticket_plan.yaml:648-658	none (outside the three project indexes)	unrepresented		Exact-path exclusion; semantic code was not read
2518	specs/.history/modular-fuzzing-epic/ticket-022-MF-036/snapshots/current/tests/test_tla_spec_dev_close_promotion_adapter.py	out-of-scope	ticket_plan.yaml:648-658	none (outside the three project indexes)	unrepresented		Exact-path exclusion; semantic code was not read
2519	specs/.history/modular-fuzzing-epic/ticket-022-MF-036/snapshots/current/tests/test_tla_spec_dev_complexity_ledger_adapter.py	out-of-scope	ticket_plan.yaml:648-658	none (outside the three project indexes)	unrepresented		Exact-path exclusion; semantic code was not read
2520	specs/.history/modular-fuzzing-epic/ticket-022-MF-036/snapshots/current/tests/test_tla_spec_dev_corpus_adapter.py	out-of-scope	ticket_plan.yaml:648-658	none (outside the three project indexes)	unrepresented		Exact-path exclusion; semantic code was not read
2521	specs/.history/modular-fuzzing-epic/ticket-022-MF-036/snapshots/current/tests/test_tla_spec_dev_effect_conformance_adapter.py	out-of-scope	ticket_plan.yaml:648-658	none (outside the three project indexes)	unrepresented		Exact-path exclusion; semantic code was not read
2522	specs/.history/modular-fuzzing-epic/ticket-022-MF-036/snapshots/current/tests/test_tla_spec_dev_kill_test_adapter.py	out-of-scope	ticket_plan.yaml:648-658	none (outside the three project indexes)	unrepresented		Exact-path exclusion; semantic code was not read
2523	specs/.history/modular-fuzzing-epic/ticket-022-MF-036/snapshots/current/tests/test_tla_spec_dev_run_adapter.py	out-of-scope	ticket_plan.yaml:648-658	none (outside the three project indexes)	unrepresented		Exact-path exclusion; semantic code was not read
2524	specs/.history/modular-fuzzing-epic/ticket-022-MF-036/snapshots/current/tests/test_tla_spec_dev_scaffold_adapter.py	out-of-scope	ticket_plan.yaml:648-658	none (outside the three project indexes)	unrepresented		Exact-path exclusion; semantic code was not read
2525	specs/.history/modular-fuzzing-epic/ticket-022-MF-036/snapshots/current/tests/test_tla_spec_dev_skill_feedback_adapter.py	out-of-scope	ticket_plan.yaml:648-658	none (outside the three project indexes)	unrepresented		Exact-path exclusion; semantic code was not read
2526	specs/.history/modular-fuzzing-epic/ticket-022-MF-036/snapshots/current/tests/test_tla_spec_dev_test_graph_adapter.py	out-of-scope	ticket_plan.yaml:648-658	none (outside the three project indexes)	unrepresented		Exact-path exclusion; semantic code was not read
2527	specs/.history/modular-fuzzing-epic/ticket-022-MF-036/snapshots/current/tests/test_tla_spec_dev_ticket_adapter.py	out-of-scope	ticket_plan.yaml:648-658	none (outside the three project indexes)	unrepresented		Exact-path exclusion; semantic code was not read
2528	specs/.history/modular-fuzzing-epic/ticket-022-MF-036/snapshots/desired_program_model/production_adapters.py	out-of-scope	ticket_plan.yaml:648-658	none (outside the three project indexes)	unrepresented		Exact-path exclusion; semantic code was not read
2529	specs/.history/modular-fuzzing-epic/ticket-022-MF-036/snapshots/desired_program_model/tests/test_tla_spec_dev_cli_adapter.py	out-of-scope	ticket_plan.yaml:648-658	none (outside the three project indexes)	unrepresented		Exact-path exclusion; semantic code was not read
2530	specs/.history/modular-fuzzing-epic/ticket-022-MF-036/snapshots/desired_program_model/tests/test_tla_spec_dev_run_adapter.py	out-of-scope	ticket_plan.yaml:648-658	none (outside the three project indexes)	unrepresented		Exact-path exclusion; semantic code was not read
2531	specs/.history/modular-fuzzing-epic/ticket-022-MF-036/snapshots/desired_program_model/tests/test_tla_spec_dev_scaffold_adapter.py	out-of-scope	ticket_plan.yaml:648-658	none (outside the three project indexes)	unrepresented		Exact-path exclusion; semantic code was not read
2532	specs/.history/modular-fuzzing-epic/ticket-022-MF-036/snapshots/desired_program_model/tests/test_tla_spec_dev_test_graph_adapter.py	out-of-scope	ticket_plan.yaml:648-658	none (outside the three project indexes)	unrepresented		Exact-path exclusion; semantic code was not read
2533	specs/.history/modular-fuzzing-epic/ticket-022-MF-036/snapshots/desired_program_model/tests/test_tla_spec_dev_ticket_adapter.py	out-of-scope	ticket_plan.yaml:648-658	none (outside the three project indexes)	unrepresented		Exact-path exclusion; semantic code was not read
2534	specs/.history/modular-fuzzing-epic/ticket-022-MF-036/snapshots/program_model/production_adapters.py	out-of-scope	ticket_plan.yaml:648-658	none (outside the three project indexes)	unrepresented		Exact-path exclusion; semantic code was not read
2535	specs/.history/modular-fuzzing-epic/ticket-022-MF-036/snapshots/program_model/tests/test_tla_spec_dev_cli_adapter.py	out-of-scope	ticket_plan.yaml:648-658	none (outside the three project indexes)	unrepresented		Exact-path exclusion; semantic code was not read
2536	specs/.history/modular-fuzzing-epic/ticket-022-MF-036/snapshots/program_model/tests/test_tla_spec_dev_run_adapter.py	out-of-scope	ticket_plan.yaml:648-658	none (outside the three project indexes)	unrepresented		Exact-path exclusion; semantic code was not read
2537	specs/.history/modular-fuzzing-epic/ticket-022-MF-036/snapshots/program_model/tests/test_tla_spec_dev_scaffold_adapter.py	out-of-scope	ticket_plan.yaml:648-658	none (outside the three project indexes)	unrepresented		Exact-path exclusion; semantic code was not read
2538	specs/.history/modular-fuzzing-epic/ticket-022-MF-036/snapshots/program_model/tests/test_tla_spec_dev_test_graph_adapter.py	out-of-scope	ticket_plan.yaml:648-658	none (outside the three project indexes)	unrepresented		Exact-path exclusion; semantic code was not read
2539	specs/.history/modular-fuzzing-epic/ticket-022-MF-036/snapshots/program_model/tests/test_tla_spec_dev_ticket_adapter.py	out-of-scope	ticket_plan.yaml:648-658	none (outside the three project indexes)	unrepresented		Exact-path exclusion; semantic code was not read
2540	specs/.history/modular-fuzzing-epic/ticket-022-MF-036/ticket/current/production_adapters.py	out-of-scope	ticket_plan.yaml:648-658	none (outside the three project indexes)	unrepresented		Exact-path exclusion; semantic code was not read
2541	specs/.history/modular-fuzzing-epic/ticket-022-MF-036/ticket/current/tests/test_tla_spec_dev_analyze_adapter.py	out-of-scope	ticket_plan.yaml:648-658	none (outside the three project indexes)	unrepresented		Exact-path exclusion; semantic code was not read
2542	specs/.history/modular-fuzzing-epic/ticket-022-MF-036/ticket/current/tests/test_tla_spec_dev_budgets_adapter.py	out-of-scope	ticket_plan.yaml:648-658	none (outside the three project indexes)	unrepresented		Exact-path exclusion; semantic code was not read
2543	specs/.history/modular-fuzzing-epic/ticket-022-MF-036/ticket/current/tests/test_tla_spec_dev_cli_adapter.py	out-of-scope	ticket_plan.yaml:648-658	none (outside the three project indexes)	unrepresented		Exact-path exclusion; semantic code was not read
2544	specs/.history/modular-fuzzing-epic/ticket-022-MF-036/ticket/current/tests/test_tla_spec_dev_close_promotion_adapter.py	out-of-scope	ticket_plan.yaml:648-658	none (outside the three project indexes)	unrepresented		Exact-path exclusion; semantic code was not read
2545	specs/.history/modular-fuzzing-epic/ticket-022-MF-036/ticket/current/tests/test_tla_spec_dev_complexity_ledger_adapter.py	out-of-scope	ticket_plan.yaml:648-658	none (outside the three project indexes)	unrepresented		Exact-path exclusion; semantic code was not read
2546	specs/.history/modular-fuzzing-epic/ticket-022-MF-036/ticket/current/tests/test_tla_spec_dev_corpus_adapter.py	out-of-scope	ticket_plan.yaml:648-658	none (outside the three project indexes)	unrepresented		Exact-path exclusion; semantic code was not read
2547	specs/.history/modular-fuzzing-epic/ticket-022-MF-036/ticket/current/tests/test_tla_spec_dev_effect_conformance_adapter.py	out-of-scope	ticket_plan.yaml:648-658	none (outside the three project indexes)	unrepresented		Exact-path exclusion; semantic code was not read
2548	specs/.history/modular-fuzzing-epic/ticket-022-MF-036/ticket/current/tests/test_tla_spec_dev_kill_test_adapter.py	out-of-scope	ticket_plan.yaml:648-658	none (outside the three project indexes)	unrepresented		Exact-path exclusion; semantic code was not read
2549	specs/.history/modular-fuzzing-epic/ticket-022-MF-036/ticket/current/tests/test_tla_spec_dev_run_adapter.py	out-of-scope	ticket_plan.yaml:648-658	none (outside the three project indexes)	unrepresented		Exact-path exclusion; semantic code was not read
2550	specs/.history/modular-fuzzing-epic/ticket-022-MF-036/ticket/current/tests/test_tla_spec_dev_scaffold_adapter.py	out-of-scope	ticket_plan.yaml:648-658	none (outside the three project indexes)	unrepresented		Exact-path exclusion; semantic code was not read
2551	specs/.history/modular-fuzzing-epic/ticket-022-MF-036/ticket/current/tests/test_tla_spec_dev_skill_feedback_adapter.py	out-of-scope	ticket_plan.yaml:648-658	none (outside the three project indexes)	unrepresented		Exact-path exclusion; semantic code was not read
2552	specs/.history/modular-fuzzing-epic/ticket-022-MF-036/ticket/current/tests/test_tla_spec_dev_test_graph_adapter.py	out-of-scope	ticket_plan.yaml:648-658	none (outside the three project indexes)	unrepresented		Exact-path exclusion; semantic code was not read
2553	specs/.history/modular-fuzzing-epic/ticket-022-MF-036/ticket/current/tests/test_tla_spec_dev_ticket_adapter.py	out-of-scope	ticket_plan.yaml:648-658	none (outside the three project indexes)	unrepresented		Exact-path exclusion; semantic code was not read
2554	specs/.history/modular-fuzzing-epic/ticket-022-MF-036/ticket/desired/production_adapters.py	out-of-scope	ticket_plan.yaml:648-658	none (outside the three project indexes)	unrepresented		Exact-path exclusion; semantic code was not read
2555	specs/.history/modular-fuzzing-epic/ticket-022-MF-036/ticket/desired/tests/test_tla_spec_dev_analyze_adapter.py	out-of-scope	ticket_plan.yaml:648-658	none (outside the three project indexes)	unrepresented		Exact-path exclusion; semantic code was not read
2556	specs/.history/modular-fuzzing-epic/ticket-022-MF-036/ticket/desired/tests/test_tla_spec_dev_budgets_adapter.py	out-of-scope	ticket_plan.yaml:648-658	none (outside the three project indexes)	unrepresented		Exact-path exclusion; semantic code was not read
2557	specs/.history/modular-fuzzing-epic/ticket-022-MF-036/ticket/desired/tests/test_tla_spec_dev_cli_adapter.py	out-of-scope	ticket_plan.yaml:648-658	none (outside the three project indexes)	unrepresented		Exact-path exclusion; semantic code was not read
2558	specs/.history/modular-fuzzing-epic/ticket-022-MF-036/ticket/desired/tests/test_tla_spec_dev_close_promotion_adapter.py	out-of-scope	ticket_plan.yaml:648-658	none (outside the three project indexes)	unrepresented		Exact-path exclusion; semantic code was not read
2559	specs/.history/modular-fuzzing-epic/ticket-022-MF-036/ticket/desired/tests/test_tla_spec_dev_complexity_ledger_adapter.py	out-of-scope	ticket_plan.yaml:648-658	none (outside the three project indexes)	unrepresented		Exact-path exclusion; semantic code was not read
2560	specs/.history/modular-fuzzing-epic/ticket-022-MF-036/ticket/desired/tests/test_tla_spec_dev_corpus_adapter.py	out-of-scope	ticket_plan.yaml:648-658	none (outside the three project indexes)	unrepresented		Exact-path exclusion; semantic code was not read
2561	specs/.history/modular-fuzzing-epic/ticket-022-MF-036/ticket/desired/tests/test_tla_spec_dev_effect_conformance_adapter.py	out-of-scope	ticket_plan.yaml:648-658	none (outside the three project indexes)	unrepresented		Exact-path exclusion; semantic code was not read
2562	specs/.history/modular-fuzzing-epic/ticket-022-MF-036/ticket/desired/tests/test_tla_spec_dev_kill_test_adapter.py	out-of-scope	ticket_plan.yaml:648-658	none (outside the three project indexes)	unrepresented		Exact-path exclusion; semantic code was not read
2563	specs/.history/modular-fuzzing-epic/ticket-022-MF-036/ticket/desired/tests/test_tla_spec_dev_run_adapter.py	out-of-scope	ticket_plan.yaml:648-658	none (outside the three project indexes)	unrepresented		Exact-path exclusion; semantic code was not read
2564	specs/.history/modular-fuzzing-epic/ticket-022-MF-036/ticket/desired/tests/test_tla_spec_dev_scaffold_adapter.py	out-of-scope	ticket_plan.yaml:648-658	none (outside the three project indexes)	unrepresented		Exact-path exclusion; semantic code was not read
2565	specs/.history/modular-fuzzing-epic/ticket-022-MF-036/ticket/desired/tests/test_tla_spec_dev_skill_feedback_adapter.py	out-of-scope	ticket_plan.yaml:648-658	none (outside the three project indexes)	unrepresented		Exact-path exclusion; semantic code was not read
2566	specs/.history/modular-fuzzing-epic/ticket-022-MF-036/ticket/desired/tests/test_tla_spec_dev_test_graph_adapter.py	out-of-scope	ticket_plan.yaml:648-658	none (outside the three project indexes)	unrepresented		Exact-path exclusion; semantic code was not read
2567	specs/.history/modular-fuzzing-epic/ticket-022-MF-036/ticket/desired/tests/test_tla_spec_dev_ticket_adapter.py	out-of-scope	ticket_plan.yaml:648-658	none (outside the three project indexes)	unrepresented		Exact-path exclusion; semantic code was not read
2568	specs/.history/modular-fuzzing-epic/ticket-022-MF-036/ticket/tests/test_ticket_workflow.py	out-of-scope	ticket_plan.yaml:648-658	none (outside the three project indexes)	unrepresented		Exact-path exclusion; semantic code was not read
2569	specs/.history/modular-fuzzing-epic/ticket-024-MF-023/snapshots/current/adapter_case_runtime.py	out-of-scope	ticket_plan.yaml:648-658	none (outside the three project indexes)	unrepresented		Exact-path exclusion; semantic code was not read
2570	specs/.history/modular-fuzzing-epic/ticket-024-MF-023/snapshots/current/production_adapters.py	out-of-scope	ticket_plan.yaml:648-658	none (outside the three project indexes)	unrepresented		Exact-path exclusion; semantic code was not read
2571	specs/.history/modular-fuzzing-epic/ticket-024-MF-023/snapshots/current/tests/test_current_ticket_workflow.py	out-of-scope	ticket_plan.yaml:648-658	none (outside the three project indexes)	unrepresented		Exact-path exclusion; semantic code was not read
2572	specs/.history/modular-fuzzing-epic/ticket-024-MF-023/snapshots/current/tests/test_tla_spec_dev_analyze_adapter.py	out-of-scope	ticket_plan.yaml:648-658	none (outside the three project indexes)	unrepresented		Exact-path exclusion; semantic code was not read
2573	specs/.history/modular-fuzzing-epic/ticket-024-MF-023/snapshots/current/tests/test_tla_spec_dev_budgets_adapter.py	out-of-scope	ticket_plan.yaml:648-658	none (outside the three project indexes)	unrepresented		Exact-path exclusion; semantic code was not read
2574	specs/.history/modular-fuzzing-epic/ticket-024-MF-023/snapshots/current/tests/test_tla_spec_dev_case_execution_run.py	out-of-scope	ticket_plan.yaml:648-658	none (outside the three project indexes)	unrepresented		Exact-path exclusion; semantic code was not read
2575	specs/.history/modular-fuzzing-epic/ticket-024-MF-023/snapshots/current/tests/test_tla_spec_dev_cli_adapter.py	out-of-scope	ticket_plan.yaml:648-658	none (outside the three project indexes)	unrepresented		Exact-path exclusion; semantic code was not read
2576	specs/.history/modular-fuzzing-epic/ticket-024-MF-023/snapshots/current/tests/test_tla_spec_dev_close_promotion_adapter.py	out-of-scope	ticket_plan.yaml:648-658	none (outside the three project indexes)	unrepresented		Exact-path exclusion; semantic code was not read
2577	specs/.history/modular-fuzzing-epic/ticket-024-MF-023/snapshots/current/tests/test_tla_spec_dev_complexity_ledger_adapter.py	out-of-scope	ticket_plan.yaml:648-658	none (outside the three project indexes)	unrepresented		Exact-path exclusion; semantic code was not read
2578	specs/.history/modular-fuzzing-epic/ticket-024-MF-023/snapshots/current/tests/test_tla_spec_dev_corpus_adapter.py	out-of-scope	ticket_plan.yaml:648-658	none (outside the three project indexes)	unrepresented		Exact-path exclusion; semantic code was not read
2579	specs/.history/modular-fuzzing-epic/ticket-024-MF-023/snapshots/current/tests/test_tla_spec_dev_effect_conformance_adapter.py	out-of-scope	ticket_plan.yaml:648-658	none (outside the three project indexes)	unrepresented		Exact-path exclusion; semantic code was not read
2580	specs/.history/modular-fuzzing-epic/ticket-024-MF-023/snapshots/current/tests/test_tla_spec_dev_kill_test_adapter.py	out-of-scope	ticket_plan.yaml:648-658	none (outside the three project indexes)	unrepresented		Exact-path exclusion; semantic code was not read
2581	specs/.history/modular-fuzzing-epic/ticket-024-MF-023/snapshots/current/tests/test_tla_spec_dev_run_adapter.py	out-of-scope	ticket_plan.yaml:648-658	none (outside the three project indexes)	unrepresented		Exact-path exclusion; semantic code was not read
2582	specs/.history/modular-fuzzing-epic/ticket-024-MF-023/snapshots/current/tests/test_tla_spec_dev_scaffold_adapter.py	out-of-scope	ticket_plan.yaml:648-658	none (outside the three project indexes)	unrepresented		Exact-path exclusion; semantic code was not read
2583	specs/.history/modular-fuzzing-epic/ticket-024-MF-023/snapshots/current/tests/test_tla_spec_dev_skill_feedback_adapter.py	out-of-scope	ticket_plan.yaml:648-658	none (outside the three project indexes)	unrepresented		Exact-path exclusion; semantic code was not read
2584	specs/.history/modular-fuzzing-epic/ticket-024-MF-023/snapshots/current/tests/test_tla_spec_dev_test_graph_adapter.py	out-of-scope	ticket_plan.yaml:648-658	none (outside the three project indexes)	unrepresented		Exact-path exclusion; semantic code was not read
2585	specs/.history/modular-fuzzing-epic/ticket-024-MF-023/snapshots/current/tests/test_tla_spec_dev_ticket_adapter.py	out-of-scope	ticket_plan.yaml:648-658	none (outside the three project indexes)	unrepresented		Exact-path exclusion; semantic code was not read
2586	specs/.history/modular-fuzzing-epic/ticket-024-MF-023/snapshots/current/tests/test_tla_spec_dev_update_ticket_adapter.py	out-of-scope	ticket_plan.yaml:648-658	none (outside the three project indexes)	unrepresented		Exact-path exclusion; semantic code was not read
2587	specs/.history/modular-fuzzing-epic/ticket-024-MF-023/snapshots/desired_program_model/production_adapters.py	out-of-scope	ticket_plan.yaml:648-658	none (outside the three project indexes)	unrepresented		Exact-path exclusion; semantic code was not read
2588	specs/.history/modular-fuzzing-epic/ticket-024-MF-023/snapshots/desired_program_model/tests/test_tla_spec_dev_cli_adapter.py	out-of-scope	ticket_plan.yaml:648-658	none (outside the three project indexes)	unrepresented		Exact-path exclusion; semantic code was not read
2589	specs/.history/modular-fuzzing-epic/ticket-024-MF-023/snapshots/desired_program_model/tests/test_tla_spec_dev_run_adapter.py	out-of-scope	ticket_plan.yaml:648-658	none (outside the three project indexes)	unrepresented		Exact-path exclusion; semantic code was not read
2590	specs/.history/modular-fuzzing-epic/ticket-024-MF-023/snapshots/desired_program_model/tests/test_tla_spec_dev_scaffold_adapter.py	out-of-scope	ticket_plan.yaml:648-658	none (outside the three project indexes)	unrepresented		Exact-path exclusion; semantic code was not read
2591	specs/.history/modular-fuzzing-epic/ticket-024-MF-023/snapshots/desired_program_model/tests/test_tla_spec_dev_test_graph_adapter.py	out-of-scope	ticket_plan.yaml:648-658	none (outside the three project indexes)	unrepresented		Exact-path exclusion; semantic code was not read
2592	specs/.history/modular-fuzzing-epic/ticket-024-MF-023/snapshots/desired_program_model/tests/test_tla_spec_dev_ticket_adapter.py	out-of-scope	ticket_plan.yaml:648-658	none (outside the three project indexes)	unrepresented		Exact-path exclusion; semantic code was not read
2593	specs/.history/modular-fuzzing-epic/ticket-024-MF-023/snapshots/program_model/production_adapters.py	out-of-scope	ticket_plan.yaml:648-658	none (outside the three project indexes)	unrepresented		Exact-path exclusion; semantic code was not read
2594	specs/.history/modular-fuzzing-epic/ticket-024-MF-023/snapshots/program_model/tests/test_tla_spec_dev_cli_adapter.py	out-of-scope	ticket_plan.yaml:648-658	none (outside the three project indexes)	unrepresented		Exact-path exclusion; semantic code was not read
2595	specs/.history/modular-fuzzing-epic/ticket-024-MF-023/snapshots/program_model/tests/test_tla_spec_dev_run_adapter.py	out-of-scope	ticket_plan.yaml:648-658	none (outside the three project indexes)	unrepresented		Exact-path exclusion; semantic code was not read
2596	specs/.history/modular-fuzzing-epic/ticket-024-MF-023/snapshots/program_model/tests/test_tla_spec_dev_scaffold_adapter.py	out-of-scope	ticket_plan.yaml:648-658	none (outside the three project indexes)	unrepresented		Exact-path exclusion; semantic code was not read
2597	specs/.history/modular-fuzzing-epic/ticket-024-MF-023/snapshots/program_model/tests/test_tla_spec_dev_test_graph_adapter.py	out-of-scope	ticket_plan.yaml:648-658	none (outside the three project indexes)	unrepresented		Exact-path exclusion; semantic code was not read
2598	specs/.history/modular-fuzzing-epic/ticket-024-MF-023/snapshots/program_model/tests/test_tla_spec_dev_ticket_adapter.py	out-of-scope	ticket_plan.yaml:648-658	none (outside the three project indexes)	unrepresented		Exact-path exclusion; semantic code was not read
2599	specs/.history/modular-fuzzing-epic/ticket-024-MF-023/ticket/current/adapter_case_runtime.py	out-of-scope	ticket_plan.yaml:648-658	none (outside the three project indexes)	unrepresented		Exact-path exclusion; semantic code was not read
2600	specs/.history/modular-fuzzing-epic/ticket-024-MF-023/ticket/current/production_adapters.py	out-of-scope	ticket_plan.yaml:648-658	none (outside the three project indexes)	unrepresented		Exact-path exclusion; semantic code was not read
2601	specs/.history/modular-fuzzing-epic/ticket-024-MF-023/ticket/current/tests/test_tla_spec_dev_analyze_adapter.py	out-of-scope	ticket_plan.yaml:648-658	none (outside the three project indexes)	unrepresented		Exact-path exclusion; semantic code was not read
2602	specs/.history/modular-fuzzing-epic/ticket-024-MF-023/ticket/current/tests/test_tla_spec_dev_budgets_adapter.py	out-of-scope	ticket_plan.yaml:648-658	none (outside the three project indexes)	unrepresented		Exact-path exclusion; semantic code was not read
2603	specs/.history/modular-fuzzing-epic/ticket-024-MF-023/ticket/current/tests/test_tla_spec_dev_case_execution_run.py	out-of-scope	ticket_plan.yaml:648-658	none (outside the three project indexes)	unrepresented		Exact-path exclusion; semantic code was not read
2604	specs/.history/modular-fuzzing-epic/ticket-024-MF-023/ticket/current/tests/test_tla_spec_dev_cli_adapter.py	out-of-scope	ticket_plan.yaml:648-658	none (outside the three project indexes)	unrepresented		Exact-path exclusion; semantic code was not read
2605	specs/.history/modular-fuzzing-epic/ticket-024-MF-023/ticket/current/tests/test_tla_spec_dev_close_promotion_adapter.py	out-of-scope	ticket_plan.yaml:648-658	none (outside the three project indexes)	unrepresented		Exact-path exclusion; semantic code was not read
2606	specs/.history/modular-fuzzing-epic/ticket-024-MF-023/ticket/current/tests/test_tla_spec_dev_complexity_ledger_adapter.py	out-of-scope	ticket_plan.yaml:648-658	none (outside the three project indexes)	unrepresented		Exact-path exclusion; semantic code was not read
2607	specs/.history/modular-fuzzing-epic/ticket-024-MF-023/ticket/current/tests/test_tla_spec_dev_corpus_adapter.py	out-of-scope	ticket_plan.yaml:648-658	none (outside the three project indexes)	unrepresented		Exact-path exclusion; semantic code was not read
2608	specs/.history/modular-fuzzing-epic/ticket-024-MF-023/ticket/current/tests/test_tla_spec_dev_effect_conformance_adapter.py	out-of-scope	ticket_plan.yaml:648-658	none (outside the three project indexes)	unrepresented		Exact-path exclusion; semantic code was not read
2609	specs/.history/modular-fuzzing-epic/ticket-024-MF-023/ticket/current/tests/test_tla_spec_dev_kill_test_adapter.py	out-of-scope	ticket_plan.yaml:648-658	none (outside the three project indexes)	unrepresented		Exact-path exclusion; semantic code was not read
2610	specs/.history/modular-fuzzing-epic/ticket-024-MF-023/ticket/current/tests/test_tla_spec_dev_run_adapter.py	out-of-scope	ticket_plan.yaml:648-658	none (outside the three project indexes)	unrepresented		Exact-path exclusion; semantic code was not read
2611	specs/.history/modular-fuzzing-epic/ticket-024-MF-023/ticket/current/tests/test_tla_spec_dev_scaffold_adapter.py	out-of-scope	ticket_plan.yaml:648-658	none (outside the three project indexes)	unrepresented		Exact-path exclusion; semantic code was not read
2612	specs/.history/modular-fuzzing-epic/ticket-024-MF-023/ticket/current/tests/test_tla_spec_dev_skill_feedback_adapter.py	out-of-scope	ticket_plan.yaml:648-658	none (outside the three project indexes)	unrepresented		Exact-path exclusion; semantic code was not read
2613	specs/.history/modular-fuzzing-epic/ticket-024-MF-023/ticket/current/tests/test_tla_spec_dev_test_graph_adapter.py	out-of-scope	ticket_plan.yaml:648-658	none (outside the three project indexes)	unrepresented		Exact-path exclusion; semantic code was not read
2614	specs/.history/modular-fuzzing-epic/ticket-024-MF-023/ticket/current/tests/test_tla_spec_dev_ticket_adapter.py	out-of-scope	ticket_plan.yaml:648-658	none (outside the three project indexes)	unrepresented		Exact-path exclusion; semantic code was not read
2615	specs/.history/modular-fuzzing-epic/ticket-024-MF-023/ticket/current/tests/test_tla_spec_dev_update_ticket_adapter.py	out-of-scope	ticket_plan.yaml:648-658	none (outside the three project indexes)	unrepresented		Exact-path exclusion; semantic code was not read
2616	specs/.history/modular-fuzzing-epic/ticket-024-MF-023/ticket/desired/adapter_case_runtime.py	out-of-scope	ticket_plan.yaml:648-658	none (outside the three project indexes)	unrepresented		Exact-path exclusion; semantic code was not read
2617	specs/.history/modular-fuzzing-epic/ticket-024-MF-023/ticket/desired/production_adapters.py	out-of-scope	ticket_plan.yaml:648-658	none (outside the three project indexes)	unrepresented		Exact-path exclusion; semantic code was not read
2618	specs/.history/modular-fuzzing-epic/ticket-024-MF-023/ticket/desired/tests/test_tla_spec_dev_analyze_adapter.py	out-of-scope	ticket_plan.yaml:648-658	none (outside the three project indexes)	unrepresented		Exact-path exclusion; semantic code was not read
2619	specs/.history/modular-fuzzing-epic/ticket-024-MF-023/ticket/desired/tests/test_tla_spec_dev_budgets_adapter.py	out-of-scope	ticket_plan.yaml:648-658	none (outside the three project indexes)	unrepresented		Exact-path exclusion; semantic code was not read
2620	specs/.history/modular-fuzzing-epic/ticket-024-MF-023/ticket/desired/tests/test_tla_spec_dev_case_execution_run.py	out-of-scope	ticket_plan.yaml:648-658	none (outside the three project indexes)	unrepresented		Exact-path exclusion; semantic code was not read
2621	specs/.history/modular-fuzzing-epic/ticket-024-MF-023/ticket/desired/tests/test_tla_spec_dev_cli_adapter.py	out-of-scope	ticket_plan.yaml:648-658	none (outside the three project indexes)	unrepresented		Exact-path exclusion; semantic code was not read
2622	specs/.history/modular-fuzzing-epic/ticket-024-MF-023/ticket/desired/tests/test_tla_spec_dev_close_promotion_adapter.py	out-of-scope	ticket_plan.yaml:648-658	none (outside the three project indexes)	unrepresented		Exact-path exclusion; semantic code was not read
2623	specs/.history/modular-fuzzing-epic/ticket-024-MF-023/ticket/desired/tests/test_tla_spec_dev_complexity_ledger_adapter.py	out-of-scope	ticket_plan.yaml:648-658	none (outside the three project indexes)	unrepresented		Exact-path exclusion; semantic code was not read
2624	specs/.history/modular-fuzzing-epic/ticket-024-MF-023/ticket/desired/tests/test_tla_spec_dev_corpus_adapter.py	out-of-scope	ticket_plan.yaml:648-658	none (outside the three project indexes)	unrepresented		Exact-path exclusion; semantic code was not read
2625	specs/.history/modular-fuzzing-epic/ticket-024-MF-023/ticket/desired/tests/test_tla_spec_dev_effect_conformance_adapter.py	out-of-scope	ticket_plan.yaml:648-658	none (outside the three project indexes)	unrepresented		Exact-path exclusion; semantic code was not read
2626	specs/.history/modular-fuzzing-epic/ticket-024-MF-023/ticket/desired/tests/test_tla_spec_dev_kill_test_adapter.py	out-of-scope	ticket_plan.yaml:648-658	none (outside the three project indexes)	unrepresented		Exact-path exclusion; semantic code was not read
2627	specs/.history/modular-fuzzing-epic/ticket-024-MF-023/ticket/desired/tests/test_tla_spec_dev_run_adapter.py	out-of-scope	ticket_plan.yaml:648-658	none (outside the three project indexes)	unrepresented		Exact-path exclusion; semantic code was not read
2628	specs/.history/modular-fuzzing-epic/ticket-024-MF-023/ticket/desired/tests/test_tla_spec_dev_scaffold_adapter.py	out-of-scope	ticket_plan.yaml:648-658	none (outside the three project indexes)	unrepresented		Exact-path exclusion; semantic code was not read
2629	specs/.history/modular-fuzzing-epic/ticket-024-MF-023/ticket/desired/tests/test_tla_spec_dev_skill_feedback_adapter.py	out-of-scope	ticket_plan.yaml:648-658	none (outside the three project indexes)	unrepresented		Exact-path exclusion; semantic code was not read
2630	specs/.history/modular-fuzzing-epic/ticket-024-MF-023/ticket/desired/tests/test_tla_spec_dev_test_graph_adapter.py	out-of-scope	ticket_plan.yaml:648-658	none (outside the three project indexes)	unrepresented		Exact-path exclusion; semantic code was not read
2631	specs/.history/modular-fuzzing-epic/ticket-024-MF-023/ticket/desired/tests/test_tla_spec_dev_ticket_adapter.py	out-of-scope	ticket_plan.yaml:648-658	none (outside the three project indexes)	unrepresented		Exact-path exclusion; semantic code was not read
2632	specs/.history/modular-fuzzing-epic/ticket-024-MF-023/ticket/desired/tests/test_tla_spec_dev_update_ticket_adapter.py	out-of-scope	ticket_plan.yaml:648-658	none (outside the three project indexes)	unrepresented		Exact-path exclusion; semantic code was not read
2633	specs/.history/modular-fuzzing-epic/ticket-024-MF-023/ticket/tests/test_ticket_workflow.py	out-of-scope	ticket_plan.yaml:648-658	none (outside the three project indexes)	unrepresented		Exact-path exclusion; semantic code was not read
2634	specs/.history/tla-spec-dev-cli-workflow/closed-snapshot/snapshots/current/production_adapters.py	out-of-scope	ticket_plan.yaml:648-658	none (outside the three project indexes)	unrepresented		Exact-path exclusion; semantic code was not read
2635	specs/.history/tla-spec-dev-cli-workflow/closed-snapshot/snapshots/current/tests/test_tla_spec_dev_cli_adapter.py	out-of-scope	ticket_plan.yaml:648-658	none (outside the three project indexes)	unrepresented		Exact-path exclusion; semantic code was not read
2636	specs/.history/tla-spec-dev-cli-workflow/closed-snapshot/snapshots/current/tests/test_tla_spec_dev_run_adapter.py	out-of-scope	ticket_plan.yaml:648-658	none (outside the three project indexes)	unrepresented		Exact-path exclusion; semantic code was not read
2637	specs/.history/tla-spec-dev-cli-workflow/closed-snapshot/snapshots/current/tests/test_tla_spec_dev_scaffold_adapter.py	out-of-scope	ticket_plan.yaml:648-658	none (outside the three project indexes)	unrepresented		Exact-path exclusion; semantic code was not read
2638	specs/.history/tla-spec-dev-cli-workflow/closed-snapshot/snapshots/current/tests/test_tla_spec_dev_test_graph_adapter.py	out-of-scope	ticket_plan.yaml:648-658	none (outside the three project indexes)	unrepresented		Exact-path exclusion; semantic code was not read
2639	specs/.history/tla-spec-dev-cli-workflow/closed-snapshot/snapshots/current/tests/test_tla_spec_dev_ticket_adapter.py	out-of-scope	ticket_plan.yaml:648-658	none (outside the three project indexes)	unrepresented		Exact-path exclusion; semantic code was not read
2640	specs/.history/tla-spec-dev-cli-workflow/closed-snapshot/snapshots/desired_program_model/production_adapters.py	out-of-scope	ticket_plan.yaml:648-658	none (outside the three project indexes)	unrepresented		Exact-path exclusion; semantic code was not read
2641	specs/.history/tla-spec-dev-cli-workflow/closed-snapshot/snapshots/desired_program_model/tests/test_tla_spec_dev_cli_adapter.py	out-of-scope	ticket_plan.yaml:648-658	none (outside the three project indexes)	unrepresented		Exact-path exclusion; semantic code was not read
2642	specs/.history/tla-spec-dev-cli-workflow/closed-snapshot/snapshots/desired_program_model/tests/test_tla_spec_dev_run_adapter.py	out-of-scope	ticket_plan.yaml:648-658	none (outside the three project indexes)	unrepresented		Exact-path exclusion; semantic code was not read
2643	specs/.history/tla-spec-dev-cli-workflow/closed-snapshot/snapshots/desired_program_model/tests/test_tla_spec_dev_scaffold_adapter.py	out-of-scope	ticket_plan.yaml:648-658	none (outside the three project indexes)	unrepresented		Exact-path exclusion; semantic code was not read
2644	specs/.history/tla-spec-dev-cli-workflow/closed-snapshot/snapshots/desired_program_model/tests/test_tla_spec_dev_test_graph_adapter.py	out-of-scope	ticket_plan.yaml:648-658	none (outside the three project indexes)	unrepresented		Exact-path exclusion; semantic code was not read
2645	specs/.history/tla-spec-dev-cli-workflow/closed-snapshot/snapshots/desired_program_model/tests/test_tla_spec_dev_ticket_adapter.py	out-of-scope	ticket_plan.yaml:648-658	none (outside the three project indexes)	unrepresented		Exact-path exclusion; semantic code was not read
2646	specs/.history/tla-spec-dev-cli-workflow/closed-snapshot/snapshots/program_model/production_adapters.py	out-of-scope	ticket_plan.yaml:648-658	none (outside the three project indexes)	unrepresented		Exact-path exclusion; semantic code was not read
2647	specs/.history/tla-spec-dev-cli-workflow/closed-snapshot/snapshots/program_model/tests/test_tla_spec_dev_cli_adapter.py	out-of-scope	ticket_plan.yaml:648-658	none (outside the three project indexes)	unrepresented		Exact-path exclusion; semantic code was not read
2648	specs/.history/tla-spec-dev-cli-workflow/closed-snapshot/snapshots/program_model/tests/test_tla_spec_dev_run_adapter.py	out-of-scope	ticket_plan.yaml:648-658	none (outside the three project indexes)	unrepresented		Exact-path exclusion; semantic code was not read
2649	specs/.history/tla-spec-dev-cli-workflow/closed-snapshot/snapshots/program_model/tests/test_tla_spec_dev_scaffold_adapter.py	out-of-scope	ticket_plan.yaml:648-658	none (outside the three project indexes)	unrepresented		Exact-path exclusion; semantic code was not read
2650	specs/.history/tla-spec-dev-cli-workflow/closed-snapshot/snapshots/program_model/tests/test_tla_spec_dev_test_graph_adapter.py	out-of-scope	ticket_plan.yaml:648-658	none (outside the three project indexes)	unrepresented		Exact-path exclusion; semantic code was not read
2651	specs/.history/tla-spec-dev-cli-workflow/closed-snapshot/snapshots/program_model/tests/test_tla_spec_dev_ticket_adapter.py	out-of-scope	ticket_plan.yaml:648-658	none (outside the three project indexes)	unrepresented		Exact-path exclusion; semantic code was not read
2652	specs/.history/tla-spec-dev-cli-workflow/ticket-000-CLI-001/snapshots/current/production_adapters.py	out-of-scope	ticket_plan.yaml:648-658	none (outside the three project indexes)	unrepresented		Exact-path exclusion; semantic code was not read
2653	specs/.history/tla-spec-dev-cli-workflow/ticket-000-CLI-001/snapshots/current/tests/test_program_model_onboarding.py	out-of-scope	ticket_plan.yaml:648-658	none (outside the three project indexes)	unrepresented		Exact-path exclusion; semantic code was not read
2654	specs/.history/tla-spec-dev-cli-workflow/ticket-000-CLI-001/snapshots/desired_program_model/production_adapters.py	out-of-scope	ticket_plan.yaml:648-658	none (outside the three project indexes)	unrepresented		Exact-path exclusion; semantic code was not read
2655	specs/.history/tla-spec-dev-cli-workflow/ticket-000-CLI-001/snapshots/desired_program_model/tests/test_program_model_onboarding.py	out-of-scope	ticket_plan.yaml:648-658	none (outside the three project indexes)	unrepresented		Exact-path exclusion; semantic code was not read
2656	specs/.history/tla-spec-dev-cli-workflow/ticket-000-CLI-001/snapshots/program_model/production_adapters.py	out-of-scope	ticket_plan.yaml:648-658	none (outside the three project indexes)	unrepresented		Exact-path exclusion; semantic code was not read
2657	specs/.history/tla-spec-dev-cli-workflow/ticket-000-CLI-001/snapshots/program_model/tests/test_program_model_onboarding.py	out-of-scope	ticket_plan.yaml:648-658	none (outside the three project indexes)	unrepresented		Exact-path exclusion; semantic code was not read
2658	specs/.history/tla-spec-dev-cli-workflow/ticket-000-CLI-001/ticket/current/production_adapters.py	out-of-scope	ticket_plan.yaml:648-658	none (outside the three project indexes)	unrepresented		Exact-path exclusion; semantic code was not read
2659	specs/.history/tla-spec-dev-cli-workflow/ticket-000-CLI-001/ticket/current/tests/test_program_model_onboarding.py	out-of-scope	ticket_plan.yaml:648-658	none (outside the three project indexes)	unrepresented		Exact-path exclusion; semantic code was not read
2660	specs/.history/tla-spec-dev-cli-workflow/ticket-000-CLI-001/ticket/desired/production_adapters.py	out-of-scope	ticket_plan.yaml:648-658	none (outside the three project indexes)	unrepresented		Exact-path exclusion; semantic code was not read
2661	specs/.history/tla-spec-dev-cli-workflow/ticket-000-CLI-001/ticket/desired/tests/test_program_model_onboarding.py	out-of-scope	ticket_plan.yaml:648-658	none (outside the three project indexes)	unrepresented		Exact-path exclusion; semantic code was not read
2662	specs/.history/tla-spec-dev-cli-workflow/ticket-000-CLI-001/ticket/tests/test_ticket_workflow.py	out-of-scope	ticket_plan.yaml:648-658	none (outside the three project indexes)	unrepresented		Exact-path exclusion; semantic code was not read
2663	specs/.history/tla-spec-dev-cli-workflow/ticket-001-CLI-002/snapshots/current/production_adapters.py	out-of-scope	ticket_plan.yaml:648-658	none (outside the three project indexes)	unrepresented		Exact-path exclusion; semantic code was not read
2664	specs/.history/tla-spec-dev-cli-workflow/ticket-001-CLI-002/snapshots/current/tests/test_tla_spec_dev_cli_adapter.py	out-of-scope	ticket_plan.yaml:648-658	none (outside the three project indexes)	unrepresented		Exact-path exclusion; semantic code was not read
2665	specs/.history/tla-spec-dev-cli-workflow/ticket-001-CLI-002/snapshots/desired_program_model/production_adapters.py	out-of-scope	ticket_plan.yaml:648-658	none (outside the three project indexes)	unrepresented		Exact-path exclusion; semantic code was not read
2666	specs/.history/tla-spec-dev-cli-workflow/ticket-001-CLI-002/snapshots/desired_program_model/tests/test_program_model_onboarding.py	out-of-scope	ticket_plan.yaml:648-658	none (outside the three project indexes)	unrepresented		Exact-path exclusion; semantic code was not read
2667	specs/.history/tla-spec-dev-cli-workflow/ticket-001-CLI-002/snapshots/program_model/production_adapters.py	out-of-scope	ticket_plan.yaml:648-658	none (outside the three project indexes)	unrepresented		Exact-path exclusion; semantic code was not read
2668	specs/.history/tla-spec-dev-cli-workflow/ticket-001-CLI-002/snapshots/program_model/tests/test_program_model_onboarding.py	out-of-scope	ticket_plan.yaml:648-658	none (outside the three project indexes)	unrepresented		Exact-path exclusion; semantic code was not read
2669	specs/.history/tla-spec-dev-cli-workflow/ticket-001-CLI-002/ticket/current/production_adapters.py	out-of-scope	ticket_plan.yaml:648-658	none (outside the three project indexes)	unrepresented		Exact-path exclusion; semantic code was not read
2670	specs/.history/tla-spec-dev-cli-workflow/ticket-001-CLI-002/ticket/current/tests/test_tla_spec_dev_cli_adapter.py	out-of-scope	ticket_plan.yaml:648-658	none (outside the three project indexes)	unrepresented		Exact-path exclusion; semantic code was not read
2671	specs/.history/tla-spec-dev-cli-workflow/ticket-001-CLI-002/ticket/desired/production_adapters.py	out-of-scope	ticket_plan.yaml:648-658	none (outside the three project indexes)	unrepresented		Exact-path exclusion; semantic code was not read
2672	specs/.history/tla-spec-dev-cli-workflow/ticket-001-CLI-002/ticket/desired/tests/test_tla_spec_dev_cli_adapter.py	out-of-scope	ticket_plan.yaml:648-658	none (outside the three project indexes)	unrepresented		Exact-path exclusion; semantic code was not read
2673	specs/.history/tla-spec-dev-cli-workflow/ticket-001-CLI-002/ticket/tests/test_ticket_workflow.py	out-of-scope	ticket_plan.yaml:648-658	none (outside the three project indexes)	unrepresented		Exact-path exclusion; semantic code was not read
2674	specs/.history/tla-spec-dev-cli-workflow/ticket-002-CLI-003/snapshots/current/production_adapters.py	out-of-scope	ticket_plan.yaml:648-658	none (outside the three project indexes)	unrepresented		Exact-path exclusion; semantic code was not read
2675	specs/.history/tla-spec-dev-cli-workflow/ticket-002-CLI-003/snapshots/current/tests/test_tla_spec_dev_cli_adapter.py	out-of-scope	ticket_plan.yaml:648-658	none (outside the three project indexes)	unrepresented		Exact-path exclusion; semantic code was not read
2676	specs/.history/tla-spec-dev-cli-workflow/ticket-002-CLI-003/snapshots/current/tests/test_tla_spec_dev_scaffold_adapter.py	out-of-scope	ticket_plan.yaml:648-658	none (outside the three project indexes)	unrepresented		Exact-path exclusion; semantic code was not read
2677	specs/.history/tla-spec-dev-cli-workflow/ticket-002-CLI-003/snapshots/desired_program_model/production_adapters.py	out-of-scope	ticket_plan.yaml:648-658	none (outside the three project indexes)	unrepresented		Exact-path exclusion; semantic code was not read
2678	specs/.history/tla-spec-dev-cli-workflow/ticket-002-CLI-003/snapshots/desired_program_model/tests/test_program_model_onboarding.py	out-of-scope	ticket_plan.yaml:648-658	none (outside the three project indexes)	unrepresented		Exact-path exclusion; semantic code was not read
2679	specs/.history/tla-spec-dev-cli-workflow/ticket-002-CLI-003/snapshots/program_model/production_adapters.py	out-of-scope	ticket_plan.yaml:648-658	none (outside the three project indexes)	unrepresented		Exact-path exclusion; semantic code was not read
2680	specs/.history/tla-spec-dev-cli-workflow/ticket-002-CLI-003/snapshots/program_model/tests/test_program_model_onboarding.py	out-of-scope	ticket_plan.yaml:648-658	none (outside the three project indexes)	unrepresented		Exact-path exclusion; semantic code was not read
2681	specs/.history/tla-spec-dev-cli-workflow/ticket-002-CLI-003/ticket/current/production_adapters.py	out-of-scope	ticket_plan.yaml:648-658	none (outside the three project indexes)	unrepresented		Exact-path exclusion; semantic code was not read
2682	specs/.history/tla-spec-dev-cli-workflow/ticket-002-CLI-003/ticket/current/tests/test_tla_spec_dev_cli_adapter.py	out-of-scope	ticket_plan.yaml:648-658	none (outside the three project indexes)	unrepresented		Exact-path exclusion; semantic code was not read
2683	specs/.history/tla-spec-dev-cli-workflow/ticket-002-CLI-003/ticket/current/tests/test_tla_spec_dev_scaffold_adapter.py	out-of-scope	ticket_plan.yaml:648-658	none (outside the three project indexes)	unrepresented		Exact-path exclusion; semantic code was not read
2684	specs/.history/tla-spec-dev-cli-workflow/ticket-002-CLI-003/ticket/desired/production_adapters.py	out-of-scope	ticket_plan.yaml:648-658	none (outside the three project indexes)	unrepresented		Exact-path exclusion; semantic code was not read
2685	specs/.history/tla-spec-dev-cli-workflow/ticket-002-CLI-003/ticket/desired/tests/test_tla_spec_dev_cli_adapter.py	out-of-scope	ticket_plan.yaml:648-658	none (outside the three project indexes)	unrepresented		Exact-path exclusion; semantic code was not read
2686	specs/.history/tla-spec-dev-cli-workflow/ticket-002-CLI-003/ticket/desired/tests/test_tla_spec_dev_scaffold_adapter.py	out-of-scope	ticket_plan.yaml:648-658	none (outside the three project indexes)	unrepresented		Exact-path exclusion; semantic code was not read
2687	specs/.history/tla-spec-dev-cli-workflow/ticket-002-CLI-003/ticket/tests/test_ticket_workflow.py	out-of-scope	ticket_plan.yaml:648-658	none (outside the three project indexes)	unrepresented		Exact-path exclusion; semantic code was not read
2688	specs/.history/tla-spec-dev-cli-workflow/ticket-003-CLI-004/snapshots/current/production_adapters.py	out-of-scope	ticket_plan.yaml:648-658	none (outside the three project indexes)	unrepresented		Exact-path exclusion; semantic code was not read
2689	specs/.history/tla-spec-dev-cli-workflow/ticket-003-CLI-004/snapshots/current/tests/test_tla_spec_dev_cli_adapter.py	out-of-scope	ticket_plan.yaml:648-658	none (outside the three project indexes)	unrepresented		Exact-path exclusion; semantic code was not read
2690	specs/.history/tla-spec-dev-cli-workflow/ticket-003-CLI-004/snapshots/current/tests/test_tla_spec_dev_scaffold_adapter.py	out-of-scope	ticket_plan.yaml:648-658	none (outside the three project indexes)	unrepresented		Exact-path exclusion; semantic code was not read
2691	specs/.history/tla-spec-dev-cli-workflow/ticket-003-CLI-004/snapshots/current/tests/test_tla_spec_dev_ticket_adapter.py	out-of-scope	ticket_plan.yaml:648-658	none (outside the three project indexes)	unrepresented		Exact-path exclusion; semantic code was not read
2692	specs/.history/tla-spec-dev-cli-workflow/ticket-003-CLI-004/snapshots/desired_program_model/production_adapters.py	out-of-scope	ticket_plan.yaml:648-658	none (outside the three project indexes)	unrepresented		Exact-path exclusion; semantic code was not read
2693	specs/.history/tla-spec-dev-cli-workflow/ticket-003-CLI-004/snapshots/desired_program_model/tests/test_program_model_onboarding.py	out-of-scope	ticket_plan.yaml:648-658	none (outside the three project indexes)	unrepresented		Exact-path exclusion; semantic code was not read
2694	specs/.history/tla-spec-dev-cli-workflow/ticket-003-CLI-004/snapshots/program_model/production_adapters.py	out-of-scope	ticket_plan.yaml:648-658	none (outside the three project indexes)	unrepresented		Exact-path exclusion; semantic code was not read
2695	specs/.history/tla-spec-dev-cli-workflow/ticket-003-CLI-004/snapshots/program_model/tests/test_program_model_onboarding.py	out-of-scope	ticket_plan.yaml:648-658	none (outside the three project indexes)	unrepresented		Exact-path exclusion; semantic code was not read
2696	specs/.history/tla-spec-dev-cli-workflow/ticket-003-CLI-004/ticket/current/production_adapters.py	out-of-scope	ticket_plan.yaml:648-658	none (outside the three project indexes)	unrepresented		Exact-path exclusion; semantic code was not read
2697	specs/.history/tla-spec-dev-cli-workflow/ticket-003-CLI-004/ticket/current/tests/test_tla_spec_dev_cli_adapter.py	out-of-scope	ticket_plan.yaml:648-658	none (outside the three project indexes)	unrepresented		Exact-path exclusion; semantic code was not read
2698	specs/.history/tla-spec-dev-cli-workflow/ticket-003-CLI-004/ticket/current/tests/test_tla_spec_dev_scaffold_adapter.py	out-of-scope	ticket_plan.yaml:648-658	none (outside the three project indexes)	unrepresented		Exact-path exclusion; semantic code was not read
2699	specs/.history/tla-spec-dev-cli-workflow/ticket-003-CLI-004/ticket/current/tests/test_tla_spec_dev_ticket_adapter.py	out-of-scope	ticket_plan.yaml:648-658	none (outside the three project indexes)	unrepresented		Exact-path exclusion; semantic code was not read
2700	specs/.history/tla-spec-dev-cli-workflow/ticket-003-CLI-004/ticket/desired/production_adapters.py	out-of-scope	ticket_plan.yaml:648-658	none (outside the three project indexes)	unrepresented		Exact-path exclusion; semantic code was not read
2701	specs/.history/tla-spec-dev-cli-workflow/ticket-003-CLI-004/ticket/desired/tests/test_tla_spec_dev_cli_adapter.py	out-of-scope	ticket_plan.yaml:648-658	none (outside the three project indexes)	unrepresented		Exact-path exclusion; semantic code was not read
2702	specs/.history/tla-spec-dev-cli-workflow/ticket-003-CLI-004/ticket/desired/tests/test_tla_spec_dev_scaffold_adapter.py	out-of-scope	ticket_plan.yaml:648-658	none (outside the three project indexes)	unrepresented		Exact-path exclusion; semantic code was not read
2703	specs/.history/tla-spec-dev-cli-workflow/ticket-003-CLI-004/ticket/desired/tests/test_tla_spec_dev_ticket_adapter.py	out-of-scope	ticket_plan.yaml:648-658	none (outside the three project indexes)	unrepresented		Exact-path exclusion; semantic code was not read
2704	specs/.history/tla-spec-dev-cli-workflow/ticket-003-CLI-004/ticket/tests/test_ticket_workflow.py	out-of-scope	ticket_plan.yaml:648-658	none (outside the three project indexes)	unrepresented		Exact-path exclusion; semantic code was not read
2705	specs/.history/tla-spec-dev-cli-workflow/ticket-004-CLI-005/snapshots/current/production_adapters.py	out-of-scope	ticket_plan.yaml:648-658	none (outside the three project indexes)	unrepresented		Exact-path exclusion; semantic code was not read
2706	specs/.history/tla-spec-dev-cli-workflow/ticket-004-CLI-005/snapshots/current/tests/test_tla_spec_dev_cli_adapter.py	out-of-scope	ticket_plan.yaml:648-658	none (outside the three project indexes)	unrepresented		Exact-path exclusion; semantic code was not read
2707	specs/.history/tla-spec-dev-cli-workflow/ticket-004-CLI-005/snapshots/current/tests/test_tla_spec_dev_run_adapter.py	out-of-scope	ticket_plan.yaml:648-658	none (outside the three project indexes)	unrepresented		Exact-path exclusion; semantic code was not read
2708	specs/.history/tla-spec-dev-cli-workflow/ticket-004-CLI-005/snapshots/current/tests/test_tla_spec_dev_scaffold_adapter.py	out-of-scope	ticket_plan.yaml:648-658	none (outside the three project indexes)	unrepresented		Exact-path exclusion; semantic code was not read
2709	specs/.history/tla-spec-dev-cli-workflow/ticket-004-CLI-005/snapshots/current/tests/test_tla_spec_dev_ticket_adapter.py	out-of-scope	ticket_plan.yaml:648-658	none (outside the three project indexes)	unrepresented		Exact-path exclusion; semantic code was not read
2710	specs/.history/tla-spec-dev-cli-workflow/ticket-004-CLI-005/snapshots/desired_program_model/production_adapters.py	out-of-scope	ticket_plan.yaml:648-658	none (outside the three project indexes)	unrepresented		Exact-path exclusion; semantic code was not read
2711	specs/.history/tla-spec-dev-cli-workflow/ticket-004-CLI-005/snapshots/program_model/production_adapters.py	out-of-scope	ticket_plan.yaml:648-658	none (outside the three project indexes)	unrepresented		Exact-path exclusion; semantic code was not read
2712	specs/.history/tla-spec-dev-cli-workflow/ticket-004-CLI-005/snapshots/program_model/tests/test_program_model_onboarding.py	out-of-scope	ticket_plan.yaml:648-658	none (outside the three project indexes)	unrepresented		Exact-path exclusion; semantic code was not read
2713	specs/.history/tla-spec-dev-cli-workflow/ticket-004-CLI-005/ticket/current/production_adapters.py	out-of-scope	ticket_plan.yaml:648-658	none (outside the three project indexes)	unrepresented		Exact-path exclusion; semantic code was not read
2714	specs/.history/tla-spec-dev-cli-workflow/ticket-004-CLI-005/ticket/current/tests/test_tla_spec_dev_cli_adapter.py	out-of-scope	ticket_plan.yaml:648-658	none (outside the three project indexes)	unrepresented		Exact-path exclusion; semantic code was not read
2715	specs/.history/tla-spec-dev-cli-workflow/ticket-004-CLI-005/ticket/current/tests/test_tla_spec_dev_run_adapter.py	out-of-scope	ticket_plan.yaml:648-658	none (outside the three project indexes)	unrepresented		Exact-path exclusion; semantic code was not read
2716	specs/.history/tla-spec-dev-cli-workflow/ticket-004-CLI-005/ticket/current/tests/test_tla_spec_dev_scaffold_adapter.py	out-of-scope	ticket_plan.yaml:648-658	none (outside the three project indexes)	unrepresented		Exact-path exclusion; semantic code was not read
2717	specs/.history/tla-spec-dev-cli-workflow/ticket-004-CLI-005/ticket/current/tests/test_tla_spec_dev_ticket_adapter.py	out-of-scope	ticket_plan.yaml:648-658	none (outside the three project indexes)	unrepresented		Exact-path exclusion; semantic code was not read
2718	specs/.history/tla-spec-dev-cli-workflow/ticket-004-CLI-005/ticket/desired/production_adapters.py	out-of-scope	ticket_plan.yaml:648-658	none (outside the three project indexes)	unrepresented		Exact-path exclusion; semantic code was not read
2719	specs/.history/tla-spec-dev-cli-workflow/ticket-004-CLI-005/ticket/desired/tests/test_tla_spec_dev_cli_adapter.py	out-of-scope	ticket_plan.yaml:648-658	none (outside the three project indexes)	unrepresented		Exact-path exclusion; semantic code was not read
2720	specs/.history/tla-spec-dev-cli-workflow/ticket-004-CLI-005/ticket/desired/tests/test_tla_spec_dev_run_adapter.py	out-of-scope	ticket_plan.yaml:648-658	none (outside the three project indexes)	unrepresented		Exact-path exclusion; semantic code was not read
2721	specs/.history/tla-spec-dev-cli-workflow/ticket-004-CLI-005/ticket/desired/tests/test_tla_spec_dev_scaffold_adapter.py	out-of-scope	ticket_plan.yaml:648-658	none (outside the three project indexes)	unrepresented		Exact-path exclusion; semantic code was not read
2722	specs/.history/tla-spec-dev-cli-workflow/ticket-004-CLI-005/ticket/desired/tests/test_tla_spec_dev_ticket_adapter.py	out-of-scope	ticket_plan.yaml:648-658	none (outside the three project indexes)	unrepresented		Exact-path exclusion; semantic code was not read
2723	specs/.history/tla-spec-dev-cli-workflow/ticket-004-CLI-005/ticket/tests/test_ticket_workflow.py	out-of-scope	ticket_plan.yaml:648-658	none (outside the three project indexes)	unrepresented		Exact-path exclusion; semantic code was not read
2724	specs/.history/tla-spec-dev-cli-workflow/ticket-005-CLI-006/snapshots/current/production_adapters.py	out-of-scope	ticket_plan.yaml:648-658	none (outside the three project indexes)	unrepresented		Exact-path exclusion; semantic code was not read
2725	specs/.history/tla-spec-dev-cli-workflow/ticket-005-CLI-006/snapshots/current/tests/test_tla_spec_dev_cli_adapter.py	out-of-scope	ticket_plan.yaml:648-658	none (outside the three project indexes)	unrepresented		Exact-path exclusion; semantic code was not read
2726	specs/.history/tla-spec-dev-cli-workflow/ticket-005-CLI-006/snapshots/current/tests/test_tla_spec_dev_run_adapter.py	out-of-scope	ticket_plan.yaml:648-658	none (outside the three project indexes)	unrepresented		Exact-path exclusion; semantic code was not read
2727	specs/.history/tla-spec-dev-cli-workflow/ticket-005-CLI-006/snapshots/current/tests/test_tla_spec_dev_scaffold_adapter.py	out-of-scope	ticket_plan.yaml:648-658	none (outside the three project indexes)	unrepresented		Exact-path exclusion; semantic code was not read
2728	specs/.history/tla-spec-dev-cli-workflow/ticket-005-CLI-006/snapshots/current/tests/test_tla_spec_dev_test_graph_adapter.py	out-of-scope	ticket_plan.yaml:648-658	none (outside the three project indexes)	unrepresented		Exact-path exclusion; semantic code was not read
2729	specs/.history/tla-spec-dev-cli-workflow/ticket-005-CLI-006/snapshots/current/tests/test_tla_spec_dev_ticket_adapter.py	out-of-scope	ticket_plan.yaml:648-658	none (outside the three project indexes)	unrepresented		Exact-path exclusion; semantic code was not read
2730	specs/.history/tla-spec-dev-cli-workflow/ticket-005-CLI-006/snapshots/desired_program_model/production_adapters.py	out-of-scope	ticket_plan.yaml:648-658	none (outside the three project indexes)	unrepresented		Exact-path exclusion; semantic code was not read
2731	specs/.history/tla-spec-dev-cli-workflow/ticket-005-CLI-006/snapshots/program_model/production_adapters.py	out-of-scope	ticket_plan.yaml:648-658	none (outside the three project indexes)	unrepresented		Exact-path exclusion; semantic code was not read
2732	specs/.history/tla-spec-dev-cli-workflow/ticket-005-CLI-006/snapshots/program_model/tests/test_program_model_onboarding.py	out-of-scope	ticket_plan.yaml:648-658	none (outside the three project indexes)	unrepresented		Exact-path exclusion; semantic code was not read
2733	specs/.history/tla-spec-dev-cli-workflow/ticket-005-CLI-006/ticket/current/production_adapters.py	out-of-scope	ticket_plan.yaml:648-658	none (outside the three project indexes)	unrepresented		Exact-path exclusion; semantic code was not read
2734	specs/.history/tla-spec-dev-cli-workflow/ticket-005-CLI-006/ticket/current/tests/test_tla_spec_dev_cli_adapter.py	out-of-scope	ticket_plan.yaml:648-658	none (outside the three project indexes)	unrepresented		Exact-path exclusion; semantic code was not read
2735	specs/.history/tla-spec-dev-cli-workflow/ticket-005-CLI-006/ticket/current/tests/test_tla_spec_dev_run_adapter.py	out-of-scope	ticket_plan.yaml:648-658	none (outside the three project indexes)	unrepresented		Exact-path exclusion; semantic code was not read
2736	specs/.history/tla-spec-dev-cli-workflow/ticket-005-CLI-006/ticket/current/tests/test_tla_spec_dev_scaffold_adapter.py	out-of-scope	ticket_plan.yaml:648-658	none (outside the three project indexes)	unrepresented		Exact-path exclusion; semantic code was not read
2737	specs/.history/tla-spec-dev-cli-workflow/ticket-005-CLI-006/ticket/current/tests/test_tla_spec_dev_test_graph_adapter.py	out-of-scope	ticket_plan.yaml:648-658	none (outside the three project indexes)	unrepresented		Exact-path exclusion; semantic code was not read
2738	specs/.history/tla-spec-dev-cli-workflow/ticket-005-CLI-006/ticket/current/tests/test_tla_spec_dev_ticket_adapter.py	out-of-scope	ticket_plan.yaml:648-658	none (outside the three project indexes)	unrepresented		Exact-path exclusion; semantic code was not read
2739	specs/.history/tla-spec-dev-cli-workflow/ticket-005-CLI-006/ticket/desired/production_adapters.py	out-of-scope	ticket_plan.yaml:648-658	none (outside the three project indexes)	unrepresented		Exact-path exclusion; semantic code was not read
2740	specs/.history/tla-spec-dev-cli-workflow/ticket-005-CLI-006/ticket/desired/tests/test_tla_spec_dev_cli_adapter.py	out-of-scope	ticket_plan.yaml:648-658	none (outside the three project indexes)	unrepresented		Exact-path exclusion; semantic code was not read
2741	specs/.history/tla-spec-dev-cli-workflow/ticket-005-CLI-006/ticket/desired/tests/test_tla_spec_dev_run_adapter.py	out-of-scope	ticket_plan.yaml:648-658	none (outside the three project indexes)	unrepresented		Exact-path exclusion; semantic code was not read
2742	specs/.history/tla-spec-dev-cli-workflow/ticket-005-CLI-006/ticket/desired/tests/test_tla_spec_dev_scaffold_adapter.py	out-of-scope	ticket_plan.yaml:648-658	none (outside the three project indexes)	unrepresented		Exact-path exclusion; semantic code was not read
2743	specs/.history/tla-spec-dev-cli-workflow/ticket-005-CLI-006/ticket/desired/tests/test_tla_spec_dev_test_graph_adapter.py	out-of-scope	ticket_plan.yaml:648-658	none (outside the three project indexes)	unrepresented		Exact-path exclusion; semantic code was not read
2744	specs/.history/tla-spec-dev-cli-workflow/ticket-005-CLI-006/ticket/desired/tests/test_tla_spec_dev_ticket_adapter.py	out-of-scope	ticket_plan.yaml:648-658	none (outside the three project indexes)	unrepresented		Exact-path exclusion; semantic code was not read
2745	specs/.history/tla-spec-dev-cli-workflow/ticket-005-CLI-006/ticket/tests/test_ticket_workflow.py	out-of-scope	ticket_plan.yaml:648-658	none (outside the three project indexes)	unrepresented		Exact-path exclusion; semantic code was not read
2746	specs/.history/tla-spec-dev-cli-workflow/ticket-006-CLI-007/snapshots/current/production_adapters.py	out-of-scope	ticket_plan.yaml:648-658	none (outside the three project indexes)	unrepresented		Exact-path exclusion; semantic code was not read
2747	specs/.history/tla-spec-dev-cli-workflow/ticket-006-CLI-007/snapshots/current/tests/test_tla_spec_dev_cli_adapter.py	out-of-scope	ticket_plan.yaml:648-658	none (outside the three project indexes)	unrepresented		Exact-path exclusion; semantic code was not read
2748	specs/.history/tla-spec-dev-cli-workflow/ticket-006-CLI-007/snapshots/current/tests/test_tla_spec_dev_run_adapter.py	out-of-scope	ticket_plan.yaml:648-658	none (outside the three project indexes)	unrepresented		Exact-path exclusion; semantic code was not read
2749	specs/.history/tla-spec-dev-cli-workflow/ticket-006-CLI-007/snapshots/current/tests/test_tla_spec_dev_scaffold_adapter.py	out-of-scope	ticket_plan.yaml:648-658	none (outside the three project indexes)	unrepresented		Exact-path exclusion; semantic code was not read
2750	specs/.history/tla-spec-dev-cli-workflow/ticket-006-CLI-007/snapshots/current/tests/test_tla_spec_dev_test_graph_adapter.py	out-of-scope	ticket_plan.yaml:648-658	none (outside the three project indexes)	unrepresented		Exact-path exclusion; semantic code was not read
2751	specs/.history/tla-spec-dev-cli-workflow/ticket-006-CLI-007/snapshots/current/tests/test_tla_spec_dev_ticket_adapter.py	out-of-scope	ticket_plan.yaml:648-658	none (outside the three project indexes)	unrepresented		Exact-path exclusion; semantic code was not read
2752	specs/.history/tla-spec-dev-cli-workflow/ticket-006-CLI-007/snapshots/desired_program_model/production_adapters.py	out-of-scope	ticket_plan.yaml:648-658	none (outside the three project indexes)	unrepresented		Exact-path exclusion; semantic code was not read
2753	specs/.history/tla-spec-dev-cli-workflow/ticket-006-CLI-007/snapshots/program_model/production_adapters.py	out-of-scope	ticket_plan.yaml:648-658	none (outside the three project indexes)	unrepresented		Exact-path exclusion; semantic code was not read
2754	specs/.history/tla-spec-dev-cli-workflow/ticket-006-CLI-007/snapshots/program_model/tests/test_program_model_onboarding.py	out-of-scope	ticket_plan.yaml:648-658	none (outside the three project indexes)	unrepresented		Exact-path exclusion; semantic code was not read
2755	specs/.history/tla-spec-dev-cli-workflow/ticket-006-CLI-007/ticket/current/production_adapters.py	out-of-scope	ticket_plan.yaml:648-658	none (outside the three project indexes)	unrepresented		Exact-path exclusion; semantic code was not read
2756	specs/.history/tla-spec-dev-cli-workflow/ticket-006-CLI-007/ticket/current/tests/test_tla_spec_dev_cli_adapter.py	out-of-scope	ticket_plan.yaml:648-658	none (outside the three project indexes)	unrepresented		Exact-path exclusion; semantic code was not read
2757	specs/.history/tla-spec-dev-cli-workflow/ticket-006-CLI-007/ticket/current/tests/test_tla_spec_dev_run_adapter.py	out-of-scope	ticket_plan.yaml:648-658	none (outside the three project indexes)	unrepresented		Exact-path exclusion; semantic code was not read
2758	specs/.history/tla-spec-dev-cli-workflow/ticket-006-CLI-007/ticket/current/tests/test_tla_spec_dev_scaffold_adapter.py	out-of-scope	ticket_plan.yaml:648-658	none (outside the three project indexes)	unrepresented		Exact-path exclusion; semantic code was not read
2759	specs/.history/tla-spec-dev-cli-workflow/ticket-006-CLI-007/ticket/current/tests/test_tla_spec_dev_test_graph_adapter.py	out-of-scope	ticket_plan.yaml:648-658	none (outside the three project indexes)	unrepresented		Exact-path exclusion; semantic code was not read
2760	specs/.history/tla-spec-dev-cli-workflow/ticket-006-CLI-007/ticket/current/tests/test_tla_spec_dev_ticket_adapter.py	out-of-scope	ticket_plan.yaml:648-658	none (outside the three project indexes)	unrepresented		Exact-path exclusion; semantic code was not read
2761	specs/.history/tla-spec-dev-cli-workflow/ticket-006-CLI-007/ticket/desired/production_adapters.py	out-of-scope	ticket_plan.yaml:648-658	none (outside the three project indexes)	unrepresented		Exact-path exclusion; semantic code was not read
2762	specs/.history/tla-spec-dev-cli-workflow/ticket-006-CLI-007/ticket/desired/tests/test_tla_spec_dev_cli_adapter.py	out-of-scope	ticket_plan.yaml:648-658	none (outside the three project indexes)	unrepresented		Exact-path exclusion; semantic code was not read
2763	specs/.history/tla-spec-dev-cli-workflow/ticket-006-CLI-007/ticket/desired/tests/test_tla_spec_dev_run_adapter.py	out-of-scope	ticket_plan.yaml:648-658	none (outside the three project indexes)	unrepresented		Exact-path exclusion; semantic code was not read
2764	specs/.history/tla-spec-dev-cli-workflow/ticket-006-CLI-007/ticket/desired/tests/test_tla_spec_dev_scaffold_adapter.py	out-of-scope	ticket_plan.yaml:648-658	none (outside the three project indexes)	unrepresented		Exact-path exclusion; semantic code was not read
2765	specs/.history/tla-spec-dev-cli-workflow/ticket-006-CLI-007/ticket/desired/tests/test_tla_spec_dev_test_graph_adapter.py	out-of-scope	ticket_plan.yaml:648-658	none (outside the three project indexes)	unrepresented		Exact-path exclusion; semantic code was not read
2766	specs/.history/tla-spec-dev-cli-workflow/ticket-006-CLI-007/ticket/desired/tests/test_tla_spec_dev_ticket_adapter.py	out-of-scope	ticket_plan.yaml:648-658	none (outside the three project indexes)	unrepresented		Exact-path exclusion; semantic code was not read
2767	specs/.history/tla-spec-dev-cli-workflow/ticket-006-CLI-007/ticket/tests/test_ticket_workflow.py	out-of-scope	ticket_plan.yaml:648-658	none (outside the three project indexes)	unrepresented		Exact-path exclusion; semantic code was not read
2768	specs/current/adapter_case_runtime.py	out-of-scope	ticket_plan.yaml:648-658	none (outside the three project indexes)	unrepresented		Exact-path exclusion; semantic code was not read
2769	specs/current/production_adapters.py	out-of-scope	ticket_plan.yaml:648-658	none (outside the three project indexes)	unrepresented		Exact-path exclusion; semantic code was not read
2770	specs/current/tests/test_current_ticket_workflow.py	out-of-scope	ticket_plan.yaml:648-658	none (outside the three project indexes)	unrepresented		Exact-path exclusion; semantic code was not read
2771	specs/current/tests/test_tla_spec_dev_analyze_adapter.py	out-of-scope	ticket_plan.yaml:648-658	none (outside the three project indexes)	unrepresented		Exact-path exclusion; semantic code was not read
2772	specs/current/tests/test_tla_spec_dev_budgets_adapter.py	out-of-scope	ticket_plan.yaml:648-658	none (outside the three project indexes)	unrepresented		Exact-path exclusion; semantic code was not read
2773	specs/current/tests/test_tla_spec_dev_case_execution_run.py	out-of-scope	ticket_plan.yaml:648-658	none (outside the three project indexes)	unrepresented		Exact-path exclusion; semantic code was not read
2774	specs/current/tests/test_tla_spec_dev_cli_adapter.py	out-of-scope	ticket_plan.yaml:648-658	none (outside the three project indexes)	unrepresented		Exact-path exclusion; semantic code was not read
2775	specs/current/tests/test_tla_spec_dev_close_promotion_adapter.py	out-of-scope	ticket_plan.yaml:648-658	none (outside the three project indexes)	unrepresented		Exact-path exclusion; semantic code was not read
2776	specs/current/tests/test_tla_spec_dev_complexity_ledger_adapter.py	out-of-scope	ticket_plan.yaml:648-658	none (outside the three project indexes)	unrepresented		Exact-path exclusion; semantic code was not read
2777	specs/current/tests/test_tla_spec_dev_corpus_adapter.py	out-of-scope	ticket_plan.yaml:648-658	none (outside the three project indexes)	unrepresented		Exact-path exclusion; semantic code was not read
2778	specs/current/tests/test_tla_spec_dev_effect_conformance_adapter.py	out-of-scope	ticket_plan.yaml:648-658	none (outside the three project indexes)	unrepresented		Exact-path exclusion; semantic code was not read
2779	specs/current/tests/test_tla_spec_dev_kill_test_adapter.py	out-of-scope	ticket_plan.yaml:648-658	none (outside the three project indexes)	unrepresented		Exact-path exclusion; semantic code was not read
2780	specs/current/tests/test_tla_spec_dev_run_adapter.py	out-of-scope	ticket_plan.yaml:648-658	none (outside the three project indexes)	unrepresented		Exact-path exclusion; semantic code was not read
2781	specs/current/tests/test_tla_spec_dev_scaffold_adapter.py	out-of-scope	ticket_plan.yaml:648-658	none (outside the three project indexes)	unrepresented		Exact-path exclusion; semantic code was not read
2782	specs/current/tests/test_tla_spec_dev_skill_feedback_adapter.py	out-of-scope	ticket_plan.yaml:648-658	none (outside the three project indexes)	unrepresented		Exact-path exclusion; semantic code was not read
2783	specs/current/tests/test_tla_spec_dev_test_graph_adapter.py	out-of-scope	ticket_plan.yaml:648-658	none (outside the three project indexes)	unrepresented		Exact-path exclusion; semantic code was not read
2784	specs/current/tests/test_tla_spec_dev_ticket_adapter.py	out-of-scope	ticket_plan.yaml:648-658	none (outside the three project indexes)	unrepresented		Exact-path exclusion; semantic code was not read
2785	specs/current/tests/test_tla_spec_dev_update_ticket_adapter.py	out-of-scope	ticket_plan.yaml:648-658	none (outside the three project indexes)	unrepresented		Exact-path exclusion; semantic code was not read
2786	specs/desired_program_model/production_adapters.py	out-of-scope	ticket_plan.yaml:648-658	none (outside the three project indexes)	unrepresented		Exact-path exclusion; semantic code was not read
2787	specs/desired_program_model/tests/test_tla_spec_dev_cli_adapter.py	out-of-scope	ticket_plan.yaml:648-658	none (outside the three project indexes)	unrepresented		Exact-path exclusion; semantic code was not read
2788	specs/desired_program_model/tests/test_tla_spec_dev_run_adapter.py	out-of-scope	ticket_plan.yaml:648-658	none (outside the three project indexes)	unrepresented		Exact-path exclusion; semantic code was not read
2789	specs/desired_program_model/tests/test_tla_spec_dev_scaffold_adapter.py	out-of-scope	ticket_plan.yaml:648-658	none (outside the three project indexes)	unrepresented		Exact-path exclusion; semantic code was not read
2790	specs/desired_program_model/tests/test_tla_spec_dev_test_graph_adapter.py	out-of-scope	ticket_plan.yaml:648-658	none (outside the three project indexes)	unrepresented		Exact-path exclusion; semantic code was not read
2791	specs/desired_program_model/tests/test_tla_spec_dev_ticket_adapter.py	out-of-scope	ticket_plan.yaml:648-658	none (outside the three project indexes)	unrepresented		Exact-path exclusion; semantic code was not read
2792	specs/program_model/production_adapters.py	out-of-scope	ticket_plan.yaml:648-658	none (outside the three project indexes)	unrepresented		Exact-path exclusion; semantic code was not read
2793	specs/program_model/tests/test_tla_spec_dev_cli_adapter.py	out-of-scope	ticket_plan.yaml:648-658	none (outside the three project indexes)	unrepresented		Exact-path exclusion; semantic code was not read
2794	specs/program_model/tests/test_tla_spec_dev_run_adapter.py	out-of-scope	ticket_plan.yaml:648-658	none (outside the three project indexes)	unrepresented		Exact-path exclusion; semantic code was not read
2795	specs/program_model/tests/test_tla_spec_dev_scaffold_adapter.py	out-of-scope	ticket_plan.yaml:648-658	none (outside the three project indexes)	unrepresented		Exact-path exclusion; semantic code was not read
2796	specs/program_model/tests/test_tla_spec_dev_test_graph_adapter.py	out-of-scope	ticket_plan.yaml:648-658	none (outside the three project indexes)	unrepresented		Exact-path exclusion; semantic code was not read
2797	specs/program_model/tests/test_tla_spec_dev_ticket_adapter.py	out-of-scope	ticket_plan.yaml:648-658	none (outside the three project indexes)	unrepresented		Exact-path exclusion; semantic code was not read
2798	specs/tickets/MF-027/results/graph-reports/cliWorkflow-20260719-194517-b9c84eff/tla-spec-dev-bin/tla-spec-dev	out-of-scope	ticket_plan.yaml:648-658	none (outside the three project indexes)	unrepresented		Exact-path exclusion; semantic code was not read
2799	specs/tickets/MF-027/results/graph-reports/cliWorkflow-20260719-195438-794d2c21/tla-spec-dev-bin/tla-spec-dev	out-of-scope	ticket_plan.yaml:648-658	none (outside the three project indexes)	unrepresented		Exact-path exclusion; semantic code was not read
2800	specs/tickets/MF-027/results/graph-reports/specWorkflow-20260719-194428-2cebfb33/cleanup-failure-probe-test-graph/build-logic/build.gradle.kts	out-of-scope	ticket_plan.yaml:648-658	none (outside the three project indexes)	unrepresented		Exact-path exclusion; semantic code was not read
2801	specs/tickets/MF-027/results/graph-reports/specWorkflow-20260719-194428-2cebfb33/cleanup-failure-probe-test-graph/build-logic/settings.gradle.kts	out-of-scope	ticket_plan.yaml:648-658	none (outside the three project indexes)	unrepresented		Exact-path exclusion; semantic code was not read
2802	specs/tickets/MF-027/results/graph-reports/specWorkflow-20260719-194428-2cebfb33/cleanup-failure-probe-test-graph/build-logic/src/main/kotlin/com/hayden/testgraphsdk/GraphAssembler.kt	out-of-scope	ticket_plan.yaml:648-658	none (outside the three project indexes)	unrepresented		Exact-path exclusion; semantic code was not read
2803	specs/tickets/MF-027/results/graph-reports/specWorkflow-20260719-194428-2cebfb33/cleanup-failure-probe-test-graph/build-logic/src/main/kotlin/com/hayden/testgraphsdk/GraphModel.kt	out-of-scope	ticket_plan.yaml:648-658	none (outside the three project indexes)	unrepresented		Exact-path exclusion; semantic code was not read
2804	specs/tickets/MF-027/results/graph-reports/specWorkflow-20260719-194428-2cebfb33/cleanup-failure-probe-test-graph/build-logic/src/main/kotlin/com/hayden/testgraphsdk/MiniJson.kt	out-of-scope	ticket_plan.yaml:648-658	none (outside the three project indexes)	unrepresented		Exact-path exclusion; semantic code was not read
2805	specs/tickets/MF-027/results/graph-reports/specWorkflow-20260719-194428-2cebfb33/cleanup-failure-probe-test-graph/build-logic/src/main/kotlin/com/hayden/testgraphsdk/NodeDescribeLoader.kt	out-of-scope	ticket_plan.yaml:648-658	none (outside the three project indexes)	unrepresented		Exact-path exclusion; semantic code was not read
2806	specs/tickets/MF-027/results/graph-reports/specWorkflow-20260719-194428-2cebfb33/cleanup-failure-probe-test-graph/build-logic/src/main/kotlin/com/hayden/testgraphsdk/TestGraphSpec.kt	out-of-scope	ticket_plan.yaml:648-658	none (outside the three project indexes)	unrepresented		Exact-path exclusion; semantic code was not read
2807	specs/tickets/MF-027/results/graph-reports/specWorkflow-20260719-194428-2cebfb33/cleanup-failure-probe-test-graph/build-logic/src/main/kotlin/com/hayden/testgraphsdk/Toolchain.kt	out-of-scope	ticket_plan.yaml:648-658	none (outside the three project indexes)	unrepresented		Exact-path exclusion; semantic code was not read
2808	specs/tickets/MF-027/results/graph-reports/specWorkflow-20260719-194428-2cebfb33/cleanup-failure-probe-test-graph/build-logic/src/main/kotlin/com/hayden/testgraphsdk/ValidationGraphExtension.kt	out-of-scope	ticket_plan.yaml:648-658	none (outside the three project indexes)	unrepresented		Exact-path exclusion; semantic code was not read
2809	specs/tickets/MF-027/results/graph-reports/specWorkflow-20260719-194428-2cebfb33/cleanup-failure-probe-test-graph/build-logic/src/main/kotlin/com/hayden/testgraphsdk/ValidationGraphPlugin.kt	out-of-scope	ticket_plan.yaml:648-658	none (outside the three project indexes)	unrepresented		Exact-path exclusion; semantic code was not read
2810	specs/tickets/MF-027/results/graph-reports/specWorkflow-20260719-194428-2cebfb33/cleanup-failure-probe-test-graph/build-logic/src/main/kotlin/com/hayden/testgraphsdk/ValidationNodeSpec.kt	out-of-scope	ticket_plan.yaml:648-658	none (outside the three project indexes)	unrepresented		Exact-path exclusion; semantic code was not read
2811	specs/tickets/MF-027/results/graph-reports/specWorkflow-20260719-194428-2cebfb33/cleanup-failure-probe-test-graph/build-logic/src/main/kotlin/com/hayden/testgraphsdk/ValidationRuntime.kt	out-of-scope	ticket_plan.yaml:648-658	none (outside the three project indexes)	unrepresented		Exact-path exclusion; semantic code was not read
2812	specs/tickets/MF-027/results/graph-reports/specWorkflow-20260719-194428-2cebfb33/cleanup-failure-probe-test-graph/build-logic/src/main/kotlin/com/hayden/testgraphsdk/exec/Context.kt	out-of-scope	ticket_plan.yaml:648-658	none (outside the three project indexes)	unrepresented		Exact-path exclusion; semantic code was not read
2813	specs/tickets/MF-027/results/graph-reports/specWorkflow-20260719-194428-2cebfb33/cleanup-failure-probe-test-graph/build-logic/src/main/kotlin/com/hayden/testgraphsdk/exec/Executors.kt	out-of-scope	ticket_plan.yaml:648-658	none (outside the three project indexes)	unrepresented		Exact-path exclusion; semantic code was not read
2814	specs/tickets/MF-027/results/graph-reports/specWorkflow-20260719-194428-2cebfb33/cleanup-failure-probe-test-graph/build-logic/src/main/kotlin/com/hayden/testgraphsdk/exec/JBangExecutor.kt	out-of-scope	ticket_plan.yaml:648-658	none (outside the three project indexes)	unrepresented		Exact-path exclusion; semantic code was not read
2815	specs/tickets/MF-027/results/graph-reports/specWorkflow-20260719-194428-2cebfb33/cleanup-failure-probe-test-graph/build-logic/src/main/kotlin/com/hayden/testgraphsdk/exec/PlanExecutor.kt	out-of-scope	ticket_plan.yaml:648-658	none (outside the three project indexes)	unrepresented		Exact-path exclusion; semantic code was not read
2816	specs/tickets/MF-027/results/graph-reports/specWorkflow-20260719-194428-2cebfb33/cleanup-failure-probe-test-graph/build-logic/src/main/kotlin/com/hayden/testgraphsdk/exec/TimeoutParser.kt	out-of-scope	ticket_plan.yaml:648-658	none (outside the three project indexes)	unrepresented		Exact-path exclusion; semantic code was not read
2817	specs/tickets/MF-027/results/graph-reports/specWorkflow-20260719-194428-2cebfb33/cleanup-failure-probe-test-graph/build-logic/src/main/kotlin/com/hayden/testgraphsdk/exec/UvExecutor.kt	out-of-scope	ticket_plan.yaml:648-658	none (outside the three project indexes)	unrepresented		Exact-path exclusion; semantic code was not read
2818	specs/tickets/MF-027/results/graph-reports/specWorkflow-20260719-194428-2cebfb33/cleanup-failure-probe-test-graph/build-logic/src/main/kotlin/com/hayden/testgraphsdk/tasks/InspectionTasks.kt	out-of-scope	ticket_plan.yaml:648-658	none (outside the three project indexes)	unrepresented		Exact-path exclusion; semantic code was not read
2819	specs/tickets/MF-027/results/graph-reports/specWorkflow-20260719-194428-2cebfb33/cleanup-failure-probe-test-graph/build-logic/src/main/kotlin/com/hayden/testgraphsdk/tasks/RunReportWriter.kt	out-of-scope	ticket_plan.yaml:648-658	none (outside the three project indexes)	unrepresented		Exact-path exclusion; semantic code was not read
2820	specs/tickets/MF-027/results/graph-reports/specWorkflow-20260719-194428-2cebfb33/cleanup-failure-probe-test-graph/build-logic/src/main/kotlin/com/hayden/testgraphsdk/tasks/RunTestGraphTask.kt	out-of-scope	ticket_plan.yaml:648-658	none (outside the three project indexes)	unrepresented		Exact-path exclusion; semantic code was not read
2821	specs/tickets/MF-027/results/graph-reports/specWorkflow-20260719-194428-2cebfb33/cleanup-failure-probe-test-graph/build-logic/src/main/kotlin/com/hayden/testgraphsdk/tasks/ValidationReportTask.kt	out-of-scope	ticket_plan.yaml:648-658	none (outside the three project indexes)	unrepresented		Exact-path exclusion; semantic code was not read
2822	specs/tickets/MF-027/results/graph-reports/specWorkflow-20260719-194428-2cebfb33/cleanup-failure-probe-test-graph/build-logic/src/test/kotlin/com/hayden/testgraphsdk/exec/PlanExecutorResumeHarnessTest.kt	out-of-scope	ticket_plan.yaml:648-658	none (outside the three project indexes)	unrepresented		Exact-path exclusion; semantic code was not read
2823	specs/tickets/MF-027/results/graph-reports/specWorkflow-20260719-194428-2cebfb33/cleanup-failure-probe-test-graph/build.gradle.kts	out-of-scope	ticket_plan.yaml:648-658	none (outside the three project indexes)	unrepresented		Exact-path exclusion; semantic code was not read
2824	specs/tickets/MF-027/results/graph-reports/specWorkflow-20260719-194428-2cebfb33/cleanup-failure-probe-test-graph/gradlew	out-of-scope	ticket_plan.yaml:648-658	none (outside the three project indexes)	unrepresented		Exact-path exclusion; semantic code was not read
2825	specs/tickets/MF-027/results/graph-reports/specWorkflow-20260719-194428-2cebfb33/cleanup-failure-probe-test-graph/sdk/java/build.gradle.kts	out-of-scope	ticket_plan.yaml:648-658	none (outside the three project indexes)	unrepresented		Exact-path exclusion; semantic code was not read
2826	specs/tickets/MF-027/results/graph-reports/specWorkflow-20260719-194428-2cebfb33/cleanup-failure-probe-test-graph/sdk/java/src/main/java/com/hayden/testgraphsdk/sdk/ContextItem.java	out-of-scope	ticket_plan.yaml:648-658	none (outside the three project indexes)	unrepresented		Exact-path exclusion; semantic code was not read
2827	specs/tickets/MF-027/results/graph-reports/specWorkflow-20260719-194428-2cebfb33/cleanup-failure-probe-test-graph/sdk/java/src/main/java/com/hayden/testgraphsdk/sdk/ContextSerde.java	out-of-scope	ticket_plan.yaml:648-658	none (outside the three project indexes)	unrepresented		Exact-path exclusion; semantic code was not read
2828	specs/tickets/MF-027/results/graph-reports/specWorkflow-20260719-194428-2cebfb33/cleanup-failure-probe-test-graph/sdk/java/src/main/java/com/hayden/testgraphsdk/sdk/Json.java	out-of-scope	ticket_plan.yaml:648-658	none (outside the three project indexes)	unrepresented		Exact-path exclusion; semantic code was not read
2829	specs/tickets/MF-027/results/graph-reports/specWorkflow-20260719-194428-2cebfb33/cleanup-failure-probe-test-graph/sdk/java/src/main/java/com/hayden/testgraphsdk/sdk/JsonMapper.java	out-of-scope	ticket_plan.yaml:648-658	none (outside the three project indexes)	unrepresented		Exact-path exclusion; semantic code was not read
2830	specs/tickets/MF-027/results/graph-reports/specWorkflow-20260719-194428-2cebfb33/cleanup-failure-probe-test-graph/sdk/java/src/main/java/com/hayden/testgraphsdk/sdk/Node.java	out-of-scope	ticket_plan.yaml:648-658	none (outside the three project indexes)	unrepresented		Exact-path exclusion; semantic code was not read
2831	specs/tickets/MF-027/results/graph-reports/specWorkflow-20260719-194428-2cebfb33/cleanup-failure-probe-test-graph/sdk/java/src/main/java/com/hayden/testgraphsdk/sdk/NodeBody.java	out-of-scope	ticket_plan.yaml:648-658	none (outside the three project indexes)	unrepresented		Exact-path exclusion; semantic code was not read
2832	specs/tickets/MF-027/results/graph-reports/specWorkflow-20260719-194428-2cebfb33/cleanup-failure-probe-test-graph/sdk/java/src/main/java/com/hayden/testgraphsdk/sdk/NodeContext.java	out-of-scope	ticket_plan.yaml:648-658	none (outside the three project indexes)	unrepresented		Exact-path exclusion; semantic code was not read
2833	specs/tickets/MF-027/results/graph-reports/specWorkflow-20260719-194428-2cebfb33/cleanup-failure-probe-test-graph/sdk/java/src/main/java/com/hayden/testgraphsdk/sdk/NodeResult.java	out-of-scope	ticket_plan.yaml:648-658	none (outside the three project indexes)	unrepresented		Exact-path exclusion; semantic code was not read
2834	specs/tickets/MF-027/results/graph-reports/specWorkflow-20260719-194428-2cebfb33/cleanup-failure-probe-test-graph/sdk/java/src/main/java/com/hayden/testgraphsdk/sdk/NodeSpec.java	out-of-scope	ticket_plan.yaml:648-658	none (outside the three project indexes)	unrepresented		Exact-path exclusion; semantic code was not read
2835	specs/tickets/MF-027/results/graph-reports/specWorkflow-20260719-194428-2cebfb33/cleanup-failure-probe-test-graph/sdk/java/src/main/java/com/hayden/testgraphsdk/sdk/NodeStatus.java	out-of-scope	ticket_plan.yaml:648-658	none (outside the three project indexes)	unrepresented		Exact-path exclusion; semantic code was not read
2836	specs/tickets/MF-027/results/graph-reports/specWorkflow-20260719-194428-2cebfb33/cleanup-failure-probe-test-graph/sdk/java/src/main/java/com/hayden/testgraphsdk/sdk/ProcessRecord.java	out-of-scope	ticket_plan.yaml:648-658	none (outside the three project indexes)	unrepresented		Exact-path exclusion; semantic code was not read
2837	specs/tickets/MF-027/results/graph-reports/specWorkflow-20260719-194428-2cebfb33/cleanup-failure-probe-test-graph/sdk/java/src/main/java/com/hayden/testgraphsdk/sdk/Procs.java	out-of-scope	ticket_plan.yaml:648-658	none (outside the three project indexes)	unrepresented		Exact-path exclusion; semantic code was not read
2838	specs/tickets/MF-027/results/graph-reports/specWorkflow-20260719-194428-2cebfb33/cleanup-failure-probe-test-graph/sdk/python/src/testgraphsdk/__init__.py	out-of-scope	ticket_plan.yaml:648-658	none (outside the three project indexes)	unrepresented		Exact-path exclusion; semantic code was not read
2839	specs/tickets/MF-027/results/graph-reports/specWorkflow-20260719-194428-2cebfb33/cleanup-failure-probe-test-graph/sdk/python/src/testgraphsdk/context.py	out-of-scope	ticket_plan.yaml:648-658	none (outside the three project indexes)	unrepresented		Exact-path exclusion; semantic code was not read
2840	specs/tickets/MF-027/results/graph-reports/specWorkflow-20260719-194428-2cebfb33/cleanup-failure-probe-test-graph/sdk/python/src/testgraphsdk/context_item.py	out-of-scope	ticket_plan.yaml:648-658	none (outside the three project indexes)	unrepresented		Exact-path exclusion; semantic code was not read
2841	specs/tickets/MF-027/results/graph-reports/specWorkflow-20260719-194428-2cebfb33/cleanup-failure-probe-test-graph/sdk/python/src/testgraphsdk/node_spec.py	out-of-scope	ticket_plan.yaml:648-658	none (outside the three project indexes)	unrepresented		Exact-path exclusion; semantic code was not read
2842	specs/tickets/MF-027/results/graph-reports/specWorkflow-20260719-194428-2cebfb33/cleanup-failure-probe-test-graph/sdk/python/src/testgraphsdk/procs.py	out-of-scope	ticket_plan.yaml:648-658	none (outside the three project indexes)	unrepresented		Exact-path exclusion; semantic code was not read
2843	specs/tickets/MF-027/results/graph-reports/specWorkflow-20260719-194428-2cebfb33/cleanup-failure-probe-test-graph/sdk/python/src/testgraphsdk/result.py	out-of-scope	ticket_plan.yaml:648-658	none (outside the three project indexes)	unrepresented		Exact-path exclusion; semantic code was not read
2844	specs/tickets/MF-027/results/graph-reports/specWorkflow-20260719-194428-2cebfb33/cleanup-failure-probe-test-graph/sdk/python/src/testgraphsdk/runner.py	out-of-scope	ticket_plan.yaml:648-658	none (outside the three project indexes)	unrepresented		Exact-path exclusion; semantic code was not read
2845	specs/tickets/MF-027/results/graph-reports/specWorkflow-20260719-194428-2cebfb33/cleanup-failure-probe-test-graph/settings.gradle.kts	out-of-scope	ticket_plan.yaml:648-658	none (outside the three project indexes)	unrepresented		Exact-path exclusion; semantic code was not read
2846	specs/tickets/MF-027/results/graph-reports/specWorkflow-20260719-194428-2cebfb33/cleanup-failure-probe-test-graph/sources/spec_workflow_cleanup.py	out-of-scope	ticket_plan.yaml:648-658	none (outside the three project indexes)	unrepresented		Exact-path exclusion; semantic code was not read
2847	specs/tickets/MF-027/results/graph-reports/specWorkflow-20260719-194428-2cebfb33/cleanup-failure-probe-test-graph/sources/spec_workflow_close_ticket.py	out-of-scope	ticket_plan.yaml:648-658	none (outside the three project indexes)	unrepresented		Exact-path exclusion; semantic code was not read
2848	specs/tickets/MF-027/results/graph-reports/specWorkflow-20260719-194428-2cebfb33/cleanup-failure-probe-test-graph/sources/spec_workflow_complete_ticket.py	out-of-scope	ticket_plan.yaml:648-658	none (outside the three project indexes)	unrepresented		Exact-path exclusion; semantic code was not read
2849	specs/tickets/MF-027/results/graph-reports/specWorkflow-20260719-194428-2cebfb33/cleanup-failure-probe-test-graph/sources/spec_workflow_create_repo.py	out-of-scope	ticket_plan.yaml:648-658	none (outside the three project indexes)	unrepresented		Exact-path exclusion; semantic code was not read
2850	specs/tickets/MF-027/results/graph-reports/specWorkflow-20260719-194428-2cebfb33/cleanup-failure-probe-test-graph/sources/spec_workflow_failure_cleanup_probe.py	out-of-scope	ticket_plan.yaml:648-658	none (outside the three project indexes)	unrepresented		Exact-path exclusion; semantic code was not read
2851	specs/tickets/MF-027/results/graph-reports/specWorkflow-20260719-194428-2cebfb33/cleanup-failure-probe-test-graph/sources/spec_workflow_force_failure.py	out-of-scope	ticket_plan.yaml:648-658	none (outside the three project indexes)	unrepresented		Exact-path exclusion; semantic code was not read
2852	specs/tickets/MF-027/results/graph-reports/specWorkflow-20260719-194428-2cebfb33/cleanup-failure-probe-test-graph/sources/spec_workflow_spec_units.py	out-of-scope	ticket_plan.yaml:648-658	none (outside the three project indexes)	unrepresented		Exact-path exclusion; semantic code was not read
2853	specs/tickets/MF-027/results/graph-reports/specWorkflow-20260719-194428-2cebfb33/cleanup-failure-probe-test-graph/sources/spec_workflow_start_ticket.py	out-of-scope	ticket_plan.yaml:648-658	none (outside the three project indexes)	unrepresented		Exact-path exclusion; semantic code was not read
2854	specs/tickets/MF-027/results/graph-reports/specWorkflow-20260719-194428-2cebfb33/cleanup-failure-probe-test-graph/sources/tla_spec_dev_cli_help.py	out-of-scope	ticket_plan.yaml:648-658	none (outside the three project indexes)	unrepresented		Exact-path exclusion; semantic code was not read
2855	specs/tickets/MF-027/results/graph-reports/specWorkflow-20260719-194428-2cebfb33/cleanup-failure-probe-test-graph/sources/tla_spec_dev_cli_install.py	out-of-scope	ticket_plan.yaml:648-658	none (outside the three project indexes)	unrepresented		Exact-path exclusion; semantic code was not read
2856	specs/tickets/MF-027/results/graph-reports/specWorkflow-20260719-194428-2cebfb33/tla-spec-dev-bin/tla-spec-dev	out-of-scope	ticket_plan.yaml:648-658	none (outside the three project indexes)	unrepresented		Exact-path exclusion; semantic code was not read
2857	specs/tickets/MF-027/results/graph-reports/specWorkflow-20260719-195414-d28e3b52/cleanup-failure-probe-test-graph/build-logic/build.gradle.kts	out-of-scope	ticket_plan.yaml:648-658	none (outside the three project indexes)	unrepresented		Exact-path exclusion; semantic code was not read
2858	specs/tickets/MF-027/results/graph-reports/specWorkflow-20260719-195414-d28e3b52/cleanup-failure-probe-test-graph/build-logic/settings.gradle.kts	out-of-scope	ticket_plan.yaml:648-658	none (outside the three project indexes)	unrepresented		Exact-path exclusion; semantic code was not read
2859	specs/tickets/MF-027/results/graph-reports/specWorkflow-20260719-195414-d28e3b52/cleanup-failure-probe-test-graph/build-logic/src/main/kotlin/com/hayden/testgraphsdk/GraphAssembler.kt	out-of-scope	ticket_plan.yaml:648-658	none (outside the three project indexes)	unrepresented		Exact-path exclusion; semantic code was not read
2860	specs/tickets/MF-027/results/graph-reports/specWorkflow-20260719-195414-d28e3b52/cleanup-failure-probe-test-graph/build-logic/src/main/kotlin/com/hayden/testgraphsdk/GraphModel.kt	out-of-scope	ticket_plan.yaml:648-658	none (outside the three project indexes)	unrepresented		Exact-path exclusion; semantic code was not read
2861	specs/tickets/MF-027/results/graph-reports/specWorkflow-20260719-195414-d28e3b52/cleanup-failure-probe-test-graph/build-logic/src/main/kotlin/com/hayden/testgraphsdk/MiniJson.kt	out-of-scope	ticket_plan.yaml:648-658	none (outside the three project indexes)	unrepresented		Exact-path exclusion; semantic code was not read
2862	specs/tickets/MF-027/results/graph-reports/specWorkflow-20260719-195414-d28e3b52/cleanup-failure-probe-test-graph/build-logic/src/main/kotlin/com/hayden/testgraphsdk/NodeDescribeLoader.kt	out-of-scope	ticket_plan.yaml:648-658	none (outside the three project indexes)	unrepresented		Exact-path exclusion; semantic code was not read
2863	specs/tickets/MF-027/results/graph-reports/specWorkflow-20260719-195414-d28e3b52/cleanup-failure-probe-test-graph/build-logic/src/main/kotlin/com/hayden/testgraphsdk/TestGraphSpec.kt	out-of-scope	ticket_plan.yaml:648-658	none (outside the three project indexes)	unrepresented		Exact-path exclusion; semantic code was not read
2864	specs/tickets/MF-027/results/graph-reports/specWorkflow-20260719-195414-d28e3b52/cleanup-failure-probe-test-graph/build-logic/src/main/kotlin/com/hayden/testgraphsdk/Toolchain.kt	out-of-scope	ticket_plan.yaml:648-658	none (outside the three project indexes)	unrepresented		Exact-path exclusion; semantic code was not read
2865	specs/tickets/MF-027/results/graph-reports/specWorkflow-20260719-195414-d28e3b52/cleanup-failure-probe-test-graph/build-logic/src/main/kotlin/com/hayden/testgraphsdk/ValidationGraphExtension.kt	out-of-scope	ticket_plan.yaml:648-658	none (outside the three project indexes)	unrepresented		Exact-path exclusion; semantic code was not read
2866	specs/tickets/MF-027/results/graph-reports/specWorkflow-20260719-195414-d28e3b52/cleanup-failure-probe-test-graph/build-logic/src/main/kotlin/com/hayden/testgraphsdk/ValidationGraphPlugin.kt	out-of-scope	ticket_plan.yaml:648-658	none (outside the three project indexes)	unrepresented		Exact-path exclusion; semantic code was not read
2867	specs/tickets/MF-027/results/graph-reports/specWorkflow-20260719-195414-d28e3b52/cleanup-failure-probe-test-graph/build-logic/src/main/kotlin/com/hayden/testgraphsdk/ValidationNodeSpec.kt	out-of-scope	ticket_plan.yaml:648-658	none (outside the three project indexes)	unrepresented		Exact-path exclusion; semantic code was not read
2868	specs/tickets/MF-027/results/graph-reports/specWorkflow-20260719-195414-d28e3b52/cleanup-failure-probe-test-graph/build-logic/src/main/kotlin/com/hayden/testgraphsdk/ValidationRuntime.kt	out-of-scope	ticket_plan.yaml:648-658	none (outside the three project indexes)	unrepresented		Exact-path exclusion; semantic code was not read
2869	specs/tickets/MF-027/results/graph-reports/specWorkflow-20260719-195414-d28e3b52/cleanup-failure-probe-test-graph/build-logic/src/main/kotlin/com/hayden/testgraphsdk/exec/Context.kt	out-of-scope	ticket_plan.yaml:648-658	none (outside the three project indexes)	unrepresented		Exact-path exclusion; semantic code was not read
2870	specs/tickets/MF-027/results/graph-reports/specWorkflow-20260719-195414-d28e3b52/cleanup-failure-probe-test-graph/build-logic/src/main/kotlin/com/hayden/testgraphsdk/exec/Executors.kt	out-of-scope	ticket_plan.yaml:648-658	none (outside the three project indexes)	unrepresented		Exact-path exclusion; semantic code was not read
2871	specs/tickets/MF-027/results/graph-reports/specWorkflow-20260719-195414-d28e3b52/cleanup-failure-probe-test-graph/build-logic/src/main/kotlin/com/hayden/testgraphsdk/exec/JBangExecutor.kt	out-of-scope	ticket_plan.yaml:648-658	none (outside the three project indexes)	unrepresented		Exact-path exclusion; semantic code was not read
2872	specs/tickets/MF-027/results/graph-reports/specWorkflow-20260719-195414-d28e3b52/cleanup-failure-probe-test-graph/build-logic/src/main/kotlin/com/hayden/testgraphsdk/exec/PlanExecutor.kt	out-of-scope	ticket_plan.yaml:648-658	none (outside the three project indexes)	unrepresented		Exact-path exclusion; semantic code was not read
2873	specs/tickets/MF-027/results/graph-reports/specWorkflow-20260719-195414-d28e3b52/cleanup-failure-probe-test-graph/build-logic/src/main/kotlin/com/hayden/testgraphsdk/exec/TimeoutParser.kt	out-of-scope	ticket_plan.yaml:648-658	none (outside the three project indexes)	unrepresented		Exact-path exclusion; semantic code was not read
2874	specs/tickets/MF-027/results/graph-reports/specWorkflow-20260719-195414-d28e3b52/cleanup-failure-probe-test-graph/build-logic/src/main/kotlin/com/hayden/testgraphsdk/exec/UvExecutor.kt	out-of-scope	ticket_plan.yaml:648-658	none (outside the three project indexes)	unrepresented		Exact-path exclusion; semantic code was not read
2875	specs/tickets/MF-027/results/graph-reports/specWorkflow-20260719-195414-d28e3b52/cleanup-failure-probe-test-graph/build-logic/src/main/kotlin/com/hayden/testgraphsdk/tasks/InspectionTasks.kt	out-of-scope	ticket_plan.yaml:648-658	none (outside the three project indexes)	unrepresented		Exact-path exclusion; semantic code was not read
2876	specs/tickets/MF-027/results/graph-reports/specWorkflow-20260719-195414-d28e3b52/cleanup-failure-probe-test-graph/build-logic/src/main/kotlin/com/hayden/testgraphsdk/tasks/RunReportWriter.kt	out-of-scope	ticket_plan.yaml:648-658	none (outside the three project indexes)	unrepresented		Exact-path exclusion; semantic code was not read
2877	specs/tickets/MF-027/results/graph-reports/specWorkflow-20260719-195414-d28e3b52/cleanup-failure-probe-test-graph/build-logic/src/main/kotlin/com/hayden/testgraphsdk/tasks/RunTestGraphTask.kt	out-of-scope	ticket_plan.yaml:648-658	none (outside the three project indexes)	unrepresented		Exact-path exclusion; semantic code was not read
2878	specs/tickets/MF-027/results/graph-reports/specWorkflow-20260719-195414-d28e3b52/cleanup-failure-probe-test-graph/build-logic/src/main/kotlin/com/hayden/testgraphsdk/tasks/ValidationReportTask.kt	out-of-scope	ticket_plan.yaml:648-658	none (outside the three project indexes)	unrepresented		Exact-path exclusion; semantic code was not read
2879	specs/tickets/MF-027/results/graph-reports/specWorkflow-20260719-195414-d28e3b52/cleanup-failure-probe-test-graph/build-logic/src/test/kotlin/com/hayden/testgraphsdk/exec/PlanExecutorResumeHarnessTest.kt	out-of-scope	ticket_plan.yaml:648-658	none (outside the three project indexes)	unrepresented		Exact-path exclusion; semantic code was not read
2880	specs/tickets/MF-027/results/graph-reports/specWorkflow-20260719-195414-d28e3b52/cleanup-failure-probe-test-graph/build.gradle.kts	out-of-scope	ticket_plan.yaml:648-658	none (outside the three project indexes)	unrepresented		Exact-path exclusion; semantic code was not read
2881	specs/tickets/MF-027/results/graph-reports/specWorkflow-20260719-195414-d28e3b52/cleanup-failure-probe-test-graph/gradlew	out-of-scope	ticket_plan.yaml:648-658	none (outside the three project indexes)	unrepresented		Exact-path exclusion; semantic code was not read
2882	specs/tickets/MF-027/results/graph-reports/specWorkflow-20260719-195414-d28e3b52/cleanup-failure-probe-test-graph/sdk/java/build.gradle.kts	out-of-scope	ticket_plan.yaml:648-658	none (outside the three project indexes)	unrepresented		Exact-path exclusion; semantic code was not read
2883	specs/tickets/MF-027/results/graph-reports/specWorkflow-20260719-195414-d28e3b52/cleanup-failure-probe-test-graph/sdk/java/src/main/java/com/hayden/testgraphsdk/sdk/ContextItem.java	out-of-scope	ticket_plan.yaml:648-658	none (outside the three project indexes)	unrepresented		Exact-path exclusion; semantic code was not read
2884	specs/tickets/MF-027/results/graph-reports/specWorkflow-20260719-195414-d28e3b52/cleanup-failure-probe-test-graph/sdk/java/src/main/java/com/hayden/testgraphsdk/sdk/ContextSerde.java	out-of-scope	ticket_plan.yaml:648-658	none (outside the three project indexes)	unrepresented		Exact-path exclusion; semantic code was not read
2885	specs/tickets/MF-027/results/graph-reports/specWorkflow-20260719-195414-d28e3b52/cleanup-failure-probe-test-graph/sdk/java/src/main/java/com/hayden/testgraphsdk/sdk/Json.java	out-of-scope	ticket_plan.yaml:648-658	none (outside the three project indexes)	unrepresented		Exact-path exclusion; semantic code was not read
2886	specs/tickets/MF-027/results/graph-reports/specWorkflow-20260719-195414-d28e3b52/cleanup-failure-probe-test-graph/sdk/java/src/main/java/com/hayden/testgraphsdk/sdk/JsonMapper.java	out-of-scope	ticket_plan.yaml:648-658	none (outside the three project indexes)	unrepresented		Exact-path exclusion; semantic code was not read
2887	specs/tickets/MF-027/results/graph-reports/specWorkflow-20260719-195414-d28e3b52/cleanup-failure-probe-test-graph/sdk/java/src/main/java/com/hayden/testgraphsdk/sdk/Node.java	out-of-scope	ticket_plan.yaml:648-658	none (outside the three project indexes)	unrepresented		Exact-path exclusion; semantic code was not read
2888	specs/tickets/MF-027/results/graph-reports/specWorkflow-20260719-195414-d28e3b52/cleanup-failure-probe-test-graph/sdk/java/src/main/java/com/hayden/testgraphsdk/sdk/NodeBody.java	out-of-scope	ticket_plan.yaml:648-658	none (outside the three project indexes)	unrepresented		Exact-path exclusion; semantic code was not read
2889	specs/tickets/MF-027/results/graph-reports/specWorkflow-20260719-195414-d28e3b52/cleanup-failure-probe-test-graph/sdk/java/src/main/java/com/hayden/testgraphsdk/sdk/NodeContext.java	out-of-scope	ticket_plan.yaml:648-658	none (outside the three project indexes)	unrepresented		Exact-path exclusion; semantic code was not read
2890	specs/tickets/MF-027/results/graph-reports/specWorkflow-20260719-195414-d28e3b52/cleanup-failure-probe-test-graph/sdk/java/src/main/java/com/hayden/testgraphsdk/sdk/NodeResult.java	out-of-scope	ticket_plan.yaml:648-658	none (outside the three project indexes)	unrepresented		Exact-path exclusion; semantic code was not read
2891	specs/tickets/MF-027/results/graph-reports/specWorkflow-20260719-195414-d28e3b52/cleanup-failure-probe-test-graph/sdk/java/src/main/java/com/hayden/testgraphsdk/sdk/NodeSpec.java	out-of-scope	ticket_plan.yaml:648-658	none (outside the three project indexes)	unrepresented		Exact-path exclusion; semantic code was not read
2892	specs/tickets/MF-027/results/graph-reports/specWorkflow-20260719-195414-d28e3b52/cleanup-failure-probe-test-graph/sdk/java/src/main/java/com/hayden/testgraphsdk/sdk/NodeStatus.java	out-of-scope	ticket_plan.yaml:648-658	none (outside the three project indexes)	unrepresented		Exact-path exclusion; semantic code was not read
2893	specs/tickets/MF-027/results/graph-reports/specWorkflow-20260719-195414-d28e3b52/cleanup-failure-probe-test-graph/sdk/java/src/main/java/com/hayden/testgraphsdk/sdk/ProcessRecord.java	out-of-scope	ticket_plan.yaml:648-658	none (outside the three project indexes)	unrepresented		Exact-path exclusion; semantic code was not read
2894	specs/tickets/MF-027/results/graph-reports/specWorkflow-20260719-195414-d28e3b52/cleanup-failure-probe-test-graph/sdk/java/src/main/java/com/hayden/testgraphsdk/sdk/Procs.java	out-of-scope	ticket_plan.yaml:648-658	none (outside the three project indexes)	unrepresented		Exact-path exclusion; semantic code was not read
2895	specs/tickets/MF-027/results/graph-reports/specWorkflow-20260719-195414-d28e3b52/cleanup-failure-probe-test-graph/sdk/python/src/testgraphsdk/__init__.py	out-of-scope	ticket_plan.yaml:648-658	none (outside the three project indexes)	unrepresented		Exact-path exclusion; semantic code was not read
2896	specs/tickets/MF-027/results/graph-reports/specWorkflow-20260719-195414-d28e3b52/cleanup-failure-probe-test-graph/sdk/python/src/testgraphsdk/context.py	out-of-scope	ticket_plan.yaml:648-658	none (outside the three project indexes)	unrepresented		Exact-path exclusion; semantic code was not read
2897	specs/tickets/MF-027/results/graph-reports/specWorkflow-20260719-195414-d28e3b52/cleanup-failure-probe-test-graph/sdk/python/src/testgraphsdk/context_item.py	out-of-scope	ticket_plan.yaml:648-658	none (outside the three project indexes)	unrepresented		Exact-path exclusion; semantic code was not read
2898	specs/tickets/MF-027/results/graph-reports/specWorkflow-20260719-195414-d28e3b52/cleanup-failure-probe-test-graph/sdk/python/src/testgraphsdk/node_spec.py	out-of-scope	ticket_plan.yaml:648-658	none (outside the three project indexes)	unrepresented		Exact-path exclusion; semantic code was not read
2899	specs/tickets/MF-027/results/graph-reports/specWorkflow-20260719-195414-d28e3b52/cleanup-failure-probe-test-graph/sdk/python/src/testgraphsdk/procs.py	out-of-scope	ticket_plan.yaml:648-658	none (outside the three project indexes)	unrepresented		Exact-path exclusion; semantic code was not read
2900	specs/tickets/MF-027/results/graph-reports/specWorkflow-20260719-195414-d28e3b52/cleanup-failure-probe-test-graph/sdk/python/src/testgraphsdk/result.py	out-of-scope	ticket_plan.yaml:648-658	none (outside the three project indexes)	unrepresented		Exact-path exclusion; semantic code was not read
2901	specs/tickets/MF-027/results/graph-reports/specWorkflow-20260719-195414-d28e3b52/cleanup-failure-probe-test-graph/sdk/python/src/testgraphsdk/runner.py	out-of-scope	ticket_plan.yaml:648-658	none (outside the three project indexes)	unrepresented		Exact-path exclusion; semantic code was not read
2902	specs/tickets/MF-027/results/graph-reports/specWorkflow-20260719-195414-d28e3b52/cleanup-failure-probe-test-graph/settings.gradle.kts	out-of-scope	ticket_plan.yaml:648-658	none (outside the three project indexes)	unrepresented		Exact-path exclusion; semantic code was not read
2903	specs/tickets/MF-027/results/graph-reports/specWorkflow-20260719-195414-d28e3b52/cleanup-failure-probe-test-graph/sources/spec_workflow_cleanup.py	out-of-scope	ticket_plan.yaml:648-658	none (outside the three project indexes)	unrepresented		Exact-path exclusion; semantic code was not read
2904	specs/tickets/MF-027/results/graph-reports/specWorkflow-20260719-195414-d28e3b52/cleanup-failure-probe-test-graph/sources/spec_workflow_close_ticket.py	out-of-scope	ticket_plan.yaml:648-658	none (outside the three project indexes)	unrepresented		Exact-path exclusion; semantic code was not read
2905	specs/tickets/MF-027/results/graph-reports/specWorkflow-20260719-195414-d28e3b52/cleanup-failure-probe-test-graph/sources/spec_workflow_complete_ticket.py	out-of-scope	ticket_plan.yaml:648-658	none (outside the three project indexes)	unrepresented		Exact-path exclusion; semantic code was not read
2906	specs/tickets/MF-027/results/graph-reports/specWorkflow-20260719-195414-d28e3b52/cleanup-failure-probe-test-graph/sources/spec_workflow_create_repo.py	out-of-scope	ticket_plan.yaml:648-658	none (outside the three project indexes)	unrepresented		Exact-path exclusion; semantic code was not read
2907	specs/tickets/MF-027/results/graph-reports/specWorkflow-20260719-195414-d28e3b52/cleanup-failure-probe-test-graph/sources/spec_workflow_failure_cleanup_probe.py	out-of-scope	ticket_plan.yaml:648-658	none (outside the three project indexes)	unrepresented		Exact-path exclusion; semantic code was not read
2908	specs/tickets/MF-027/results/graph-reports/specWorkflow-20260719-195414-d28e3b52/cleanup-failure-probe-test-graph/sources/spec_workflow_force_failure.py	out-of-scope	ticket_plan.yaml:648-658	none (outside the three project indexes)	unrepresented		Exact-path exclusion; semantic code was not read
2909	specs/tickets/MF-027/results/graph-reports/specWorkflow-20260719-195414-d28e3b52/cleanup-failure-probe-test-graph/sources/spec_workflow_spec_units.py	out-of-scope	ticket_plan.yaml:648-658	none (outside the three project indexes)	unrepresented		Exact-path exclusion; semantic code was not read
2910	specs/tickets/MF-027/results/graph-reports/specWorkflow-20260719-195414-d28e3b52/cleanup-failure-probe-test-graph/sources/spec_workflow_start_ticket.py	out-of-scope	ticket_plan.yaml:648-658	none (outside the three project indexes)	unrepresented		Exact-path exclusion; semantic code was not read
2911	specs/tickets/MF-027/results/graph-reports/specWorkflow-20260719-195414-d28e3b52/cleanup-failure-probe-test-graph/sources/tla_spec_dev_cli_help.py	out-of-scope	ticket_plan.yaml:648-658	none (outside the three project indexes)	unrepresented		Exact-path exclusion; semantic code was not read
2912	specs/tickets/MF-027/results/graph-reports/specWorkflow-20260719-195414-d28e3b52/cleanup-failure-probe-test-graph/sources/tla_spec_dev_cli_install.py	out-of-scope	ticket_plan.yaml:648-658	none (outside the three project indexes)	unrepresented		Exact-path exclusion; semantic code was not read
2913	specs/tickets/MF-027/results/graph-reports/specWorkflow-20260719-195414-d28e3b52/tla-spec-dev-bin/tla-spec-dev	out-of-scope	ticket_plan.yaml:648-658	none (outside the three project indexes)	unrepresented		Exact-path exclusion; semantic code was not read
2914	templates/python/contract_tests.py.j2	out-of-scope	ticket_plan.yaml:648-658	none (outside the three project indexes)	unrepresented		Exact-path exclusion; semantic code was not read
2915	templates/python/docs.md.j2	out-of-scope	ticket_plan.yaml:648-658	none (outside the three project indexes)	unrepresented		Exact-path exclusion; semantic code was not read
2916	templates/python/fake.py.j2	out-of-scope	ticket_plan.yaml:648-658	none (outside the three project indexes)	unrepresented		Exact-path exclusion; semantic code was not read
2917	templates/python/package_init.py.j2	out-of-scope	ticket_plan.yaml:648-658	none (outside the three project indexes)	unrepresented		Exact-path exclusion; semantic code was not read
2918	templates/python/ports.py.j2	out-of-scope	ticket_plan.yaml:648-658	none (outside the three project indexes)	unrepresented		Exact-path exclusion; semantic code was not read
2919	templates/python/pyproject.toml.j2	out-of-scope	ticket_plan.yaml:648-658	none (outside the three project indexes)	unrepresented		Exact-path exclusion; semantic code was not read
2920	templates/python/strategies.py.j2	out-of-scope	ticket_plan.yaml:648-658	none (outside the three project indexes)	unrepresented		Exact-path exclusion; semantic code was not read
2921	templates/python/traces.py.j2	out-of-scope	ticket_plan.yaml:648-658	none (outside the three project indexes)	unrepresented		Exact-path exclusion; semantic code was not read
2922	templates/python/types.py.j2	out-of-scope	ticket_plan.yaml:648-658	none (outside the three project indexes)	unrepresented		Exact-path exclusion; semantic code was not read
2923	templates/python/validators.py.j2	out-of-scope	ticket_plan.yaml:648-658	none (outside the three project indexes)	unrepresented		Exact-path exclusion; semantic code was not read
2924	templates/tla/MC.cfg.j2	out-of-scope	ticket_plan.yaml:648-658	none (outside the three project indexes)	unrepresented		Exact-path exclusion; semantic code was not read
2925	templates/tla/MODULE.tla.j2	out-of-scope	ticket_plan.yaml:648-658	none (outside the three project indexes)	unrepresented		Exact-path exclusion; semantic code was not read
2926	test_graph/build-logic/build.gradle.kts	out-of-scope	ticket_plan.yaml:648-658	none (outside the three project indexes)	unrepresented		Exact-path exclusion; semantic code was not read
2927	test_graph/build-logic/settings.gradle.kts	out-of-scope	ticket_plan.yaml:648-658	none (outside the three project indexes)	unrepresented		Exact-path exclusion; semantic code was not read
2928	test_graph/build-logic/src/main/kotlin/com/hayden/testgraphsdk/GraphAssembler.kt	out-of-scope	ticket_plan.yaml:648-658	none (outside the three project indexes)	unrepresented		Exact-path exclusion; semantic code was not read
2929	test_graph/build-logic/src/main/kotlin/com/hayden/testgraphsdk/GraphModel.kt	out-of-scope	ticket_plan.yaml:648-658	none (outside the three project indexes)	unrepresented		Exact-path exclusion; semantic code was not read
2930	test_graph/build-logic/src/main/kotlin/com/hayden/testgraphsdk/MiniJson.kt	out-of-scope	ticket_plan.yaml:648-658	none (outside the three project indexes)	unrepresented		Exact-path exclusion; semantic code was not read
2931	test_graph/build-logic/src/main/kotlin/com/hayden/testgraphsdk/NodeDescribeLoader.kt	out-of-scope	ticket_plan.yaml:648-658	none (outside the three project indexes)	unrepresented		Exact-path exclusion; semantic code was not read
2932	test_graph/build-logic/src/main/kotlin/com/hayden/testgraphsdk/TestGraphSpec.kt	out-of-scope	ticket_plan.yaml:648-658	none (outside the three project indexes)	unrepresented		Exact-path exclusion; semantic code was not read
2933	test_graph/build-logic/src/main/kotlin/com/hayden/testgraphsdk/Toolchain.kt	out-of-scope	ticket_plan.yaml:648-658	none (outside the three project indexes)	unrepresented		Exact-path exclusion; semantic code was not read
2934	test_graph/build-logic/src/main/kotlin/com/hayden/testgraphsdk/ValidationGraphExtension.kt	out-of-scope	ticket_plan.yaml:648-658	none (outside the three project indexes)	unrepresented		Exact-path exclusion; semantic code was not read
2935	test_graph/build-logic/src/main/kotlin/com/hayden/testgraphsdk/ValidationGraphPlugin.kt	out-of-scope	ticket_plan.yaml:648-658	none (outside the three project indexes)	unrepresented		Exact-path exclusion; semantic code was not read
2936	test_graph/build-logic/src/main/kotlin/com/hayden/testgraphsdk/ValidationNodeSpec.kt	out-of-scope	ticket_plan.yaml:648-658	none (outside the three project indexes)	unrepresented		Exact-path exclusion; semantic code was not read
2937	test_graph/build-logic/src/main/kotlin/com/hayden/testgraphsdk/ValidationRuntime.kt	out-of-scope	ticket_plan.yaml:648-658	none (outside the three project indexes)	unrepresented		Exact-path exclusion; semantic code was not read
2938	test_graph/build-logic/src/main/kotlin/com/hayden/testgraphsdk/exec/Context.kt	out-of-scope	ticket_plan.yaml:648-658	none (outside the three project indexes)	unrepresented		Exact-path exclusion; semantic code was not read
2939	test_graph/build-logic/src/main/kotlin/com/hayden/testgraphsdk/exec/Executors.kt	out-of-scope	ticket_plan.yaml:648-658	none (outside the three project indexes)	unrepresented		Exact-path exclusion; semantic code was not read
2940	test_graph/build-logic/src/main/kotlin/com/hayden/testgraphsdk/exec/JBangExecutor.kt	out-of-scope	ticket_plan.yaml:648-658	none (outside the three project indexes)	unrepresented		Exact-path exclusion; semantic code was not read
2941	test_graph/build-logic/src/main/kotlin/com/hayden/testgraphsdk/exec/PlanExecutor.kt	out-of-scope	ticket_plan.yaml:648-658	none (outside the three project indexes)	unrepresented		Exact-path exclusion; semantic code was not read
2942	test_graph/build-logic/src/main/kotlin/com/hayden/testgraphsdk/exec/TimeoutParser.kt	out-of-scope	ticket_plan.yaml:648-658	none (outside the three project indexes)	unrepresented		Exact-path exclusion; semantic code was not read
2943	test_graph/build-logic/src/main/kotlin/com/hayden/testgraphsdk/exec/UvExecutor.kt	out-of-scope	ticket_plan.yaml:648-658	none (outside the three project indexes)	unrepresented		Exact-path exclusion; semantic code was not read
2944	test_graph/build-logic/src/main/kotlin/com/hayden/testgraphsdk/tasks/InspectionTasks.kt	out-of-scope	ticket_plan.yaml:648-658	none (outside the three project indexes)	unrepresented		Exact-path exclusion; semantic code was not read
2945	test_graph/build-logic/src/main/kotlin/com/hayden/testgraphsdk/tasks/RunReportWriter.kt	out-of-scope	ticket_plan.yaml:648-658	none (outside the three project indexes)	unrepresented		Exact-path exclusion; semantic code was not read
2946	test_graph/build-logic/src/main/kotlin/com/hayden/testgraphsdk/tasks/RunTestGraphTask.kt	out-of-scope	ticket_plan.yaml:648-658	none (outside the three project indexes)	unrepresented		Exact-path exclusion; semantic code was not read
2947	test_graph/build-logic/src/main/kotlin/com/hayden/testgraphsdk/tasks/ValidationReportTask.kt	out-of-scope	ticket_plan.yaml:648-658	none (outside the three project indexes)	unrepresented		Exact-path exclusion; semantic code was not read
2948	test_graph/build-logic/src/test/kotlin/com/hayden/testgraphsdk/exec/PlanExecutorResumeHarnessTest.kt	out-of-scope	ticket_plan.yaml:648-658	none (outside the three project indexes)	unrepresented		Exact-path exclusion; semantic code was not read
2949	test_graph/build.gradle.kts	out-of-scope	ticket_plan.yaml:648-658	none (outside the three project indexes)	unrepresented		Exact-path exclusion; semantic code was not read
2950	test_graph/gradlew	out-of-scope	ticket_plan.yaml:648-658	none (outside the three project indexes)	unrepresented		Exact-path exclusion; semantic code was not read
2951	test_graph/sdk/java/build.gradle.kts	out-of-scope	ticket_plan.yaml:648-658	none (outside the three project indexes)	unrepresented		Exact-path exclusion; semantic code was not read
2952	test_graph/sdk/java/src/main/java/com/hayden/testgraphsdk/sdk/ContextItem.java	out-of-scope	ticket_plan.yaml:648-658	none (outside the three project indexes)	unrepresented		Exact-path exclusion; semantic code was not read
2953	test_graph/sdk/java/src/main/java/com/hayden/testgraphsdk/sdk/ContextSerde.java	out-of-scope	ticket_plan.yaml:648-658	none (outside the three project indexes)	unrepresented		Exact-path exclusion; semantic code was not read
2954	test_graph/sdk/java/src/main/java/com/hayden/testgraphsdk/sdk/Json.java	out-of-scope	ticket_plan.yaml:648-658	none (outside the three project indexes)	unrepresented		Exact-path exclusion; semantic code was not read
2955	test_graph/sdk/java/src/main/java/com/hayden/testgraphsdk/sdk/JsonMapper.java	out-of-scope	ticket_plan.yaml:648-658	none (outside the three project indexes)	unrepresented		Exact-path exclusion; semantic code was not read
2956	test_graph/sdk/java/src/main/java/com/hayden/testgraphsdk/sdk/Node.java	out-of-scope	ticket_plan.yaml:648-658	none (outside the three project indexes)	unrepresented		Exact-path exclusion; semantic code was not read
2957	test_graph/sdk/java/src/main/java/com/hayden/testgraphsdk/sdk/NodeBody.java	out-of-scope	ticket_plan.yaml:648-658	none (outside the three project indexes)	unrepresented		Exact-path exclusion; semantic code was not read
2958	test_graph/sdk/java/src/main/java/com/hayden/testgraphsdk/sdk/NodeContext.java	out-of-scope	ticket_plan.yaml:648-658	none (outside the three project indexes)	unrepresented		Exact-path exclusion; semantic code was not read
2959	test_graph/sdk/java/src/main/java/com/hayden/testgraphsdk/sdk/NodeResult.java	out-of-scope	ticket_plan.yaml:648-658	none (outside the three project indexes)	unrepresented		Exact-path exclusion; semantic code was not read
2960	test_graph/sdk/java/src/main/java/com/hayden/testgraphsdk/sdk/NodeSpec.java	out-of-scope	ticket_plan.yaml:648-658	none (outside the three project indexes)	unrepresented		Exact-path exclusion; semantic code was not read
2961	test_graph/sdk/java/src/main/java/com/hayden/testgraphsdk/sdk/NodeStatus.java	out-of-scope	ticket_plan.yaml:648-658	none (outside the three project indexes)	unrepresented		Exact-path exclusion; semantic code was not read
2962	test_graph/sdk/java/src/main/java/com/hayden/testgraphsdk/sdk/ProcessRecord.java	out-of-scope	ticket_plan.yaml:648-658	none (outside the three project indexes)	unrepresented		Exact-path exclusion; semantic code was not read
2963	test_graph/sdk/java/src/main/java/com/hayden/testgraphsdk/sdk/Procs.java	out-of-scope	ticket_plan.yaml:648-658	none (outside the three project indexes)	unrepresented		Exact-path exclusion; semantic code was not read
2964	test_graph/sdk/python/src/testgraphsdk/__init__.py	out-of-scope	ticket_plan.yaml:648-658	none (outside the three project indexes)	unrepresented		Exact-path exclusion; semantic code was not read
2965	test_graph/sdk/python/src/testgraphsdk/context.py	out-of-scope	ticket_plan.yaml:648-658	none (outside the three project indexes)	unrepresented		Exact-path exclusion; semantic code was not read
2966	test_graph/sdk/python/src/testgraphsdk/context_item.py	out-of-scope	ticket_plan.yaml:648-658	none (outside the three project indexes)	unrepresented		Exact-path exclusion; semantic code was not read
2967	test_graph/sdk/python/src/testgraphsdk/node_spec.py	out-of-scope	ticket_plan.yaml:648-658	none (outside the three project indexes)	unrepresented		Exact-path exclusion; semantic code was not read
2968	test_graph/sdk/python/src/testgraphsdk/procs.py	out-of-scope	ticket_plan.yaml:648-658	none (outside the three project indexes)	unrepresented		Exact-path exclusion; semantic code was not read
2969	test_graph/sdk/python/src/testgraphsdk/result.py	out-of-scope	ticket_plan.yaml:648-658	none (outside the three project indexes)	unrepresented		Exact-path exclusion; semantic code was not read
2970	test_graph/sdk/python/src/testgraphsdk/runner.py	out-of-scope	ticket_plan.yaml:648-658	none (outside the three project indexes)	unrepresented		Exact-path exclusion; semantic code was not read
2971	test_graph/settings.gradle.kts	out-of-scope	ticket_plan.yaml:648-658	none (outside the three project indexes)	unrepresented		Exact-path exclusion; semantic code was not read
2972	test_graph/sources/effect_provider_examples.py	out-of-scope	ticket_plan.yaml:648-658	none (outside the three project indexes)	unrepresented		Exact-path exclusion; semantic code was not read
2973	test_graph/sources/spec_workflow_cleanup.py	out-of-scope	ticket_plan.yaml:648-658	none (outside the three project indexes)	unrepresented		Exact-path exclusion; semantic code was not read
2974	test_graph/sources/spec_workflow_close_ticket.py	out-of-scope	ticket_plan.yaml:648-658	none (outside the three project indexes)	unrepresented		Exact-path exclusion; semantic code was not read
2975	test_graph/sources/spec_workflow_complete_ticket.py	out-of-scope	ticket_plan.yaml:648-658	none (outside the three project indexes)	unrepresented		Exact-path exclusion; semantic code was not read
2976	test_graph/sources/spec_workflow_create_repo.py	out-of-scope	ticket_plan.yaml:648-658	none (outside the three project indexes)	unrepresented		Exact-path exclusion; semantic code was not read
2977	test_graph/sources/spec_workflow_failure_cleanup_probe.py	out-of-scope	ticket_plan.yaml:648-658	none (outside the three project indexes)	unrepresented		Exact-path exclusion; semantic code was not read
2978	test_graph/sources/spec_workflow_force_failure.py	out-of-scope	ticket_plan.yaml:648-658	none (outside the three project indexes)	unrepresented		Exact-path exclusion; semantic code was not read
2979	test_graph/sources/spec_workflow_spec_units.py	out-of-scope	ticket_plan.yaml:648-658	none (outside the three project indexes)	unrepresented		Exact-path exclusion; semantic code was not read
2980	test_graph/sources/spec_workflow_start_ticket.py	out-of-scope	ticket_plan.yaml:648-658	none (outside the three project indexes)	unrepresented		Exact-path exclusion; semantic code was not read
2981	test_graph/sources/tla_spec_dev_cli_help.py	out-of-scope	ticket_plan.yaml:648-658	none (outside the three project indexes)	unrepresented		Exact-path exclusion; semantic code was not read
2982	test_graph/sources/tla_spec_dev_cli_install.py	out-of-scope	ticket_plan.yaml:648-658	none (outside the three project indexes)	unrepresented		Exact-path exclusion; semantic code was not read
2983	tests/conftest.py	out-of-scope	ticket_plan.yaml:648-658	none (outside the three project indexes)	unrepresented		Exact-path exclusion; semantic code was not read
2984	tests/corpus_fixtures.py	out-of-scope	ticket_plan.yaml:648-658	none (outside the three project indexes)	unrepresented		Exact-path exclusion; semantic code was not read
2985	tests/effect_adapter_fixtures.py	out-of-scope	ticket_plan.yaml:648-658	none (outside the three project indexes)	unrepresented		Exact-path exclusion; semantic code was not read
2986	tests/test_analyze_complexity.py	out-of-scope	ticket_plan.yaml:648-658	none (outside the three project indexes)	unrepresented		Exact-path exclusion; semantic code was not read
2987	tests/test_budgets.py	out-of-scope	ticket_plan.yaml:648-658	none (outside the three project indexes)	unrepresented		Exact-path exclusion; semantic code was not read
2988	tests/test_case_adapter_runtime.py	out-of-scope	ticket_plan.yaml:648-658	none (outside the three project indexes)	unrepresented		Exact-path exclusion; semantic code was not read
2989	tests/test_complexity_ledger.py	out-of-scope	ticket_plan.yaml:648-658	none (outside the three project indexes)	unrepresented		Exact-path exclusion; semantic code was not read
2990	tests/test_corpus_diagnostics.py	out-of-scope	ticket_plan.yaml:648-658	none (outside the three project indexes)	unrepresented		Exact-path exclusion; semantic code was not read
2991	tests/test_effect_conformance.py	out-of-scope	ticket_plan.yaml:648-658	none (outside the three project indexes)	unrepresented		Exact-path exclusion; semantic code was not read
2992	tests/test_effect_conformance_cli.py	out-of-scope	ticket_plan.yaml:648-658	none (outside the three project indexes)	unrepresented		Exact-path exclusion; semantic code was not read
2993	tests/test_effect_conformance_runner.py	out-of-scope	ticket_plan.yaml:648-658	none (outside the three project indexes)	unrepresented		Exact-path exclusion; semantic code was not read
2994	tests/test_effect_provider_fuzzing.py	out-of-scope	ticket_plan.yaml:648-658	none (outside the three project indexes)	unrepresented		Exact-path exclusion; semantic code was not read
2995	tests/test_effect_provider_runtime.py	out-of-scope	ticket_plan.yaml:648-658	none (outside the three project indexes)	unrepresented		Exact-path exclusion; semantic code was not read
2996	tests/test_export_testgraph_cases.py	out-of-scope	ticket_plan.yaml:648-658	none (outside the three project indexes)	unrepresented		Exact-path exclusion; semantic code was not read
2997	tests/test_extract_spec_manifest.py	out-of-scope	ticket_plan.yaml:648-658	none (outside the three project indexes)	unrepresented		Exact-path exclusion; semantic code was not read
2998	tests/test_generate_cases_from_tlc_dump.py	out-of-scope	ticket_plan.yaml:648-658	none (outside the three project indexes)	unrepresented		Exact-path exclusion; semantic code was not read
2999	tests/test_infer_action_params.py	out-of-scope	ticket_plan.yaml:648-658	none (outside the three project indexes)	unrepresented		Exact-path exclusion; semantic code was not read
3000	tests/test_kill_test.py	out-of-scope	ticket_plan.yaml:648-658	none (outside the three project indexes)	unrepresented		Exact-path exclusion; semantic code was not read
3001	tests/test_new_ticket_workflow.py	out-of-scope	ticket_plan.yaml:648-658	none (outside the three project indexes)	unrepresented		Exact-path exclusion; semantic code was not read
3002	tests/test_onboard_program_model.py	out-of-scope	ticket_plan.yaml:648-658	none (outside the three project indexes)	unrepresented		Exact-path exclusion; semantic code was not read
3003	tests/test_promotion_preserves_current.py	out-of-scope	ticket_plan.yaml:648-658	none (outside the three project indexes)	unrepresented		Exact-path exclusion; semantic code was not read
3004	tests/test_scaffold_spec_views.py	out-of-scope	ticket_plan.yaml:648-658	none (outside the three project indexes)	unrepresented		Exact-path exclusion; semantic code was not read
3005	tests/test_skill_feedback.py	out-of-scope	ticket_plan.yaml:648-658	none (outside the three project indexes)	unrepresented		Exact-path exclusion; semantic code was not read
3006	tests/test_spec_yaml_valid.py	out-of-scope	ticket_plan.yaml:648-658	none (outside the three project indexes)	unrepresented		Exact-path exclusion; semantic code was not read
3007	tests/test_testgraph_channels.py	out-of-scope	ticket_plan.yaml:648-658	none (outside the three project indexes)	unrepresented		Exact-path exclusion; semantic code was not read
3008	tests/test_tla_spec_dev_cli.py	out-of-scope	ticket_plan.yaml:648-658	none (outside the three project indexes)	unrepresented		Exact-path exclusion; semantic code was not read
